sample_index,sensor_timestamp,sample_unix,lens_id,matched_run_id,video_offset_sec,source_video_path,source_frame_key,source_frame_path,processed_frame_key,processed_frame_path,crop_x1,crop_y1,crop_x2,crop_y2,crop_x1_ratio,crop_y1_ratio,crop_x2_ratio,crop_y2_ratio,rotation_name,mask_applied,mask_x1,mask_y1,mask_x2,mask_y2,mask_x1_ratio,mask_y1_ratio,mask_x2_ratio,mask_y2_ratio,preprocess_status,preprocess_error,batch_row_index,area_status,area_error,area_image_width_px,area_image_height_px,area_input_image_path,raw_road_pixels_before_cleaning,cleaned_road_pixels_after_cleaning,removed_road_pixels_by_cleaning,removed_road_fraction_by_cleaning,road_depth_p5_m,road_depth_p25_m,road_depth_p50_m,road_depth_p75_m,road_depth_p95_m,road_depth_std_m,estimated_road_area_m2,road_pixels_used_for_area,valid_road_quads_used,fx_px,fy_px,min_depth_m,max_depth_m,road_area_ratio_px,road_area_percent_px,raw_road_pixels,raw_total_pixels,area_calc_width_px,area_calc_height_px,area_fx_after_resize_px,area_fy_after_resize_px,saved_road_mask_path,saved_raw_road_mask_before_cleaning_path,saved_depth_preview_path,area_quality_flag,visible_road_area_m2_depth_est,vehicle_occluded_road_area_m2_est,occlusion_adjusted_road_area_m2_est,vehicle_occlusion_fraction_of_adjusted_area,vehicle_count_detected_for_occlusion,vehicle_count_used_for_occlusion,occluded_area_m2_car,occluded_area_m2_auto_rickshaw,occluded_area_m2_motorcycle,occluded_area_m2_truck,occluded_area_m2_bicycle,occluded_area_m2_bus,vehicle_occluded_road_area_m2_est_conservative,vehicle_count_used_for_occlusion_conservative,occlusion_adjusted_road_area_m2_est_conservative,vehicle_occlusion_fraction_conservative,occlusion_adjustment_quality_conservative,road_mask_area_quality,final_road_area_feature_status,road_area_occlusion_added_m2,road_area_occlusion_added_ratio_vs_visible,road_area_feature_version,road_area_m2_depth_est_visible_v1,road_area_m2_vehicle_occluded_conservative_v1,road_area_m2_occlusion_adjusted_conservative_v1,road_area_vehicle_occlusion_fraction_v1
0,23-02-2026 11:54,1771827840.0,1,run_20260223_114432_8289,567.1694910526276,/Volumes/New Volume/23_02_2026_navneet/run_20260223_114432_8289/LENS1/video_lens1.mp4,sample_0000_run_20260223_114432_8289_offset_000567169_lens1,outputs/extracted_frames_v2/run_20260223_114432_8289/lens1/sample_0000_run_20260223_114432_8289_offset_000567169_lens1.jpg,sample_0000_run_20260223_114432_8289_offset_000567169_lens1_preprocessed_lens1,outputs/preprocessed_frames_v2/run_20260223_114432_8289/lens1/sample_0000_run_20260223_114432_8289_offset_000567169_lens1_preprocessed_lens1.jpg,,,,,,,,,recovered_existing_file,True,,,,,,,,,success,,0,success,,1684,1728,/Users/aryansatyendrakumar/Projects/roadside-pm-visual-intelligence/outputs/preprocessed_frames_v2/run_20260223_114432_8289/lens1/sample_0000_run_20260223_114432_8289_offset_000567169_lens1_preprocessed_lens1.jpg,682907,175938,506969,0.7423690195004591,8.820890426635742,9.540453910827637,10.55064582824707,14.71292495727539,32.12789535522461,7.61473274230957,21.668789223586224,53057,52196,1345.489786223278,1345.489786223278,0.5,20.0,0.0604607911058326,6.046079110583268,175938,2909952,1024,1050,1345.489786223278,1345.489786223278,outputs/road_area_lens1_batch/masks/sample_00000_lens_1_row_000000_road_mask.png,outputs/road_area_lens1_batch/masks/sample_00000_lens_1_row_000000_raw_road_mask_before_cleaning.png,outputs/road_area_lens1_batch/depth_previews/sample_00000_lens_1_row_000000_depth_preview.png,needs_visual_review,21.668789223586224,11.427,33.09578922358622,0.3452705092724114,17,4,7.525,0.0,3.2,0.0,0.7020000000000001,,6.466,4.0,28.134789223586225,0.2298222300019707,good,low_visible_road,use_sensitivity_only,6.466,0.2984015365732495,v1_depth_visible_plus_nms_conservative_vehicle_footprint,21.668789223586224,6.466,28.134789223586225,0.2298222300019707
1,23-02-2026 11:54,1771827860.0,1,run_20260223_114432_8289,587.1694910526276,/Volumes/New Volume/23_02_2026_navneet/run_20260223_114432_8289/LENS1/video_lens1.mp4,sample_0001_run_20260223_114432_8289_offset_000587169_lens1,outputs/extracted_frames_v2/run_20260223_114432_8289/lens1/sample_0001_run_20260223_114432_8289_offset_000587169_lens1.jpg,sample_0001_run_20260223_114432_8289_offset_000587169_lens1_preprocessed_lens1,outputs/preprocessed_frames_v2/run_20260223_114432_8289/lens1/sample_0001_run_20260223_114432_8289_offset_000587169_lens1_preprocessed_lens1.jpg,,,,,,,,,recovered_existing_file,True,,,,,,,,,success,,1,success,,1684,1728,/Users/aryansatyendrakumar/Projects/roadside-pm-visual-intelligence/outputs/preprocessed_frames_v2/run_20260223_114432_8289/lens1/sample_0001_run_20260223_114432_8289_offset_000587169_lens1_preprocessed_lens1.jpg,989893,473951,515942,0.5212098681372633,8.839130401611328,9.824386596679688,11.681585311889648,15.983421325683594,39.05084228515625,9.449822425842283,62.469845578703875,141096,139293,1345.489786223278,1345.489786223278,0.5,20.0,0.1628724460059822,16.28724460059822,473951,2909952,1024,1050,1345.489786223278,1345.489786223278,outputs/road_area_lens1_batch/masks/sample_00001_lens_1_row_000001_road_mask.png,outputs/road_area_lens1_batch/masks/sample_00001_lens_1_row_000001_raw_road_mask_before_cleaning.png,outputs/road_area_lens1_batch/depth_previews/sample_00001_lens_1_row_000001_depth_preview.png,needs_visual_review,62.469845578703875,21.97,84.43984557870388,0.2601852223844063,21,7,15.05,,5.84,0.0,1.08,,12.49,7.0,74.95984557870388,0.1666225417565216,good,acceptable_visible_road,use_primary,12.49,0.1999364634936423,v1_depth_visible_plus_nms_conservative_vehicle_footprint,62.469845578703875,12.49,74.95984557870388,0.1666225417565216
2,23-02-2026 11:54,1771827880.0,1,run_20260223_114432_8289,607.1694910526276,/Volumes/New Volume/23_02_2026_navneet/run_20260223_114432_8289/LENS1/video_lens1.mp4,sample_0002_run_20260223_114432_8289_offset_000607169_lens1,outputs/extracted_frames_v2/run_20260223_114432_8289/lens1/sample_0002_run_20260223_114432_8289_offset_000607169_lens1.jpg,sample_0002_run_20260223_114432_8289_offset_000607169_lens1_preprocessed_lens1,outputs/preprocessed_frames_v2/run_20260223_114432_8289/lens1/sample_0002_run_20260223_114432_8289_offset_000607169_lens1_preprocessed_lens1.jpg,,,,,,,,,recovered_existing_file,True,,,,,,,,,success,,2,success,,1684,1728,/Users/aryansatyendrakumar/Projects/roadside-pm-visual-intelligence/outputs/preprocessed_frames_v2/run_20260223_114432_8289/lens1/sample_0002_run_20260223_114432_8289_offset_000607169_lens1_preprocessed_lens1.jpg,788879,266572,522307,0.6620875951825311,8.757061004638672,9.842107772827148,13.089118003845217,21.178442001342773,55.3919563293457,15.17015552520752,34.71837070745815,69673,68577,1345.489786223278,1345.489786223278,0.5,20.0,0.0916070093252397,9.160700932523971,266572,2909952,1024,1050,1345.489786223278,1345.489786223278,outputs/road_area_lens1_batch/masks/sample_00002_lens_1_row_000002_road_mask.png,outputs/road_area_lens1_batch/masks/sample_00002_lens_1_row_000002_raw_road_mask_before_cleaning.png,outputs/road_area_lens1_batch/depth_previews/sample_00002_lens_1_row_000002_depth_preview.png,needs_visual_review,34.71837070745815,11.765,46.48337070745815,0.2531012665592328,20,4,7.525,0.0,4.24,0.0,,0.0,6.635,4.0,41.35337070745815,0.1604464131095211,good,acceptable_visible_road,use_primary,6.635,0.1911091985251105,v1_depth_visible_plus_nms_conservative_vehicle_footprint,34.71837070745815,6.635,41.35337070745815,0.1604464131095211
3,23-02-2026 11:55,1771827900.0,1,run_20260223_114432_8289,627.1694910526276,/Volumes/New Volume/23_02_2026_navneet/run_20260223_114432_8289/LENS1/video_lens1.mp4,sample_0003_run_20260223_114432_8289_offset_000627169_lens1,outputs/extracted_frames_v2/run_20260223_114432_8289/lens1/sample_0003_run_20260223_114432_8289_offset_000627169_lens1.jpg,sample_0003_run_20260223_114432_8289_offset_000627169_lens1_preprocessed_lens1,outputs/preprocessed_frames_v2/run_20260223_114432_8289/lens1/sample_0003_run_20260223_114432_8289_offset_000627169_lens1_preprocessed_lens1.jpg,,,,,,,,,recovered_existing_file,True,,,,,,,,,success,,3,success,,1684,1728,/Users/aryansatyendrakumar/Projects/roadside-pm-visual-intelligence/outputs/preprocessed_frames_v2/run_20260223_114432_8289/lens1/sample_0003_run_20260223_114432_8289_offset_000627169_lens1_preprocessed_lens1.jpg,628371,118236,510135,0.8118372744763842,9.36507511138916,11.680047035217283,14.771469116210938,18.25972366333008,26.359466552734375,9.917146682739258,21.441216320844255,33836,33025,1345.489786223278,1345.489786223278,0.5,20.0,0.040631598046978,4.0631598046978095,118236,2909952,1024,1050,1345.489786223278,1345.489786223278,outputs/road_area_lens1_batch/masks/sample_00003_lens_1_row_000003_road_mask.png,outputs/road_area_lens1_batch/masks/sample_00003_lens_1_row_000003_raw_road_mask_before_cleaning.png,outputs/road_area_lens1_batch/depth_previews/sample_00003_lens_1_row_000003_depth_preview.png,needs_visual_review,21.441216320844255,15.05,36.49121632084425,0.4124280174076644,8,2,15.05,,0.0,,,,9.03,2.0,30.471216320844256,0.2963452428324268,good,low_visible_road,use_sensitivity_only,9.03,0.4211514806285225,v1_depth_visible_plus_nms_conservative_vehicle_footprint,21.441216320844255,9.03,30.471216320844256,0.2963452428324268
4,23-02-2026 11:55,1771827910.0,1,run_20260223_114432_8289,637.1694910526276,/Volumes/New Volume/23_02_2026_navneet/run_20260223_114432_8289/LENS1/video_lens1.mp4,sample_0004_run_20260223_114432_8289_offset_000637169_lens1,outputs/extracted_frames_v2/run_20260223_114432_8289/lens1/sample_0004_run_20260223_114432_8289_offset_000637169_lens1.jpg,sample_0004_run_20260223_114432_8289_offset_000637169_lens1_preprocessed_lens1,outputs/preprocessed_frames_v2/run_20260223_114432_8289/lens1/sample_0004_run_20260223_114432_8289_offset_000637169_lens1_preprocessed_lens1.jpg,,,,,,,,,recovered_existing_file,True,,,,,,,,,success,,4,success,,1684,1728,/Users/aryansatyendrakumar/Projects/roadside-pm-visual-intelligence/outputs/preprocessed_frames_v2/run_20260223_114432_8289/lens1/sample_0004_run_20260223_114432_8289_offset_000637169_lens1_preprocessed_lens1.jpg,738299,214179,524120,0.7099020857403301,9.266429901123049,10.259407043457031,11.770366668701172,15.180225372314451,20.50775909423828,3.573192596435547,37.502842948174475,71316,69587,1345.489786223278,1345.489786223278,0.5,20.0,0.0736022449854843,7.360224498548431,214179,2909952,1024,1050,1345.489786223278,1345.489786223278,outputs/road_area_lens1_batch/masks/sample_00004_lens_1_row_000004_road_mask.png,outputs/road_area_lens1_batch/masks/sample_00004_lens_1_row_000004_raw_road_mask_before_cleaning.png,outputs/road_area_lens1_batch/depth_previews/sample_00004_lens_1_row_000004_depth_preview.png,needs_visual_review,37.502842948174475,7.525,45.027842948174474,0.167118820429862,3,1,7.525,,0.0,,,,4.515,1.0,42.01784294817448,0.1074543499429249,good,acceptable_visible_road,use_primary,4.515,0.12039087293300191,v1_depth_visible_plus_nms_conservative_vehicle_footprint,37.502842948174475,4.515,42.01784294817448,0.1074543499429249
5,23-02-2026 11:55,1771827920.0,1,run_20260223_114432_8289,647.1694910526276,/Volumes/New Volume/23_02_2026_navneet/run_20260223_114432_8289/LENS1/video_lens1.mp4,sample_0005_run_20260223_114432_8289_offset_000647169_lens1,outputs/extracted_frames_v2/run_20260223_114432_8289/lens1/sample_0005_run_20260223_114432_8289_offset_000647169_lens1.jpg,sample_0005_run_20260223_114432_8289_offset_000647169_lens1_preprocessed_lens1,outputs/preprocessed_frames_v2/run_20260223_114432_8289/lens1/sample_0005_run_20260223_114432_8289_offset_000647169_lens1_preprocessed_lens1.jpg,,,,,,,,,recovered_existing_file,True,,,,,,,,,success,,5,success,,1684,1728,/Users/aryansatyendrakumar/Projects/roadside-pm-visual-intelligence/outputs/preprocessed_frames_v2/run_20260223_114432_8289/lens1/sample_0005_run_20260223_114432_8289_offset_000647169_lens1_preprocessed_lens1.jpg,982720,522539,460181,0.4682727531748616,9.535042762756348,11.931832313537598,16.415494918823242,24.58578872680664,55.82224655151367,14.83876132965088,87.34961146893552,120875,119625,1345.489786223278,1345.489786223278,0.5,20.0,0.1795696286399226,17.95696286399226,522539,2909952,1024,1050,1345.489786223278,1345.489786223278,outputs/road_area_lens1_batch/masks/sample_00005_lens_1_row_000005_road_mask.png,outputs/road_area_lens1_batch/masks/sample_00005_lens_1_row_000005_raw_road_mask_before_cleaning.png,outputs/road_area_lens1_batch/depth_previews/sample_00005_lens_1_row_000005_depth_preview.png,needs_visual_review,87.34961146893552,35.52625,122.87586146893553,0.2891231001377879,22,8,27.466249999999995,3.78,3.2,0.0,1.08,0.0,20.88775,8.0,108.23736146893552,0.1929809607008468,good,acceptable_visible_road,use_primary,20.88775,0.23912813862289922,v1_depth_visible_plus_nms_conservative_vehicle_footprint,87.34961146893552,20.88775,108.23736146893552,0.1929809607008468
6,23-02-2026 11:55,1771827930.0,1,run_20260223_114432_8289,657.1694910526276,/Volumes/New Volume/23_02_2026_navneet/run_20260223_114432_8289/LENS1/video_lens1.mp4,sample_0006_run_20260223_114432_8289_offset_000657169_lens1,outputs/extracted_frames_v2/run_20260223_114432_8289/lens1/sample_0006_run_20260223_114432_8289_offset_000657169_lens1.jpg,sample_0006_run_20260223_114432_8289_offset_000657169_lens1_preprocessed_lens1,outputs/preprocessed_frames_v2/run_20260223_114432_8289/lens1/sample_0006_run_20260223_114432_8289_offset_000657169_lens1_preprocessed_lens1.jpg,,,,,,,,,recovered_existing_file,True,,,,,,,,,success,,6,success,,1684,1728,/Users/aryansatyendrakumar/Projects/roadside-pm-visual-intelligence/outputs/preprocessed_frames_v2/run_20260223_114432_8289/lens1/sample_0006_run_20260223_114432_8289_offset_000657169_lens1_preprocessed_lens1.jpg,777207,303663,473544,0.6092894171050955,9.061256408691406,10.206381797790527,12.17025089263916,15.054288864135742,18.51799774169922,3.2424309253692627,59.76340301342353,107372,106518,1345.489786223278,1345.489786223278,0.5,20.0,0.1043532676827659,10.43532676827659,303663,2909952,1024,1050,1345.489786223278,1345.489786223278,outputs/road_area_lens1_batch/masks/sample_00006_lens_1_row_000006_road_mask.png,outputs/road_area_lens1_batch/masks/sample_00006_lens_1_row_000006_raw_road_mask_before_cleaning.png,outputs/road_area_lens1_batch/depth_previews/sample_00006_lens_1_row_000006_depth_preview.png,needs_visual_review,59.76340301342353,20.525,80.28840301342353,0.2556409049083763,3,2,7.525,,,13.0,,0.0,11.015,2.0,70.77840301342353,0.155626568713495,good,acceptable_visible_road,use_primary,11.015,0.18431012031771196,v1_depth_visible_plus_nms_conservative_vehicle_footprint,59.76340301342353,11.015,70.77840301342353,0.155626568713495
7,23-02-2026 11:55,1771827940.0,1,run_20260223_114432_8289,667.1694910526276,/Volumes/New Volume/23_02_2026_navneet/run_20260223_114432_8289/LENS1/video_lens1.mp4,sample_0007_run_20260223_114432_8289_offset_000667169_lens1,outputs/extracted_frames_v2/run_20260223_114432_8289/lens1/sample_0007_run_20260223_114432_8289_offset_000667169_lens1.jpg,sample_0007_run_20260223_114432_8289_offset_000667169_lens1_preprocessed_lens1,outputs/preprocessed_frames_v2/run_20260223_114432_8289/lens1/sample_0007_run_20260223_114432_8289_offset_000667169_lens1_preprocessed_lens1.jpg,,,,,,,,,recovered_existing_file,True,,,,,,,,,success,,7,success,,1684,1728,/Users/aryansatyendrakumar/Projects/roadside-pm-visual-intelligence/outputs/preprocessed_frames_v2/run_20260223_114432_8289/lens1/sample_0007_run_20260223_114432_8289_offset_000667169_lens1_preprocessed_lens1.jpg,673837,164347,509490,0.7561027370120668,9.427605628967283,10.628182411193848,13.025071144104004,16.276512145996094,22.127370834350582,4.033772945404053,38.674218634648,53123,52465,1345.489786223278,1345.489786223278,0.5,20.0,0.0564775638910882,5.647756389108824,164347,2909952,1024,1050,1345.489786223278,1345.489786223278,outputs/road_area_lens1_batch/masks/sample_00007_lens_1_row_000007_road_mask.png,outputs/road_area_lens1_batch/masks/sample_00007_lens_1_row_000007_raw_road_mask_before_cleaning.png,outputs/road_area_lens1_batch/depth_previews/sample_00007_lens_1_row_000007_depth_preview.png,needs_visual_review,38.674218634648,25.1075,63.781718634648,0.3936472791493723,5,3,7.525,,0.52,,,17.0625,13.30625,3.0,51.980468634648,0.2559855720717879,good,acceptable_visible_road,use_primary,13.30625,0.3440599569884784,v1_depth_visible_plus_nms_conservative_vehicle_footprint,38.674218634648,13.30625,51.980468634648,0.2559855720717879
8,23-02-2026 11:55,1771827950.0,1,run_20260223_114432_8289,677.1694910526276,/Volumes/New Volume/23_02_2026_navneet/run_20260223_114432_8289/LENS1/video_lens1.mp4,sample_0008_run_20260223_114432_8289_offset_000677169_lens1,outputs/extracted_frames_v2/run_20260223_114432_8289/lens1/sample_0008_run_20260223_114432_8289_offset_000677169_lens1.jpg,sample_0008_run_20260223_114432_8289_offset_000677169_lens1_preprocessed_lens1,outputs/preprocessed_frames_v2/run_20260223_114432_8289/lens1/sample_0008_run_20260223_114432_8289_offset_000677169_lens1_preprocessed_lens1.jpg,,,,,,,,,recovered_existing_file,True,,,,,,,,,success,,8,success,,1684,1728,/Users/aryansatyendrakumar/Projects/roadside-pm-visual-intelligence/outputs/preprocessed_frames_v2/run_20260223_114432_8289/lens1/sample_0008_run_20260223_114432_8289_offset_000677169_lens1_preprocessed_lens1.jpg,1021010,495598,525412,0.5146002487732735,8.962806701660156,10.06324577331543,11.6952543258667,14.327140808105469,25.39132499694824,7.665428638458252,73.75375943140195,165215,163874,1345.489786223278,1345.489786223278,0.5,20.0,0.1703114003255036,17.031140032550365,495598,2909952,1024,1050,1345.489786223278,1345.489786223278,outputs/road_area_lens1_batch/masks/sample_00008_lens_1_row_000008_road_mask.png,outputs/road_area_lens1_batch/masks/sample_00008_lens_1_row_000008_raw_road_mask_before_cleaning.png,outputs/road_area_lens1_batch/depth_previews/sample_00008_lens_1_row_000008_depth_preview.png,needs_visual_review,73.75375943140195,44.175,117.92875943140194,0.3745905596988509,10,5,22.575,,1.6,20.0,,0.0,24.345,5.0,98.09875943140194,0.2481682759405725,good,acceptable_visible_road,use_primary,24.345,0.33008486872649767,v1_depth_visible_plus_nms_conservative_vehicle_footprint,73.75375943140195,24.345,98.09875943140194,0.2481682759405725
9,23-02-2026 11:56,1771827960.0,1,run_20260223_114432_8289,687.1694910526276,/Volumes/New Volume/23_02_2026_navneet/run_20260223_114432_8289/LENS1/video_lens1.mp4,sample_0009_run_20260223_114432_8289_offset_000687169_lens1,outputs/extracted_frames_v2/run_20260223_114432_8289/lens1/sample_0009_run_20260223_114432_8289_offset_000687169_lens1.jpg,sample_0009_run_20260223_114432_8289_offset_000687169_lens1_preprocessed_lens1,outputs/preprocessed_frames_v2/run_20260223_114432_8289/lens1/sample_0009_run_20260223_114432_8289_offset_000687169_lens1_preprocessed_lens1.jpg,,,,,,,,,recovered_existing_file,True,,,,,,,,,success,,9,success,,1684,1728,/Users/aryansatyendrakumar/Projects/roadside-pm-visual-intelligence/outputs/preprocessed_frames_v2/run_20260223_114432_8289/lens1/sample_0009_run_20260223_114432_8289_offset_000687169_lens1_preprocessed_lens1.jpg,972068,449014,523054,0.5380837554574371,8.561116218566895,9.588762283325195,11.839019775390623,17.836406707763672,39.33047866821289,11.149730682373049,60.06052413348461,130893,129773,1345.489786223278,1345.489786223278,0.5,20.0,0.1543028888449019,15.43028888449019,449014,2909952,1024,1050,1345.489786223278,1345.489786223278,outputs/road_area_lens1_batch/masks/sample_00009_lens_1_row_000009_road_mask.png,outputs/road_area_lens1_batch/masks/sample_00009_lens_1_row_000009_raw_road_mask_before_cleaning.png,outputs/road_area_lens1_batch/depth_previews/sample_00009_lens_1_row_000009_depth_preview.png,needs_visual_review,60.06052413348461,59.224999999999994,119.2855241334846,0.49649779745047,17,7,37.625,,1.6,20.0,,0.0,33.375,7.0,93.43552413348462,0.35719818890639,medium,acceptable_visible_road,use_primary,33.375,0.5556894562861957,v1_depth_visible_plus_nms_conservative_vehicle_footprint,60.06052413348461,33.375,93.43552413348462,0.35719818890639
10,23-02-2026 11:56,1771827970.0,1,run_20260223_114432_8289,697.1694910526276,/Volumes/New Volume/23_02_2026_navneet/run_20260223_114432_8289/LENS1/video_lens1.mp4,sample_0010_run_20260223_114432_8289_offset_000697169_lens1,outputs/extracted_frames_v2/run_20260223_114432_8289/lens1/sample_0010_run_20260223_114432_8289_offset_000697169_lens1.jpg,sample_0010_run_20260223_114432_8289_offset_000697169_lens1_preprocessed_lens1,outputs/preprocessed_frames_v2/run_20260223_114432_8289/lens1/sample_0010_run_20260223_114432_8289_offset_000697169_lens1_preprocessed_lens1.jpg,,,,,,,,,recovered_existing_file,True,,,,,,,,,success,,10,success,,1684,1728,/Users/aryansatyendrakumar/Projects/roadside-pm-visual-intelligence/outputs/preprocessed_frames_v2/run_20260223_114432_8289/lens1/sample_0010_run_20260223_114432_8289_offset_000697169_lens1_preprocessed_lens1.jpg,885393,359901,525492,0.5935127113044716,8.636353492736816,9.660619735717772,11.981485366821287,16.842029571533203,30.38887405395508,8.027478218078613,57.50597064886717,110803,109814,1345.489786223278,1345.489786223278,0.5,20.0,0.1236793596595407,12.367935965954077,359901,2909952,1024,1050,1345.489786223278,1345.489786223278,outputs/road_area_lens1_batch/masks/sample_00010_lens_1_row_000010_road_mask.png,outputs/road_area_lens1_batch/masks/sample_00010_lens_1_row_000010_raw_road_mask_before_cleaning.png,outputs/road_area_lens1_batch/depth_previews/sample_00010_lens_1_row_000010_depth_preview.png,needs_visual_review,57.50597064886717,55.9875,113.49347064886716,0.4933103171478247,12,8,41.3875,,1.6,13.0,,,32.1325,8.0,89.63847064886717,0.3584677401053593,medium,acceptable_visible_road,use_primary,32.1325,0.5587680659492179,v1_depth_visible_plus_nms_conservative_vehicle_footprint,57.50597064886717,32.1325,89.63847064886717,0.3584677401053593
11,23-02-2026 11:56,1771827980.0,1,run_20260223_114432_8289,707.1694910526276,/Volumes/New Volume/23_02_2026_navneet/run_20260223_114432_8289/LENS1/video_lens1.mp4,sample_0011_run_20260223_114432_8289_offset_000707169_lens1,outputs/extracted_frames_v2/run_20260223_114432_8289/lens1/sample_0011_run_20260223_114432_8289_offset_000707169_lens1.jpg,sample_0011_run_20260223_114432_8289_offset_000707169_lens1_preprocessed_lens1,outputs/preprocessed_frames_v2/run_20260223_114432_8289/lens1/sample_0011_run_20260223_114432_8289_offset_000707169_lens1_preprocessed_lens1.jpg,,,,,,,,,recovered_existing_file,True,,,,,,,,,success,,11,success,,1684,1728,/Users/aryansatyendrakumar/Projects/roadside-pm-visual-intelligence/outputs/preprocessed_frames_v2/run_20260223_114432_8289/lens1/sample_0011_run_20260223_114432_8289_offset_000707169_lens1_preprocessed_lens1.jpg,837748,322819,514929,0.6146585846817898,8.437541007995605,9.43087387084961,11.110393524169922,14.15689468383789,32.293296813964844,9.265575408935549,42.591176841447584,105395,104195,1345.489786223278,1345.489786223278,0.5,20.0,0.1109361941365355,11.09361941365356,322819,2909952,1024,1050,1345.489786223278,1345.489786223278,outputs/road_area_lens1_batch/masks/sample_00011_lens_1_row_000011_road_mask.png,outputs/road_area_lens1_batch/masks/sample_00011_lens_1_row_000011_raw_road_mask_before_cleaning.png,outputs/road_area_lens1_batch/depth_previews/sample_00011_lens_1_row_000011_depth_preview.png,needs_visual_review,42.591176841447584,29.65,72.24117684144758,0.4104307445748674,6,4,15.05,,1.6,13.0,,,16.33,4.0,58.92117684144758,0.277149929369924,good,acceptable_visible_road,use_primary,16.33,0.3834127443998792,v1_depth_visible_plus_nms_conservative_vehicle_footprint,42.591176841447584,16.33,58.92117684144758,0.277149929369924
12,23-02-2026 11:56,1771827990.0,1,run_20260223_114432_8289,717.1694910526276,/Volumes/New Volume/23_02_2026_navneet/run_20260223_114432_8289/LENS1/video_lens1.mp4,sample_0012_run_20260223_114432_8289_offset_000717169_lens1,outputs/extracted_frames_v2/run_20260223_114432_8289/lens1/sample_0012_run_20260223_114432_8289_offset_000717169_lens1.jpg,sample_0012_run_20260223_114432_8289_offset_000717169_lens1_preprocessed_lens1,outputs/preprocessed_frames_v2/run_20260223_114432_8289/lens1/sample_0012_run_20260223_114432_8289_offset_000717169_lens1_preprocessed_lens1.jpg,,,,,,,,,recovered_existing_file,True,,,,,,,,,success,,12,success,,1684,1728,/Users/aryansatyendrakumar/Projects/roadside-pm-visual-intelligence/outputs/preprocessed_frames_v2/run_20260223_114432_8289/lens1/sample_0012_run_20260223_114432_8289_offset_000717169_lens1_preprocessed_lens1.jpg,1246286,727799,518487,0.416025695546608,8.530336380004883,10.010229110717772,12.663456916809082,18.424280166625977,41.4669189453125,11.298168182373049,103.67941779329296,209032,207725,1345.489786223278,1345.489786223278,0.5,20.0,0.2501068746151139,25.010687461511395,727799,2909952,1024,1050,1345.489786223278,1345.489786223278,outputs/road_area_lens1_batch/masks/sample_00012_lens_1_row_000012_road_mask.png,outputs/road_area_lens1_batch/masks/sample_00012_lens_1_row_000012_raw_road_mask_before_cleaning.png,outputs/road_area_lens1_batch/depth_previews/sample_00012_lens_1_row_000012_depth_preview.png,needs_visual_review,103.67941779329296,16.65,120.32941779329296,0.1383701534117125,8,3,15.05,,1.6,,,0.0,9.83,3.0,113.50941779329295,0.0866007437189131,good,acceptable_visible_road,use_primary,9.83,0.09481148919642086,v1_depth_visible_plus_nms_conservative_vehicle_footprint,103.67941779329296,9.83,113.50941779329295,0.0866007437189131
13,23-02-2026 11:56,1771828000.0,1,run_20260223_114432_8289,727.1694910526276,/Volumes/New Volume/23_02_2026_navneet/run_20260223_114432_8289/LENS1/video_lens1.mp4,sample_0013_run_20260223_114432_8289_offset_000727169_lens1,outputs/extracted_frames_v2/run_20260223_114432_8289/lens1/sample_0013_run_20260223_114432_8289_offset_000727169_lens1.jpg,sample_0013_run_20260223_114432_8289_offset_000727169_lens1_preprocessed_lens1,outputs/preprocessed_frames_v2/run_20260223_114432_8289/lens1/sample_0013_run_20260223_114432_8289_offset_000727169_lens1_preprocessed_lens1.jpg,,,,,,,,,recovered_existing_file,True,,,,,,,,,success,,13,success,,1684,1728,/Users/aryansatyendrakumar/Projects/roadside-pm-visual-intelligence/outputs/preprocessed_frames_v2/run_20260223_114432_8289/lens1/sample_0013_run_20260223_114432_8289_offset_000727169_lens1_preprocessed_lens1.jpg,718514,211187,507327,0.7060781000787737,8.856477737426758,9.637207984924316,11.068721771240234,13.599811553955078,36.40547561645508,9.983043670654297,27.08177937253832,66625,65752,1345.489786223278,1345.489786223278,0.5,20.0,0.0725740493313979,7.257404933139791,211187,2909952,1024,1050,1345.489786223278,1345.489786223278,outputs/road_area_lens1_batch/masks/sample_00013_lens_1_row_000013_road_mask.png,outputs/road_area_lens1_batch/masks/sample_00013_lens_1_row_000013_raw_road_mask_before_cleaning.png,outputs/road_area_lens1_batch/depth_previews/sample_00013_lens_1_row_000013_depth_preview.png,needs_visual_review,27.08177937253832,31.25,58.33177937253832,0.5357285571629932,14,5,15.05,,3.2,13.0,,0.0,17.13,5.0,44.21177937253832,0.3874533041445538,medium,low_visible_road,use_sensitivity_only,17.13,0.632528600294643,v1_depth_visible_plus_nms_conservative_vehicle_footprint,27.08177937253832,17.13,44.21177937253832,0.3874533041445538
14,23-02-2026 11:56,1771828010.0,1,run_20260223_114432_8289,737.1694910526276,/Volumes/New Volume/23_02_2026_navneet/run_20260223_114432_8289/LENS1/video_lens1.mp4,sample_0014_run_20260223_114432_8289_offset_000737169_lens1,outputs/extracted_frames_v2/run_20260223_114432_8289/lens1/sample_0014_run_20260223_114432_8289_offset_000737169_lens1.jpg,sample_0014_run_20260223_114432_8289_offset_000737169_lens1_preprocessed_lens1,outputs/preprocessed_frames_v2/run_20260223_114432_8289/lens1/sample_0014_run_20260223_114432_8289_offset_000737169_lens1_preprocessed_lens1.jpg,,,,,,,,,recovered_existing_file,True,,,,,,,,,success,,14,success,,1684,1728,/Users/aryansatyendrakumar/Projects/roadside-pm-visual-intelligence/outputs/preprocessed_frames_v2/run_20260223_114432_8289/lens1/sample_0014_run_20260223_114432_8289_offset_000737169_lens1_preprocessed_lens1.jpg,821456,309601,511855,0.6231070197308194,8.55180835723877,9.569927215576172,11.089449882507324,13.844791412353516,24.21947479248047,5.710366249084473,44.25302619429401,101148,100002,1345.489786223278,1345.489786223278,0.5,20.0,0.1063938511700536,10.639385117005366,309601,2909952,1024,1050,1345.489786223278,1345.489786223278,outputs/road_area_lens1_batch/masks/sample_00014_lens_1_row_000014_road_mask.png,outputs/road_area_lens1_batch/masks/sample_00014_lens_1_row_000014_raw_road_mask_before_cleaning.png,outputs/road_area_lens1_batch/depth_previews/sample_00014_lens_1_row_000014_depth_preview.png,needs_visual_review,44.25302619429401,29.066249999999997,73.319276194294,0.3964339462786738,12,5,27.466249999999995,,1.6,,,0.0,17.27975,5.0,61.53277619429401,0.2808218817470219,good,acceptable_visible_road,use_primary,17.27975,0.39047612075460847,v1_depth_visible_plus_nms_conservative_vehicle_footprint,44.25302619429401,17.27975,61.53277619429401,0.2808218817470219
15,23-02-2026 11:57,1771828020.0,1,run_20260223_114432_8289,747.1694910526276,/Volumes/New Volume/23_02_2026_navneet/run_20260223_114432_8289/LENS1/video_lens1.mp4,sample_0015_run_20260223_114432_8289_offset_000747169_lens1,outputs/extracted_frames_v2/run_20260223_114432_8289/lens1/sample_0015_run_20260223_114432_8289_offset_000747169_lens1.jpg,sample_0015_run_20260223_114432_8289_offset_000747169_lens1_preprocessed_lens1,outputs/preprocessed_frames_v2/run_20260223_114432_8289/lens1/sample_0015_run_20260223_114432_8289_offset_000747169_lens1_preprocessed_lens1.jpg,,,,,,,,,recovered_existing_file,True,,,,,,,,,success,,15,success,,1684,1728,/Users/aryansatyendrakumar/Projects/roadside-pm-visual-intelligence/outputs/preprocessed_frames_v2/run_20260223_114432_8289/lens1/sample_0015_run_20260223_114432_8289_offset_000747169_lens1_preprocessed_lens1.jpg,685906,165502,520404,0.7587103772237012,8.577629089355469,9.271564483642578,10.420137405395508,12.326642036437988,53.92986297607422,15.102752685546877,18.442572176968284,50582,49575,1345.489786223278,1345.489786223278,0.5,20.0,0.0568744776546142,5.687447765461424,165502,2909952,1024,1050,1345.489786223278,1345.489786223278,outputs/road_area_lens1_batch/masks/sample_00015_lens_1_row_000015_road_mask.png,outputs/road_area_lens1_batch/masks/sample_00015_lens_1_row_000015_raw_road_mask_before_cleaning.png,outputs/road_area_lens1_batch/depth_previews/sample_00015_lens_1_row_000015_depth_preview.png,needs_visual_review,18.442572176968284,21.54125,39.98382217696828,0.5387491447080394,17,4,19.941249999999997,,1.6,0.0,,0.0,12.76475,4.0,31.207322176968283,0.4090306091504601,medium,low_visible_road,use_sensitivity_only,12.76475,0.6921350166079902,v1_depth_visible_plus_nms_conservative_vehicle_footprint,18.442572176968284,12.76475,31.207322176968283,0.4090306091504601
16,23-02-2026 11:57,1771828030.0,1,run_20260223_114432_8289,757.1694910526276,/Volumes/New Volume/23_02_2026_navneet/run_20260223_114432_8289/LENS1/video_lens1.mp4,sample_0016_run_20260223_114432_8289_offset_000757169_lens1,outputs/extracted_frames_v2/run_20260223_114432_8289/lens1/sample_0016_run_20260223_114432_8289_offset_000757169_lens1.jpg,sample_0016_run_20260223_114432_8289_offset_000757169_lens1_preprocessed_lens1,outputs/preprocessed_frames_v2/run_20260223_114432_8289/lens1/sample_0016_run_20260223_114432_8289_offset_000757169_lens1_preprocessed_lens1.jpg,,,,,,,,,recovered_existing_file,True,,,,,,,,,success,,16,success,,1684,1728,/Users/aryansatyendrakumar/Projects/roadside-pm-visual-intelligence/outputs/preprocessed_frames_v2/run_20260223_114432_8289/lens1/sample_0016_run_20260223_114432_8289_offset_000757169_lens1_preprocessed_lens1.jpg,919719,399932,519787,0.5651584886253301,8.185661315917969,9.147912979125977,10.41402816772461,14.028775215148926,31.864412307739254,8.538665771484375,50.97234876524111,125437,124128,1345.489786223278,1345.489786223278,0.5,20.0,0.1374359439605876,13.743594396058768,399932,2909952,1024,1050,1345.489786223278,1345.489786223278,outputs/road_area_lens1_batch/masks/sample_00016_lens_1_row_000016_road_mask.png,outputs/road_area_lens1_batch/masks/sample_00016_lens_1_row_000016_raw_road_mask_before_cleaning.png,outputs/road_area_lens1_batch/depth_previews/sample_00016_lens_1_row_000016_depth_preview.png,needs_visual_review,50.97234876524111,27.057,78.02934876524111,0.3467541435134057,14,5,22.575,3.78,0.0,,0.7020000000000001,,16.163999999999998,5.0,67.13634876524111,0.2407637635540984,good,acceptable_visible_road,use_primary,16.163999999999998,0.31711310919661795,v1_depth_visible_plus_nms_conservative_vehicle_footprint,50.97234876524111,16.163999999999998,67.13634876524111,0.2407637635540984
17,23-02-2026 11:57,1771828040.0,1,run_20260223_114432_8289,767.1694910526276,/Volumes/New Volume/23_02_2026_navneet/run_20260223_114432_8289/LENS1/video_lens1.mp4,sample_0017_run_20260223_114432_8289_offset_000767169_lens1,outputs/extracted_frames_v2/run_20260223_114432_8289/lens1/sample_0017_run_20260223_114432_8289_offset_000767169_lens1.jpg,sample_0017_run_20260223_114432_8289_offset_000767169_lens1_preprocessed_lens1,outputs/preprocessed_frames_v2/run_20260223_114432_8289/lens1/sample_0017_run_20260223_114432_8289_offset_000767169_lens1_preprocessed_lens1.jpg,,,,,,,,,recovered_existing_file,True,,,,,,,,,success,,17,success,,1684,1728,/Users/aryansatyendrakumar/Projects/roadside-pm-visual-intelligence/outputs/preprocessed_frames_v2/run_20260223_114432_8289/lens1/sample_0017_run_20260223_114432_8289_offset_000767169_lens1_preprocessed_lens1.jpg,817205,295860,521345,0.6379610991122179,8.361266136169434,9.165410995483398,10.76429843902588,13.823304176330566,32.58544158935547,8.22054672241211,37.74263932761791,93102,91845,1345.489786223278,1345.489786223278,0.5,20.0,0.1016717801530747,10.167178015307467,295860,2909952,1024,1050,1345.489786223278,1345.489786223278,outputs/road_area_lens1_batch/masks/sample_00017_lens_1_row_000017_road_mask.png,outputs/road_area_lens1_batch/masks/sample_00017_lens_1_row_000017_raw_road_mask_before_cleaning.png,outputs/road_area_lens1_batch/depth_previews/sample_00017_lens_1_row_000017_depth_preview.png,needs_visual_review,37.74263932761791,37.625,75.36763932761791,0.4992195634050143,16,5,37.625,0.0,,,,,22.575,5.0,60.31763932761791,0.3742686260876838,medium,acceptable_visible_road,use_primary,22.575,0.5981298712059309,v1_depth_visible_plus_nms_conservative_vehicle_footprint,37.74263932761791,22.575,60.31763932761791,0.3742686260876838
18,23-02-2026 11:57,1771828050.0,1,run_20260223_114432_8289,777.1694910526276,/Volumes/New Volume/23_02_2026_navneet/run_20260223_114432_8289/LENS1/video_lens1.mp4,sample_0018_run_20260223_114432_8289_offset_000777169_lens1,outputs/extracted_frames_v2/run_20260223_114432_8289/lens1/sample_0018_run_20260223_114432_8289_offset_000777169_lens1.jpg,sample_0018_run_20260223_114432_8289_offset_000777169_lens1_preprocessed_lens1,outputs/preprocessed_frames_v2/run_20260223_114432_8289/lens1/sample_0018_run_20260223_114432_8289_offset_000777169_lens1_preprocessed_lens1.jpg,,,,,,,,,recovered_existing_file,True,,,,,,,,,success,,18,success,,1684,1728,/Users/aryansatyendrakumar/Projects/roadside-pm-visual-intelligence/outputs/preprocessed_frames_v2/run_20260223_114432_8289/lens1/sample_0018_run_20260223_114432_8289_offset_000777169_lens1_preprocessed_lens1.jpg,790185,268846,521339,0.6597682821111512,6.907076835632324,9.057981491088867,11.047889709472656,15.194134712219238,24.1762638092041,5.758298873901367,38.498901823689174,87480,86352,1345.489786223278,1345.489786223278,0.5,20.0,0.0923884655142077,9.23884655142078,268846,2909952,1024,1050,1345.489786223278,1345.489786223278,outputs/road_area_lens1_batch/masks/sample_00018_lens_1_row_000018_road_mask.png,outputs/road_area_lens1_batch/masks/sample_00018_lens_1_row_000018_raw_road_mask_before_cleaning.png,outputs/road_area_lens1_batch/depth_previews/sample_00018_lens_1_row_000018_depth_preview.png,needs_visual_review,38.498901823689174,33.691874999999996,72.19077682368916,0.4667060874311595,20,6,29.911874999999995,3.78,0.0,0.0,,,20.215125,6.0,58.714026823689174,0.3442980509700599,medium,acceptable_visible_road,use_primary,20.215125,0.5250831593217345,v1_depth_visible_plus_nms_conservative_vehicle_footprint,38.498901823689174,20.215125,58.714026823689174,0.3442980509700599
19,23-02-2026 11:57,1771828060.0,1,run_20260223_114432_8289,787.1694910526276,/Volumes/New Volume/23_02_2026_navneet/run_20260223_114432_8289/LENS1/video_lens1.mp4,sample_0019_run_20260223_114432_8289_offset_000787169_lens1,outputs/extracted_frames_v2/run_20260223_114432_8289/lens1/sample_0019_run_20260223_114432_8289_offset_000787169_lens1.jpg,sample_0019_run_20260223_114432_8289_offset_000787169_lens1_preprocessed_lens1,outputs/preprocessed_frames_v2/run_20260223_114432_8289/lens1/sample_0019_run_20260223_114432_8289_offset_000787169_lens1_preprocessed_lens1.jpg,,,,,,,,,recovered_existing_file,True,,,,,,,,,success,,19,success,,1684,1728,/Users/aryansatyendrakumar/Projects/roadside-pm-visual-intelligence/outputs/preprocessed_frames_v2/run_20260223_114432_8289/lens1/sample_0019_run_20260223_114432_8289_offset_000787169_lens1_preprocessed_lens1.jpg,750414,227635,522779,0.6966541135959617,9.08701515197754,10.091312408447266,13.387948989868164,17.949935913085938,28.035255432128903,8.209050178527832,40.54109913175178,66717,65371,1345.489786223278,1345.489786223278,0.5,20.0,0.0782263762426321,7.822637624263217,227635,2909952,1024,1050,1345.489786223278,1345.489786223278,outputs/road_area_lens1_batch/masks/sample_00019_lens_1_row_000019_road_mask.png,outputs/road_area_lens1_batch/masks/sample_00019_lens_1_row_000019_raw_road_mask_before_cleaning.png,outputs/road_area_lens1_batch/depth_previews/sample_00019_lens_1_row_000019_depth_preview.png,needs_visual_review,40.54109913175178,21.54125,62.082349131751776,0.3469786549842845,23,4,19.941249999999997,0.0,1.6,,,,12.76475,4.0,53.30584913175178,0.239462464399552,good,acceptable_visible_road,use_primary,12.76475,0.31485949501558164,v1_depth_visible_plus_nms_conservative_vehicle_footprint,40.54109913175178,12.76475,53.30584913175178,0.239462464399552
20,23-02-2026 11:57,1771828070.0,1,run_20260223_114432_8289,797.1694910526276,/Volumes/New Volume/23_02_2026_navneet/run_20260223_114432_8289/LENS1/video_lens1.mp4,sample_0020_run_20260223_114432_8289_offset_000797169_lens1,outputs/extracted_frames_v2/run_20260223_114432_8289/lens1/sample_0020_run_20260223_114432_8289_offset_000797169_lens1.jpg,sample_0020_run_20260223_114432_8289_offset_000797169_lens1_preprocessed_lens1,outputs/preprocessed_frames_v2/run_20260223_114432_8289/lens1/sample_0020_run_20260223_114432_8289_offset_000797169_lens1_preprocessed_lens1.jpg,,,,,,,,,recovered_existing_file,True,,,,,,,,,success,,20,success,,1684,1728,/Users/aryansatyendrakumar/Projects/roadside-pm-visual-intelligence/outputs/preprocessed_frames_v2/run_20260223_114432_8289/lens1/sample_0020_run_20260223_114432_8289_offset_000797169_lens1_preprocessed_lens1.jpg,827471,306999,520472,0.6289912274871264,8.499755859375,9.267839431762695,10.434283256530762,13.984088897705078,20.87610626220703,4.534317970275879,44.20416718823941,103355,101813,1345.489786223278,1345.489786223278,0.5,20.0,0.1054996783452098,10.549967834520984,306999,2909952,1024,1050,1345.489786223278,1345.489786223278,outputs/road_area_lens1_batch/masks/sample_00020_lens_1_row_000020_road_mask.png,outputs/road_area_lens1_batch/masks/sample_00020_lens_1_row_000020_raw_road_mask_before_cleaning.png,outputs/road_area_lens1_batch/depth_previews/sample_00020_lens_1_row_000020_depth_preview.png,needs_visual_review,44.20416718823941,26.354999999999997,70.5591671882394,0.3735163133330288,19,4,22.575,3.78,0.0,,,,15.813,4.0,60.01716718823941,0.2634746146948871,good,acceptable_visible_road,use_primary,15.813,0.357726454446292,v1_depth_visible_plus_nms_conservative_vehicle_footprint,44.20416718823941,15.813,60.01716718823941,0.2634746146948871
21,23-02-2026 11:58,1771828080.0,1,run_20260223_114432_8289,807.1694910526276,/Volumes/New Volume/23_02_2026_navneet/run_20260223_114432_8289/LENS1/video_lens1.mp4,sample_0021_run_20260223_114432_8289_offset_000807169_lens1,outputs/extracted_frames_v2/run_20260223_114432_8289/lens1/sample_0021_run_20260223_114432_8289_offset_000807169_lens1.jpg,sample_0021_run_20260223_114432_8289_offset_000807169_lens1_preprocessed_lens1,outputs/preprocessed_frames_v2/run_20260223_114432_8289/lens1/sample_0021_run_20260223_114432_8289_offset_000807169_lens1_preprocessed_lens1.jpg,,,,,,,,,recovered_existing_file,True,,,,,,,,,success,,21,success,,1684,1728,/Users/aryansatyendrakumar/Projects/roadside-pm-visual-intelligence/outputs/preprocessed_frames_v2/run_20260223_114432_8289/lens1/sample_0021_run_20260223_114432_8289_offset_000807169_lens1_preprocessed_lens1.jpg,634670,115189,519481,0.8185056801172262,8.85114860534668,10.113025665283203,12.757161140441896,18.326995849609375,24.90467071533203,5.363432884216309,18.04614919601548,32522,31653,1345.489786223278,1345.489786223278,0.5,20.0,0.0395845017374857,3.9584501737485702,115189,2909952,1024,1050,1345.489786223278,1345.489786223278,outputs/road_area_lens1_batch/masks/sample_00021_lens_1_row_000021_road_mask.png,outputs/road_area_lens1_batch/masks/sample_00021_lens_1_row_000021_raw_road_mask_before_cleaning.png,outputs/road_area_lens1_batch/depth_previews/sample_00021_lens_1_row_000021_depth_preview.png,needs_visual_review,18.04614919601548,5.38,23.42614919601548,0.2296578902056628,19,2,0.0,3.78,1.6,,,0.0,3.0679999999999996,2.0,21.11414919601548,0.1453054049925427,good,low_visible_road,use_sensitivity_only,3.0679999999999996,0.1700085689570494,v1_depth_visible_plus_nms_conservative_vehicle_footprint,18.04614919601548,3.0679999999999996,21.11414919601548,0.1453054049925427
22,23-02-2026 11:58,1771828090.0,1,run_20260223_114432_8289,817.1694910526276,/Volumes/New Volume/23_02_2026_navneet/run_20260223_114432_8289/LENS1/video_lens1.mp4,sample_0022_run_20260223_114432_8289_offset_000817169_lens1,outputs/extracted_frames_v2/run_20260223_114432_8289/lens1/sample_0022_run_20260223_114432_8289_offset_000817169_lens1.jpg,sample_0022_run_20260223_114432_8289_offset_000817169_lens1_preprocessed_lens1,outputs/preprocessed_frames_v2/run_20260223_114432_8289/lens1/sample_0022_run_20260223_114432_8289_offset_000817169_lens1_preprocessed_lens1.jpg,,,,,,,,,recovered_existing_file,True,,,,,,,,,success,,22,success,,1684,1728,/Users/aryansatyendrakumar/Projects/roadside-pm-visual-intelligence/outputs/preprocessed_frames_v2/run_20260223_114432_8289/lens1/sample_0022_run_20260223_114432_8289_offset_000817169_lens1_preprocessed_lens1.jpg,804963,279798,525165,0.6524088684821538,9.639866828918455,10.64358615875244,12.536849975585938,15.68162727355957,30.609540939331055,6.263679027557373,48.47058078046134,87977,86737,1345.489786223278,1345.489786223278,0.5,20.0,0.0961521014779625,9.615210147796253,279798,2909952,1024,1050,1345.489786223278,1345.489786223278,outputs/road_area_lens1_batch/masks/sample_00022_lens_1_row_000022_road_mask.png,outputs/road_area_lens1_batch/masks/sample_00022_lens_1_row_000022_raw_road_mask_before_cleaning.png,outputs/road_area_lens1_batch/depth_previews/sample_00022_lens_1_row_000022_depth_preview.png,needs_visual_review,48.47058078046134,20.65,69.12058078046134,0.2987532767640928,26,6,15.05,0.0,5.6000000000000005,,,0.0,11.83,6.0,60.30058078046134,0.1961838484287562,good,acceptable_visible_road,use_primary,11.83,0.24406557151815095,v1_depth_visible_plus_nms_conservative_vehicle_footprint,48.47058078046134,11.83,60.30058078046134,0.1961838484287562
23,23-02-2026 11:58,1771828100.0,1,run_20260223_114432_8289,827.1694910526276,/Volumes/New Volume/23_02_2026_navneet/run_20260223_114432_8289/LENS1/video_lens1.mp4,sample_0023_run_20260223_114432_8289_offset_000827169_lens1,outputs/extracted_frames_v2/run_20260223_114432_8289/lens1/sample_0023_run_20260223_114432_8289_offset_000827169_lens1.jpg,sample_0023_run_20260223_114432_8289_offset_000827169_lens1_preprocessed_lens1,outputs/preprocessed_frames_v2/run_20260223_114432_8289/lens1/sample_0023_run_20260223_114432_8289_offset_000827169_lens1_preprocessed_lens1.jpg,,,,,,,,,recovered_existing_file,True,,,,,,,,,success,,23,success,,1684,1728,/Users/aryansatyendrakumar/Projects/roadside-pm-visual-intelligence/outputs/preprocessed_frames_v2/run_20260223_114432_8289/lens1/sample_0023_run_20260223_114432_8289_offset_000827169_lens1_preprocessed_lens1.jpg,1038570,517033,521537,0.502168366118798,9.183012008666992,10.47562313079834,13.432173728942873,18.648601531982425,28.824020385742188,6.60565185546875,88.44256036840501,149675,148194,1345.489786223278,1345.489786223278,0.5,20.0,0.1776775012096419,17.767750120964195,517033,2909952,1024,1050,1345.489786223278,1345.489786223278,outputs/road_area_lens1_batch/masks/sample_00023_lens_1_row_000023_road_mask.png,outputs/road_area_lens1_batch/masks/sample_00023_lens_1_row_000023_raw_road_mask_before_cleaning.png,outputs/road_area_lens1_batch/depth_previews/sample_00023_lens_1_row_000023_depth_preview.png,needs_visual_review,88.44256036840501,4.800000000000001,93.242560368405,0.0514786378777568,23,3,0.0,0.0,4.800000000000001,,,0.0,2.4000000000000004,3.0,90.84256036840502,0.0264193346187842,good,acceptable_visible_road,use_primary,2.4000000000000004,0.027136256458461485,v1_depth_visible_plus_nms_conservative_vehicle_footprint,88.44256036840501,2.4000000000000004,90.84256036840502,0.0264193346187842
24,23-02-2026 11:58,1771828110.0,1,run_20260223_114432_8289,837.1694910526276,/Volumes/New Volume/23_02_2026_navneet/run_20260223_114432_8289/LENS1/video_lens1.mp4,sample_0024_run_20260223_114432_8289_offset_000837169_lens1,outputs/extracted_frames_v2/run_20260223_114432_8289/lens1/sample_0024_run_20260223_114432_8289_offset_000837169_lens1.jpg,sample_0024_run_20260223_114432_8289_offset_000837169_lens1_preprocessed_lens1,outputs/preprocessed_frames_v2/run_20260223_114432_8289/lens1/sample_0024_run_20260223_114432_8289_offset_000837169_lens1_preprocessed_lens1.jpg,,,,,,,,,recovered_existing_file,True,,,,,,,,,success,,24,success,,1684,1728,/Users/aryansatyendrakumar/Projects/roadside-pm-visual-intelligence/outputs/preprocessed_frames_v2/run_20260223_114432_8289/lens1/sample_0024_run_20260223_114432_8289_offset_000837169_lens1_preprocessed_lens1.jpg,776389,246025,530364,0.6831163244198463,8.65090274810791,9.357577323913574,10.395492553710938,11.833003044128418,26.39061737060547,6.304293155670166,32.97056101331237,81080,79730,1345.489786223278,1345.489786223278,0.5,20.0,0.0845460681138383,8.45460681138383,246025,2909952,1024,1050,1345.489786223278,1345.489786223278,outputs/road_area_lens1_batch/masks/sample_00024_lens_1_row_000024_road_mask.png,outputs/road_area_lens1_batch/masks/sample_00024_lens_1_row_000024_raw_road_mask_before_cleaning.png,outputs/road_area_lens1_batch/depth_previews/sample_00024_lens_1_row_000024_depth_preview.png,needs_visual_review,32.97056101331237,19.2828125,52.25337351331237,0.3690252170051259,27,4,19.2828125,0.0,0.0,,,0.0,11.5696875,4.0,44.54024851331237,0.259758036521552,good,acceptable_visible_road,use_primary,11.5696875,0.35090963406199127,v1_depth_visible_plus_nms_conservative_vehicle_footprint,32.97056101331237,11.5696875,44.54024851331237,0.259758036521552
25,23-02-2026 11:58,1771828120.0,1,run_20260223_114432_8289,847.1694910526276,/Volumes/New Volume/23_02_2026_navneet/run_20260223_114432_8289/LENS1/video_lens1.mp4,sample_0025_run_20260223_114432_8289_offset_000847169_lens1,outputs/extracted_frames_v2/run_20260223_114432_8289/lens1/sample_0025_run_20260223_114432_8289_offset_000847169_lens1.jpg,sample_0025_run_20260223_114432_8289_offset_000847169_lens1_preprocessed_lens1,outputs/preprocessed_frames_v2/run_20260223_114432_8289/lens1/sample_0025_run_20260223_114432_8289_offset_000847169_lens1_preprocessed_lens1.jpg,,,,,,,,,recovered_existing_file,True,,,,,,,,,success,,25,success,,1684,1728,/Users/aryansatyendrakumar/Projects/roadside-pm-visual-intelligence/outputs/preprocessed_frames_v2/run_20260223_114432_8289/lens1/sample_0025_run_20260223_114432_8289_offset_000847169_lens1_preprocessed_lens1.jpg,800842,304891,495951,0.6192869504846149,8.859234809875488,10.228385925292969,13.4818696975708,18.339679718017575,28.377635955810547,6.703324317932129,69.97691414005115,89825,88591,1345.489786223278,1345.489786223278,0.5,20.0,0.1047752677707398,10.477526777073988,304891,2909952,1024,1050,1345.489786223278,1345.489786223278,outputs/road_area_lens1_batch/masks/sample_00025_lens_1_row_000025_road_mask.png,outputs/road_area_lens1_batch/masks/sample_00025_lens_1_row_000025_raw_road_mask_before_cleaning.png,outputs/road_area_lens1_batch/depth_previews/sample_00025_lens_1_row_000025_depth_preview.png,needs_visual_review,69.97691414005115,25.775,95.75191414005116,0.2691852192354118,25,5,22.575,0.0,3.2,,,,15.145,5.0,85.12191414005115,0.1779212809416141,good,acceptable_visible_road,use_primary,15.145,0.21642852055020512,v1_depth_visible_plus_nms_conservative_vehicle_footprint,69.97691414005115,15.145,85.12191414005115,0.1779212809416141
26,23-02-2026 11:58,1771828130.0,1,run_20260223_114432_8289,857.1694910526276,/Volumes/New Volume/23_02_2026_navneet/run_20260223_114432_8289/LENS1/video_lens1.mp4,sample_0026_run_20260223_114432_8289_offset_000857169_lens1,outputs/extracted_frames_v2/run_20260223_114432_8289/lens1/sample_0026_run_20260223_114432_8289_offset_000857169_lens1.jpg,sample_0026_run_20260223_114432_8289_offset_000857169_lens1_preprocessed_lens1,outputs/preprocessed_frames_v2/run_20260223_114432_8289/lens1/sample_0026_run_20260223_114432_8289_offset_000857169_lens1_preprocessed_lens1.jpg,,,,,,,,,recovered_existing_file,True,,,,,,,,,success,,26,success,,1684,1728,/Users/aryansatyendrakumar/Projects/roadside-pm-visual-intelligence/outputs/preprocessed_frames_v2/run_20260223_114432_8289/lens1/sample_0026_run_20260223_114432_8289_offset_000857169_lens1_preprocessed_lens1.jpg,1017015,491623,525392,0.5166020166860863,8.571699142456055,9.589574813842772,11.386693000793455,14.760761260986328,22.34491539001465,5.0232930183410645,77.81374622351007,165225,163717,1345.489786223278,1345.489786223278,0.5,20.0,0.16894539841207,16.894539841207003,491623,2909952,1024,1050,1345.489786223278,1345.489786223278,outputs/road_area_lens1_batch/masks/sample_00026_lens_1_row_000026_road_mask.png,outputs/road_area_lens1_batch/masks/sample_00026_lens_1_row_000026_raw_road_mask_before_cleaning.png,outputs/road_area_lens1_batch/depth_previews/sample_00026_lens_1_row_000026_depth_preview.png,needs_visual_review,77.81374622351007,40.37125,118.18499622351008,0.3415936987775535,23,7,34.991249999999994,3.78,1.6,,,0.0,24.06275,7.0,101.87649622351006,0.236195304039589,good,acceptable_visible_road,use_primary,24.06275,0.309235208016882,v1_depth_visible_plus_nms_conservative_vehicle_footprint,77.81374622351007,24.06275,101.87649622351006,0.236195304039589
27,23-02-2026 11:59,1771828140.0,1,run_20260223_114432_8289,867.1694910526276,/Volumes/New Volume/23_02_2026_navneet/run_20260223_114432_8289/LENS1/video_lens1.mp4,sample_0027_run_20260223_114432_8289_offset_000867169_lens1,outputs/extracted_frames_v2/run_20260223_114432_8289/lens1/sample_0027_run_20260223_114432_8289_offset_000867169_lens1.jpg,sample_0027_run_20260223_114432_8289_offset_000867169_lens1_preprocessed_lens1,outputs/preprocessed_frames_v2/run_20260223_114432_8289/lens1/sample_0027_run_20260223_114432_8289_offset_000867169_lens1_preprocessed_lens1.jpg,,,,,,,,,recovered_existing_file,True,,,,,,,,,success,,27,success,,1684,1728,/Users/aryansatyendrakumar/Projects/roadside-pm-visual-intelligence/outputs/preprocessed_frames_v2/run_20260223_114432_8289/lens1/sample_0027_run_20260223_114432_8289_offset_000867169_lens1_preprocessed_lens1.jpg,840872,316018,524854,0.6241782340237277,8.72687816619873,9.696236610412598,11.20743179321289,14.167433738708496,25.002431869506836,5.640223503112793,46.96204133076803,100537,99299,1345.489786223278,1345.489786223278,0.5,20.0,0.1085990421835136,10.859904218351367,316018,2909952,1024,1050,1345.489786223278,1345.489786223278,outputs/road_area_lens1_batch/masks/sample_00027_lens_1_row_000027_road_mask.png,outputs/road_area_lens1_batch/masks/sample_00027_lens_1_row_000027_raw_road_mask_before_cleaning.png,outputs/road_area_lens1_batch/depth_previews/sample_00027_lens_1_row_000027_depth_preview.png,needs_visual_review,46.96204133076803,21.54125,68.50329133076804,0.3144556937562037,15,4,19.941249999999997,0.0,1.6,,,,12.76475,4.0,59.72679133076803,0.213718998050784,good,acceptable_visible_road,use_primary,12.76475,0.27180994774255995,v1_depth_visible_plus_nms_conservative_vehicle_footprint,46.96204133076803,12.76475,59.72679133076803,0.213718998050784
28,23-02-2026 11:59,1771828150.0,1,run_20260223_114432_8289,877.1694910526276,/Volumes/New Volume/23_02_2026_navneet/run_20260223_114432_8289/LENS1/video_lens1.mp4,sample_0028_run_20260223_114432_8289_offset_000877169_lens1,outputs/extracted_frames_v2/run_20260223_114432_8289/lens1/sample_0028_run_20260223_114432_8289_offset_000877169_lens1.jpg,sample_0028_run_20260223_114432_8289_offset_000877169_lens1_preprocessed_lens1,outputs/preprocessed_frames_v2/run_20260223_114432_8289/lens1/sample_0028_run_20260223_114432_8289_offset_000877169_lens1_preprocessed_lens1.jpg,,,,,,,,,recovered_existing_file,True,,,,,,,,,success,,28,success,,1684,1728,/Users/aryansatyendrakumar/Projects/roadside-pm-visual-intelligence/outputs/preprocessed_frames_v2/run_20260223_114432_8289/lens1/sample_0028_run_20260223_114432_8289_offset_000877169_lens1_preprocessed_lens1.jpg,1104410,579022,525388,0.4757182568068018,8.421012878417969,9.743645668029783,12.289796829223633,16.90147590637207,28.429630279541016,9.212320327758787,94.84612574732112,178894,177047,1345.489786223278,1345.489786223278,0.5,20.0,0.1989799144453241,19.89799144453242,579022,2909952,1024,1050,1345.489786223278,1345.489786223278,outputs/road_area_lens1_batch/masks/sample_00028_lens_1_row_000028_road_mask.png,outputs/road_area_lens1_batch/masks/sample_00028_lens_1_row_000028_raw_road_mask_before_cleaning.png,outputs/road_area_lens1_batch/depth_previews/sample_00028_lens_1_row_000028_depth_preview.png,needs_visual_review,94.84612574732112,25.81,120.65612574732113,0.2139137142033839,20,6,15.05,7.56,3.2,,,,15.166,6.0,110.01212574732112,0.1378575306765154,good,acceptable_visible_road,use_primary,15.166,0.15990110171082403,v1_depth_visible_plus_nms_conservative_vehicle_footprint,94.84612574732112,15.166,110.01212574732112,0.1378575306765154
29,23-02-2026 11:59,1771828160.0,1,run_20260223_114432_8289,887.1694910526276,/Volumes/New Volume/23_02_2026_navneet/run_20260223_114432_8289/LENS1/video_lens1.mp4,sample_0029_run_20260223_114432_8289_offset_000887169_lens1,outputs/extracted_frames_v2/run_20260223_114432_8289/lens1/sample_0029_run_20260223_114432_8289_offset_000887169_lens1.jpg,sample_0029_run_20260223_114432_8289_offset_000887169_lens1_preprocessed_lens1,outputs/preprocessed_frames_v2/run_20260223_114432_8289/lens1/sample_0029_run_20260223_114432_8289_offset_000887169_lens1_preprocessed_lens1.jpg,,,,,,,,,recovered_existing_file,True,,,,,,,,,success,,29,success,,1684,1728,/Users/aryansatyendrakumar/Projects/roadside-pm-visual-intelligence/outputs/preprocessed_frames_v2/run_20260223_114432_8289/lens1/sample_0029_run_20260223_114432_8289_offset_000887169_lens1_preprocessed_lens1.jpg,1007308,481955,525353,0.5215415741759224,8.578435897827148,9.521289825439451,10.96119499206543,14.10320281982422,24.562191009521484,5.667604446411133,68.69969463855762,158025,156612,1345.489786223278,1345.489786223278,0.5,20.0,0.1656230068399753,16.562300683997535,481955,2909952,1024,1050,1345.489786223278,1345.489786223278,outputs/road_area_lens1_batch/masks/sample_00029_lens_1_row_000029_road_mask.png,outputs/road_area_lens1_batch/masks/sample_00029_lens_1_row_000029_raw_road_mask_before_cleaning.png,outputs/road_area_lens1_batch/depth_previews/sample_00029_lens_1_row_000029_depth_preview.png,needs_visual_review,68.69969463855762,43.5509375,112.25063213855762,0.3879794409196955,21,7,43.5509375,0.0,0.0,,,,26.130562499999996,7.0,94.8302571385576,0.2755508978723986,good,acceptable_visible_road,use_primary,26.130562499999996,0.3803592233921554,v1_depth_visible_plus_nms_conservative_vehicle_footprint,68.69969463855762,26.130562499999996,94.8302571385576,0.2755508978723986
30,23-02-2026 11:59,1771828170.0,1,run_20260223_114432_8289,897.1694910526276,/Volumes/New Volume/23_02_2026_navneet/run_20260223_114432_8289/LENS1/video_lens1.mp4,sample_0030_run_20260223_114432_8289_offset_000897169_lens1,outputs/extracted_frames_v2/run_20260223_114432_8289/lens1/sample_0030_run_20260223_114432_8289_offset_000897169_lens1.jpg,sample_0030_run_20260223_114432_8289_offset_000897169_lens1_preprocessed_lens1,outputs/preprocessed_frames_v2/run_20260223_114432_8289/lens1/sample_0030_run_20260223_114432_8289_offset_000897169_lens1_preprocessed_lens1.jpg,,,,,,,,,recovered_existing_file,True,,,,,,,,,success,,30,success,,1684,1728,/Users/aryansatyendrakumar/Projects/roadside-pm-visual-intelligence/outputs/preprocessed_frames_v2/run_20260223_114432_8289/lens1/sample_0030_run_20260223_114432_8289_offset_000897169_lens1_preprocessed_lens1.jpg,890692,366122,524570,0.5889465718789436,8.570464134216309,9.519810676574709,11.796459197998049,15.561147689819336,26.71129608154297,6.165210247039795,58.58597540302715,120031,118892,1345.489786223278,1345.489786223278,0.5,20.0,0.1258171956100994,12.58171956100994,366122,2909952,1024,1050,1345.489786223278,1345.489786223278,outputs/road_area_lens1_batch/masks/sample_00030_lens_1_row_000030_road_mask.png,outputs/road_area_lens1_batch/masks/sample_00030_lens_1_row_000030_raw_road_mask_before_cleaning.png,outputs/road_area_lens1_batch/depth_previews/sample_00030_lens_1_row_000030_depth_preview.png,needs_visual_review,58.58597540302715,27.466249999999995,86.05222540302714,0.3191811701715013,17,4,27.466249999999995,,0.0,,,,16.47975,4.0,75.06572540302714,0.2195376106941002,good,acceptable_visible_road,use_primary,16.47975,0.28129172360162646,v1_depth_visible_plus_nms_conservative_vehicle_footprint,58.58597540302715,16.47975,75.06572540302714,0.2195376106941002
31,23-02-2026 11:59,1771828180.0,1,run_20260223_114432_8289,907.1694910526276,/Volumes/New Volume/23_02_2026_navneet/run_20260223_114432_8289/LENS1/video_lens1.mp4,sample_0031_run_20260223_114432_8289_offset_000907169_lens1,outputs/extracted_frames_v2/run_20260223_114432_8289/lens1/sample_0031_run_20260223_114432_8289_offset_000907169_lens1.jpg,sample_0031_run_20260223_114432_8289_offset_000907169_lens1_preprocessed_lens1,outputs/preprocessed_frames_v2/run_20260223_114432_8289/lens1/sample_0031_run_20260223_114432_8289_offset_000907169_lens1_preprocessed_lens1.jpg,,,,,,,,,recovered_existing_file,True,,,,,,,,,success,,31,success,,1684,1728,/Users/aryansatyendrakumar/Projects/roadside-pm-visual-intelligence/outputs/preprocessed_frames_v2/run_20260223_114432_8289/lens1/sample_0031_run_20260223_114432_8289_offset_000907169_lens1_preprocessed_lens1.jpg,840445,321901,518544,0.616987429278537,8.657119750976562,9.96152400970459,12.917991638183594,18.61139678955078,33.671566009521484,9.54774570465088,47.985405571445696,91648,90702,1345.489786223278,1345.489786223278,0.5,20.0,0.1106207250153954,11.062072501539545,321901,2909952,1024,1050,1345.489786223278,1345.489786223278,outputs/road_area_lens1_batch/masks/sample_00031_lens_1_row_000031_road_mask.png,outputs/road_area_lens1_batch/masks/sample_00031_lens_1_row_000031_raw_road_mask_before_cleaning.png,outputs/road_area_lens1_batch/depth_previews/sample_00031_lens_1_row_000031_depth_preview.png,needs_visual_review,47.985405571445696,15.752,63.73740557144569,0.2471390207802384,14,3,15.05,0.0,,,0.7020000000000001,,9.381,3.0,57.366405571445696,0.1635277634453956,good,acceptable_visible_road,use_primary,9.381,0.19549694096119674,v1_depth_visible_plus_nms_conservative_vehicle_footprint,47.985405571445696,9.381,57.366405571445696,0.1635277634453956
32,23-02-2026 11:59,1771828190.0,1,run_20260223_114432_8289,917.1694910526276,/Volumes/New Volume/23_02_2026_navneet/run_20260223_114432_8289/LENS1/video_lens1.mp4,sample_0032_run_20260223_114432_8289_offset_000917169_lens1,outputs/extracted_frames_v2/run_20260223_114432_8289/lens1/sample_0032_run_20260223_114432_8289_offset_000917169_lens1.jpg,sample_0032_run_20260223_114432_8289_offset_000917169_lens1_preprocessed_lens1,outputs/preprocessed_frames_v2/run_20260223_114432_8289/lens1/sample_0032_run_20260223_114432_8289_offset_000917169_lens1_preprocessed_lens1.jpg,,,,,,,,,recovered_existing_file,True,,,,,,,,,success,,32,success,,1684,1728,/Users/aryansatyendrakumar/Projects/roadside-pm-visual-intelligence/outputs/preprocessed_frames_v2/run_20260223_114432_8289/lens1/sample_0032_run_20260223_114432_8289_offset_000917169_lens1_preprocessed_lens1.jpg,1052953,527544,525409,0.498986184568542,8.949198722839355,10.078374862670898,11.856760025024414,14.702933311462402,23.014387130737305,4.1870622634887695,84.14651112068975,175269,173864,1345.489786223278,1345.489786223278,0.5,20.0,0.1812895882818685,18.128958828186857,527544,2909952,1024,1050,1345.489786223278,1345.489786223278,outputs/road_area_lens1_batch/masks/sample_00032_lens_1_row_000032_road_mask.png,outputs/road_area_lens1_batch/masks/sample_00032_lens_1_row_000032_raw_road_mask_before_cleaning.png,outputs/road_area_lens1_batch/depth_previews/sample_00032_lens_1_row_000032_depth_preview.png,needs_visual_review,84.14651112068975,40.37125,124.51776112068976,0.3242208150600288,19,7,34.991249999999994,3.78,1.6,,,,24.06275,7.0,108.20926112068976,0.2223723713736658,good,acceptable_visible_road,use_primary,24.06275,0.2859625393795264,v1_depth_visible_plus_nms_conservative_vehicle_footprint,84.14651112068975,24.06275,108.20926112068976,0.2223723713736658
33,23-02-2026 12:00,1771828200.0,1,run_20260223_114432_8289,927.1694910526276,/Volumes/New Volume/23_02_2026_navneet/run_20260223_114432_8289/LENS1/video_lens1.mp4,sample_0033_run_20260223_114432_8289_offset_000927169_lens1,outputs/extracted_frames_v2/run_20260223_114432_8289/lens1/sample_0033_run_20260223_114432_8289_offset_000927169_lens1.jpg,sample_0033_run_20260223_114432_8289_offset_000927169_lens1_preprocessed_lens1,outputs/preprocessed_frames_v2/run_20260223_114432_8289/lens1/sample_0033_run_20260223_114432_8289_offset_000927169_lens1_preprocessed_lens1.jpg,,,,,,,,,recovered_existing_file,True,,,,,,,,,success,,33,success,,1684,1728,/Users/aryansatyendrakumar/Projects/roadside-pm-visual-intelligence/outputs/preprocessed_frames_v2/run_20260223_114432_8289/lens1/sample_0033_run_20260223_114432_8289_offset_000927169_lens1_preprocessed_lens1.jpg,890247,361134,529113,0.5943440415974443,8.542957305908203,9.528419494628906,10.966710090637209,13.012062072753906,20.645469665527344,5.831125259399414,52.37628764719835,123351,121679,1345.489786223278,1345.489786223278,0.5,20.0,0.1241030779889152,12.410307798891528,361134,2909952,1024,1050,1345.489786223278,1345.489786223278,outputs/road_area_lens1_batch/masks/sample_00033_lens_1_row_000033_road_mask.png,outputs/road_area_lens1_batch/masks/sample_00033_lens_1_row_000033_raw_road_mask_before_cleaning.png,outputs/road_area_lens1_batch/depth_previews/sample_00033_lens_1_row_000033_depth_preview.png,needs_visual_review,52.37628764719835,27.667499999999997,80.04378764719834,0.3456545575022948,16,5,24.832499999999996,2.835,0.0,,,,16.600499999999997,5.0,68.97678764719835,0.2406679198356994,good,acceptable_visible_road,use_primary,16.600499999999997,0.3169468617520083,v1_depth_visible_plus_nms_conservative_vehicle_footprint,52.37628764719835,16.600499999999997,68.97678764719835,0.2406679198356994
34,23-02-2026 12:00,1771828210.0,1,run_20260223_114432_8289,937.1694910526276,/Volumes/New Volume/23_02_2026_navneet/run_20260223_114432_8289/LENS1/video_lens1.mp4,sample_0034_run_20260223_114432_8289_offset_000937169_lens1,outputs/extracted_frames_v2/run_20260223_114432_8289/lens1/sample_0034_run_20260223_114432_8289_offset_000937169_lens1.jpg,sample_0034_run_20260223_114432_8289_offset_000937169_lens1_preprocessed_lens1,outputs/preprocessed_frames_v2/run_20260223_114432_8289/lens1/sample_0034_run_20260223_114432_8289_offset_000937169_lens1_preprocessed_lens1.jpg,,,,,,,,,recovered_existing_file,True,,,,,,,,,success,,34,success,,1684,1728,/Users/aryansatyendrakumar/Projects/roadside-pm-visual-intelligence/outputs/preprocessed_frames_v2/run_20260223_114432_8289/lens1/sample_0034_run_20260223_114432_8289_offset_000937169_lens1_preprocessed_lens1.jpg,489228,358482,130746,0.2672496259412789,8.916786193847656,10.767349243164062,13.232658386230469,18.503273010253903,35.8104133605957,10.763398170471191,56.32382300298196,101939,100635,1345.489786223278,1345.489786223278,0.5,20.0,0.1231917227500659,12.3191722750066,358482,2909952,1024,1050,1345.489786223278,1345.489786223278,outputs/road_area_lens1_batch/masks/sample_00034_lens_1_row_000034_road_mask.png,outputs/road_area_lens1_batch/masks/sample_00034_lens_1_row_000034_raw_road_mask_before_cleaning.png,outputs/road_area_lens1_batch/depth_previews/sample_00034_lens_1_row_000034_depth_preview.png,needs_visual_review,56.32382300298196,16.178749999999997,72.50257300298196,0.2231472529855537,7,3,16.178749999999997,,,,,,9.707249999999998,3.0,66.03107300298196,0.1470103325378586,good,acceptable_visible_road,use_primary,9.707249999999998,0.17234714340122237,v1_depth_visible_plus_nms_conservative_vehicle_footprint,56.32382300298196,9.707249999999998,66.03107300298196,0.1470103325378586
35,23-02-2026 12:00,1771828220.0,1,run_20260223_114432_8289,947.1694910526276,/Volumes/New Volume/23_02_2026_navneet/run_20260223_114432_8289/LENS1/video_lens1.mp4,sample_0035_run_20260223_114432_8289_offset_000947169_lens1,outputs/extracted_frames_v2/run_20260223_114432_8289/lens1/sample_0035_run_20260223_114432_8289_offset_000947169_lens1.jpg,sample_0035_run_20260223_114432_8289_offset_000947169_lens1_preprocessed_lens1,outputs/preprocessed_frames_v2/run_20260223_114432_8289/lens1/sample_0035_run_20260223_114432_8289_offset_000947169_lens1_preprocessed_lens1.jpg,,,,,,,,,recovered_existing_file,True,,,,,,,,,success,,35,success,,1684,1728,/Users/aryansatyendrakumar/Projects/roadside-pm-visual-intelligence/outputs/preprocessed_frames_v2/run_20260223_114432_8289/lens1/sample_0035_run_20260223_114432_8289_offset_000947169_lens1_preprocessed_lens1.jpg,902002,377023,524979,0.5820153392121081,8.907135963439941,9.78360652923584,11.527421951293944,14.73762321472168,26.37453269958496,8.137067794799805,58.04820471556228,122539,120984,1345.489786223278,1345.489786223278,0.5,20.0,0.1295633055115685,12.956330551156858,377023,2909952,1024,1050,1345.489786223278,1345.489786223278,outputs/road_area_lens1_batch/masks/sample_00035_lens_1_row_000035_road_mask.png,outputs/road_area_lens1_batch/masks/sample_00035_lens_1_row_000035_raw_road_mask_before_cleaning.png,outputs/road_area_lens1_batch/depth_previews/sample_00035_lens_1_row_000035_depth_preview.png,needs_visual_review,58.04820471556228,33.282624999999996,91.33082971556227,0.3644182923078035,20,7,25.020624999999995,7.56,0.0,0.0,0.7020000000000001,,19.899375,7.0,77.94757971556228,0.2552917623948634,good,acceptable_visible_road,use_primary,19.899375,0.3428077594734834,v1_depth_visible_plus_nms_conservative_vehicle_footprint,58.04820471556228,19.899375,77.94757971556228,0.2552917623948634
36,23-02-2026 12:00,1771828230.0,1,run_20260223_114432_8289,957.1694910526276,/Volumes/New Volume/23_02_2026_navneet/run_20260223_114432_8289/LENS1/video_lens1.mp4,sample_0036_run_20260223_114432_8289_offset_000957169_lens1,outputs/extracted_frames_v2/run_20260223_114432_8289/lens1/sample_0036_run_20260223_114432_8289_offset_000957169_lens1.jpg,sample_0036_run_20260223_114432_8289_offset_000957169_lens1_preprocessed_lens1,outputs/preprocessed_frames_v2/run_20260223_114432_8289/lens1/sample_0036_run_20260223_114432_8289_offset_000957169_lens1_preprocessed_lens1.jpg,,,,,,,,,recovered_existing_file,True,,,,,,,,,success,,36,success,,1684,1728,/Users/aryansatyendrakumar/Projects/roadside-pm-visual-intelligence/outputs/preprocessed_frames_v2/run_20260223_114432_8289/lens1/sample_0036_run_20260223_114432_8289_offset_000957169_lens1_preprocessed_lens1.jpg,841788,317487,524301,0.6228420932586352,8.449626922607422,9.393905639648438,10.568170547485352,12.768468856811523,16.26197052001953,3.8653218746185303,43.88109274120822,114680,113518,1345.489786223278,1345.489786223278,0.5,20.0,0.1091038615069939,10.910386150699392,317487,2909952,1024,1050,1345.489786223278,1345.489786223278,outputs/road_area_lens1_batch/masks/sample_00036_lens_1_row_000036_road_mask.png,outputs/road_area_lens1_batch/masks/sample_00036_lens_1_row_000036_raw_road_mask_before_cleaning.png,outputs/road_area_lens1_batch/depth_previews/sample_00036_lens_1_row_000036_depth_preview.png,needs_visual_review,43.88109274120822,12.416249999999998,56.29734274120822,0.2205477096330449,3,2,12.416249999999998,0.0,,,,,7.44975,2.0,51.33084274120822,0.1451320415205138,good,acceptable_visible_road,use_primary,7.44975,0.16977129635160673,v1_depth_visible_plus_nms_conservative_vehicle_footprint,43.88109274120822,7.44975,51.33084274120822,0.1451320415205138
37,23-02-2026 12:00,1771828240.0,1,run_20260223_114432_8289,967.1694910526276,/Volumes/New Volume/23_02_2026_navneet/run_20260223_114432_8289/LENS1/video_lens1.mp4,sample_0037_run_20260223_114432_8289_offset_000967169_lens1,outputs/extracted_frames_v2/run_20260223_114432_8289/lens1/sample_0037_run_20260223_114432_8289_offset_000967169_lens1.jpg,sample_0037_run_20260223_114432_8289_offset_000967169_lens1_preprocessed_lens1,outputs/preprocessed_frames_v2/run_20260223_114432_8289/lens1/sample_0037_run_20260223_114432_8289_offset_000967169_lens1_preprocessed_lens1.jpg,,,,,,,,,recovered_existing_file,True,,,,,,,,,success,,37,success,,1684,1728,/Users/aryansatyendrakumar/Projects/roadside-pm-visual-intelligence/outputs/preprocessed_frames_v2/run_20260223_114432_8289/lens1/sample_0037_run_20260223_114432_8289_offset_000967169_lens1_preprocessed_lens1.jpg,773471,248339,525132,0.6789291389075996,8.607726097106934,9.325541496276855,10.425688743591309,11.944117546081545,14.057263374328612,1.711224913597107,29.935419093327507,89507,88300,1345.489786223278,1345.489786223278,0.5,20.0,0.0853412702340107,8.534127023401075,248339,2909952,1024,1050,1345.489786223278,1345.489786223278,outputs/road_area_lens1_batch/masks/sample_00037_lens_1_row_000037_road_mask.png,outputs/road_area_lens1_batch/masks/sample_00037_lens_1_row_000037_raw_road_mask_before_cleaning.png,outputs/road_area_lens1_batch/depth_previews/sample_00037_lens_1_row_000037_depth_preview.png,needs_visual_review,29.935419093327507,12.416249999999998,42.3516690933275,0.2931702637891118,5,2,12.416249999999998,0.0,0.0,,,,7.44975,2.0,37.385169093327505,0.1992701967296873,good,low_visible_road,use_sensitivity_only,7.44975,0.24886072170142162,v1_depth_visible_plus_nms_conservative_vehicle_footprint,29.935419093327507,7.44975,37.385169093327505,0.1992701967296873
38,23-02-2026 12:00,1771828250.0,1,run_20260223_114432_8289,977.1694910526276,/Volumes/New Volume/23_02_2026_navneet/run_20260223_114432_8289/LENS1/video_lens1.mp4,sample_0038_run_20260223_114432_8289_offset_000977169_lens1,outputs/extracted_frames_v2/run_20260223_114432_8289/lens1/sample_0038_run_20260223_114432_8289_offset_000977169_lens1.jpg,sample_0038_run_20260223_114432_8289_offset_000977169_lens1_preprocessed_lens1,outputs/preprocessed_frames_v2/run_20260223_114432_8289/lens1/sample_0038_run_20260223_114432_8289_offset_000977169_lens1_preprocessed_lens1.jpg,,,,,,,,,recovered_existing_file,True,,,,,,,,,success,,38,success,,1684,1728,/Users/aryansatyendrakumar/Projects/roadside-pm-visual-intelligence/outputs/preprocessed_frames_v2/run_20260223_114432_8289/lens1/sample_0038_run_20260223_114432_8289_offset_000977169_lens1_preprocessed_lens1.jpg,768860,242683,526177,0.6843599615014437,8.753986358642578,10.6260986328125,14.851157188415527,24.77039909362793,49.24711608886719,13.723796844482422,32.360999861469764,58080,57356,1345.489786223278,1345.489786223278,0.5,20.0,0.0833975955617137,8.339759556171373,242683,2909952,1024,1050,1345.489786223278,1345.489786223278,outputs/road_area_lens1_batch/masks/sample_00038_lens_1_row_000038_road_mask.png,outputs/road_area_lens1_batch/masks/sample_00038_lens_1_row_000038_raw_road_mask_before_cleaning.png,outputs/road_area_lens1_batch/depth_previews/sample_00038_lens_1_row_000038_depth_preview.png,needs_visual_review,32.360999861469764,3.78,36.140999861469766,0.10459035484599,17,1,0.0,3.78,0.0,,,,2.268,1.0,34.628999861469765,0.0654942391946903,good,acceptable_visible_road,use_primary,2.268,0.07008436110468783,v1_depth_visible_plus_nms_conservative_vehicle_footprint,32.360999861469764,2.268,34.628999861469765,0.0654942391946903
39,23-02-2026 12:01,1771828260.0,1,run_20260223_114432_8289,987.1694910526276,/Volumes/New Volume/23_02_2026_navneet/run_20260223_114432_8289/LENS1/video_lens1.mp4,sample_0039_run_20260223_114432_8289_offset_000987169_lens1,outputs/extracted_frames_v2/run_20260223_114432_8289/lens1/sample_0039_run_20260223_114432_8289_offset_000987169_lens1.jpg,sample_0039_run_20260223_114432_8289_offset_000987169_lens1_preprocessed_lens1,outputs/preprocessed_frames_v2/run_20260223_114432_8289/lens1/sample_0039_run_20260223_114432_8289_offset_000987169_lens1_preprocessed_lens1.jpg,,,,,,,,,recovered_existing_file,True,,,,,,,,,success,,39,success,,1684,1728,/Users/aryansatyendrakumar/Projects/roadside-pm-visual-intelligence/outputs/preprocessed_frames_v2/run_20260223_114432_8289/lens1/sample_0039_run_20260223_114432_8289_offset_000987169_lens1_preprocessed_lens1.jpg,298064,72397,225667,0.757109211444522,9.121875762939451,11.115187644958496,33.249019622802734,50.63147735595703,79.06756591796875,23.202733993530273,3.943984098509519,9686,9316,1345.489786223278,1345.489786223278,0.5,20.0,0.0248791045350576,2.487910453505762,72397,2909952,1024,1050,1345.489786223278,1345.489786223278,outputs/road_area_lens1_batch/masks/sample_00039_lens_1_row_000039_road_mask.png,outputs/road_area_lens1_batch/masks/sample_00039_lens_1_row_000039_raw_road_mask_before_cleaning.png,outputs/road_area_lens1_batch/depth_previews/sample_00039_lens_1_row_000039_depth_preview.png,bad_low_road_mask_area,3.943984098509519,18.865,22.80898409850952,0.8270863760755024,13,4,7.525,11.34,,,,,11.319,4.0,15.262984098509518,0.7415980994899508,very_low,very_low_visible_road,exclude_or_manual_review,11.319,2.869940577163481,v1_depth_visible_plus_nms_conservative_vehicle_footprint,3.943984098509519,11.319,15.262984098509518,0.7415980994899508
40,23-02-2026 12:01,1771828270.0,1,run_20260223_114432_8289,997.1694910526276,/Volumes/New Volume/23_02_2026_navneet/run_20260223_114432_8289/LENS1/video_lens1.mp4,sample_0040_run_20260223_114432_8289_offset_000997169_lens1,outputs/extracted_frames_v2/run_20260223_114432_8289/lens1/sample_0040_run_20260223_114432_8289_offset_000997169_lens1.jpg,sample_0040_run_20260223_114432_8289_offset_000997169_lens1_preprocessed_lens1,outputs/preprocessed_frames_v2/run_20260223_114432_8289/lens1/sample_0040_run_20260223_114432_8289_offset_000997169_lens1_preprocessed_lens1.jpg,,,,,,,,,recovered_existing_file,True,,,,,,,,,success,,40,success,,1684,1728,/Users/aryansatyendrakumar/Projects/roadside-pm-visual-intelligence/outputs/preprocessed_frames_v2/run_20260223_114432_8289/lens1/sample_0040_run_20260223_114432_8289_offset_000997169_lens1_preprocessed_lens1.jpg,610367,119246,491121,0.8046322949962891,8.970900535583496,10.12353801727295,14.641539573669434,39.19321823120117,76.75682830810547,20.85665512084961,19.693554180072763,23930,23147,1345.489786223278,1345.489786223278,0.5,20.0,0.0409786828098882,4.097868280988827,119246,2909952,1024,1050,1345.489786223278,1345.489786223278,outputs/road_area_lens1_batch/masks/sample_00040_lens_1_row_000040_road_mask.png,outputs/road_area_lens1_batch/masks/sample_00040_lens_1_row_000040_raw_road_mask_before_cleaning.png,outputs/road_area_lens1_batch/depth_previews/sample_00040_lens_1_row_000040_depth_preview.png,needs_visual_review,19.693554180072763,45.184999999999995,64.87855418007275,0.6964551009350086,15,7,37.625,7.56,,,,,27.110999999999997,7.0,46.80455418007275,0.5792385052038936,low,low_visible_road,use_sensitivity_only,27.110999999999997,1.3766433296957994,v1_depth_visible_plus_nms_conservative_vehicle_footprint,19.693554180072763,27.110999999999997,46.80455418007275,0.5792385052038936
41,23-02-2026 12:01,1771828280.0,1,run_20260223_114432_8289,1007.1694910526276,/Volumes/New Volume/23_02_2026_navneet/run_20260223_114432_8289/LENS1/video_lens1.mp4,sample_0041_run_20260223_114432_8289_offset_001007169_lens1,outputs/extracted_frames_v2/run_20260223_114432_8289/lens1/sample_0041_run_20260223_114432_8289_offset_001007169_lens1.jpg,sample_0041_run_20260223_114432_8289_offset_001007169_lens1_preprocessed_lens1,outputs/preprocessed_frames_v2/run_20260223_114432_8289/lens1/sample_0041_run_20260223_114432_8289_offset_001007169_lens1_preprocessed_lens1.jpg,,,,,,,,,recovered_existing_file,True,,,,,,,,,success,,41,success,,1684,1728,/Users/aryansatyendrakumar/Projects/roadside-pm-visual-intelligence/outputs/preprocessed_frames_v2/run_20260223_114432_8289/lens1/sample_0041_run_20260223_114432_8289_offset_001007169_lens1_preprocessed_lens1.jpg,598815,112264,486551,0.8125230663894525,9.227875709533691,10.561273574829102,19.063814163208008,43.364044189453125,78.91492462158203,22.608308792114254,16.90820233766648,20013,19346,1345.489786223278,1345.489786223278,0.5,20.0,0.0385793305181666,3.857933051816662,112264,2909952,1024,1050,1345.489786223278,1345.489786223278,outputs/road_area_lens1_batch/masks/sample_00041_lens_1_row_000041_road_mask.png,outputs/road_area_lens1_batch/masks/sample_00041_lens_1_row_000041_raw_road_mask_before_cleaning.png,outputs/road_area_lens1_batch/depth_previews/sample_00041_lens_1_row_000041_depth_preview.png,needs_visual_review,16.90820233766648,30.135,47.043202337666486,0.6405813912007337,13,5,22.575,7.56,,,,,18.081,5.0,34.989202337666484,0.5167594226786785,low,low_visible_road,use_sensitivity_only,18.081,1.0693626465375845,v1_depth_visible_plus_nms_conservative_vehicle_footprint,16.90820233766648,18.081,34.989202337666484,0.5167594226786785
42,23-02-2026 12:01,1771828290.0,1,run_20260223_114432_8289,1017.1694910526276,/Volumes/New Volume/23_02_2026_navneet/run_20260223_114432_8289/LENS1/video_lens1.mp4,sample_0042_run_20260223_114432_8289_offset_001017169_lens1,outputs/extracted_frames_v2/run_20260223_114432_8289/lens1/sample_0042_run_20260223_114432_8289_offset_001017169_lens1.jpg,sample_0042_run_20260223_114432_8289_offset_001017169_lens1_preprocessed_lens1,outputs/preprocessed_frames_v2/run_20260223_114432_8289/lens1/sample_0042_run_20260223_114432_8289_offset_001017169_lens1_preprocessed_lens1.jpg,,,,,,,,,recovered_existing_file,True,,,,,,,,,success,,42,success,,1684,1728,/Users/aryansatyendrakumar/Projects/roadside-pm-visual-intelligence/outputs/preprocessed_frames_v2/run_20260223_114432_8289/lens1/sample_0042_run_20260223_114432_8289_offset_001017169_lens1_preprocessed_lens1.jpg,594044,120433,473611,0.7972658590946126,8.95703125,10.136006355285645,14.87155055999756,39.05404281616211,74.60713195800781,20.835233688354492,19.415441772860277,24011,23234,1345.489786223278,1345.489786223278,0.5,20.0,0.0413865933183777,4.1386593318377765,120433,2909952,1024,1050,1345.489786223278,1345.489786223278,outputs/road_area_lens1_batch/masks/sample_00042_lens_1_row_000042_road_mask.png,outputs/road_area_lens1_batch/masks/sample_00042_lens_1_row_000042_raw_road_mask_before_cleaning.png,outputs/road_area_lens1_batch/depth_previews/sample_00042_lens_1_row_000042_depth_preview.png,needs_visual_review,19.415441772860277,41.405,60.82044177286028,0.6807744040174998,18,6,37.625,3.78,,,,,24.842999999999996,6.0,44.25844177286027,0.5613166438958087,low,low_visible_road,use_sensitivity_only,24.842999999999996,1.279548531042265,v1_depth_visible_plus_nms_conservative_vehicle_footprint,19.415441772860277,24.842999999999996,44.25844177286027,0.5613166438958087
63,23-02-2026 12:05,1771828500.0,1,run_20260223_120453_8329,6.765009164810181,/Volumes/New Volume/23_02_2026_navneet/run_20260223_120453_8329/LENS1/video_lens1.mp4,sample_0063_run_20260223_120453_8329_offset_000006765_lens1,outputs/extracted_frames_v2/run_20260223_120453_8329/lens1/sample_0063_run_20260223_120453_8329_offset_000006765_lens1.jpg,sample_0063_run_20260223_120453_8329_offset_000006765_lens1_preprocessed_lens1,outputs/preprocessed_frames_v2/run_20260223_120453_8329/lens1/sample_0063_run_20260223_120453_8329_offset_000006765_lens1_preprocessed_lens1.jpg,,,,,,,,,recovered_existing_file,True,,,,,,,,,success,,43,success,,1684,1728,/Users/aryansatyendrakumar/Projects/roadside-pm-visual-intelligence/outputs/preprocessed_frames_v2/run_20260223_120453_8329/lens1/sample_0063_run_20260223_120453_8329_offset_000006765_lens1_preprocessed_lens1.jpg,958826,432804,526022,0.5486104882429137,8.615676879882812,9.781465530395508,12.354013442993164,17.932918548583984,37.06829833984375,11.269949913024902,63.92144428831842,126711,125527,1345.489786223278,1345.489786223278,0.5,20.0,0.1487323502243336,14.87323502243336,432804,2909952,1024,1050,1345.489786223278,1345.489786223278,outputs/road_area_lens1_batch/masks/sample_00063_lens_1_row_000043_road_mask.png,outputs/road_area_lens1_batch/masks/sample_00063_lens_1_row_000043_raw_road_mask_before_cleaning.png,outputs/road_area_lens1_batch/depth_previews/sample_00063_lens_1_row_000043_depth_preview.png,needs_visual_review,63.92144428831842,32.545624999999994,96.4670692883184,0.3373754923841257,15,5,32.545624999999994,0.0,0.0,0.0,,,19.527375,5.0,83.44881928831842,0.2340042096045994,good,acceptable_visible_road,use_primary,19.527375,0.30549020312997854,v1_depth_visible_plus_nms_conservative_vehicle_footprint,63.92144428831842,19.527375,83.44881928831842,0.2340042096045994
64,23-02-2026 12:05,1771828510.0,1,run_20260223_120453_8329,16.76500916481018,/Volumes/New Volume/23_02_2026_navneet/run_20260223_120453_8329/LENS1/video_lens1.mp4,sample_0064_run_20260223_120453_8329_offset_000016765_lens1,outputs/extracted_frames_v2/run_20260223_120453_8329/lens1/sample_0064_run_20260223_120453_8329_offset_000016765_lens1.jpg,sample_0064_run_20260223_120453_8329_offset_000016765_lens1_preprocessed_lens1,outputs/preprocessed_frames_v2/run_20260223_120453_8329/lens1/sample_0064_run_20260223_120453_8329_offset_000016765_lens1_preprocessed_lens1.jpg,,,,,,,,,recovered_existing_file,True,,,,,,,,,success,,44,success,,1684,1728,/Users/aryansatyendrakumar/Projects/roadside-pm-visual-intelligence/outputs/preprocessed_frames_v2/run_20260223_120453_8329/lens1/sample_0064_run_20260223_120453_8329_offset_000016765_lens1_preprocessed_lens1.jpg,816925,579788,237137,0.2902800134651284,8.305485725402832,9.418107986450195,11.221185684204102,13.778884887695312,26.107402801513672,8.137714385986328,79.76420109056194,194584,193044,1345.489786223278,1345.489786223278,0.5,20.0,0.1992431490278877,19.924314902788776,579788,2909952,1024,1050,1345.489786223278,1345.489786223278,outputs/road_area_lens1_batch/masks/sample_00064_lens_1_row_000044_road_mask.png,outputs/road_area_lens1_batch/masks/sample_00064_lens_1_row_000044_raw_road_mask_before_cleaning.png,outputs/road_area_lens1_batch/depth_previews/sample_00064_lens_1_row_000044_depth_preview.png,needs_visual_review,79.76420109056194,29.136250000000004,108.90045109056194,0.2675493967951539,14,7,12.416249999999998,15.12,1.6,0.0,,,17.321749999999998,7.0,97.08595109056192,0.1784166483968647,good,acceptable_visible_road,use_primary,17.321749999999998,0.21716195690762816,v1_depth_visible_plus_nms_conservative_vehicle_footprint,79.76420109056194,17.321749999999998,97.08595109056192,0.1784166483968647
65,23-02-2026 12:05,1771828520.0,1,run_20260223_120453_8329,26.76500916481018,/Volumes/New Volume/23_02_2026_navneet/run_20260223_120453_8329/LENS1/video_lens1.mp4,sample_0065_run_20260223_120453_8329_offset_000026765_lens1,outputs/extracted_frames_v2/run_20260223_120453_8329/lens1/sample_0065_run_20260223_120453_8329_offset_000026765_lens1.jpg,sample_0065_run_20260223_120453_8329_offset_000026765_lens1_preprocessed_lens1,outputs/preprocessed_frames_v2/run_20260223_120453_8329/lens1/sample_0065_run_20260223_120453_8329_offset_000026765_lens1_preprocessed_lens1.jpg,,,,,,,,,recovered_existing_file,True,,,,,,,,,success,,45,success,,1684,1728,/Users/aryansatyendrakumar/Projects/roadside-pm-visual-intelligence/outputs/preprocessed_frames_v2/run_20260223_120453_8329/lens1/sample_0065_run_20260223_120453_8329_offset_000026765_lens1_preprocessed_lens1.jpg,1105641,580216,525425,0.4752220657519032,9.05463695526123,10.332547187805176,12.271121978759766,16.37630844116211,25.986888885498047,7.835578441619873,97.4329200573943,185193,183802,1345.489786223278,1345.489786223278,0.5,20.0,0.1993902304917744,19.939023049177443,580216,2909952,1024,1050,1345.489786223278,1345.489786223278,outputs/road_area_lens1_batch/masks/sample_00065_lens_1_row_000045_road_mask.png,outputs/road_area_lens1_batch/masks/sample_00065_lens_1_row_000045_raw_road_mask_before_cleaning.png,outputs/road_area_lens1_batch/depth_previews/sample_00065_lens_1_row_000045_depth_preview.png,needs_visual_review,97.4329200573943,21.505,118.9379200573943,0.1808086099842894,16,6,7.525,11.34,2.64,,,,12.639,6.0,110.0719200573943,0.1148249253161905,good,acceptable_visible_road,use_primary,12.639,0.12972001652577805,v1_depth_visible_plus_nms_conservative_vehicle_footprint,97.4329200573943,12.639,110.0719200573943,0.1148249253161905
66,23-02-2026 12:05,1771828530.0,1,run_20260223_120453_8329,36.76500916481018,/Volumes/New Volume/23_02_2026_navneet/run_20260223_120453_8329/LENS1/video_lens1.mp4,sample_0066_run_20260223_120453_8329_offset_000036765_lens1,outputs/extracted_frames_v2/run_20260223_120453_8329/lens1/sample_0066_run_20260223_120453_8329_offset_000036765_lens1.jpg,sample_0066_run_20260223_120453_8329_offset_000036765_lens1_preprocessed_lens1,outputs/preprocessed_frames_v2/run_20260223_120453_8329/lens1/sample_0066_run_20260223_120453_8329_offset_000036765_lens1_preprocessed_lens1.jpg,,,,,,,,,recovered_existing_file,True,,,,,,,,,success,,46,success,,1684,1728,/Users/aryansatyendrakumar/Projects/roadside-pm-visual-intelligence/outputs/preprocessed_frames_v2/run_20260223_120453_8329/lens1/sample_0066_run_20260223_120453_8329_offset_000036765_lens1_preprocessed_lens1.jpg,1219340,693931,525409,0.4308962225466236,8.83471965789795,10.251273155212402,12.755905151367188,18.410743713378903,36.67537307739258,10.05006980895996,102.82254807852594,200569,199212,1345.489786223278,1345.489786223278,0.5,20.0,0.2384681946643793,23.846819466437935,693931,2909952,1024,1050,1345.489786223278,1345.489786223278,outputs/road_area_lens1_batch/masks/sample_00066_lens_1_row_000046_road_mask.png,outputs/road_area_lens1_batch/masks/sample_00066_lens_1_row_000046_raw_road_mask_before_cleaning.png,outputs/road_area_lens1_batch/depth_previews/sample_00066_lens_1_row_000046_depth_preview.png,needs_visual_review,102.82254807852594,72.07125,174.89379807852595,0.4120857960191394,21,12,65.09124999999999,3.78,3.2,0.0,,0.0,42.92274999999999,12.0,145.7452980785259,0.2945052126269877,good,acceptable_visible_road,use_primary,42.92274999999999,0.41744491652958976,v1_depth_visible_plus_nms_conservative_vehicle_footprint,102.82254807852594,42.92274999999999,145.7452980785259,0.2945052126269877
67,23-02-2026 12:05,1771828540.0,1,run_20260223_120453_8329,46.76500916481018,/Volumes/New Volume/23_02_2026_navneet/run_20260223_120453_8329/LENS1/video_lens1.mp4,sample_0067_run_20260223_120453_8329_offset_000046765_lens1,outputs/extracted_frames_v2/run_20260223_120453_8329/lens1/sample_0067_run_20260223_120453_8329_offset_000046765_lens1.jpg,sample_0067_run_20260223_120453_8329_offset_000046765_lens1_preprocessed_lens1,outputs/preprocessed_frames_v2/run_20260223_120453_8329/lens1/sample_0067_run_20260223_120453_8329_offset_000046765_lens1_preprocessed_lens1.jpg,,,,,,,,,recovered_existing_file,True,,,,,,,,,success,,47,success,,1684,1728,/Users/aryansatyendrakumar/Projects/roadside-pm-visual-intelligence/outputs/preprocessed_frames_v2/run_20260223_120453_8329/lens1/sample_0067_run_20260223_120453_8329_offset_000046765_lens1_preprocessed_lens1.jpg,1205695,680278,525417,0.4357793637694442,8.803812026977539,10.255819320678713,12.73398208618164,16.775121688842773,28.340234756469727,6.117334842681885,112.52978148029425,213633,212285,1345.489786223278,1345.489786223278,0.5,20.0,0.2337763646960499,23.377636469604997,680278,2909952,1024,1050,1345.489786223278,1345.489786223278,outputs/road_area_lens1_batch/masks/sample_00067_lens_1_row_000047_road_mask.png,outputs/road_area_lens1_batch/masks/sample_00067_lens_1_row_000047_raw_road_mask_before_cleaning.png,outputs/road_area_lens1_batch/depth_previews/sample_00067_lens_1_row_000047_depth_preview.png,needs_visual_review,112.52978148029425,31.7,144.22978148029424,0.2197881718647067,18,5,30.1,0.0,1.6,0.0,,0.0,18.86,5.0,131.38978148029423,0.1435423652244114,good,acceptable_visible_road,use_primary,18.86,0.16760007663662516,v1_depth_visible_plus_nms_conservative_vehicle_footprint,112.52978148029425,18.86,131.38978148029423,0.1435423652244114
68,23-02-2026 12:05,1771828550.0,1,run_20260223_120453_8329,56.76500916481018,/Volumes/New Volume/23_02_2026_navneet/run_20260223_120453_8329/LENS1/video_lens1.mp4,sample_0068_run_20260223_120453_8329_offset_000056765_lens1,outputs/extracted_frames_v2/run_20260223_120453_8329/lens1/sample_0068_run_20260223_120453_8329_offset_000056765_lens1.jpg,sample_0068_run_20260223_120453_8329_offset_000056765_lens1_preprocessed_lens1,outputs/preprocessed_frames_v2/run_20260223_120453_8329/lens1/sample_0068_run_20260223_120453_8329_offset_000056765_lens1_preprocessed_lens1.jpg,,,,,,,,,recovered_existing_file,True,,,,,,,,,success,,48,success,,1684,1728,/Users/aryansatyendrakumar/Projects/roadside-pm-visual-intelligence/outputs/preprocessed_frames_v2/run_20260223_120453_8329/lens1/sample_0068_run_20260223_120453_8329_offset_000056765_lens1_preprocessed_lens1.jpg,627868,120533,507335,0.8080281205603725,8.957548141479492,10.699422836303713,13.718605041503906,18.96674156188965,26.786766052246097,5.666116714477539,24.582907655270173,33991,33367,1345.489786223278,1345.489786223278,0.5,20.0,0.0414209581463886,4.142095814638867,120533,2909952,1024,1050,1345.489786223278,1345.489786223278,outputs/road_area_lens1_batch/masks/sample_00068_lens_1_row_000048_road_mask.png,outputs/road_area_lens1_batch/masks/sample_00068_lens_1_row_000048_raw_road_mask_before_cleaning.png,outputs/road_area_lens1_batch/depth_previews/sample_00068_lens_1_row_000048_depth_preview.png,needs_visual_review,24.582907655270173,20.43,45.01290765527017,0.4538698134424566,18,4,15.05,3.78,1.6,0.0,,0.0,12.098,4.0,36.680907655270175,0.3298173565850081,medium,low_visible_road,use_sensitivity_only,12.098,0.4921305554921363,v1_depth_visible_plus_nms_conservative_vehicle_footprint,24.582907655270173,12.098,36.680907655270175,0.3298173565850081
69,23-02-2026 12:06,1771828560.0,1,run_20260223_120453_8329,66.76500916481018,/Volumes/New Volume/23_02_2026_navneet/run_20260223_120453_8329/LENS1/video_lens1.mp4,sample_0069_run_20260223_120453_8329_offset_000066765_lens1,outputs/extracted_frames_v2/run_20260223_120453_8329/lens1/sample_0069_run_20260223_120453_8329_offset_000066765_lens1.jpg,sample_0069_run_20260223_120453_8329_offset_000066765_lens1_preprocessed_lens1,outputs/preprocessed_frames_v2/run_20260223_120453_8329/lens1/sample_0069_run_20260223_120453_8329_offset_000066765_lens1_preprocessed_lens1.jpg,,,,,,,,,recovered_existing_file,True,,,,,,,,,success,,49,success,,1684,1728,/Users/aryansatyendrakumar/Projects/roadside-pm-visual-intelligence/outputs/preprocessed_frames_v2/run_20260223_120453_8329/lens1/sample_0069_run_20260223_120453_8329_offset_000066765_lens1_preprocessed_lens1.jpg,569007,88275,480732,0.8448613110207783,8.793878555297852,9.795196533203123,12.259522438049316,16.668811798095703,32.66947555541992,8.654088973999023,12.997797056552397,26675,26251,1345.489786223278,1345.489786223278,0.5,20.0,0.0303355519266297,3.0335551926629716,88275,2909952,1024,1050,1345.489786223278,1345.489786223278,outputs/road_area_lens1_batch/masks/sample_00069_lens_1_row_000049_road_mask.png,outputs/road_area_lens1_batch/masks/sample_00069_lens_1_row_000049_raw_road_mask_before_cleaning.png,outputs/road_area_lens1_batch/depth_previews/sample_00069_lens_1_row_000049_depth_preview.png,needs_visual_review,12.997797056552397,7.525,20.522797056552395,0.3666654198871719,17,1,7.525,0.0,0.0,0.0,,0.0,4.515,1.0,17.512797056552397,0.2578114726859531,good,very_low_visible_road,exclude_or_manual_review,4.515,0.34736655606758504,v1_depth_visible_plus_nms_conservative_vehicle_footprint,12.997797056552397,4.515,17.512797056552397,0.2578114726859531
70,23-02-2026 12:06,1771828570.0,1,run_20260223_120453_8329,76.76500916481018,/Volumes/New Volume/23_02_2026_navneet/run_20260223_120453_8329/LENS1/video_lens1.mp4,sample_0070_run_20260223_120453_8329_offset_000076765_lens1,outputs/extracted_frames_v2/run_20260223_120453_8329/lens1/sample_0070_run_20260223_120453_8329_offset_000076765_lens1.jpg,sample_0070_run_20260223_120453_8329_offset_000076765_lens1_preprocessed_lens1,outputs/preprocessed_frames_v2/run_20260223_120453_8329/lens1/sample_0070_run_20260223_120453_8329_offset_000076765_lens1_preprocessed_lens1.jpg,,,,,,,,,recovered_existing_file,True,,,,,,,,,success,,50,success,,1684,1728,/Users/aryansatyendrakumar/Projects/roadside-pm-visual-intelligence/outputs/preprocessed_frames_v2/run_20260223_120453_8329/lens1/sample_0070_run_20260223_120453_8329_offset_000076765_lens1_preprocessed_lens1.jpg,701530,198524,503006,0.7170128148475475,8.88967227935791,13.488523483276367,21.81760025024414,41.089595794677734,67.6113052368164,18.64466667175293,27.896033806798005,31074,30213,1345.489786223278,1345.489786223278,0.5,20.0,0.0682224311603765,6.8222431160376535,198524,2909952,1024,1050,1345.489786223278,1345.489786223278,outputs/road_area_lens1_batch/masks/sample_00070_lens_1_row_000050_road_mask.png,outputs/road_area_lens1_batch/masks/sample_00070_lens_1_row_000050_raw_road_mask_before_cleaning.png,outputs/road_area_lens1_batch/depth_previews/sample_00070_lens_1_row_000050_depth_preview.png,needs_visual_review,27.896033806798005,33.3125,61.208533806798,0.5442460050611474,18,4,15.05,0.0,1.2000000000000002,0.0,,17.0625,18.16125,4.0,46.057283806798,0.3943187374267046,medium,low_visible_road,use_sensitivity_only,18.16125,0.6510334094725061,v1_depth_visible_plus_nms_conservative_vehicle_footprint,27.896033806798005,18.16125,46.057283806798,0.3943187374267046
71,23-02-2026 12:06,1771828580.0,1,run_20260223_120453_8329,86.76500916481018,/Volumes/New Volume/23_02_2026_navneet/run_20260223_120453_8329/LENS1/video_lens1.mp4,sample_0071_run_20260223_120453_8329_offset_000086765_lens1,outputs/extracted_frames_v2/run_20260223_120453_8329/lens1/sample_0071_run_20260223_120453_8329_offset_000086765_lens1.jpg,sample_0071_run_20260223_120453_8329_offset_000086765_lens1_preprocessed_lens1,outputs/preprocessed_frames_v2/run_20260223_120453_8329/lens1/sample_0071_run_20260223_120453_8329_offset_000086765_lens1_preprocessed_lens1.jpg,,,,,,,,,recovered_existing_file,True,,,,,,,,,success,,51,success,,1684,1728,/Users/aryansatyendrakumar/Projects/roadside-pm-visual-intelligence/outputs/preprocessed_frames_v2/run_20260223_120453_8329/lens1/sample_0071_run_20260223_120453_8329_offset_000086765_lens1_preprocessed_lens1.jpg,714600,190988,523612,0.7327343968653792,8.617037773132324,9.680832862854004,12.091766357421877,18.955141067504883,29.57725524902344,6.938382625579834,36.907382669275975,53683,52443,1345.489786223278,1345.489786223278,0.5,20.0,0.0656326977214744,6.563269772147444,190988,2909952,1024,1050,1345.489786223278,1345.489786223278,outputs/road_area_lens1_batch/masks/sample_00071_lens_1_row_000051_road_mask.png,outputs/road_area_lens1_batch/masks/sample_00071_lens_1_row_000051_raw_road_mask_before_cleaning.png,outputs/road_area_lens1_batch/depth_previews/sample_00071_lens_1_row_000051_depth_preview.png,needs_visual_review,36.907382669275975,16.190125,53.09750766927597,0.3049130874624489,7,4,13.733124999999998,2.457,0.0,,,0.0,9.714075,4.0,46.621457669275976,0.2083606022984063,good,acceptable_visible_road,use_primary,9.714075,0.26320140572001616,v1_depth_visible_plus_nms_conservative_vehicle_footprint,36.907382669275975,9.714075,46.621457669275976,0.2083606022984063
72,23-02-2026 12:06,1771828590.0,1,run_20260223_120453_8329,96.76500916481018,/Volumes/New Volume/23_02_2026_navneet/run_20260223_120453_8329/LENS1/video_lens1.mp4,sample_0072_run_20260223_120453_8329_offset_000096765_lens1,outputs/extracted_frames_v2/run_20260223_120453_8329/lens1/sample_0072_run_20260223_120453_8329_offset_000096765_lens1.jpg,sample_0072_run_20260223_120453_8329_offset_000096765_lens1_preprocessed_lens1,outputs/preprocessed_frames_v2/run_20260223_120453_8329/lens1/sample_0072_run_20260223_120453_8329_offset_000096765_lens1_preprocessed_lens1.jpg,,,,,,,,,recovered_existing_file,True,,,,,,,,,success,,52,success,,1684,1728,/Users/aryansatyendrakumar/Projects/roadside-pm-visual-intelligence/outputs/preprocessed_frames_v2/run_20260223_120453_8329/lens1/sample_0072_run_20260223_120453_8329_offset_000096765_lens1_preprocessed_lens1.jpg,784152,301526,482626,0.6154750609575694,9.063613891601562,12.00488567352295,16.247764587402344,23.187108993530273,38.47406005859375,10.710424423217772,48.52801796184566,71507,70747,1345.489786223278,1345.489786223278,0.5,20.0,0.1036188913081727,10.361889130817278,301526,2909952,1024,1050,1345.489786223278,1345.489786223278,outputs/road_area_lens1_batch/masks/sample_00072_lens_1_row_000052_road_mask.png,outputs/road_area_lens1_batch/masks/sample_00072_lens_1_row_000052_raw_road_mask_before_cleaning.png,outputs/road_area_lens1_batch/depth_previews/sample_00072_lens_1_row_000052_depth_preview.png,needs_visual_review,48.52801796184566,35.410000000000004,83.93801796184567,0.4218589008867918,13,4,0.0,7.56,1.6,0.0,,26.25,18.461,4.0,66.98901796184566,0.2755824844381905,good,acceptable_visible_road,use_primary,18.461,0.3804194107930526,v1_depth_visible_plus_nms_conservative_vehicle_footprint,48.52801796184566,18.461,66.98901796184566,0.2755824844381905
73,23-02-2026 12:06,1771828600.0,1,run_20260223_120453_8329,106.76500916481018,/Volumes/New Volume/23_02_2026_navneet/run_20260223_120453_8329/LENS1/video_lens1.mp4,sample_0073_run_20260223_120453_8329_offset_000106765_lens1,outputs/extracted_frames_v2/run_20260223_120453_8329/lens1/sample_0073_run_20260223_120453_8329_offset_000106765_lens1.jpg,sample_0073_run_20260223_120453_8329_offset_000106765_lens1_preprocessed_lens1,outputs/preprocessed_frames_v2/run_20260223_120453_8329/lens1/sample_0073_run_20260223_120453_8329_offset_000106765_lens1_preprocessed_lens1.jpg,,,,,,,,,recovered_existing_file,True,,,,,,,,,success,,53,success,,1684,1728,/Users/aryansatyendrakumar/Projects/roadside-pm-visual-intelligence/outputs/preprocessed_frames_v2/run_20260223_120453_8329/lens1/sample_0073_run_20260223_120453_8329_offset_000106765_lens1_preprocessed_lens1.jpg,816597,292183,524414,0.6421943749487201,9.138663291931152,10.151458740234377,12.034780502319336,14.865130424499512,25.404294967651367,5.492490768432617,46.23826444013495,93992,92475,1345.489786223278,1345.489786223278,0.5,20.0,0.1004081854271135,10.040818542711358,292183,2909952,1024,1050,1345.489786223278,1345.489786223278,outputs/road_area_lens1_batch/masks/sample_00073_lens_1_row_000053_road_mask.png,outputs/road_area_lens1_batch/masks/sample_00073_lens_1_row_000053_raw_road_mask_before_cleaning.png,outputs/road_area_lens1_batch/depth_previews/sample_00073_lens_1_row_000053_depth_preview.png,needs_visual_review,46.23826444013495,14.829999999999998,61.068264440134946,0.2428429911339269,14,5,0.0,13.23,1.6,,,,8.738,5.0,54.97626444013495,0.1589413192945299,good,acceptable_visible_road,use_primary,8.738,0.18897768127333495,v1_depth_visible_plus_nms_conservative_vehicle_footprint,46.23826444013495,8.738,54.97626444013495,0.1589413192945299
74,23-02-2026 12:06,1771828610.0,1,run_20260223_120453_8329,116.76500916481018,/Volumes/New Volume/23_02_2026_navneet/run_20260223_120453_8329/LENS1/video_lens1.mp4,sample_0074_run_20260223_120453_8329_offset_000116765_lens1,outputs/extracted_frames_v2/run_20260223_120453_8329/lens1/sample_0074_run_20260223_120453_8329_offset_000116765_lens1.jpg,sample_0074_run_20260223_120453_8329_offset_000116765_lens1_preprocessed_lens1,outputs/preprocessed_frames_v2/run_20260223_120453_8329/lens1/sample_0074_run_20260223_120453_8329_offset_000116765_lens1_preprocessed_lens1.jpg,,,,,,,,,recovered_existing_file,True,,,,,,,,,success,,54,success,,1684,1728,/Users/aryansatyendrakumar/Projects/roadside-pm-visual-intelligence/outputs/preprocessed_frames_v2/run_20260223_120453_8329/lens1/sample_0074_run_20260223_120453_8329_offset_000116765_lens1_preprocessed_lens1.jpg,878657,368666,509991,0.5804210289111679,9.600196838378906,10.95106315612793,12.870708465576172,15.284429550170898,23.476900100708008,4.985881328582764,63.7962689913858,118574,116812,1345.489786223278,1345.489786223278,0.5,20.0,0.1266914368346969,12.669143683469692,368666,2909952,1024,1050,1345.489786223278,1345.489786223278,outputs/road_area_lens1_batch/masks/sample_00074_lens_1_row_000054_road_mask.png,outputs/road_area_lens1_batch/masks/sample_00074_lens_1_row_000054_raw_road_mask_before_cleaning.png,outputs/road_area_lens1_batch/depth_previews/sample_00074_lens_1_row_000054_depth_preview.png,needs_visual_review,63.7962689913858,22.040000000000003,85.83626899138581,0.2567679170935523,22,9,0.0,15.12,6.92,0.0,,0.0,12.531999999999998,9.0,76.3282689913858,0.1641855653953625,good,acceptable_visible_road,use_primary,12.531999999999998,0.1964378199247381,v1_depth_visible_plus_nms_conservative_vehicle_footprint,63.7962689913858,12.531999999999998,76.3282689913858,0.1641855653953625
75,23-02-2026 12:07,1771828620.0,1,run_20260223_120453_8329,126.76500916481018,/Volumes/New Volume/23_02_2026_navneet/run_20260223_120453_8329/LENS1/video_lens1.mp4,sample_0075_run_20260223_120453_8329_offset_000126765_lens1,outputs/extracted_frames_v2/run_20260223_120453_8329/lens1/sample_0075_run_20260223_120453_8329_offset_000126765_lens1.jpg,sample_0075_run_20260223_120453_8329_offset_000126765_lens1_preprocessed_lens1,outputs/preprocessed_frames_v2/run_20260223_120453_8329/lens1/sample_0075_run_20260223_120453_8329_offset_000126765_lens1_preprocessed_lens1.jpg,,,,,,,,,recovered_existing_file,True,,,,,,,,,success,,55,success,,1684,1728,/Users/aryansatyendrakumar/Projects/roadside-pm-visual-intelligence/outputs/preprocessed_frames_v2/run_20260223_120453_8329/lens1/sample_0075_run_20260223_120453_8329_offset_000126765_lens1_preprocessed_lens1.jpg,1113053,588227,524826,0.4715193256745186,8.384918212890625,9.796607971191406,12.645283699035645,18.10697555541992,37.781715393066406,11.105135917663574,87.51098692716432,170351,168930,1345.489786223278,1345.489786223278,0.5,20.0,0.2021431968637283,20.214319686372832,588227,2909952,1024,1050,1345.489786223278,1345.489786223278,outputs/road_area_lens1_batch/masks/sample_00075_lens_1_row_000055_road_mask.png,outputs/road_area_lens1_batch/masks/sample_00075_lens_1_row_000055_raw_road_mask_before_cleaning.png,outputs/road_area_lens1_batch/depth_previews/sample_00075_lens_1_row_000055_depth_preview.png,needs_visual_review,87.51098692716432,35.48,122.99098692716431,0.2884764232440168,14,6,30.1,3.78,1.6,0.0,,,21.128,6.0,108.63898692716432,0.1944789858374232,good,acceptable_visible_road,use_primary,21.128,0.2414325416942778,v1_depth_visible_plus_nms_conservative_vehicle_footprint,87.51098692716432,21.128,108.63898692716432,0.1944789858374232
76,23-02-2026 12:07,1771828632.0,1,run_20260223_120453_8329,138.76500916481018,/Volumes/New Volume/23_02_2026_navneet/run_20260223_120453_8329/LENS1/video_lens1.mp4,sample_0076_run_20260223_120453_8329_offset_000138765_lens1,outputs/extracted_frames_v2/run_20260223_120453_8329/lens1/sample_0076_run_20260223_120453_8329_offset_000138765_lens1.jpg,sample_0076_run_20260223_120453_8329_offset_000138765_lens1_preprocessed_lens1,outputs/preprocessed_frames_v2/run_20260223_120453_8329/lens1/sample_0076_run_20260223_120453_8329_offset_000138765_lens1_preprocessed_lens1.jpg,,,,,,,,,recovered_existing_file,True,,,,,,,,,success,,56,success,,1684,1728,/Users/aryansatyendrakumar/Projects/roadside-pm-visual-intelligence/outputs/preprocessed_frames_v2/run_20260223_120453_8329/lens1/sample_0076_run_20260223_120453_8329_offset_000138765_lens1_preprocessed_lens1.jpg,1067025,541607,525418,0.4924139546870973,8.57320785522461,9.81015396118164,12.288769721984863,18.810367584228516,41.12203598022461,11.95087718963623,73.15509252603213,153060,151743,1345.489786223278,1345.489786223278,0.5,20.0,0.1861223140450426,18.612231404504268,541607,2909952,1024,1050,1345.489786223278,1345.489786223278,outputs/road_area_lens1_batch/masks/sample_00076_lens_1_row_000056_road_mask.png,outputs/road_area_lens1_batch/masks/sample_00076_lens_1_row_000056_raw_road_mask_before_cleaning.png,outputs/road_area_lens1_batch/depth_previews/sample_00076_lens_1_row_000056_depth_preview.png,needs_visual_review,73.15509252603213,40.54375,113.69884252603214,0.3565889423255758,14,8,35.74375,,4.800000000000001,0.0,,0.0,23.84625,8.0,97.00134252603212,0.2458342264036233,good,acceptable_visible_road,use_primary,23.84625,0.32596842101613566,v1_depth_visible_plus_nms_conservative_vehicle_footprint,73.15509252603213,23.84625,97.00134252603212,0.2458342264036233
77,23-02-2026 12:07,1771828644.0,1,run_20260223_120453_8329,150.76500916481018,/Volumes/New Volume/23_02_2026_navneet/run_20260223_120453_8329/LENS1/video_lens1.mp4,sample_0077_run_20260223_120453_8329_offset_000150765_lens1,outputs/extracted_frames_v2/run_20260223_120453_8329/lens1/sample_0077_run_20260223_120453_8329_offset_000150765_lens1.jpg,sample_0077_run_20260223_120453_8329_offset_000150765_lens1_preprocessed_lens1,outputs/preprocessed_frames_v2/run_20260223_120453_8329/lens1/sample_0077_run_20260223_120453_8329_offset_000150765_lens1_preprocessed_lens1.jpg,,,,,,,,,recovered_existing_file,True,,,,,,,,,success,,57,success,,1684,1728,/Users/aryansatyendrakumar/Projects/roadside-pm-visual-intelligence/outputs/preprocessed_frames_v2/run_20260223_120453_8329/lens1/sample_0077_run_20260223_120453_8329_offset_000150765_lens1_preprocessed_lens1.jpg,871398,395702,475696,0.5458998069768349,9.068113327026367,10.401395797729492,12.90778636932373,18.653179168701172,38.052764892578125,10.749095916748049,75.44541644798001,112861,111523,1345.489786223278,1345.489786223278,0.5,20.0,0.1359823117357262,13.598231173572623,395702,2909952,1024,1050,1345.489786223278,1345.489786223278,outputs/road_area_lens1_batch/masks/sample_00077_lens_1_row_000057_road_mask.png,outputs/road_area_lens1_batch/masks/sample_00077_lens_1_row_000057_raw_road_mask_before_cleaning.png,outputs/road_area_lens1_batch/depth_previews/sample_00077_lens_1_row_000057_depth_preview.png,needs_visual_review,75.44541644798001,68.825,144.27041644798,0.4770555301253769,10,5,22.575,0.0,0.0,20.0,,26.25,36.67,5.0,112.11541644798,0.327073663567172,medium,acceptable_visible_road,use_primary,36.67,0.48604675706554223,v1_depth_visible_plus_nms_conservative_vehicle_footprint,75.44541644798001,36.67,112.11541644798,0.327073663567172
78,23-02-2026 12:07,1771828656.0,1,run_20260223_120453_8329,162.76500916481018,/Volumes/New Volume/23_02_2026_navneet/run_20260223_120453_8329/LENS1/video_lens1.mp4,sample_0078_run_20260223_120453_8329_offset_000162765_lens1,outputs/extracted_frames_v2/run_20260223_120453_8329/lens1/sample_0078_run_20260223_120453_8329_offset_000162765_lens1.jpg,sample_0078_run_20260223_120453_8329_offset_000162765_lens1_preprocessed_lens1,outputs/preprocessed_frames_v2/run_20260223_120453_8329/lens1/sample_0078_run_20260223_120453_8329_offset_000162765_lens1_preprocessed_lens1.jpg,,,,,,,,,recovered_existing_file,True,,,,,,,,,success,,58,success,,1684,1728,/Users/aryansatyendrakumar/Projects/roadside-pm-visual-intelligence/outputs/preprocessed_frames_v2/run_20260223_120453_8329/lens1/sample_0078_run_20260223_120453_8329_offset_000162765_lens1_preprocessed_lens1.jpg,1166917,641560,525357,0.4502093979263307,8.927497863769531,10.281752586364746,13.44114875793457,19.68406867980957,38.809688568115234,11.931441307067873,101.64207643193436,177136,175405,1345.489786223278,1345.489786223278,0.5,20.0,0.2204709905867863,22.047099058678633,641560,2909952,1024,1050,1345.489786223278,1345.489786223278,outputs/road_area_lens1_batch/masks/sample_00078_lens_1_row_000058_road_mask.png,outputs/road_area_lens1_batch/masks/sample_00078_lens_1_row_000058_raw_road_mask_before_cleaning.png,outputs/road_area_lens1_batch/depth_previews/sample_00078_lens_1_row_000058_depth_preview.png,needs_visual_review,101.64207643193436,80.77124999999998,182.4133264319343,0.4427924844084182,21,13,19.941249999999997,3.78,10.8,20.0,,26.25,42.75775,13.0,144.39982643193434,0.2961066578577551,good,acceptable_visible_road,use_primary,42.75775,0.4206697806752616,v1_depth_visible_plus_nms_conservative_vehicle_footprint,101.64207643193436,42.75775,144.39982643193434,0.2961066578577551
79,23-02-2026 12:07,1771828668.0,1,run_20260223_120453_8329,174.76500916481018,/Volumes/New Volume/23_02_2026_navneet/run_20260223_120453_8329/LENS1/video_lens1.mp4,sample_0079_run_20260223_120453_8329_offset_000174765_lens1,outputs/extracted_frames_v2/run_20260223_120453_8329/lens1/sample_0079_run_20260223_120453_8329_offset_000174765_lens1.jpg,sample_0079_run_20260223_120453_8329_offset_000174765_lens1_preprocessed_lens1,outputs/preprocessed_frames_v2/run_20260223_120453_8329/lens1/sample_0079_run_20260223_120453_8329_offset_000174765_lens1_preprocessed_lens1.jpg,,,,,,,,,recovered_existing_file,True,,,,,,,,,success,,59,success,,1684,1728,/Users/aryansatyendrakumar/Projects/roadside-pm-visual-intelligence/outputs/preprocessed_frames_v2/run_20260223_120453_8329/lens1/sample_0079_run_20260223_120453_8329_offset_000174765_lens1_preprocessed_lens1.jpg,584417,584422,-5,-8.555534832148962e-06,10.35825252532959,12.812572479248049,16.907814025878906,24.51822280883789,43.79179763793945,11.425735473632812,92.36464635626636,132854,131522,1345.489786223278,1345.489786223278,0.5,20.0,0.2008356151579132,20.083561515791327,584422,2909952,1024,1050,1345.489786223278,1345.489786223278,outputs/road_area_lens1_batch/masks/sample_00079_lens_1_row_000059_road_mask.png,outputs/road_area_lens1_batch/masks/sample_00079_lens_1_row_000059_raw_road_mask_before_cleaning.png,outputs/road_area_lens1_batch/depth_previews/sample_00079_lens_1_row_000059_depth_preview.png,needs_visual_review,92.36464635626636,18.25,110.61464635626636,0.1649871929366443,15,4,15.05,,3.2,0.0,,0.0,10.63,4.0,102.99464635626636,0.1032092480149892,good,acceptable_visible_road,use_primary,10.63,0.11508732420192742,v1_depth_visible_plus_nms_conservative_vehicle_footprint,92.36464635626636,10.63,102.99464635626636,0.1032092480149892
80,23-02-2026 12:08,1771828680.0,1,run_20260223_120453_8329,186.76500916481015,/Volumes/New Volume/23_02_2026_navneet/run_20260223_120453_8329/LENS1/video_lens1.mp4,sample_0080_run_20260223_120453_8329_offset_000186765_lens1,outputs/extracted_frames_v2/run_20260223_120453_8329/lens1/sample_0080_run_20260223_120453_8329_offset_000186765_lens1.jpg,sample_0080_run_20260223_120453_8329_offset_000186765_lens1_preprocessed_lens1,outputs/preprocessed_frames_v2/run_20260223_120453_8329/lens1/sample_0080_run_20260223_120453_8329_offset_000186765_lens1_preprocessed_lens1.jpg,,,,,,,,,recovered_existing_file,True,,,,,,,,,success,,60,success,,1684,1728,/Users/aryansatyendrakumar/Projects/roadside-pm-visual-intelligence/outputs/preprocessed_frames_v2/run_20260223_120453_8329/lens1/sample_0080_run_20260223_120453_8329_offset_000186765_lens1_preprocessed_lens1.jpg,1383829,858399,525430,0.3796928666764463,8.44487476348877,10.00040054321289,13.244680404663086,19.62392807006836,37.6986083984375,10.764630317687988,126.58929721272143,239423,238145,1345.489786223278,1345.489786223278,0.5,20.0,0.2949873399973607,29.498733999736075,858399,2909952,1024,1050,1345.489786223278,1345.489786223278,outputs/road_area_lens1_batch/masks/sample_00080_lens_1_row_000060_road_mask.png,outputs/road_area_lens1_batch/masks/sample_00080_lens_1_row_000060_raw_road_mask_before_cleaning.png,outputs/road_area_lens1_batch/depth_previews/sample_00080_lens_1_row_000060_depth_preview.png,needs_visual_review,126.58929721272143,84.305,210.89429721272143,0.3997500222349048,19,10,52.675,3.78,1.6,,,26.25,47.798,10.0,174.38729721272142,0.274091064911081,good,acceptable_visible_road,use_primary,47.798,0.37758326377055357,v1_depth_visible_plus_nms_conservative_vehicle_footprint,126.58929721272143,47.798,174.38729721272142,0.274091064911081
81,23-02-2026 12:08,1771828690.0,1,run_20260223_120453_8329,196.76500916481015,/Volumes/New Volume/23_02_2026_navneet/run_20260223_120453_8329/LENS1/video_lens1.mp4,sample_0081_run_20260223_120453_8329_offset_000196765_lens1,outputs/extracted_frames_v2/run_20260223_120453_8329/lens1/sample_0081_run_20260223_120453_8329_offset_000196765_lens1.jpg,sample_0081_run_20260223_120453_8329_offset_000196765_lens1_preprocessed_lens1,outputs/preprocessed_frames_v2/run_20260223_120453_8329/lens1/sample_0081_run_20260223_120453_8329_offset_000196765_lens1_preprocessed_lens1.jpg,,,,,,,,,recovered_existing_file,True,,,,,,,,,success,,61,success,,1684,1728,/Users/aryansatyendrakumar/Projects/roadside-pm-visual-intelligence/outputs/preprocessed_frames_v2/run_20260223_120453_8329/lens1/sample_0081_run_20260223_120453_8329_offset_000196765_lens1_preprocessed_lens1.jpg,1178800,653388,525412,0.4457176789955887,8.632730484008789,10.01136589050293,12.26917839050293,16.03659439086914,27.04526138305664,6.276112079620361,98.53657383188374,204755,203390,1345.489786223278,1345.489786223278,0.5,20.0,0.2245356624439166,22.45356624439166,653388,2909952,1024,1050,1345.489786223278,1345.489786223278,outputs/road_area_lens1_batch/masks/sample_00081_lens_1_row_000061_road_mask.png,outputs/road_area_lens1_batch/masks/sample_00081_lens_1_row_000061_raw_road_mask_before_cleaning.png,outputs/road_area_lens1_batch/depth_previews/sample_00081_lens_1_row_000061_depth_preview.png,needs_visual_review,98.53657383188374,47.82625,146.36282383188376,0.3267650127803936,15,6,12.416249999999998,7.56,1.6,0.0,,26.25,25.91075,6.0,124.44732383188376,0.2082065664586159,good,acceptable_visible_road,use_primary,25.91075,0.2629556619677798,v1_depth_visible_plus_nms_conservative_vehicle_footprint,98.53657383188374,25.91075,124.44732383188376,0.2082065664586159
82,23-02-2026 12:08,1771828700.0,1,run_20260223_120453_8329,206.76500916481015,/Volumes/New Volume/23_02_2026_navneet/run_20260223_120453_8329/LENS1/video_lens1.mp4,sample_0082_run_20260223_120453_8329_offset_000206765_lens1,outputs/extracted_frames_v2/run_20260223_120453_8329/lens1/sample_0082_run_20260223_120453_8329_offset_000206765_lens1.jpg,sample_0082_run_20260223_120453_8329_offset_000206765_lens1_preprocessed_lens1,outputs/preprocessed_frames_v2/run_20260223_120453_8329/lens1/sample_0082_run_20260223_120453_8329_offset_000206765_lens1_preprocessed_lens1.jpg,,,,,,,,,recovered_existing_file,True,,,,,,,,,success,,62,success,,1684,1728,/Users/aryansatyendrakumar/Projects/roadside-pm-visual-intelligence/outputs/preprocessed_frames_v2/run_20260223_120453_8329/lens1/sample_0082_run_20260223_120453_8329_offset_000206765_lens1_preprocessed_lens1.jpg,845463,325255,520208,0.6152936320099165,8.735222816467285,9.60444164276123,11.04287338256836,14.744330406188965,24.258432388305664,5.990239143371582,48.66124662205142,106059,104790,1345.489786223278,1345.489786223278,0.5,20.0,0.1117733213468813,11.177332134688132,325255,2909952,1024,1050,1345.489786223278,1345.489786223278,outputs/road_area_lens1_batch/masks/sample_00082_lens_1_row_000062_road_mask.png,outputs/road_area_lens1_batch/masks/sample_00082_lens_1_row_000062_raw_road_mask_before_cleaning.png,outputs/road_area_lens1_batch/depth_previews/sample_00082_lens_1_row_000062_depth_preview.png,needs_visual_review,48.66124662205142,34.1875,82.84874662205142,0.4126495739997168,17,5,0.0,0.0,4.0,,,30.1875,17.09375,5.0,65.75499662205142,0.259961233033772,good,acceptable_visible_road,use_primary,17.09375,0.35128056074613107,v1_depth_visible_plus_nms_conservative_vehicle_footprint,48.66124662205142,17.09375,65.75499662205142,0.259961233033772
83,23-02-2026 12:08,1771828710.0,1,run_20260223_120453_8329,216.76500916481015,/Volumes/New Volume/23_02_2026_navneet/run_20260223_120453_8329/LENS1/video_lens1.mp4,sample_0083_run_20260223_120453_8329_offset_000216765_lens1,outputs/extracted_frames_v2/run_20260223_120453_8329/lens1/sample_0083_run_20260223_120453_8329_offset_000216765_lens1.jpg,sample_0083_run_20260223_120453_8329_offset_000216765_lens1_preprocessed_lens1,outputs/preprocessed_frames_v2/run_20260223_120453_8329/lens1/sample_0083_run_20260223_120453_8329_offset_000216765_lens1_preprocessed_lens1.jpg,,,,,,,,,recovered_existing_file,True,,,,,,,,,success,,63,success,,1684,1728,/Users/aryansatyendrakumar/Projects/roadside-pm-visual-intelligence/outputs/preprocessed_frames_v2/run_20260223_120453_8329/lens1/sample_0083_run_20260223_120453_8329_offset_000216765_lens1_preprocessed_lens1.jpg,1112312,586859,525453,0.4723971331784607,8.570055961608887,9.839481353759766,12.120864868164062,17.031085968017578,30.971263885498047,8.66294002532959,91.71315185194626,178300,176798,1345.489786223278,1345.489786223278,0.5,20.0,0.2016730860165391,20.16730860165391,586859,2909952,1024,1050,1345.489786223278,1345.489786223278,outputs/road_area_lens1_batch/masks/sample_00083_lens_1_row_000063_road_mask.png,outputs/road_area_lens1_batch/masks/sample_00083_lens_1_row_000063_raw_road_mask_before_cleaning.png,outputs/road_area_lens1_batch/depth_previews/sample_00083_lens_1_row_000063_depth_preview.png,needs_visual_review,91.71315185194626,47.41,139.12315185194626,0.340777213345866,24,8,15.05,7.56,4.800000000000001,20.0,,0.0,25.966,8.0,117.67915185194626,0.2206508085023265,good,acceptable_visible_road,use_primary,25.966,0.28312188029386726,v1_depth_visible_plus_nms_conservative_vehicle_footprint,91.71315185194626,25.966,117.67915185194626,0.2206508085023265
84,23-02-2026 12:08,1771828720.0,1,run_20260223_120453_8329,226.76500916481015,/Volumes/New Volume/23_02_2026_navneet/run_20260223_120453_8329/LENS1/video_lens1.mp4,sample_0084_run_20260223_120453_8329_offset_000226765_lens1,outputs/extracted_frames_v2/run_20260223_120453_8329/lens1/sample_0084_run_20260223_120453_8329_offset_000226765_lens1.jpg,sample_0084_run_20260223_120453_8329_offset_000226765_lens1_preprocessed_lens1,outputs/preprocessed_frames_v2/run_20260223_120453_8329/lens1/sample_0084_run_20260223_120453_8329_offset_000226765_lens1_preprocessed_lens1.jpg,,,,,,,,,recovered_existing_file,True,,,,,,,,,success,,64,success,,1684,1728,/Users/aryansatyendrakumar/Projects/roadside-pm-visual-intelligence/outputs/preprocessed_frames_v2/run_20260223_120453_8329/lens1/sample_0084_run_20260223_120453_8329_offset_000226765_lens1_preprocessed_lens1.jpg,898687,367322,531365,0.5912681500900758,8.733325004577637,9.564760208129885,11.016969680786133,16.83710479736328,30.0769100189209,7.212718963623047,53.96541564122243,108248,106634,1345.489786223278,1345.489786223278,0.5,20.0,0.1262295735462303,12.622957354623033,367322,2909952,1024,1050,1345.489786223278,1345.489786223278,outputs/road_area_lens1_batch/masks/sample_00084_lens_1_row_000064_road_mask.png,outputs/road_area_lens1_batch/masks/sample_00084_lens_1_row_000064_raw_road_mask_before_cleaning.png,outputs/road_area_lens1_batch/depth_previews/sample_00084_lens_1_row_000064_depth_preview.png,needs_visual_review,53.96541564122243,38.548750000000005,92.51416564122243,0.4166794320936238,11,5,13.16875,3.78,1.6,20.0,,0.0,20.96925,5.0,74.93466564122242,0.2798337701324789,good,acceptable_visible_road,use_primary,20.96925,0.3885683034373272,v1_depth_visible_plus_nms_conservative_vehicle_footprint,53.96541564122243,20.96925,74.93466564122242,0.2798337701324789
85,23-02-2026 12:08,1771828730.0,1,run_20260223_120453_8329,236.76500916481015,/Volumes/New Volume/23_02_2026_navneet/run_20260223_120453_8329/LENS1/video_lens1.mp4,sample_0085_run_20260223_120453_8329_offset_000236765_lens1,outputs/extracted_frames_v2/run_20260223_120453_8329/lens1/sample_0085_run_20260223_120453_8329_offset_000236765_lens1.jpg,sample_0085_run_20260223_120453_8329_offset_000236765_lens1_preprocessed_lens1,outputs/preprocessed_frames_v2/run_20260223_120453_8329/lens1/sample_0085_run_20260223_120453_8329_offset_000236765_lens1_preprocessed_lens1.jpg,,,,,,,,,recovered_existing_file,True,,,,,,,,,success,,65,success,,1684,1728,/Users/aryansatyendrakumar/Projects/roadside-pm-visual-intelligence/outputs/preprocessed_frames_v2/run_20260223_120453_8329/lens1/sample_0085_run_20260223_120453_8329_offset_000236765_lens1_preprocessed_lens1.jpg,1060399,534977,525422,0.4954946204211811,8.644062995910645,9.739980697631836,12.344833374023438,17.26851463317871,33.97941207885742,9.56921672821045,84.35379580565548,159490,157829,1345.489786223278,1345.489786223278,0.5,20.0,0.1838439259479194,18.384392594791944,534977,2909952,1024,1050,1345.489786223278,1345.489786223278,outputs/road_area_lens1_batch/masks/sample_00085_lens_1_row_000065_road_mask.png,outputs/road_area_lens1_batch/masks/sample_00085_lens_1_row_000065_raw_road_mask_before_cleaning.png,outputs/road_area_lens1_batch/depth_previews/sample_00085_lens_1_row_000065_depth_preview.png,needs_visual_review,84.35379580565548,73.20624999999998,157.56004580565548,0.4646244523836785,11,9,12.416249999999998,11.34,3.2,20.0,,26.25,38.97875,9.0,123.33254580565549,0.3160459369858609,medium,acceptable_visible_road,use_primary,38.97875,0.46208649685194936,v1_depth_visible_plus_nms_conservative_vehicle_footprint,84.35379580565548,38.97875,123.33254580565549,0.3160459369858609
86,23-02-2026 12:09,1771828740.0,1,run_20260223_120453_8329,246.76500916481015,/Volumes/New Volume/23_02_2026_navneet/run_20260223_120453_8329/LENS1/video_lens1.mp4,sample_0086_run_20260223_120453_8329_offset_000246765_lens1,outputs/extracted_frames_v2/run_20260223_120453_8329/lens1/sample_0086_run_20260223_120453_8329_offset_000246765_lens1.jpg,sample_0086_run_20260223_120453_8329_offset_000246765_lens1_preprocessed_lens1,outputs/preprocessed_frames_v2/run_20260223_120453_8329/lens1/sample_0086_run_20260223_120453_8329_offset_000246765_lens1_preprocessed_lens1.jpg,,,,,,,,,recovered_existing_file,True,,,,,,,,,success,,66,success,,1684,1728,/Users/aryansatyendrakumar/Projects/roadside-pm-visual-intelligence/outputs/preprocessed_frames_v2/run_20260223_120453_8329/lens1/sample_0086_run_20260223_120453_8329_offset_000246765_lens1_preprocessed_lens1.jpg,938142,411493,526649,0.5613745040729442,8.642056465148926,9.656492233276367,11.541010856628418,17.793210983276367,32.00835418701172,7.886025428771973,60.36757014238619,118570,117149,1345.489786223278,1345.489786223278,0.5,20.0,0.1414088617269288,14.140886172692882,411493,2909952,1024,1050,1345.489786223278,1345.489786223278,outputs/road_area_lens1_batch/masks/sample_00086_lens_1_row_000066_road_mask.png,outputs/road_area_lens1_batch/masks/sample_00086_lens_1_row_000066_raw_road_mask_before_cleaning.png,outputs/road_area_lens1_batch/depth_previews/sample_00086_lens_1_row_000066_depth_preview.png,needs_visual_review,60.36757014238619,46.100624999999994,106.46819514238618,0.432999027910137,16,6,25.020624999999995,0.0,,20.0,1.08,0.0,25.552375,6.0,85.91994514238618,0.2973974780553538,good,acceptable_visible_road,use_primary,25.552375,0.4232798328594442,v1_depth_visible_plus_nms_conservative_vehicle_footprint,60.36757014238619,25.552375,85.91994514238618,0.2973974780553538
87,23-02-2026 12:09,1771828750.0,1,run_20260223_120453_8329,256.7650091648102,/Volumes/New Volume/23_02_2026_navneet/run_20260223_120453_8329/LENS1/video_lens1.mp4,sample_0087_run_20260223_120453_8329_offset_000256765_lens1,outputs/extracted_frames_v2/run_20260223_120453_8329/lens1/sample_0087_run_20260223_120453_8329_offset_000256765_lens1.jpg,sample_0087_run_20260223_120453_8329_offset_000256765_lens1_preprocessed_lens1,outputs/preprocessed_frames_v2/run_20260223_120453_8329/lens1/sample_0087_run_20260223_120453_8329_offset_000256765_lens1_preprocessed_lens1.jpg,,,,,,,,,recovered_existing_file,True,,,,,,,,,success,,67,success,,1684,1728,/Users/aryansatyendrakumar/Projects/roadside-pm-visual-intelligence/outputs/preprocessed_frames_v2/run_20260223_120453_8329/lens1/sample_0087_run_20260223_120453_8329_offset_000256765_lens1_preprocessed_lens1.jpg,764788,239727,525061,0.686544506451461,8.420689582824707,9.811948776245115,12.56718921661377,17.345848083496094,26.77521324157715,6.067610740661621,44.37783960384989,70430,69137,1345.489786223278,1345.489786223278,0.5,20.0,0.0823817712457112,8.238177124571127,239727,2909952,1024,1050,1345.489786223278,1345.489786223278,outputs/road_area_lens1_batch/masks/sample_00087_lens_1_row_000067_road_mask.png,outputs/road_area_lens1_batch/masks/sample_00087_lens_1_row_000067_raw_road_mask_before_cleaning.png,outputs/road_area_lens1_batch/depth_previews/sample_00087_lens_1_row_000067_depth_preview.png,needs_visual_review,44.37783960384989,15.361999999999998,59.73983960384989,0.2571483301908632,10,4,7.525,6.237,1.6,0.0,,0.0,9.0572,4.0,53.435039603849894,0.1694992661584449,good,acceptable_visible_road,use_primary,9.0572,0.20409285537221744,v1_depth_visible_plus_nms_conservative_vehicle_footprint,44.37783960384989,9.0572,53.435039603849894,0.1694992661584449
88,23-02-2026 12:09,1771828760.0,1,run_20260223_120453_8329,266.7650091648102,/Volumes/New Volume/23_02_2026_navneet/run_20260223_120453_8329/LENS1/video_lens1.mp4,sample_0088_run_20260223_120453_8329_offset_000266765_lens1,outputs/extracted_frames_v2/run_20260223_120453_8329/lens1/sample_0088_run_20260223_120453_8329_offset_000266765_lens1.jpg,sample_0088_run_20260223_120453_8329_offset_000266765_lens1_preprocessed_lens1,outputs/preprocessed_frames_v2/run_20260223_120453_8329/lens1/sample_0088_run_20260223_120453_8329_offset_000266765_lens1_preprocessed_lens1.jpg,,,,,,,,,recovered_existing_file,True,,,,,,,,,success,,68,success,,1684,1728,/Users/aryansatyendrakumar/Projects/roadside-pm-visual-intelligence/outputs/preprocessed_frames_v2/run_20260223_120453_8329/lens1/sample_0088_run_20260223_120453_8329_offset_000266765_lens1_preprocessed_lens1.jpg,944534,419129,525405,0.5562584300829827,8.799317359924316,9.652548789978027,11.046607971191406,14.534708023071287,24.921239852905273,5.177292346954346,59.25607284627242,133722,132204,1345.489786223278,1345.489786223278,0.5,20.0,0.1440329599938418,14.403295999384182,419129,2909952,1024,1050,1345.489786223278,1345.489786223278,outputs/road_area_lens1_batch/masks/sample_00088_lens_1_row_000068_road_mask.png,outputs/road_area_lens1_batch/masks/sample_00088_lens_1_row_000068_raw_road_mask_before_cleaning.png,outputs/road_area_lens1_batch/depth_previews/sample_00088_lens_1_row_000068_depth_preview.png,needs_visual_review,59.25607284627242,31.955,91.21107284627242,0.3503412360235813,7,4,15.05,3.78,,0.0,,13.125,17.8605,4.0,77.11657284627242,0.2316039126324234,good,acceptable_visible_road,use_primary,17.8605,0.3014121446477791,v1_depth_visible_plus_nms_conservative_vehicle_footprint,59.25607284627242,17.8605,77.11657284627242,0.2316039126324234
89,23-02-2026 12:09,1771828770.0,1,run_20260223_120453_8329,276.7650091648102,/Volumes/New Volume/23_02_2026_navneet/run_20260223_120453_8329/LENS1/video_lens1.mp4,sample_0089_run_20260223_120453_8329_offset_000276765_lens1,outputs/extracted_frames_v2/run_20260223_120453_8329/lens1/sample_0089_run_20260223_120453_8329_offset_000276765_lens1.jpg,sample_0089_run_20260223_120453_8329_offset_000276765_lens1_preprocessed_lens1,outputs/preprocessed_frames_v2/run_20260223_120453_8329/lens1/sample_0089_run_20260223_120453_8329_offset_000276765_lens1_preprocessed_lens1.jpg,,,,,,,,,recovered_existing_file,True,,,,,,,,,success,,69,success,,1684,1728,/Users/aryansatyendrakumar/Projects/roadside-pm-visual-intelligence/outputs/preprocessed_frames_v2/run_20260223_120453_8329/lens1/sample_0089_run_20260223_120453_8329_offset_000276765_lens1_preprocessed_lens1.jpg,999204,473785,525419,0.5258375667030957,8.817798614501953,9.815155982971191,11.707972526550291,16.88093376159668,30.56952476501465,8.336407661437988,69.88157267312114,142301,140817,1345.489786223278,1345.489786223278,0.5,20.0,0.1628154003914841,16.28154003914841,473785,2909952,1024,1050,1345.489786223278,1345.489786223278,outputs/road_area_lens1_batch/masks/sample_00089_lens_1_row_000069_road_mask.png,outputs/road_area_lens1_batch/masks/sample_00089_lens_1_row_000069_raw_road_mask_before_cleaning.png,outputs/road_area_lens1_batch/depth_previews/sample_00089_lens_1_row_000069_depth_preview.png,needs_visual_review,69.88157267312114,17.79625,87.67782267312114,0.2029732201077535,7,4,12.416249999999998,3.78,1.6,,,0.0,10.51775,4.0,80.39932267312113,0.1308188881486219,good,acceptable_visible_road,use_primary,10.51775,0.15050820406114712,v1_depth_visible_plus_nms_conservative_vehicle_footprint,69.88157267312114,10.51775,80.39932267312113,0.1308188881486219
90,23-02-2026 12:09,1771828780.0,1,run_20260223_120453_8329,286.7650091648102,/Volumes/New Volume/23_02_2026_navneet/run_20260223_120453_8329/LENS1/video_lens1.mp4,sample_0090_run_20260223_120453_8329_offset_000286765_lens1,outputs/extracted_frames_v2/run_20260223_120453_8329/lens1/sample_0090_run_20260223_120453_8329_offset_000286765_lens1.jpg,sample_0090_run_20260223_120453_8329_offset_000286765_lens1_preprocessed_lens1,outputs/preprocessed_frames_v2/run_20260223_120453_8329/lens1/sample_0090_run_20260223_120453_8329_offset_000286765_lens1_preprocessed_lens1.jpg,,,,,,,,,recovered_existing_file,True,,,,,,,,,success,,70,success,,1684,1728,/Users/aryansatyendrakumar/Projects/roadside-pm-visual-intelligence/outputs/preprocessed_frames_v2/run_20260223_120453_8329/lens1/sample_0090_run_20260223_120453_8329_offset_000286765_lens1_preprocessed_lens1.jpg,1134246,608843,525403,0.4632178557385258,8.254709243774414,9.41303253173828,11.20449924468994,14.058210372924805,28.565401077270508,7.5478901863098145,88.31221648220787,197974,196469,1345.489786223278,1345.489786223278,0.5,20.0,0.2092278498064572,20.92278498064573,608843,2909952,1024,1050,1345.489786223278,1345.489786223278,outputs/road_area_lens1_batch/masks/sample_00090_lens_1_row_000070_road_mask.png,outputs/road_area_lens1_batch/masks/sample_00090_lens_1_row_000070_raw_road_mask_before_cleaning.png,outputs/road_area_lens1_batch/depth_previews/sample_00090_lens_1_row_000070_depth_preview.png,needs_visual_review,88.31221648220787,85.405,173.71721648220787,0.4916323305741384,11,6,7.525,3.78,1.6,20.0,,52.5,43.833,6.0,132.14521648220787,0.3317032668064962,medium,acceptable_visible_road,use_primary,43.833,0.49634129621048484,v1_depth_visible_plus_nms_conservative_vehicle_footprint,88.31221648220787,43.833,132.14521648220787,0.3317032668064962
91,23-02-2026 12:09,1771828790.0,1,run_20260223_120453_8329,296.7650091648102,/Volumes/New Volume/23_02_2026_navneet/run_20260223_120453_8329/LENS1/video_lens1.mp4,sample_0091_run_20260223_120453_8329_offset_000296765_lens1,outputs/extracted_frames_v2/run_20260223_120453_8329/lens1/sample_0091_run_20260223_120453_8329_offset_000296765_lens1.jpg,sample_0091_run_20260223_120453_8329_offset_000296765_lens1_preprocessed_lens1,outputs/preprocessed_frames_v2/run_20260223_120453_8329/lens1/sample_0091_run_20260223_120453_8329_offset_000296765_lens1_preprocessed_lens1.jpg,,,,,,,,,recovered_existing_file,True,,,,,,,,,success,,71,success,,1684,1728,/Users/aryansatyendrakumar/Projects/roadside-pm-visual-intelligence/outputs/preprocessed_frames_v2/run_20260223_120453_8329/lens1/sample_0091_run_20260223_120453_8329_offset_000296765_lens1_preprocessed_lens1.jpg,1055914,529997,525917,0.4980680244792663,8.892617225646973,10.343833923339844,12.937850952148438,18.436784744262695,31.86782455444336,7.3551812171936035,86.92581083490772,153373,151544,1345.489786223278,1345.489786223278,0.5,20.0,0.1821325575129761,18.213255751297616,529997,2909952,1024,1050,1345.489786223278,1345.489786223278,outputs/road_area_lens1_batch/masks/sample_00091_lens_1_row_000071_road_mask.png,outputs/road_area_lens1_batch/masks/sample_00091_lens_1_row_000071_raw_road_mask_before_cleaning.png,outputs/road_area_lens1_batch/depth_previews/sample_00091_lens_1_row_000071_depth_preview.png,needs_visual_review,86.92581083490772,58.632,145.5578108349077,0.4028090259374721,13,6,7.525,2.457,2.4000000000000004,20.0,,26.25,30.3142,6.0,117.24001083490772,0.258565312167082,good,acceptable_visible_road,use_primary,30.3142,0.3487364651400687,v1_depth_visible_plus_nms_conservative_vehicle_footprint,86.92581083490772,30.3142,117.24001083490772,0.258565312167082
92,23-02-2026 12:10,1771828800.0,1,run_20260223_120453_8329,306.7650091648102,/Volumes/New Volume/23_02_2026_navneet/run_20260223_120453_8329/LENS1/video_lens1.mp4,sample_0092_run_20260223_120453_8329_offset_000306765_lens1,outputs/extracted_frames_v2/run_20260223_120453_8329/lens1/sample_0092_run_20260223_120453_8329_offset_000306765_lens1.jpg,sample_0092_run_20260223_120453_8329_offset_000306765_lens1_preprocessed_lens1,outputs/preprocessed_frames_v2/run_20260223_120453_8329/lens1/sample_0092_run_20260223_120453_8329_offset_000306765_lens1_preprocessed_lens1.jpg,,,,,,,,,recovered_existing_file,True,,,,,,,,,success,,72,success,,1684,1728,/Users/aryansatyendrakumar/Projects/roadside-pm-visual-intelligence/outputs/preprocessed_frames_v2/run_20260223_120453_8329/lens1/sample_0092_run_20260223_120453_8329_offset_000306765_lens1_preprocessed_lens1.jpg,875510,349711,525799,0.600563100364359,8.72242546081543,9.59881591796875,11.20063304901123,13.929984092712402,19.34024429321289,3.860050678253174,52.66911407821279,120405,118790,1345.489786223278,1345.489786223278,0.5,20.0,0.1201775836852291,12.017758368522918,349711,2909952,1024,1050,1345.489786223278,1345.489786223278,outputs/road_area_lens1_batch/masks/sample_00092_lens_1_row_000072_road_mask.png,outputs/road_area_lens1_batch/masks/sample_00092_lens_1_row_000072_raw_road_mask_before_cleaning.png,outputs/road_area_lens1_batch/depth_previews/sample_00092_lens_1_row_000072_depth_preview.png,needs_visual_review,52.66911407821279,30.27125,82.9403640782128,0.364976092598945,15,4,4.891249999999999,3.78,1.6,20.0,,0.0,16.00275,4.0,68.67186407821279,0.233032118973411,good,acceptable_visible_road,use_primary,16.00275,0.3038355643543989,v1_depth_visible_plus_nms_conservative_vehicle_footprint,52.66911407821279,16.00275,68.67186407821279,0.233032118973411
93,23-02-2026 12:10,1771828810.0,1,run_20260223_120453_8329,316.7650091648102,/Volumes/New Volume/23_02_2026_navneet/run_20260223_120453_8329/LENS1/video_lens1.mp4,sample_0093_run_20260223_120453_8329_offset_000316765_lens1,outputs/extracted_frames_v2/run_20260223_120453_8329/lens1/sample_0093_run_20260223_120453_8329_offset_000316765_lens1.jpg,sample_0093_run_20260223_120453_8329_offset_000316765_lens1_preprocessed_lens1,outputs/preprocessed_frames_v2/run_20260223_120453_8329/lens1/sample_0093_run_20260223_120453_8329_offset_000316765_lens1_preprocessed_lens1.jpg,,,,,,,,,recovered_existing_file,True,,,,,,,,,success,,73,success,,1684,1728,/Users/aryansatyendrakumar/Projects/roadside-pm-visual-intelligence/outputs/preprocessed_frames_v2/run_20260223_120453_8329/lens1/sample_0093_run_20260223_120453_8329_offset_000316765_lens1_preprocessed_lens1.jpg,943515,410080,533435,0.5653699199270812,8.504261016845703,9.379681587219238,10.797565460205078,13.921281814575195,25.057762145996097,5.115124702453613,51.80540223982266,131938,130298,1345.489786223278,1345.489786223278,0.5,20.0,0.1409232867071347,14.092328670713467,410080,2909952,1024,1050,1345.489786223278,1345.489786223278,outputs/road_area_lens1_batch/masks/sample_00093_lens_1_row_000073_road_mask.png,outputs/road_area_lens1_batch/masks/sample_00093_lens_1_row_000073_raw_road_mask_before_cleaning.png,outputs/road_area_lens1_batch/depth_previews/sample_00093_lens_1_row_000073_depth_preview.png,needs_visual_review,51.80540223982266,50.375,102.18040223982266,0.4930006037925676,17,4,7.525,0.0,1.6,15.0,,26.25,25.94,4.0,77.74540223982267,0.3336531711545129,medium,acceptable_visible_road,use_primary,25.94,0.5007199805131519,v1_depth_visible_plus_nms_conservative_vehicle_footprint,51.80540223982266,25.94,77.74540223982267,0.3336531711545129
94,23-02-2026 12:10,1771828820.0,1,run_20260223_120453_8329,326.7650091648102,/Volumes/New Volume/23_02_2026_navneet/run_20260223_120453_8329/LENS1/video_lens1.mp4,sample_0094_run_20260223_120453_8329_offset_000326765_lens1,outputs/extracted_frames_v2/run_20260223_120453_8329/lens1/sample_0094_run_20260223_120453_8329_offset_000326765_lens1.jpg,sample_0094_run_20260223_120453_8329_offset_000326765_lens1_preprocessed_lens1,outputs/preprocessed_frames_v2/run_20260223_120453_8329/lens1/sample_0094_run_20260223_120453_8329_offset_000326765_lens1_preprocessed_lens1.jpg,,,,,,,,,recovered_existing_file,True,,,,,,,,,success,,74,success,,1684,1728,/Users/aryansatyendrakumar/Projects/roadside-pm-visual-intelligence/outputs/preprocessed_frames_v2/run_20260223_120453_8329/lens1/sample_0094_run_20260223_120453_8329_offset_000326765_lens1_preprocessed_lens1.jpg,891359,351165,540194,0.6060341568324322,8.370451927185059,9.124873161315918,10.300126075744627,14.09589385986328,29.617815017700195,7.0474467277526855,44.76297237945734,112091,110727,1345.489786223278,1345.489786223278,0.5,20.0,0.1206772482845077,12.067724828450778,351165,2909952,1024,1050,1345.489786223278,1345.489786223278,outputs/road_area_lens1_batch/masks/sample_00094_lens_1_row_000074_road_mask.png,outputs/road_area_lens1_batch/masks/sample_00094_lens_1_row_000074_raw_road_mask_before_cleaning.png,outputs/road_area_lens1_batch/depth_previews/sample_00094_lens_1_row_000074_depth_preview.png,needs_visual_review,44.76297237945734,43.4525,88.21547237945734,0.4925723212487013,15,6,15.05,11.34,0.0,0.0,,17.0625,24.365249999999996,6.0,69.12822237945733,0.3524645819221956,medium,acceptable_visible_road,use_primary,24.365249999999996,0.5443170706684732,v1_depth_visible_plus_nms_conservative_vehicle_footprint,44.76297237945734,24.365249999999996,69.12822237945733,0.3524645819221956
95,23-02-2026 12:10,1771828830.0,1,run_20260223_120453_8329,336.7650091648102,/Volumes/New Volume/23_02_2026_navneet/run_20260223_120453_8329/LENS1/video_lens1.mp4,sample_0095_run_20260223_120453_8329_offset_000336765_lens1,outputs/extracted_frames_v2/run_20260223_120453_8329/lens1/sample_0095_run_20260223_120453_8329_offset_000336765_lens1.jpg,sample_0095_run_20260223_120453_8329_offset_000336765_lens1_preprocessed_lens1,outputs/preprocessed_frames_v2/run_20260223_120453_8329/lens1/sample_0095_run_20260223_120453_8329_offset_000336765_lens1_preprocessed_lens1.jpg,,,,,,,,,recovered_existing_file,True,,,,,,,,,success,,75,success,,1684,1728,/Users/aryansatyendrakumar/Projects/roadside-pm-visual-intelligence/outputs/preprocessed_frames_v2/run_20260223_120453_8329/lens1/sample_0095_run_20260223_120453_8329_offset_000336765_lens1_preprocessed_lens1.jpg,1076918,552860,524058,0.4866275798157334,8.638932228088379,10.168062210083008,15.351696014404297,24.205162048339844,50.354698181152344,13.657313346862791,92.7520662036865,130845,129251,1345.489786223278,1345.489786223278,0.5,20.0,0.1899893881411102,18.998938814111025,552860,2909952,1024,1050,1345.489786223278,1345.489786223278,outputs/road_area_lens1_batch/masks/sample_00095_lens_1_row_000075_road_mask.png,outputs/road_area_lens1_batch/masks/sample_00095_lens_1_row_000075_raw_road_mask_before_cleaning.png,outputs/road_area_lens1_batch/depth_previews/sample_00095_lens_1_row_000075_depth_preview.png,needs_visual_review,92.7520662036865,49.1125,141.86456620368648,0.3461928606575739,29,11,24.832499999999996,22.68,1.6,0.0,,0.0,29.307499999999997,11.0,122.0595662036865,0.2401081776015261,good,acceptable_visible_road,use_primary,29.307499999999997,0.3159767884376806,v1_depth_visible_plus_nms_conservative_vehicle_footprint,92.7520662036865,29.307499999999997,122.0595662036865,0.2401081776015261
96,23-02-2026 12:10,1771828840.0,1,run_20260223_120453_8329,346.7650091648102,/Volumes/New Volume/23_02_2026_navneet/run_20260223_120453_8329/LENS1/video_lens1.mp4,sample_0096_run_20260223_120453_8329_offset_000346765_lens1,outputs/extracted_frames_v2/run_20260223_120453_8329/lens1/sample_0096_run_20260223_120453_8329_offset_000346765_lens1.jpg,sample_0096_run_20260223_120453_8329_offset_000346765_lens1_preprocessed_lens1,outputs/preprocessed_frames_v2/run_20260223_120453_8329/lens1/sample_0096_run_20260223_120453_8329_offset_000346765_lens1_preprocessed_lens1.jpg,,,,,,,,,recovered_existing_file,True,,,,,,,,,success,,76,success,,1684,1728,/Users/aryansatyendrakumar/Projects/roadside-pm-visual-intelligence/outputs/preprocessed_frames_v2/run_20260223_120453_8329/lens1/sample_0096_run_20260223_120453_8329_offset_000346765_lens1_preprocessed_lens1.jpg,1009007,480869,528138,0.5234235243164814,8.53030776977539,9.72413444519043,12.465187072753906,18.127700805664062,42.46630859375,12.582246780395508,72.24776558270592,139023,137498,1345.489786223278,1345.489786223278,0.5,20.0,0.1652498048077769,16.52498048077769,480869,2909952,1024,1050,1345.489786223278,1345.489786223278,outputs/road_area_lens1_batch/masks/sample_00096_lens_1_row_000076_road_mask.png,outputs/road_area_lens1_batch/masks/sample_00096_lens_1_row_000076_raw_road_mask_before_cleaning.png,outputs/road_area_lens1_batch/depth_previews/sample_00096_lens_1_row_000076_depth_preview.png,needs_visual_review,72.24776558270592,38.23575,110.48351558270592,0.3460765146577674,15,7,28.218749999999996,10.017,0.0,0.0,,,22.94145,7.0,95.18921558270593,0.241008919545798,good,acceptable_visible_road,use_primary,22.94145,0.31753853998069576,v1_depth_visible_plus_nms_conservative_vehicle_footprint,72.24776558270592,22.94145,95.18921558270593,0.241008919545798
97,23-02-2026 12:10,1771828850.0,1,run_20260223_120453_8329,356.7650091648102,/Volumes/New Volume/23_02_2026_navneet/run_20260223_120453_8329/LENS1/video_lens1.mp4,sample_0097_run_20260223_120453_8329_offset_000356765_lens1,outputs/extracted_frames_v2/run_20260223_120453_8329/lens1/sample_0097_run_20260223_120453_8329_offset_000356765_lens1.jpg,sample_0097_run_20260223_120453_8329_offset_000356765_lens1_preprocessed_lens1,outputs/preprocessed_frames_v2/run_20260223_120453_8329/lens1/sample_0097_run_20260223_120453_8329_offset_000356765_lens1_preprocessed_lens1.jpg,,,,,,,,,recovered_existing_file,True,,,,,,,,,success,,77,success,,1684,1728,/Users/aryansatyendrakumar/Projects/roadside-pm-visual-intelligence/outputs/preprocessed_frames_v2/run_20260223_120453_8329/lens1/sample_0097_run_20260223_120453_8329_offset_000356765_lens1_preprocessed_lens1.jpg,1030683,505240,525443,0.5098007825878568,8.808384895324707,9.823860168457031,12.025884628295898,15.707682609558104,24.120237350463867,5.876432418823242,88.77502478834099,166358,164754,1345.489786223278,1345.489786223278,0.5,20.0,0.1736248570423154,17.36248570423155,505240,2909952,1024,1050,1345.489786223278,1345.489786223278,outputs/road_area_lens1_batch/masks/sample_00097_lens_1_row_000077_road_mask.png,outputs/road_area_lens1_batch/masks/sample_00097_lens_1_row_000077_raw_road_mask_before_cleaning.png,outputs/road_area_lens1_batch/depth_previews/sample_00097_lens_1_row_000077_depth_preview.png,needs_visual_review,88.77502478834099,28.812,117.58702478834098,0.2450270346737846,12,5,22.575,6.237,,0.0,,,17.2872,5.0,106.06222478834098,0.1629911123823636,good,acceptable_visible_road,use_primary,17.2872,0.19473044407722162,v1_depth_visible_plus_nms_conservative_vehicle_footprint,88.77502478834099,17.2872,106.06222478834098,0.1629911123823636
98,23-02-2026 12:11,1771828860.0,1,run_20260223_120453_8329,366.7650091648102,/Volumes/New Volume/23_02_2026_navneet/run_20260223_120453_8329/LENS1/video_lens1.mp4,sample_0098_run_20260223_120453_8329_offset_000366765_lens1,outputs/extracted_frames_v2/run_20260223_120453_8329/lens1/sample_0098_run_20260223_120453_8329_offset_000366765_lens1.jpg,sample_0098_run_20260223_120453_8329_offset_000366765_lens1_preprocessed_lens1,outputs/preprocessed_frames_v2/run_20260223_120453_8329/lens1/sample_0098_run_20260223_120453_8329_offset_000366765_lens1_preprocessed_lens1.jpg,,,,,,,,,recovered_existing_file,True,,,,,,,,,success,,78,success,,1684,1728,/Users/aryansatyendrakumar/Projects/roadside-pm-visual-intelligence/outputs/preprocessed_frames_v2/run_20260223_120453_8329/lens1/sample_0098_run_20260223_120453_8329_offset_000366765_lens1_preprocessed_lens1.jpg,1106764,580926,525838,0.475113032227286,8.629249572753906,9.983362197875977,12.29043197631836,15.771812438964844,38.23716354370117,10.055703163146973,91.026114528723,178353,176659,1345.489786223278,1345.489786223278,0.5,20.0,0.1996342207706518,19.96342207706519,580926,2909952,1024,1050,1345.489786223278,1345.489786223278,outputs/road_area_lens1_batch/masks/sample_00098_lens_1_row_000078_road_mask.png,outputs/road_area_lens1_batch/masks/sample_00098_lens_1_row_000078_raw_road_mask_before_cleaning.png,outputs/road_area_lens1_batch/depth_previews/sample_00098_lens_1_row_000078_depth_preview.png,needs_visual_review,91.026114528723,50.20000000000001,141.226114528723,0.3554583383357911,22,10,30.1,18.9,1.2000000000000002,0.0,,0.0,29.999999999999996,10.0,121.026114528723,0.2478803861201388,good,acceptable_visible_road,use_primary,29.999999999999996,0.32957575038022296,v1_depth_visible_plus_nms_conservative_vehicle_footprint,91.026114528723,29.999999999999996,121.026114528723,0.2478803861201388
99,23-02-2026 12:11,1771828870.0,1,run_20260223_120453_8329,376.7650091648102,/Volumes/New Volume/23_02_2026_navneet/run_20260223_120453_8329/LENS1/video_lens1.mp4,sample_0099_run_20260223_120453_8329_offset_000376765_lens1,outputs/extracted_frames_v2/run_20260223_120453_8329/lens1/sample_0099_run_20260223_120453_8329_offset_000376765_lens1.jpg,sample_0099_run_20260223_120453_8329_offset_000376765_lens1_preprocessed_lens1,outputs/preprocessed_frames_v2/run_20260223_120453_8329/lens1/sample_0099_run_20260223_120453_8329_offset_000376765_lens1_preprocessed_lens1.jpg,,,,,,,,,recovered_existing_file,True,,,,,,,,,success,,79,success,,1684,1728,/Users/aryansatyendrakumar/Projects/roadside-pm-visual-intelligence/outputs/preprocessed_frames_v2/run_20260223_120453_8329/lens1/sample_0099_run_20260223_120453_8329_offset_000376765_lens1_preprocessed_lens1.jpg,1069817,544392,525425,0.4911353997926748,8.76834774017334,9.860774993896484,11.790496826171877,16.216564178466797,40.07387924194336,10.752854347229004,83.94887126644764,170320,168786,1345.489786223278,1345.489786223278,0.5,20.0,0.1870793745051464,18.70793745051465,544392,2909952,1024,1050,1345.489786223278,1345.489786223278,outputs/road_area_lens1_batch/masks/sample_00099_lens_1_row_000079_road_mask.png,outputs/road_area_lens1_batch/masks/sample_00099_lens_1_row_000079_raw_road_mask_before_cleaning.png,outputs/road_area_lens1_batch/depth_previews/sample_00099_lens_1_row_000079_depth_preview.png,needs_visual_review,83.94887126644764,45.68,129.62887126644765,0.3523906329949163,24,10,30.1,11.34,4.24,0.0,,0.0,26.984,10.0,110.93287126644763,0.2432462054929383,good,acceptable_visible_road,use_primary,26.984,0.3214337440506465,v1_depth_visible_plus_nms_conservative_vehicle_footprint,83.94887126644764,26.984,110.93287126644763,0.2432462054929383
100,23-02-2026 12:11,1771828880.0,1,run_20260223_120453_8329,386.7650091648102,/Volumes/New Volume/23_02_2026_navneet/run_20260223_120453_8329/LENS1/video_lens1.mp4,sample_0100_run_20260223_120453_8329_offset_000386765_lens1,outputs/extracted_frames_v2/run_20260223_120453_8329/lens1/sample_0100_run_20260223_120453_8329_offset_000386765_lens1.jpg,sample_0100_run_20260223_120453_8329_offset_000386765_lens1_preprocessed_lens1,outputs/preprocessed_frames_v2/run_20260223_120453_8329/lens1/sample_0100_run_20260223_120453_8329_offset_000386765_lens1_preprocessed_lens1.jpg,,,,,,,,,recovered_existing_file,True,,,,,,,,,success,,80,success,,1684,1728,/Users/aryansatyendrakumar/Projects/roadside-pm-visual-intelligence/outputs/preprocessed_frames_v2/run_20260223_120453_8329/lens1/sample_0100_run_20260223_120453_8329_offset_000386765_lens1_preprocessed_lens1.jpg,831013,314644,516369,0.621372950844331,8.141444206237793,9.40846061706543,12.547164916992188,21.39261054992676,31.400535583496097,8.75774097442627,52.09247927671081,80690,79114,1345.489786223278,1345.489786223278,0.5,20.0,0.1081268694466437,10.81268694466438,314644,2909952,1024,1050,1345.489786223278,1345.489786223278,outputs/road_area_lens1_batch/masks/sample_00100_lens_1_row_000080_road_mask.png,outputs/road_area_lens1_batch/masks/sample_00100_lens_1_row_000080_raw_road_mask_before_cleaning.png,outputs/road_area_lens1_batch/depth_previews/sample_00100_lens_1_row_000080_depth_preview.png,needs_visual_review,52.09247927671081,26.92125,79.01372927671082,0.3407161039788435,15,6,19.941249999999997,3.78,3.2,0.0,,,15.83275,6.0,67.92522927671081,0.2330908584128768,good,acceptable_visible_road,use_primary,15.83275,0.3039354282966219,v1_depth_visible_plus_nms_conservative_vehicle_footprint,52.09247927671081,15.83275,67.92522927671081,0.2330908584128768
101,23-02-2026 12:11,1771828890.0,1,run_20260223_120453_8329,396.7650091648102,/Volumes/New Volume/23_02_2026_navneet/run_20260223_120453_8329/LENS1/video_lens1.mp4,sample_0101_run_20260223_120453_8329_offset_000396765_lens1,outputs/extracted_frames_v2/run_20260223_120453_8329/lens1/sample_0101_run_20260223_120453_8329_offset_000396765_lens1.jpg,sample_0101_run_20260223_120453_8329_offset_000396765_lens1_preprocessed_lens1,outputs/preprocessed_frames_v2/run_20260223_120453_8329/lens1/sample_0101_run_20260223_120453_8329_offset_000396765_lens1_preprocessed_lens1.jpg,,,,,,,,,recovered_existing_file,True,,,,,,,,,success,,81,success,,1684,1728,/Users/aryansatyendrakumar/Projects/roadside-pm-visual-intelligence/outputs/preprocessed_frames_v2/run_20260223_120453_8329/lens1/sample_0101_run_20260223_120453_8329_offset_000396765_lens1_preprocessed_lens1.jpg,1108188,582780,525408,0.4741145004277252,8.928178787231445,10.246587753295898,12.141271591186523,15.820728302001951,24.636512756347656,5.649223327636719,98.29479889697916,189703,188290,1345.489786223278,1345.489786223278,0.5,20.0,0.2002713446819741,20.027134468197413,582780,2909952,1024,1050,1345.489786223278,1345.489786223278,outputs/road_area_lens1_batch/masks/sample_00101_lens_1_row_000081_road_mask.png,outputs/road_area_lens1_batch/masks/sample_00101_lens_1_row_000081_raw_road_mask_before_cleaning.png,outputs/road_area_lens1_batch/depth_previews/sample_00101_lens_1_row_000081_depth_preview.png,needs_visual_review,98.29479889697916,31.735,130.02979889697917,0.2440594407528324,24,6,22.575,7.56,1.6,0.0,,0.0,18.881,6.0,117.17579889697916,0.1611339557974779,good,acceptable_visible_road,use_primary,18.881,0.19208544309438796,v1_depth_visible_plus_nms_conservative_vehicle_footprint,98.29479889697916,18.881,117.17579889697916,0.1611339557974779
102,23-02-2026 12:11,1771828900.0,1,run_20260223_120453_8329,406.7650091648102,/Volumes/New Volume/23_02_2026_navneet/run_20260223_120453_8329/LENS1/video_lens1.mp4,sample_0102_run_20260223_120453_8329_offset_000406765_lens1,outputs/extracted_frames_v2/run_20260223_120453_8329/lens1/sample_0102_run_20260223_120453_8329_offset_000406765_lens1.jpg,sample_0102_run_20260223_120453_8329_offset_000406765_lens1_preprocessed_lens1,outputs/preprocessed_frames_v2/run_20260223_120453_8329/lens1/sample_0102_run_20260223_120453_8329_offset_000406765_lens1_preprocessed_lens1.jpg,,,,,,,,,recovered_existing_file,True,,,,,,,,,success,,82,success,,1684,1728,/Users/aryansatyendrakumar/Projects/roadside-pm-visual-intelligence/outputs/preprocessed_frames_v2/run_20260223_120453_8329/lens1/sample_0102_run_20260223_120453_8329_offset_000406765_lens1_preprocessed_lens1.jpg,1162395,636915,525480,0.4520666382770056,8.840465545654297,10.380107879638672,13.074454307556152,17.636682510375977,30.330644607543945,8.486021041870117,111.3604077415037,193661,192028,1345.489786223278,1345.489786223278,0.5,20.0,0.2188747443256796,21.88747443256796,636915,2909952,1024,1050,1345.489786223278,1345.489786223278,outputs/road_area_lens1_batch/masks/sample_00102_lens_1_row_000082_road_mask.png,outputs/road_area_lens1_batch/masks/sample_00102_lens_1_row_000082_raw_road_mask_before_cleaning.png,outputs/road_area_lens1_batch/depth_previews/sample_00102_lens_1_row_000082_depth_preview.png,needs_visual_review,111.3604077415037,52.9,164.2604077415037,0.3220496084683329,16,7,30.1,0.0,2.8000000000000003,20.0,,0.0,29.46,7.0,140.82040774150371,0.2092026324343422,good,acceptable_visible_road,use_primary,29.46,0.26454644516374504,v1_depth_visible_plus_nms_conservative_vehicle_footprint,111.3604077415037,29.46,140.82040774150371,0.2092026324343422
103,23-02-2026 12:11,1771828910.0,1,run_20260223_120453_8329,416.7650091648102,/Volumes/New Volume/23_02_2026_navneet/run_20260223_120453_8329/LENS1/video_lens1.mp4,sample_0103_run_20260223_120453_8329_offset_000416765_lens1,outputs/extracted_frames_v2/run_20260223_120453_8329/lens1/sample_0103_run_20260223_120453_8329_offset_000416765_lens1.jpg,sample_0103_run_20260223_120453_8329_offset_000416765_lens1_preprocessed_lens1,outputs/preprocessed_frames_v2/run_20260223_120453_8329/lens1/sample_0103_run_20260223_120453_8329_offset_000416765_lens1_preprocessed_lens1.jpg,,,,,,,,,recovered_existing_file,True,,,,,,,,,success,,83,success,,1684,1728,/Users/aryansatyendrakumar/Projects/roadside-pm-visual-intelligence/outputs/preprocessed_frames_v2/run_20260223_120453_8329/lens1/sample_0103_run_20260223_120453_8329_offset_000416765_lens1_preprocessed_lens1.jpg,1148747,623317,525430,0.4573940127808821,8.797170639038086,10.19737148284912,12.406906127929688,16.94784164428711,30.493539810180664,7.897934913635254,94.00894619318947,187854,186508,1345.489786223278,1345.489786223278,0.5,20.0,0.2142018150127562,21.42018150127562,623317,2909952,1024,1050,1345.489786223278,1345.489786223278,outputs/road_area_lens1_batch/masks/sample_00103_lens_1_row_000083_road_mask.png,outputs/road_area_lens1_batch/masks/sample_00103_lens_1_row_000083_raw_road_mask_before_cleaning.png,outputs/road_area_lens1_batch/depth_previews/sample_00103_lens_1_row_000083_depth_preview.png,needs_visual_review,94.00894619318947,23.14125,117.15019619318949,0.1975348804524265,16,5,19.941249999999997,,3.2,0.0,,0.0,13.564749999999998,5.0,107.57369619318948,0.1260972754495609,good,acceptable_visible_road,use_primary,13.564749999999998,0.1442921184556657,v1_depth_visible_plus_nms_conservative_vehicle_footprint,94.00894619318947,13.564749999999998,107.57369619318948,0.1260972754495609
104,23-02-2026 12:12,1771828920.0,1,run_20260223_120453_8329,426.7650091648102,/Volumes/New Volume/23_02_2026_navneet/run_20260223_120453_8329/LENS1/video_lens1.mp4,sample_0104_run_20260223_120453_8329_offset_000426765_lens1,outputs/extracted_frames_v2/run_20260223_120453_8329/lens1/sample_0104_run_20260223_120453_8329_offset_000426765_lens1.jpg,sample_0104_run_20260223_120453_8329_offset_000426765_lens1_preprocessed_lens1,outputs/preprocessed_frames_v2/run_20260223_120453_8329/lens1/sample_0104_run_20260223_120453_8329_offset_000426765_lens1_preprocessed_lens1.jpg,,,,,,,,,recovered_existing_file,True,,,,,,,,,success,,84,success,,1684,1728,/Users/aryansatyendrakumar/Projects/roadside-pm-visual-intelligence/outputs/preprocessed_frames_v2/run_20260223_120453_8329/lens1/sample_0104_run_20260223_120453_8329_offset_000426765_lens1_preprocessed_lens1.jpg,815193,293849,521344,0.6395344415371574,9.087592124938965,10.471565246582031,13.803580284118652,18.57618522644043,25.992141723632812,8.095046997070312,56.08100705663819,83664,82225,1345.489786223278,1345.489786223278,0.5,20.0,0.1009807034617753,10.098070346177533,293849,2909952,1024,1050,1345.489786223278,1345.489786223278,outputs/road_area_lens1_batch/masks/sample_00104_lens_1_row_000084_road_mask.png,outputs/road_area_lens1_batch/masks/sample_00104_lens_1_row_000084_raw_road_mask_before_cleaning.png,outputs/road_area_lens1_batch/depth_previews/sample_00104_lens_1_row_000084_depth_preview.png,needs_visual_review,56.08100705663819,25.78125,81.86225705663819,0.3149345122766732,23,7,19.941249999999997,0.0,5.84,0.0,,,14.88475,7.0,70.9657570566382,0.2097455254105214,good,acceptable_visible_road,use_primary,14.88475,0.26541516961290235,v1_depth_visible_plus_nms_conservative_vehicle_footprint,56.08100705663819,14.88475,70.9657570566382,0.2097455254105214
105,23-02-2026 12:12,1771828930.0,1,run_20260223_120453_8329,436.7650091648102,/Volumes/New Volume/23_02_2026_navneet/run_20260223_120453_8329/LENS1/video_lens1.mp4,sample_0105_run_20260223_120453_8329_offset_000436765_lens1,outputs/extracted_frames_v2/run_20260223_120453_8329/lens1/sample_0105_run_20260223_120453_8329_offset_000436765_lens1.jpg,sample_0105_run_20260223_120453_8329_offset_000436765_lens1_preprocessed_lens1,outputs/preprocessed_frames_v2/run_20260223_120453_8329/lens1/sample_0105_run_20260223_120453_8329_offset_000436765_lens1_preprocessed_lens1.jpg,,,,,,,,,recovered_existing_file,True,,,,,,,,,success,,85,success,,1684,1728,/Users/aryansatyendrakumar/Projects/roadside-pm-visual-intelligence/outputs/preprocessed_frames_v2/run_20260223_120453_8329/lens1/sample_0105_run_20260223_120453_8329_offset_000436765_lens1_preprocessed_lens1.jpg,761570,237126,524444,0.6886353191433486,9.064207077026367,9.868305206298828,11.34493637084961,13.707146644592283,22.69025230407715,4.606265544891357,32.738786848223725,79562,78300,1345.489786223278,1345.489786223278,0.5,20.0,0.0814879420691475,8.148794206914753,237126,2909952,1024,1050,1345.489786223278,1345.489786223278,outputs/road_area_lens1_batch/masks/sample_00105_lens_1_row_000085_road_mask.png,outputs/road_area_lens1_batch/masks/sample_00105_lens_1_row_000085_raw_road_mask_before_cleaning.png,outputs/road_area_lens1_batch/depth_previews/sample_00105_lens_1_row_000085_depth_preview.png,needs_visual_review,32.738786848223725,15.21625,47.95503684822373,0.3173024357828976,18,5,12.416249999999998,0.0,2.8000000000000003,0.0,,,8.84975,5.0,41.588536848223725,0.2127930115045146,good,acceptable_visible_road,use_primary,8.84975,0.2703139258344312,v1_depth_visible_plus_nms_conservative_vehicle_footprint,32.738786848223725,8.84975,41.588536848223725,0.2127930115045146
106,23-02-2026 12:12,1771828940.0,1,run_20260223_120453_8329,446.7650091648102,/Volumes/New Volume/23_02_2026_navneet/run_20260223_120453_8329/LENS1/video_lens1.mp4,sample_0106_run_20260223_120453_8329_offset_000446765_lens1,outputs/extracted_frames_v2/run_20260223_120453_8329/lens1/sample_0106_run_20260223_120453_8329_offset_000446765_lens1.jpg,sample_0106_run_20260223_120453_8329_offset_000446765_lens1_preprocessed_lens1,outputs/preprocessed_frames_v2/run_20260223_120453_8329/lens1/sample_0106_run_20260223_120453_8329_offset_000446765_lens1_preprocessed_lens1.jpg,,,,,,,,,recovered_existing_file,True,,,,,,,,,success,,86,success,,1684,1728,/Users/aryansatyendrakumar/Projects/roadside-pm-visual-intelligence/outputs/preprocessed_frames_v2/run_20260223_120453_8329/lens1/sample_0106_run_20260223_120453_8329_offset_000446765_lens1_preprocessed_lens1.jpg,689876,183654,506222,0.7337869414213569,8.883967399597168,9.7078275680542,11.069794654846191,13.257113456726074,24.8488712310791,5.162753582000732,24.127780239769557,60602,59833,1345.489786223278,1345.489786223278,0.5,20.0,0.0631123812351543,6.311238123515439,183654,2909952,1024,1050,1345.489786223278,1345.489786223278,outputs/road_area_lens1_batch/masks/sample_00106_lens_1_row_000086_road_mask.png,outputs/road_area_lens1_batch/masks/sample_00106_lens_1_row_000086_raw_road_mask_before_cleaning.png,outputs/road_area_lens1_batch/depth_previews/sample_00106_lens_1_row_000086_depth_preview.png,needs_visual_review,24.127780239769557,9.125,33.25278023976956,0.2744131448319233,17,2,7.525,0.0,1.6,0.0,,,5.3149999999999995,2.0,29.44278023976955,0.1805196369608062,good,low_visible_road,use_sensitivity_only,5.3149999999999995,0.2202854944459144,v1_depth_visible_plus_nms_conservative_vehicle_footprint,24.127780239769557,5.3149999999999995,29.44278023976955,0.1805196369608062
107,23-02-2026 12:12,1771828950.0,1,run_20260223_120453_8329,456.7650091648102,/Volumes/New Volume/23_02_2026_navneet/run_20260223_120453_8329/LENS1/video_lens1.mp4,sample_0107_run_20260223_120453_8329_offset_000456765_lens1,outputs/extracted_frames_v2/run_20260223_120453_8329/lens1/sample_0107_run_20260223_120453_8329_offset_000456765_lens1.jpg,sample_0107_run_20260223_120453_8329_offset_000456765_lens1_preprocessed_lens1,outputs/preprocessed_frames_v2/run_20260223_120453_8329/lens1/sample_0107_run_20260223_120453_8329_offset_000456765_lens1_preprocessed_lens1.jpg,,,,,,,,,recovered_existing_file,True,,,,,,,,,success,,87,success,,1684,1728,/Users/aryansatyendrakumar/Projects/roadside-pm-visual-intelligence/outputs/preprocessed_frames_v2/run_20260223_120453_8329/lens1/sample_0107_run_20260223_120453_8329_offset_000456765_lens1_preprocessed_lens1.jpg,703483,191569,511914,0.7276849618256589,8.273780822753906,9.83591365814209,11.440052032470703,14.708772659301758,38.71064758300781,9.617827415466309,26.90774199386999,55967,54929,1345.489786223278,1345.489786223278,0.5,20.0,0.0658323573722178,6.5832357372217825,191569,2909952,1024,1050,1345.489786223278,1345.489786223278,outputs/road_area_lens1_batch/masks/sample_00107_lens_1_row_000087_road_mask.png,outputs/road_area_lens1_batch/masks/sample_00107_lens_1_row_000087_raw_road_mask_before_cleaning.png,outputs/road_area_lens1_batch/depth_previews/sample_00107_lens_1_row_000087_depth_preview.png,needs_visual_review,26.90774199386999,19.85,46.75774199386999,0.4245286267801889,22,5,15.05,0.0,4.800000000000001,0.0,,,11.43,5.0,38.33774199386999,0.2981396244418254,good,low_visible_road,use_sensitivity_only,11.43,0.4247848073838353,v1_depth_visible_plus_nms_conservative_vehicle_footprint,26.90774199386999,11.43,38.33774199386999,0.2981396244418254
108,23-02-2026 12:12,1771828960.0,1,run_20260223_120453_8329,466.7650091648102,/Volumes/New Volume/23_02_2026_navneet/run_20260223_120453_8329/LENS1/video_lens1.mp4,sample_0108_run_20260223_120453_8329_offset_000466765_lens1,outputs/extracted_frames_v2/run_20260223_120453_8329/lens1/sample_0108_run_20260223_120453_8329_offset_000466765_lens1.jpg,sample_0108_run_20260223_120453_8329_offset_000466765_lens1_preprocessed_lens1,outputs/preprocessed_frames_v2/run_20260223_120453_8329/lens1/sample_0108_run_20260223_120453_8329_offset_000466765_lens1_preprocessed_lens1.jpg,,,,,,,,,recovered_existing_file,True,,,,,,,,,success,,88,success,,1684,1728,/Users/aryansatyendrakumar/Projects/roadside-pm-visual-intelligence/outputs/preprocessed_frames_v2/run_20260223_120453_8329/lens1/sample_0108_run_20260223_120453_8329_offset_000466765_lens1_preprocessed_lens1.jpg,872573,353163,519410,0.595262516717799,8.770669937133789,9.776634216308594,11.40100383758545,13.670872688293455,22.596864700317383,5.044430255889893,52.92913828801916,119333,118257,1345.489786223278,1345.489786223278,0.5,20.0,0.1213638575481657,12.136385754816574,353163,2909952,1024,1050,1345.489786223278,1345.489786223278,outputs/road_area_lens1_batch/masks/sample_00108_lens_1_row_000088_road_mask.png,outputs/road_area_lens1_batch/masks/sample_00108_lens_1_row_000088_raw_road_mask_before_cleaning.png,outputs/road_area_lens1_batch/depth_previews/sample_00108_lens_1_row_000088_depth_preview.png,needs_visual_review,52.92913828801916,24.042500000000004,76.97163828801916,0.3123553107968897,19,4,0.0,3.78,3.2,,,17.0625,12.39925,4.0,65.32838828801916,0.1897988045462611,good,acceptable_visible_road,use_primary,12.39925,0.23426132374436648,v1_depth_visible_plus_nms_conservative_vehicle_footprint,52.92913828801916,12.39925,65.32838828801916,0.1897988045462611
109,23-02-2026 12:12,1771828970.0,1,run_20260223_120453_8329,476.7650091648102,/Volumes/New Volume/23_02_2026_navneet/run_20260223_120453_8329/LENS1/video_lens1.mp4,sample_0109_run_20260223_120453_8329_offset_000476765_lens1,outputs/extracted_frames_v2/run_20260223_120453_8329/lens1/sample_0109_run_20260223_120453_8329_offset_000476765_lens1.jpg,sample_0109_run_20260223_120453_8329_offset_000476765_lens1_preprocessed_lens1,outputs/preprocessed_frames_v2/run_20260223_120453_8329/lens1/sample_0109_run_20260223_120453_8329_offset_000476765_lens1_preprocessed_lens1.jpg,,,,,,,,,recovered_existing_file,True,,,,,,,,,success,,89,success,,1684,1728,/Users/aryansatyendrakumar/Projects/roadside-pm-visual-intelligence/outputs/preprocessed_frames_v2/run_20260223_120453_8329/lens1/sample_0109_run_20260223_120453_8329_offset_000476765_lens1_preprocessed_lens1.jpg,795457,261107,534350,0.671752212878886,8.904074668884277,9.748504638671877,11.483380317687988,14.497584342956545,20.9161319732666,4.2761430740356445,45.59720152604197,87747,86491,1345.489786223278,1345.489786223278,0.5,20.0,0.0897289714744435,8.972897147444355,261107,2909952,1024,1050,1345.489786223278,1345.489786223278,outputs/road_area_lens1_batch/masks/sample_00109_lens_1_row_000089_road_mask.png,outputs/road_area_lens1_batch/masks/sample_00109_lens_1_row_000089_raw_road_mask_before_cleaning.png,outputs/road_area_lens1_batch/depth_previews/sample_00109_lens_1_row_000089_depth_preview.png,needs_visual_review,45.59720152604197,29.815000000000005,75.41220152604197,0.395360424396363,21,5,0.0,6.615,3.2,20.0,,0.0,15.569,5.0,61.166201526041974,0.2545359955591059,good,acceptable_visible_road,use_primary,15.569,0.34144639317630193,v1_depth_visible_plus_nms_conservative_vehicle_footprint,45.59720152604197,15.569,61.166201526041974,0.2545359955591059
110,23-02-2026 12:13,1771828980.0,1,run_20260223_120453_8329,486.7650091648102,/Volumes/New Volume/23_02_2026_navneet/run_20260223_120453_8329/LENS1/video_lens1.mp4,sample_0110_run_20260223_120453_8329_offset_000486765_lens1,outputs/extracted_frames_v2/run_20260223_120453_8329/lens1/sample_0110_run_20260223_120453_8329_offset_000486765_lens1.jpg,sample_0110_run_20260223_120453_8329_offset_000486765_lens1_preprocessed_lens1,outputs/preprocessed_frames_v2/run_20260223_120453_8329/lens1/sample_0110_run_20260223_120453_8329_offset_000486765_lens1_preprocessed_lens1.jpg,,,,,,,,,recovered_existing_file,True,,,,,,,,,success,,90,success,,1684,1728,/Users/aryansatyendrakumar/Projects/roadside-pm-visual-intelligence/outputs/preprocessed_frames_v2/run_20260223_120453_8329/lens1/sample_0110_run_20260223_120453_8329_offset_000486765_lens1_preprocessed_lens1.jpg,793082,274477,518605,0.6539109448959881,9.299727439880373,10.421271324157717,12.534733772277832,15.285475730895996,19.924909591674805,5.383166313171387,51.32658540480692,94357,93193,1345.489786223278,1345.489786223278,0.5,20.0,0.094323548979502,9.432354897950209,274477,2909952,1024,1050,1345.489786223278,1345.489786223278,outputs/road_area_lens1_batch/masks/sample_00110_lens_1_row_000090_road_mask.png,outputs/road_area_lens1_batch/masks/sample_00110_lens_1_row_000090_raw_road_mask_before_cleaning.png,outputs/road_area_lens1_batch/depth_previews/sample_00110_lens_1_row_000090_depth_preview.png,needs_visual_review,51.32658540480692,16.105,67.43158540480692,0.2388346633601757,24,5,7.525,3.78,4.800000000000001,0.0,,,9.183,5.0,60.50958540480692,0.1517610794813096,good,acceptable_visible_road,use_primary,9.183,0.17891312908456167,v1_depth_visible_plus_nms_conservative_vehicle_footprint,51.32658540480692,9.183,60.50958540480692,0.1517610794813096
118,23-02-2026 12:14,1771829060.0,1,run_20260223_121418_5341,1.549389362335205,/Volumes/New Volume/23_02_2026_navneet/run_20260223_121418_5341/LENS1/video_lens1.mp4,sample_0118_run_20260223_121418_5341_offset_000001549_lens1,outputs/extracted_frames_v2/run_20260223_121418_5341/lens1/sample_0118_run_20260223_121418_5341_offset_000001549_lens1.jpg,sample_0118_run_20260223_121418_5341_offset_000001549_lens1_preprocessed_lens1,outputs/preprocessed_frames_v2/run_20260223_121418_5341/lens1/sample_0118_run_20260223_121418_5341_offset_000001549_lens1_preprocessed_lens1.jpg,,,,,,,,,recovered_existing_file,True,,,,,,,,,success,,91,success,,1684,1728,/Users/aryansatyendrakumar/Projects/roadside-pm-visual-intelligence/outputs/preprocessed_frames_v2/run_20260223_121418_5341/lens1/sample_0118_run_20260223_121418_5341_offset_000001549_lens1_preprocessed_lens1.jpg,660084,228230,431854,0.6542409753910109,9.128350257873535,10.575437545776367,13.29946994781494,19.51803970336914,34.752891540527344,8.880160331726074,35.882769236289604,62862,62071,1345.489786223278,1345.489786223278,0.5,20.0,0.078430846969297,7.843084696929709,228230,2909952,1024,1050,1345.489786223278,1345.489786223278,outputs/road_area_lens1_batch/masks/sample_00118_lens_1_row_000091_road_mask.png,outputs/road_area_lens1_batch/masks/sample_00118_lens_1_row_000091_raw_road_mask_before_cleaning.png,outputs/road_area_lens1_batch/depth_previews/sample_00118_lens_1_row_000091_depth_preview.png,needs_visual_review,35.882769236289604,10.76,46.6427692362896,0.2306895618802231,17,4,0.0,7.56,3.2,0.0,,0.0,6.135999999999999,4.0,42.0187692362896,0.146029979257475,good,acceptable_visible_road,use_primary,6.135999999999999,0.17100129478843093,v1_depth_visible_plus_nms_conservative_vehicle_footprint,35.882769236289604,6.135999999999999,42.0187692362896,0.146029979257475
119,23-02-2026 12:14,1771829070.0,1,run_20260223_121418_5341,11.549389362335203,/Volumes/New Volume/23_02_2026_navneet/run_20260223_121418_5341/LENS1/video_lens1.mp4,sample_0119_run_20260223_121418_5341_offset_000011549_lens1,outputs/extracted_frames_v2/run_20260223_121418_5341/lens1/sample_0119_run_20260223_121418_5341_offset_000011549_lens1.jpg,sample_0119_run_20260223_121418_5341_offset_000011549_lens1_preprocessed_lens1,outputs/preprocessed_frames_v2/run_20260223_121418_5341/lens1/sample_0119_run_20260223_121418_5341_offset_000011549_lens1_preprocessed_lens1.jpg,,,,,,,,,recovered_existing_file,True,,,,,,,,,success,,92,success,,1684,1728,/Users/aryansatyendrakumar/Projects/roadside-pm-visual-intelligence/outputs/preprocessed_frames_v2/run_20260223_121418_5341/lens1/sample_0119_run_20260223_121418_5341_offset_000011549_lens1_preprocessed_lens1.jpg,614438,90235,524203,0.8531422210214863,8.857542037963867,12.309747695922852,20.467817306518555,46.97431945800781,71.50531768798828,20.94316291809082,9.645866649031303,14823,13977,1345.489786223278,1345.489786223278,0.5,20.0,0.0310091025556435,3.1009102555643526,90235,2909952,1024,1050,1345.489786223278,1345.489786223278,outputs/road_area_lens1_batch/masks/sample_00119_lens_1_row_000092_road_mask.png,outputs/road_area_lens1_batch/masks/sample_00119_lens_1_row_000092_raw_road_mask_before_cleaning.png,outputs/road_area_lens1_batch/depth_previews/sample_00119_lens_1_row_000092_depth_preview.png,needs_visual_review,9.645866649031303,13.762,23.407866649031305,0.5879220095680747,9,3,7.525,6.237,0.0,0.0,,0.0,8.2572,3.0,17.903066649031302,0.4612170731346062,medium,very_low_visible_road,exclude_or_manual_review,8.2572,0.856035056303545,v1_depth_visible_plus_nms_conservative_vehicle_footprint,9.645866649031303,8.2572,17.903066649031302,0.4612170731346062
120,23-02-2026 12:14,1771829080.0,1,run_20260223_121418_5341,21.549389362335205,/Volumes/New Volume/23_02_2026_navneet/run_20260223_121418_5341/LENS1/video_lens1.mp4,sample_0120_run_20260223_121418_5341_offset_000021549_lens1,outputs/extracted_frames_v2/run_20260223_121418_5341/lens1/sample_0120_run_20260223_121418_5341_offset_000021549_lens1.jpg,sample_0120_run_20260223_121418_5341_offset_000021549_lens1_preprocessed_lens1,outputs/preprocessed_frames_v2/run_20260223_121418_5341/lens1/sample_0120_run_20260223_121418_5341_offset_000021549_lens1_preprocessed_lens1.jpg,,,,,,,,,recovered_existing_file,True,,,,,,,,,success,,93,success,,1684,1728,/Users/aryansatyendrakumar/Projects/roadside-pm-visual-intelligence/outputs/preprocessed_frames_v2/run_20260223_121418_5341/lens1/sample_0120_run_20260223_121418_5341_offset_000021549_lens1_preprocessed_lens1.jpg,1313934,797122,516812,0.3933317807439339,8.81209659576416,10.527316093444824,13.689386367797852,19.833515167236328,39.847015380859375,11.339125633239746,122.2772710781711,220781,219490,1345.489786223278,1345.489786223278,0.5,20.0,0.2739296043371162,27.39296043371162,797122,2909952,1024,1050,1345.489786223278,1345.489786223278,outputs/road_area_lens1_batch/masks/sample_00120_lens_1_row_000093_road_mask.png,outputs/road_area_lens1_batch/masks/sample_00120_lens_1_row_000093_raw_road_mask_before_cleaning.png,outputs/road_area_lens1_batch/depth_previews/sample_00120_lens_1_row_000093_depth_preview.png,needs_visual_review,122.2772710781711,39.885000000000005,162.1622710781711,0.2459573348030705,9,7,7.525,7.56,4.800000000000001,20.0,,,21.451,7.0,143.7282710781711,0.1492469076479268,good,acceptable_visible_road,use_primary,21.451,0.1754291685679386,v1_depth_visible_plus_nms_conservative_vehicle_footprint,122.2772710781711,21.451,143.7282710781711,0.1492469076479268
121,23-02-2026 12:14,1771829090.0,1,run_20260223_121418_5341,31.549389362335205,/Volumes/New Volume/23_02_2026_navneet/run_20260223_121418_5341/LENS1/video_lens1.mp4,sample_0121_run_20260223_121418_5341_offset_000031549_lens1,outputs/extracted_frames_v2/run_20260223_121418_5341/lens1/sample_0121_run_20260223_121418_5341_offset_000031549_lens1.jpg,sample_0121_run_20260223_121418_5341_offset_000031549_lens1_preprocessed_lens1,outputs/preprocessed_frames_v2/run_20260223_121418_5341/lens1/sample_0121_run_20260223_121418_5341_offset_000031549_lens1_preprocessed_lens1.jpg,,,,,,,,,recovered_existing_file,True,,,,,,,,,success,,94,success,,1684,1728,/Users/aryansatyendrakumar/Projects/roadside-pm-visual-intelligence/outputs/preprocessed_frames_v2/run_20260223_121418_5341/lens1/sample_0121_run_20260223_121418_5341_offset_000031549_lens1_preprocessed_lens1.jpg,1325348,799956,525392,0.3964181482901094,8.615097045898438,10.234859466552734,13.27939510345459,20.13029670715332,47.79816055297851,13.445612907409668,112.4284552934032,219169,217911,1345.489786223278,1345.489786223278,0.5,20.0,0.2749035035629453,27.490350356294535,799956,2909952,1024,1050,1345.489786223278,1345.489786223278,outputs/road_area_lens1_batch/masks/sample_00121_lens_1_row_000094_road_mask.png,outputs/road_area_lens1_batch/masks/sample_00121_lens_1_row_000094_raw_road_mask_before_cleaning.png,outputs/road_area_lens1_batch/depth_previews/sample_00121_lens_1_row_000094_depth_preview.png,needs_visual_review,112.4284552934032,35.085,147.5134552934032,0.2378427102139,4,4,7.525,7.56,,20.0,,,19.051,4.0,131.4794552934032,0.1448971625071514,good,acceptable_visible_road,use_primary,19.051,0.1694499844392848,v1_depth_visible_plus_nms_conservative_vehicle_footprint,112.4284552934032,19.051,131.4794552934032,0.1448971625071514
122,23-02-2026 12:15,1771829100.0,1,run_20260223_121418_5341,41.549389362335205,/Volumes/New Volume/23_02_2026_navneet/run_20260223_121418_5341/LENS1/video_lens1.mp4,sample_0122_run_20260223_121418_5341_offset_000041549_lens1,outputs/extracted_frames_v2/run_20260223_121418_5341/lens1/sample_0122_run_20260223_121418_5341_offset_000041549_lens1.jpg,sample_0122_run_20260223_121418_5341_offset_000041549_lens1_preprocessed_lens1,outputs/preprocessed_frames_v2/run_20260223_121418_5341/lens1/sample_0122_run_20260223_121418_5341_offset_000041549_lens1_preprocessed_lens1.jpg,,,,,,,,,recovered_existing_file,True,,,,,,,,,success,,95,success,,1684,1728,/Users/aryansatyendrakumar/Projects/roadside-pm-visual-intelligence/outputs/preprocessed_frames_v2/run_20260223_121418_5341/lens1/sample_0122_run_20260223_121418_5341_offset_000041549_lens1_preprocessed_lens1.jpg,1142798,616732,526066,0.4603315721588592,8.543264389038086,9.806821823120115,12.9747896194458,21.167705535888672,47.610443115234375,13.29675006866455,80.37265560030866,163707,162277,1345.489786223278,1345.489786223278,0.5,20.0,0.2119388910882378,21.19388910882379,616732,2909952,1024,1050,1345.489786223278,1345.489786223278,outputs/road_area_lens1_batch/masks/sample_00122_lens_1_row_000095_road_mask.png,outputs/road_area_lens1_batch/masks/sample_00122_lens_1_row_000095_raw_road_mask_before_cleaning.png,outputs/road_area_lens1_batch/depth_previews/sample_00122_lens_1_row_000095_depth_preview.png,needs_visual_review,80.37265560030866,41.7,122.07265560030866,0.3415998431010996,9,6,7.525,14.175,,20.0,,,23.019999999999996,6.0,103.39265560030866,0.2226463752801729,good,acceptable_visible_road,use_primary,23.019999999999996,0.2864158192616892,v1_depth_visible_plus_nms_conservative_vehicle_footprint,80.37265560030866,23.019999999999996,103.39265560030866,0.2226463752801729
123,23-02-2026 12:15,1771829110.0,1,run_20260223_121418_5341,51.549389362335205,/Volumes/New Volume/23_02_2026_navneet/run_20260223_121418_5341/LENS1/video_lens1.mp4,sample_0123_run_20260223_121418_5341_offset_000051549_lens1,outputs/extracted_frames_v2/run_20260223_121418_5341/lens1/sample_0123_run_20260223_121418_5341_offset_000051549_lens1.jpg,sample_0123_run_20260223_121418_5341_offset_000051549_lens1_preprocessed_lens1,outputs/preprocessed_frames_v2/run_20260223_121418_5341/lens1/sample_0123_run_20260223_121418_5341_offset_000051549_lens1_preprocessed_lens1.jpg,,,,,,,,,recovered_existing_file,True,,,,,,,,,success,,96,success,,1684,1728,/Users/aryansatyendrakumar/Projects/roadside-pm-visual-intelligence/outputs/preprocessed_frames_v2/run_20260223_121418_5341/lens1/sample_0123_run_20260223_121418_5341_offset_000051549_lens1_preprocessed_lens1.jpg,1449405,923989,525416,0.362504613962281,8.358068466186523,10.135642051696776,13.633543968200684,21.037578582763672,53.38435745239258,14.74989128112793,124.39819561653088,246875,245502,1345.489786223278,1345.489786223278,0.5,20.0,0.3175272306897158,31.752723068971584,923989,2909952,1024,1050,1345.489786223278,1345.489786223278,outputs/road_area_lens1_batch/masks/sample_00123_lens_1_row_000096_road_mask.png,outputs/road_area_lens1_batch/masks/sample_00123_lens_1_row_000096_raw_road_mask_before_cleaning.png,outputs/road_area_lens1_batch/depth_previews/sample_00123_lens_1_row_000096_depth_preview.png,needs_visual_review,124.39819561653088,95.805,220.20319561653088,0.4350754299081018,12,10,22.575,3.78,1.04,40.0,2.16,26.25,50.538,10.0,174.93619561653088,0.2888939011271394,good,acceptable_visible_road,use_primary,50.538,0.4062599119667951,v1_depth_visible_plus_nms_conservative_vehicle_footprint,124.39819561653088,50.538,174.93619561653088,0.2888939011271394
124,23-02-2026 12:15,1771829120.0,1,run_20260223_121418_5341,61.549389362335205,/Volumes/New Volume/23_02_2026_navneet/run_20260223_121418_5341/LENS1/video_lens1.mp4,sample_0124_run_20260223_121418_5341_offset_000061549_lens1,outputs/extracted_frames_v2/run_20260223_121418_5341/lens1/sample_0124_run_20260223_121418_5341_offset_000061549_lens1.jpg,sample_0124_run_20260223_121418_5341_offset_000061549_lens1_preprocessed_lens1,outputs/preprocessed_frames_v2/run_20260223_121418_5341/lens1/sample_0124_run_20260223_121418_5341_offset_000061549_lens1_preprocessed_lens1.jpg,,,,,,,,,recovered_existing_file,True,,,,,,,,,success,,97,success,,1684,1728,/Users/aryansatyendrakumar/Projects/roadside-pm-visual-intelligence/outputs/preprocessed_frames_v2/run_20260223_121418_5341/lens1/sample_0124_run_20260223_121418_5341_offset_000061549_lens1_preprocessed_lens1.jpg,1127622,602327,525295,0.46584316375523,8.691146850585938,10.104963302612305,13.362289428710938,25.446304321289062,53.35643005371094,14.948243141174316,65.64443731142201,146010,144470,1345.489786223278,1345.489786223278,0.5,20.0,0.2069886376132664,20.69886376132665,602327,2909952,1024,1050,1345.489786223278,1345.489786223278,outputs/road_area_lens1_batch/masks/sample_00124_lens_1_row_000097_road_mask.png,outputs/road_area_lens1_batch/masks/sample_00124_lens_1_row_000097_raw_road_mask_before_cleaning.png,outputs/road_area_lens1_batch/depth_previews/sample_00124_lens_1_row_000097_depth_preview.png,needs_visual_review,65.64443731142201,51.845000000000006,117.48943731142202,0.4412737109513739,18,11,7.525,30.24,0.0,13.0,1.08,0.0,29.699,11.0,95.343437311422,0.3114949579905915,medium,acceptable_visible_road,use_primary,29.699,0.4524221886327668,v1_depth_visible_plus_nms_conservative_vehicle_footprint,65.64443731142201,29.699,95.343437311422,0.3114949579905915
125,23-02-2026 12:15,1771829130.0,1,run_20260223_121418_5341,71.5493893623352,/Volumes/New Volume/23_02_2026_navneet/run_20260223_121418_5341/LENS1/video_lens1.mp4,sample_0125_run_20260223_121418_5341_offset_000071549_lens1,outputs/extracted_frames_v2/run_20260223_121418_5341/lens1/sample_0125_run_20260223_121418_5341_offset_000071549_lens1.jpg,sample_0125_run_20260223_121418_5341_offset_000071549_lens1_preprocessed_lens1,outputs/preprocessed_frames_v2/run_20260223_121418_5341/lens1/sample_0125_run_20260223_121418_5341_offset_000071549_lens1_preprocessed_lens1.jpg,,,,,,,,,recovered_existing_file,True,,,,,,,,,success,,98,success,,1684,1728,/Users/aryansatyendrakumar/Projects/roadside-pm-visual-intelligence/outputs/preprocessed_frames_v2/run_20260223_121418_5341/lens1/sample_0125_run_20260223_121418_5341_offset_000071549_lens1_preprocessed_lens1.jpg,786305,274091,512214,0.6514189786406038,5.7749247550964355,7.134269714355469,11.816983222961426,20.891525268554688,43.10530853271485,12.368182182312012,45.05553005784094,71962,70500,1345.489786223278,1345.489786223278,0.5,20.0,0.0941909007433799,9.419090074337996,274091,2909952,1024,1050,1345.489786223278,1345.489786223278,outputs/road_area_lens1_batch/masks/sample_00125_lens_1_row_000098_road_mask.png,outputs/road_area_lens1_batch/masks/sample_00125_lens_1_row_000098_raw_road_mask_before_cleaning.png,outputs/road_area_lens1_batch/depth_previews/sample_00125_lens_1_row_000098_depth_preview.png,needs_visual_review,45.05553005784094,27.817,72.87253005784095,0.381721342430692,20,9,0.0,25.137,1.6,,1.08,0.0,16.422199999999997,9.0,61.47773005784094,0.2671243714520571,good,acceptable_visible_road,use_primary,16.422199999999997,0.36448799911836943,v1_depth_visible_plus_nms_conservative_vehicle_footprint,45.05553005784094,16.422199999999997,61.47773005784094,0.2671243714520571
126,23-02-2026 12:15,1771829140.0,1,run_20260223_121418_5341,81.5493893623352,/Volumes/New Volume/23_02_2026_navneet/run_20260223_121418_5341/LENS1/video_lens1.mp4,sample_0126_run_20260223_121418_5341_offset_000081549_lens1,outputs/extracted_frames_v2/run_20260223_121418_5341/lens1/sample_0126_run_20260223_121418_5341_offset_000081549_lens1.jpg,sample_0126_run_20260223_121418_5341_offset_000081549_lens1_preprocessed_lens1,outputs/preprocessed_frames_v2/run_20260223_121418_5341/lens1/sample_0126_run_20260223_121418_5341_offset_000081549_lens1_preprocessed_lens1.jpg,,,,,,,,,recovered_existing_file,True,,,,,,,,,success,,99,success,,1684,1728,/Users/aryansatyendrakumar/Projects/roadside-pm-visual-intelligence/outputs/preprocessed_frames_v2/run_20260223_121418_5341/lens1/sample_0126_run_20260223_121418_5341_offset_000081549_lens1_preprocessed_lens1.jpg,450097,818,449279,0.9981826139698776,8.478322982788086,8.84307861328125,8.953784942626953,9.02780818939209,9.098891258239746,0.1763610541820526,0.0735638193322773,219,179,1345.489786223278,1345.489786223278,0.5,20.0,0.0002811042931292,0.0281104293129233,818,2909952,1024,1050,1345.489786223278,1345.489786223278,outputs/road_area_lens1_batch/masks/sample_00126_lens_1_row_000099_road_mask.png,outputs/road_area_lens1_batch/masks/sample_00126_lens_1_row_000099_raw_road_mask_before_cleaning.png,outputs/road_area_lens1_batch/depth_previews/sample_00126_lens_1_row_000099_depth_preview.png,bad_low_road_mask_area,0.0735638193322773,0.0,0.0735638193322773,0.0,5,0,0.0,0.0,,,,0.0,0.0,0.0,0.0735638193322773,0.0,good,very_low_visible_road,exclude_or_manual_review,0.0,0.0,v1_depth_visible_plus_nms_conservative_vehicle_footprint,0.0735638193322773,0.0,0.0735638193322773,0.0
127,23-02-2026 12:15,1771829150.0,1,run_20260223_121418_5341,91.5493893623352,/Volumes/New Volume/23_02_2026_navneet/run_20260223_121418_5341/LENS1/video_lens1.mp4,sample_0127_run_20260223_121418_5341_offset_000091549_lens1,outputs/extracted_frames_v2/run_20260223_121418_5341/lens1/sample_0127_run_20260223_121418_5341_offset_000091549_lens1.jpg,sample_0127_run_20260223_121418_5341_offset_000091549_lens1_preprocessed_lens1,outputs/preprocessed_frames_v2/run_20260223_121418_5341/lens1/sample_0127_run_20260223_121418_5341_offset_000091549_lens1_preprocessed_lens1.jpg,,,,,,,,,recovered_existing_file,True,,,,,,,,,success,,100,success,,1684,1728,/Users/aryansatyendrakumar/Projects/roadside-pm-visual-intelligence/outputs/preprocessed_frames_v2/run_20260223_121418_5341/lens1/sample_0127_run_20260223_121418_5341_offset_000091549_lens1_preprocessed_lens1.jpg,476427,18418,458009,0.9613414017257628,8.94827938079834,9.415457725524902,10.88496208190918,12.291449546813965,13.829105377197266,1.5856331586837769,2.0405456248310396,6124,5778,1345.489786223278,1345.489786223278,0.5,20.0,0.0063293140230491,0.6329314023049177,18418,2909952,1024,1050,1345.489786223278,1345.489786223278,outputs/road_area_lens1_batch/masks/sample_00127_lens_1_row_000100_road_mask.png,outputs/road_area_lens1_batch/masks/sample_00127_lens_1_row_000100_raw_road_mask_before_cleaning.png,outputs/road_area_lens1_batch/depth_previews/sample_00127_lens_1_row_000100_depth_preview.png,bad_low_road_mask_area,2.0405456248310396,0.0,2.0405456248310396,0.0,4,0,0.0,0.0,,,,0.0,0.0,0.0,2.0405456248310396,0.0,good,very_low_visible_road,exclude_or_manual_review,0.0,0.0,v1_depth_visible_plus_nms_conservative_vehicle_footprint,2.0405456248310396,0.0,2.0405456248310396,0.0
128,23-02-2026 12:16,1771829160.0,1,run_20260223_121418_5341,101.5493893623352,/Volumes/New Volume/23_02_2026_navneet/run_20260223_121418_5341/LENS1/video_lens1.mp4,sample_0128_run_20260223_121418_5341_offset_000101549_lens1,outputs/extracted_frames_v2/run_20260223_121418_5341/lens1/sample_0128_run_20260223_121418_5341_offset_000101549_lens1.jpg,sample_0128_run_20260223_121418_5341_offset_000101549_lens1_preprocessed_lens1,outputs/preprocessed_frames_v2/run_20260223_121418_5341/lens1/sample_0128_run_20260223_121418_5341_offset_000101549_lens1_preprocessed_lens1.jpg,,,,,,,,,recovered_existing_file,True,,,,,,,,,success,,101,success,,1684,1728,/Users/aryansatyendrakumar/Projects/roadside-pm-visual-intelligence/outputs/preprocessed_frames_v2/run_20260223_121418_5341/lens1/sample_0128_run_20260223_121418_5341_offset_000101549_lens1_preprocessed_lens1.jpg,472640,7812,464828,0.9834715639810426,8.825620651245117,9.16222095489502,10.780535697937012,11.972575187683104,12.981685638427734,1.4392380714416504,0.7454990894032316,2376,2129,1345.489786223278,1345.489786223278,0.5,20.0,0.0026845803642121,0.2684580364212193,7812,2909952,1024,1050,1345.489786223278,1345.489786223278,outputs/road_area_lens1_batch/masks/sample_00128_lens_1_row_000101_road_mask.png,outputs/road_area_lens1_batch/masks/sample_00128_lens_1_row_000101_raw_road_mask_before_cleaning.png,outputs/road_area_lens1_batch/depth_previews/sample_00128_lens_1_row_000101_depth_preview.png,bad_low_road_mask_area,0.7454990894032316,0.0,0.7454990894032316,0.0,5,0,0.0,0.0,,,,0.0,0.0,0.0,0.7454990894032316,0.0,good,very_low_visible_road,exclude_or_manual_review,0.0,0.0,v1_depth_visible_plus_nms_conservative_vehicle_footprint,0.7454990894032316,0.0,0.7454990894032316,0.0
129,23-02-2026 12:16,1771829170.0,1,run_20260223_121418_5341,111.5493893623352,/Volumes/New Volume/23_02_2026_navneet/run_20260223_121418_5341/LENS1/video_lens1.mp4,sample_0129_run_20260223_121418_5341_offset_000111549_lens1,outputs/extracted_frames_v2/run_20260223_121418_5341/lens1/sample_0129_run_20260223_121418_5341_offset_000111549_lens1.jpg,sample_0129_run_20260223_121418_5341_offset_000111549_lens1_preprocessed_lens1,outputs/preprocessed_frames_v2/run_20260223_121418_5341/lens1/sample_0129_run_20260223_121418_5341_offset_000111549_lens1_preprocessed_lens1.jpg,,,,,,,,,recovered_existing_file,True,,,,,,,,,success,,102,success,,1684,1728,/Users/aryansatyendrakumar/Projects/roadside-pm-visual-intelligence/outputs/preprocessed_frames_v2/run_20260223_121418_5341/lens1/sample_0129_run_20260223_121418_5341_offset_000111549_lens1_preprocessed_lens1.jpg,465601,1182,464419,0.997461345658622,8.567296981811523,8.872005462646484,8.978008270263672,9.081040382385254,9.158427238464355,0.1892833411693573,0.0997798221938075,332,281,1345.489786223278,1345.489786223278,0.5,20.0,0.0004061922670889,0.0406192267088941,1182,2909952,1024,1050,1345.489786223278,1345.489786223278,outputs/road_area_lens1_batch/masks/sample_00129_lens_1_row_000102_road_mask.png,outputs/road_area_lens1_batch/masks/sample_00129_lens_1_row_000102_raw_road_mask_before_cleaning.png,outputs/road_area_lens1_batch/depth_previews/sample_00129_lens_1_row_000102_depth_preview.png,bad_low_road_mask_area,0.0997798221938075,0.0,0.0997798221938075,0.0,4,0,0.0,0.0,,,,0.0,0.0,0.0,0.0997798221938075,0.0,good,very_low_visible_road,exclude_or_manual_review,0.0,0.0,v1_depth_visible_plus_nms_conservative_vehicle_footprint,0.0997798221938075,0.0,0.0997798221938075,0.0
130,23-02-2026 12:16,1771829180.0,1,run_20260223_121418_5341,121.5493893623352,/Volumes/New Volume/23_02_2026_navneet/run_20260223_121418_5341/LENS1/video_lens1.mp4,sample_0130_run_20260223_121418_5341_offset_000121549_lens1,outputs/extracted_frames_v2/run_20260223_121418_5341/lens1/sample_0130_run_20260223_121418_5341_offset_000121549_lens1.jpg,sample_0130_run_20260223_121418_5341_offset_000121549_lens1_preprocessed_lens1,outputs/preprocessed_frames_v2/run_20260223_121418_5341/lens1/sample_0130_run_20260223_121418_5341_offset_000121549_lens1_preprocessed_lens1.jpg,,,,,,,,,recovered_existing_file,True,,,,,,,,,success,,103,success,,1684,1728,/Users/aryansatyendrakumar/Projects/roadside-pm-visual-intelligence/outputs/preprocessed_frames_v2/run_20260223_121418_5341/lens1/sample_0130_run_20260223_121418_5341_offset_000121549_lens1_preprocessed_lens1.jpg,473213,11167,462046,0.9764017472047472,8.88397216796875,9.24096965789795,10.756497383117676,11.97353458404541,13.181689262390137,1.4607805013656616,1.143507397573777,3517,3230,1345.489786223278,1345.489786223278,0.5,20.0,0.0038375203439781,0.3837520343978182,11167,2909952,1024,1050,1345.489786223278,1345.489786223278,outputs/road_area_lens1_batch/masks/sample_00130_lens_1_row_000103_road_mask.png,outputs/road_area_lens1_batch/masks/sample_00130_lens_1_row_000103_raw_road_mask_before_cleaning.png,outputs/road_area_lens1_batch/depth_previews/sample_00130_lens_1_row_000103_depth_preview.png,bad_low_road_mask_area,1.143507397573777,0.0,1.143507397573777,0.0,5,0,0.0,0.0,,,,0.0,0.0,0.0,1.143507397573777,0.0,good,very_low_visible_road,exclude_or_manual_review,0.0,0.0,v1_depth_visible_plus_nms_conservative_vehicle_footprint,1.143507397573777,0.0,1.143507397573777,0.0
131,23-02-2026 12:16,1771829190.0,1,run_20260223_121418_5341,131.5493893623352,/Volumes/New Volume/23_02_2026_navneet/run_20260223_121418_5341/LENS1/video_lens1.mp4,sample_0131_run_20260223_121418_5341_offset_000131549_lens1,outputs/extracted_frames_v2/run_20260223_121418_5341/lens1/sample_0131_run_20260223_121418_5341_offset_000131549_lens1.jpg,sample_0131_run_20260223_121418_5341_offset_000131549_lens1_preprocessed_lens1,outputs/preprocessed_frames_v2/run_20260223_121418_5341/lens1/sample_0131_run_20260223_121418_5341_offset_000131549_lens1_preprocessed_lens1.jpg,,,,,,,,,recovered_existing_file,True,,,,,,,,,success,,104,success,,1684,1728,/Users/aryansatyendrakumar/Projects/roadside-pm-visual-intelligence/outputs/preprocessed_frames_v2/run_20260223_121418_5341/lens1/sample_0131_run_20260223_121418_5341_offset_000131549_lens1_preprocessed_lens1.jpg,591939,123816,468123,0.7908297983407074,8.771111488342285,10.40574836730957,14.025741577148438,20.07549476623535,32.0378532409668,7.308369159698486,20.321238617910407,32580,31728,1345.489786223278,1345.489786223278,0.5,20.0,0.0425491554499868,4.25491554499868,123816,2909952,1024,1050,1345.489786223278,1345.489786223278,outputs/road_area_lens1_batch/masks/sample_00131_lens_1_row_000104_road_mask.png,outputs/road_area_lens1_batch/masks/sample_00131_lens_1_row_000104_raw_road_mask_before_cleaning.png,outputs/road_area_lens1_batch/depth_previews/sample_00131_lens_1_row_000104_depth_preview.png,needs_visual_review,20.321238617910407,3.78,24.101238617910408,0.1568384123291887,9,1,0.0,3.78,0.0,,,0.0,2.268,1.0,22.589238617910407,0.1004017903552429,good,low_visible_road,use_sensitivity_only,2.268,0.11160737013348519,v1_depth_visible_plus_nms_conservative_vehicle_footprint,20.321238617910407,2.268,22.589238617910407,0.1004017903552429
132,23-02-2026 12:16,1771829200.0,1,run_20260223_121418_5341,141.5493893623352,/Volumes/New Volume/23_02_2026_navneet/run_20260223_121418_5341/LENS1/video_lens1.mp4,sample_0132_run_20260223_121418_5341_offset_000141549_lens1,outputs/extracted_frames_v2/run_20260223_121418_5341/lens1/sample_0132_run_20260223_121418_5341_offset_000141549_lens1.jpg,sample_0132_run_20260223_121418_5341_offset_000141549_lens1_preprocessed_lens1,outputs/preprocessed_frames_v2/run_20260223_121418_5341/lens1/sample_0132_run_20260223_121418_5341_offset_000141549_lens1_preprocessed_lens1.jpg,,,,,,,,,recovered_existing_file,True,,,,,,,,,success,,105,success,,1684,1728,/Users/aryansatyendrakumar/Projects/roadside-pm-visual-intelligence/outputs/preprocessed_frames_v2/run_20260223_121418_5341/lens1/sample_0132_run_20260223_121418_5341_offset_000141549_lens1_preprocessed_lens1.jpg,433819,43990,389829,0.8985982633310206,8.773045539855957,10.618358612060549,15.368219375610352,19.57916259765625,24.21973419189453,5.250490188598633,7.776131031212832,11640,11156,1345.489786223278,1345.489786223278,0.5,20.0,0.0151170878419987,1.5117087841998769,43990,2909952,1024,1050,1345.489786223278,1345.489786223278,outputs/road_area_lens1_batch/masks/sample_00132_lens_1_row_000105_road_mask.png,outputs/road_area_lens1_batch/masks/sample_00132_lens_1_row_000105_raw_road_mask_before_cleaning.png,outputs/road_area_lens1_batch/depth_previews/sample_00132_lens_1_row_000105_depth_preview.png,bad_low_road_mask_area,7.776131031212832,8.671249999999999,16.44738103121283,0.5272115957880609,7,2,4.891249999999999,3.78,,,,0.0,5.20275,2.0,12.978881031212833,0.4008627544614931,medium,very_low_visible_road,exclude_or_manual_review,5.20275,0.6690666578426385,v1_depth_visible_plus_nms_conservative_vehicle_footprint,7.776131031212832,5.20275,12.978881031212833,0.4008627544614931
133,23-02-2026 12:16,1771829210.0,1,run_20260223_121418_5341,151.5493893623352,/Volumes/New Volume/23_02_2026_navneet/run_20260223_121418_5341/LENS1/video_lens1.mp4,sample_0133_run_20260223_121418_5341_offset_000151549_lens1,outputs/extracted_frames_v2/run_20260223_121418_5341/lens1/sample_0133_run_20260223_121418_5341_offset_000151549_lens1.jpg,sample_0133_run_20260223_121418_5341_offset_000151549_lens1_preprocessed_lens1,outputs/preprocessed_frames_v2/run_20260223_121418_5341/lens1/sample_0133_run_20260223_121418_5341_offset_000151549_lens1_preprocessed_lens1.jpg,,,,,,,,,recovered_existing_file,True,,,,,,,,,success,,106,success,,1684,1728,/Users/aryansatyendrakumar/Projects/roadside-pm-visual-intelligence/outputs/preprocessed_frames_v2/run_20260223_121418_5341/lens1/sample_0133_run_20260223_121418_5341_offset_000151549_lens1_preprocessed_lens1.jpg,561419,115977,445442,0.7934216690208205,8.832315444946289,9.44124698638916,10.751136779785156,13.152613639831545,15.470023155212402,3.4559743404388428,15.94106394467517,40931,40130,1345.489786223278,1345.489786223278,0.5,20.0,0.0398552965822116,3.9855296582211666,115977,2909952,1024,1050,1345.489786223278,1345.489786223278,outputs/road_area_lens1_batch/masks/sample_00133_lens_1_row_000106_road_mask.png,outputs/road_area_lens1_batch/masks/sample_00133_lens_1_row_000106_raw_road_mask_before_cleaning.png,outputs/road_area_lens1_batch/depth_previews/sample_00133_lens_1_row_000106_depth_preview.png,needs_visual_review,15.94106394467517,12.416249999999998,28.35731394467517,0.4378500031499448,13,2,12.416249999999998,0.0,0.0,0.0,,0.0,7.449749999999999,2.0,23.39081394467517,0.3184904132716555,medium,low_visible_road,use_sensitivity_only,7.449749999999999,0.46733078957935276,v1_depth_visible_plus_nms_conservative_vehicle_footprint,15.94106394467517,7.449749999999999,23.39081394467517,0.3184904132716555
134,23-02-2026 12:17,1771829220.0,1,run_20260223_121418_5341,161.5493893623352,/Volumes/New Volume/23_02_2026_navneet/run_20260223_121418_5341/LENS1/video_lens1.mp4,sample_0134_run_20260223_121418_5341_offset_000161549_lens1,outputs/extracted_frames_v2/run_20260223_121418_5341/lens1/sample_0134_run_20260223_121418_5341_offset_000161549_lens1.jpg,sample_0134_run_20260223_121418_5341_offset_000161549_lens1_preprocessed_lens1,outputs/preprocessed_frames_v2/run_20260223_121418_5341/lens1/sample_0134_run_20260223_121418_5341_offset_000161549_lens1_preprocessed_lens1.jpg,,,,,,,,,recovered_existing_file,True,,,,,,,,,success,,107,success,,1684,1728,/Users/aryansatyendrakumar/Projects/roadside-pm-visual-intelligence/outputs/preprocessed_frames_v2/run_20260223_121418_5341/lens1/sample_0134_run_20260223_121418_5341_offset_000161549_lens1_preprocessed_lens1.jpg,896718,388273,508445,0.5670065728579108,8.374130249023438,9.34923267364502,11.5286226272583,15.446727752685549,34.64604568481445,8.935009002685547,65.1692365811669,118033,116158,1345.489786223278,1345.489786223278,0.5,20.0,0.1334293486627958,13.342934866279585,388273,2909952,1024,1050,1345.489786223278,1345.489786223278,outputs/road_area_lens1_batch/masks/sample_00134_lens_1_row_000107_road_mask.png,outputs/road_area_lens1_batch/masks/sample_00134_lens_1_row_000107_raw_road_mask_before_cleaning.png,outputs/road_area_lens1_batch/depth_previews/sample_00134_lens_1_row_000107_depth_preview.png,needs_visual_review,65.1692365811669,35.401875000000004,100.5711115811669,0.3520083893219036,20,10,22.386874999999996,6.615,6.4,0.0,,0.0,20.601125,10.0,85.7703615811669,0.2401893220480897,good,acceptable_visible_road,use_primary,20.601125,0.31611732898453915,v1_depth_visible_plus_nms_conservative_vehicle_footprint,65.1692365811669,20.601125,85.7703615811669,0.2401893220480897
135,23-02-2026 12:17,1771829230.0,1,run_20260223_121418_5341,171.5493893623352,/Volumes/New Volume/23_02_2026_navneet/run_20260223_121418_5341/LENS1/video_lens1.mp4,sample_0135_run_20260223_121418_5341_offset_000171549_lens1,outputs/extracted_frames_v2/run_20260223_121418_5341/lens1/sample_0135_run_20260223_121418_5341_offset_000171549_lens1.jpg,sample_0135_run_20260223_121418_5341_offset_000171549_lens1_preprocessed_lens1,outputs/preprocessed_frames_v2/run_20260223_121418_5341/lens1/sample_0135_run_20260223_121418_5341_offset_000171549_lens1_preprocessed_lens1.jpg,,,,,,,,,recovered_existing_file,True,,,,,,,,,success,,108,success,,1684,1728,/Users/aryansatyendrakumar/Projects/roadside-pm-visual-intelligence/outputs/preprocessed_frames_v2/run_20260223_121418_5341/lens1/sample_0135_run_20260223_121418_5341_offset_000171549_lens1_preprocessed_lens1.jpg,905416,381294,524122,0.5788742412327593,8.766982078552246,9.842859268188477,11.702309608459473,14.717256546020508,23.33873176574707,5.248124122619629,68.25283580518612,126691,125366,1345.489786223278,1345.489786223278,0.5,20.0,0.1310310273159144,13.103102731591449,381294,2909952,1024,1050,1345.489786223278,1345.489786223278,outputs/road_area_lens1_batch/masks/sample_00135_lens_1_row_000108_road_mask.png,outputs/road_area_lens1_batch/masks/sample_00135_lens_1_row_000108_raw_road_mask_before_cleaning.png,outputs/road_area_lens1_batch/depth_previews/sample_00135_lens_1_row_000108_depth_preview.png,needs_visual_review,68.25283580518612,4.8025,73.05533580518612,0.0657378403243076,9,2,3.7625,0.0,1.04,,0.0,,2.7775,2.0,71.03033580518613,0.0391030109672831,good,acceptable_visible_road,use_primary,2.7775,0.040694279838098014,v1_depth_visible_plus_nms_conservative_vehicle_footprint,68.25283580518612,2.7775,71.03033580518613,0.0391030109672831
136,23-02-2026 12:17,1771829240.0,1,run_20260223_121418_5341,181.5493893623352,/Volumes/New Volume/23_02_2026_navneet/run_20260223_121418_5341/LENS1/video_lens1.mp4,sample_0136_run_20260223_121418_5341_offset_000181549_lens1,outputs/extracted_frames_v2/run_20260223_121418_5341/lens1/sample_0136_run_20260223_121418_5341_offset_000181549_lens1.jpg,sample_0136_run_20260223_121418_5341_offset_000181549_lens1_preprocessed_lens1,outputs/preprocessed_frames_v2/run_20260223_121418_5341/lens1/sample_0136_run_20260223_121418_5341_offset_000181549_lens1_preprocessed_lens1.jpg,,,,,,,,,recovered_existing_file,True,,,,,,,,,success,,109,success,,1684,1728,/Users/aryansatyendrakumar/Projects/roadside-pm-visual-intelligence/outputs/preprocessed_frames_v2/run_20260223_121418_5341/lens1/sample_0136_run_20260223_121418_5341_offset_000181549_lens1_preprocessed_lens1.jpg,1252076,724455,527621,0.4213969439554787,8.896817207336426,10.631223678588867,13.973237991333008,20.30587387084961,37.436302185058594,10.98078441619873,112.5407481346734,196669,195378,1345.489786223278,1345.489786223278,0.5,20.0,0.2489577147664291,24.895771476642913,724455,2909952,1024,1050,1345.489786223278,1345.489786223278,outputs/road_area_lens1_batch/masks/sample_00136_lens_1_row_000109_road_mask.png,outputs/road_area_lens1_batch/masks/sample_00136_lens_1_row_000109_raw_road_mask_before_cleaning.png,outputs/road_area_lens1_batch/depth_previews/sample_00136_lens_1_row_000109_depth_preview.png,needs_visual_review,112.5407481346734,24.21,136.7507481346734,0.1770374226849404,13,5,15.05,7.56,1.6,0.0,,0.0,14.366,5.0,126.9067481346734,0.1132012301249324,good,acceptable_visible_road,use_primary,14.366,0.12765154166923373,v1_depth_visible_plus_nms_conservative_vehicle_footprint,112.5407481346734,14.366,126.9067481346734,0.1132012301249324
137,23-02-2026 12:17,1771829250.0,1,run_20260223_121418_5341,191.5493893623352,/Volumes/New Volume/23_02_2026_navneet/run_20260223_121418_5341/LENS1/video_lens1.mp4,sample_0137_run_20260223_121418_5341_offset_000191549_lens1,outputs/extracted_frames_v2/run_20260223_121418_5341/lens1/sample_0137_run_20260223_121418_5341_offset_000191549_lens1.jpg,sample_0137_run_20260223_121418_5341_offset_000191549_lens1_preprocessed_lens1,outputs/preprocessed_frames_v2/run_20260223_121418_5341/lens1/sample_0137_run_20260223_121418_5341_offset_000191549_lens1_preprocessed_lens1.jpg,,,,,,,,,recovered_existing_file,True,,,,,,,,,success,,110,success,,1684,1728,/Users/aryansatyendrakumar/Projects/roadside-pm-visual-intelligence/outputs/preprocessed_frames_v2/run_20260223_121418_5341/lens1/sample_0137_run_20260223_121418_5341_offset_000191549_lens1_preprocessed_lens1.jpg,840039,314786,525253,0.6252721599830484,8.624837875366211,9.719928741455078,11.180782318115234,16.85677719116211,35.4738655090332,9.847195625305176,41.97253533848073,92125,90725,1345.489786223278,1345.489786223278,0.5,20.0,0.1081756675024192,10.817566750241928,314786,2909952,1024,1050,1345.489786223278,1345.489786223278,outputs/road_area_lens1_batch/masks/sample_00137_lens_1_row_000110_road_mask.png,outputs/road_area_lens1_batch/masks/sample_00137_lens_1_row_000110_raw_road_mask_before_cleaning.png,outputs/road_area_lens1_batch/depth_previews/sample_00137_lens_1_row_000110_depth_preview.png,needs_visual_review,41.97253533848073,12.451249999999998,54.42378533848073,0.2287832410509721,11,3,4.891249999999999,7.56,,0.0,0.0,0.0,7.470749999999999,3.0,49.443285338480734,0.1510973623386159,good,acceptable_visible_road,use_primary,7.470749999999999,0.17799139222239835,v1_depth_visible_plus_nms_conservative_vehicle_footprint,41.97253533848073,7.470749999999999,49.443285338480734,0.1510973623386159
138,23-02-2026 12:17,1771829260.0,1,run_20260223_121418_5341,201.5493893623352,/Volumes/New Volume/23_02_2026_navneet/run_20260223_121418_5341/LENS1/video_lens1.mp4,sample_0138_run_20260223_121418_5341_offset_000201549_lens1,outputs/extracted_frames_v2/run_20260223_121418_5341/lens1/sample_0138_run_20260223_121418_5341_offset_000201549_lens1.jpg,sample_0138_run_20260223_121418_5341_offset_000201549_lens1_preprocessed_lens1,outputs/preprocessed_frames_v2/run_20260223_121418_5341/lens1/sample_0138_run_20260223_121418_5341_offset_000201549_lens1_preprocessed_lens1.jpg,,,,,,,,,recovered_existing_file,True,,,,,,,,,success,,111,success,,1684,1728,/Users/aryansatyendrakumar/Projects/roadside-pm-visual-intelligence/outputs/preprocessed_frames_v2/run_20260223_121418_5341/lens1/sample_0138_run_20260223_121418_5341_offset_000201549_lens1_preprocessed_lens1.jpg,959270,433854,525416,0.5477248324246562,8.694758415222168,9.82920742034912,11.761773109436035,14.885108947753906,20.40870475769043,4.140785217285156,76.17340814387329,148610,147242,1345.489786223278,1345.489786223278,0.5,20.0,0.1490931809184481,14.909318091844812,433854,2909952,1024,1050,1345.489786223278,1345.489786223278,outputs/road_area_lens1_batch/masks/sample_00138_lens_1_row_000111_road_mask.png,outputs/road_area_lens1_batch/masks/sample_00138_lens_1_row_000111_raw_road_mask_before_cleaning.png,outputs/road_area_lens1_batch/depth_previews/sample_00138_lens_1_row_000111_depth_preview.png,needs_visual_review,76.17340814387329,25.32125,101.4946581438733,0.2494835734517769,18,5,19.941249999999997,3.78,1.6,,,0.0,15.032749999999998,5.0,91.20615814387328,0.1648216557514303,good,acceptable_visible_road,use_primary,15.032749999999998,0.1973490535123063,v1_depth_visible_plus_nms_conservative_vehicle_footprint,76.17340814387329,15.032749999999998,91.20615814387328,0.1648216557514303
139,23-02-2026 12:17,1771829270.0,1,run_20260223_121418_5341,211.5493893623352,/Volumes/New Volume/23_02_2026_navneet/run_20260223_121418_5341/LENS1/video_lens1.mp4,sample_0139_run_20260223_121418_5341_offset_000211549_lens1,outputs/extracted_frames_v2/run_20260223_121418_5341/lens1/sample_0139_run_20260223_121418_5341_offset_000211549_lens1.jpg,sample_0139_run_20260223_121418_5341_offset_000211549_lens1_preprocessed_lens1,outputs/preprocessed_frames_v2/run_20260223_121418_5341/lens1/sample_0139_run_20260223_121418_5341_offset_000211549_lens1_preprocessed_lens1.jpg,,,,,,,,,recovered_existing_file,True,,,,,,,,,success,,112,success,,1684,1728,/Users/aryansatyendrakumar/Projects/roadside-pm-visual-intelligence/outputs/preprocessed_frames_v2/run_20260223_121418_5341/lens1/sample_0139_run_20260223_121418_5341_offset_000211549_lens1_preprocessed_lens1.jpg,836696,307515,529181,0.6324650769216059,8.37636661529541,10.004802703857422,13.262107849121094,18.882347106933594,51.93254852294922,13.19623851776123,55.49408807749204,87711,86406,1345.489786223278,1345.489786223278,0.5,20.0,0.1056770008577461,10.56770008577461,307515,2909952,1024,1050,1345.489786223278,1345.489786223278,outputs/road_area_lens1_batch/masks/sample_00139_lens_1_row_000112_road_mask.png,outputs/road_area_lens1_batch/masks/sample_00139_lens_1_row_000112_raw_road_mask_before_cleaning.png,outputs/road_area_lens1_batch/depth_previews/sample_00139_lens_1_row_000112_depth_preview.png,needs_visual_review,55.49408807749204,67.005,122.49908807749205,0.5469836637282811,15,6,7.525,3.78,3.2,,,52.5,34.632999999999996,6.0,90.12708807749205,0.3842684895158517,medium,acceptable_visible_road,use_primary,34.632999999999996,0.6240844962014407,v1_depth_visible_plus_nms_conservative_vehicle_footprint,55.49408807749204,34.632999999999996,90.12708807749205,0.3842684895158517
140,23-02-2026 12:18,1771829280.0,1,run_20260223_121418_5341,221.5493893623352,/Volumes/New Volume/23_02_2026_navneet/run_20260223_121418_5341/LENS1/video_lens1.mp4,sample_0140_run_20260223_121418_5341_offset_000221549_lens1,outputs/extracted_frames_v2/run_20260223_121418_5341/lens1/sample_0140_run_20260223_121418_5341_offset_000221549_lens1.jpg,sample_0140_run_20260223_121418_5341_offset_000221549_lens1_preprocessed_lens1,outputs/preprocessed_frames_v2/run_20260223_121418_5341/lens1/sample_0140_run_20260223_121418_5341_offset_000221549_lens1_preprocessed_lens1.jpg,,,,,,,,,recovered_existing_file,True,,,,,,,,,success,,113,success,,1684,1728,/Users/aryansatyendrakumar/Projects/roadside-pm-visual-intelligence/outputs/preprocessed_frames_v2/run_20260223_121418_5341/lens1/sample_0140_run_20260223_121418_5341_offset_000221549_lens1_preprocessed_lens1.jpg,982203,457788,524415,0.5339171230387201,9.06646728515625,10.313706398010254,13.166301727294922,19.68453598022461,40.235504150390625,11.403846740722656,72.07190626036045,125548,124070,1345.489786223278,1345.489786223278,0.5,20.0,0.157318058854579,15.731805885457906,457788,2909952,1024,1050,1345.489786223278,1345.489786223278,outputs/road_area_lens1_batch/masks/sample_00140_lens_1_row_000113_road_mask.png,outputs/road_area_lens1_batch/masks/sample_00140_lens_1_row_000113_raw_road_mask_before_cleaning.png,outputs/road_area_lens1_batch/depth_previews/sample_00140_lens_1_row_000113_depth_preview.png,needs_visual_review,72.07190626036045,47.73500000000001,119.80690626036044,0.3984327906461741,11,8,7.525,7.56,6.4,0.0,,26.25,25.376,8.0,97.44790626036044,0.2604058001225868,good,acceptable_visible_road,use_primary,25.376,0.3520928100379218,v1_depth_visible_plus_nms_conservative_vehicle_footprint,72.07190626036045,25.376,97.44790626036044,0.2604058001225868
141,23-02-2026 12:18,1771829290.0,1,run_20260223_121418_5341,231.5493893623352,/Volumes/New Volume/23_02_2026_navneet/run_20260223_121418_5341/LENS1/video_lens1.mp4,sample_0141_run_20260223_121418_5341_offset_000231549_lens1,outputs/extracted_frames_v2/run_20260223_121418_5341/lens1/sample_0141_run_20260223_121418_5341_offset_000231549_lens1.jpg,sample_0141_run_20260223_121418_5341_offset_000231549_lens1_preprocessed_lens1,outputs/preprocessed_frames_v2/run_20260223_121418_5341/lens1/sample_0141_run_20260223_121418_5341_offset_000231549_lens1_preprocessed_lens1.jpg,,,,,,,,,recovered_existing_file,True,,,,,,,,,success,,114,success,,1684,1728,/Users/aryansatyendrakumar/Projects/roadside-pm-visual-intelligence/outputs/preprocessed_frames_v2/run_20260223_121418_5341/lens1/sample_0141_run_20260223_121418_5341_offset_000231549_lens1_preprocessed_lens1.jpg,945162,420427,524735,0.5551799585679492,9.63475227355957,10.896303176879885,12.578750610351562,17.381576538085938,35.526241302490234,9.823759078979492,67.59032094405896,124079,122847,1345.489786223278,1345.489786223278,0.5,20.0,0.1444790154614234,14.447901546142342,420427,2909952,1024,1050,1345.489786223278,1345.489786223278,outputs/road_area_lens1_batch/masks/sample_00141_lens_1_row_000114_road_mask.png,outputs/road_area_lens1_batch/masks/sample_00141_lens_1_row_000114_raw_road_mask_before_cleaning.png,outputs/road_area_lens1_batch/depth_previews/sample_00141_lens_1_row_000114_depth_preview.png,needs_visual_review,67.59032094405896,40.30125,107.89157094405896,0.3735347409196212,6,5,4.891249999999999,7.56,1.6,,,26.25,21.39575,5.0,88.98607094405895,0.2404393156480684,good,acceptable_visible_road,use_primary,21.39575,0.3165505016274174,v1_depth_visible_plus_nms_conservative_vehicle_footprint,67.59032094405896,21.39575,88.98607094405895,0.2404393156480684
142,23-02-2026 12:18,1771829300.0,1,run_20260223_121418_5341,241.5493893623352,/Volumes/New Volume/23_02_2026_navneet/run_20260223_121418_5341/LENS1/video_lens1.mp4,sample_0142_run_20260223_121418_5341_offset_000241549_lens1,outputs/extracted_frames_v2/run_20260223_121418_5341/lens1/sample_0142_run_20260223_121418_5341_offset_000241549_lens1.jpg,sample_0142_run_20260223_121418_5341_offset_000241549_lens1_preprocessed_lens1,outputs/preprocessed_frames_v2/run_20260223_121418_5341/lens1/sample_0142_run_20260223_121418_5341_offset_000241549_lens1_preprocessed_lens1.jpg,,,,,,,,,recovered_existing_file,True,,,,,,,,,success,,115,success,,1684,1728,/Users/aryansatyendrakumar/Projects/roadside-pm-visual-intelligence/outputs/preprocessed_frames_v2/run_20260223_121418_5341/lens1/sample_0142_run_20260223_121418_5341_offset_000241549_lens1_preprocessed_lens1.jpg,988763,465301,523462,0.5294109913093431,9.361470222473145,10.909701347351074,16.88083839416504,28.361223220825195,35.56036376953125,9.50949478149414,40.76222220412967,89649,88630,1345.489786223278,1345.489786223278,0.5,20.0,0.1598998883830386,15.989988838303862,465301,2909952,1024,1050,1345.489786223278,1345.489786223278,outputs/road_area_lens1_batch/masks/sample_00142_lens_1_row_000115_road_mask.png,outputs/road_area_lens1_batch/masks/sample_00142_lens_1_row_000115_raw_road_mask_before_cleaning.png,outputs/road_area_lens1_batch/depth_previews/sample_00142_lens_1_row_000115_depth_preview.png,needs_visual_review,40.76222220412967,16.77125,57.533472204129666,0.2915042210644846,9,5,4.891249999999999,11.34,0.0,,0.54,0.0,10.00875,5.0,50.77097220412967,0.1971352835190714,good,acceptable_visible_road,use_primary,10.00875,0.2455398518235348,v1_depth_visible_plus_nms_conservative_vehicle_footprint,40.76222220412967,10.00875,50.77097220412967,0.1971352835190714
143,23-02-2026 12:18,1771829310.0,1,run_20260223_121418_5341,251.5493893623352,/Volumes/New Volume/23_02_2026_navneet/run_20260223_121418_5341/LENS1/video_lens1.mp4,sample_0143_run_20260223_121418_5341_offset_000251549_lens1,outputs/extracted_frames_v2/run_20260223_121418_5341/lens1/sample_0143_run_20260223_121418_5341_offset_000251549_lens1.jpg,sample_0143_run_20260223_121418_5341_offset_000251549_lens1_preprocessed_lens1,outputs/preprocessed_frames_v2/run_20260223_121418_5341/lens1/sample_0143_run_20260223_121418_5341_offset_000251549_lens1_preprocessed_lens1.jpg,,,,,,,,,recovered_existing_file,True,,,,,,,,,success,,116,success,,1684,1728,/Users/aryansatyendrakumar/Projects/roadside-pm-visual-intelligence/outputs/preprocessed_frames_v2/run_20260223_121418_5341/lens1/sample_0143_run_20260223_121418_5341_offset_000251549_lens1_preprocessed_lens1.jpg,1088197,562789,525408,0.4828243415484512,9.189056396484377,10.650044441223145,12.759284973144531,16.763229370117188,28.5908145904541,7.859739780426025,94.809370695119,176494,175203,1345.489786223278,1345.489786223278,0.5,20.0,0.1934014719143133,19.34014719143134,562789,2909952,1024,1050,1345.489786223278,1345.489786223278,outputs/road_area_lens1_batch/masks/sample_00143_lens_1_row_000116_road_mask.png,outputs/road_area_lens1_batch/masks/sample_00143_lens_1_row_000116_raw_road_mask_before_cleaning.png,outputs/road_area_lens1_batch/depth_previews/sample_00143_lens_1_row_000116_depth_preview.png,needs_visual_review,94.809370695119,37.209999999999994,132.019370695119,0.2818525781790877,9,5,15.05,,0.0,20.0,2.16,0.0,20.11,5.0,114.919370695119,0.1749922565565714,good,acceptable_visible_road,use_primary,20.11,0.21210983526795318,v1_depth_visible_plus_nms_conservative_vehicle_footprint,94.809370695119,20.11,114.919370695119,0.1749922565565714
144,23-02-2026 12:18,1771829320.0,1,run_20260223_121418_5341,261.5493893623352,/Volumes/New Volume/23_02_2026_navneet/run_20260223_121418_5341/LENS1/video_lens1.mp4,sample_0144_run_20260223_121418_5341_offset_000261549_lens1,outputs/extracted_frames_v2/run_20260223_121418_5341/lens1/sample_0144_run_20260223_121418_5341_offset_000261549_lens1.jpg,sample_0144_run_20260223_121418_5341_offset_000261549_lens1_preprocessed_lens1,outputs/preprocessed_frames_v2/run_20260223_121418_5341/lens1/sample_0144_run_20260223_121418_5341_offset_000261549_lens1_preprocessed_lens1.jpg,,,,,,,,,recovered_existing_file,True,,,,,,,,,success,,117,success,,1684,1728,/Users/aryansatyendrakumar/Projects/roadside-pm-visual-intelligence/outputs/preprocessed_frames_v2/run_20260223_121418_5341/lens1/sample_0144_run_20260223_121418_5341_offset_000261549_lens1_preprocessed_lens1.jpg,1114714,589301,525413,0.4713433221436171,8.852462768554688,10.18221378326416,12.695868492126465,18.618562698364254,43.19798278808594,11.609049797058104,80.78151484854806,167415,166098,1345.489786223278,1345.489786223278,0.5,20.0,0.2025122751165655,20.25122751165655,589301,2909952,1024,1050,1345.489786223278,1345.489786223278,outputs/road_area_lens1_batch/masks/sample_00144_lens_1_row_000117_road_mask.png,outputs/road_area_lens1_batch/masks/sample_00144_lens_1_row_000117_raw_road_mask_before_cleaning.png,outputs/road_area_lens1_batch/depth_previews/sample_00144_lens_1_row_000117_depth_preview.png,needs_visual_review,80.78151484854806,44.175,124.95651484854808,0.3535229840040093,10,5,22.575,0.0,1.6,20.0,,,24.345,5.0,105.12651484854806,0.2315781136193181,good,acceptable_visible_road,use_primary,24.345,0.3013684510081649,v1_depth_visible_plus_nms_conservative_vehicle_footprint,80.78151484854806,24.345,105.12651484854806,0.2315781136193181
145,23-02-2026 12:18,1771829330.0,1,run_20260223_121418_5341,271.5493893623352,/Volumes/New Volume/23_02_2026_navneet/run_20260223_121418_5341/LENS1/video_lens1.mp4,sample_0145_run_20260223_121418_5341_offset_000271549_lens1,outputs/extracted_frames_v2/run_20260223_121418_5341/lens1/sample_0145_run_20260223_121418_5341_offset_000271549_lens1.jpg,sample_0145_run_20260223_121418_5341_offset_000271549_lens1_preprocessed_lens1,outputs/preprocessed_frames_v2/run_20260223_121418_5341/lens1/sample_0145_run_20260223_121418_5341_offset_000271549_lens1_preprocessed_lens1.jpg,,,,,,,,,recovered_existing_file,True,,,,,,,,,success,,118,success,,1684,1728,/Users/aryansatyendrakumar/Projects/roadside-pm-visual-intelligence/outputs/preprocessed_frames_v2/run_20260223_121418_5341/lens1/sample_0145_run_20260223_121418_5341_offset_000271549_lens1_preprocessed_lens1.jpg,1198740,673336,525404,0.4382968783889751,9.040112495422363,10.534071922302246,13.076776504516602,17.980445861816406,39.11012649536133,11.574505805969238,103.2040516068024,197774,196474,1345.489786223278,1345.489786223278,0.5,20.0,0.2313907583355327,23.139075833553267,673336,2909952,1024,1050,1345.489786223278,1345.489786223278,outputs/road_area_lens1_batch/masks/sample_00145_lens_1_row_000118_road_mask.png,outputs/road_area_lens1_batch/masks/sample_00145_lens_1_row_000118_raw_road_mask_before_cleaning.png,outputs/road_area_lens1_batch/depth_previews/sample_00145_lens_1_row_000118_depth_preview.png,needs_visual_review,103.2040516068024,51.145,154.3490516068024,0.3313593408418842,19,13,7.525,11.34,11.2,20.0,1.08,0.0,27.459,13.0,130.66305160680238,0.210151222264661,good,acceptable_visible_road,use_primary,27.459,0.26606513574308277,v1_depth_visible_plus_nms_conservative_vehicle_footprint,103.2040516068024,27.459,130.66305160680238,0.210151222264661
146,23-02-2026 12:19,1771829340.0,1,run_20260223_121418_5341,281.5493893623352,/Volumes/New Volume/23_02_2026_navneet/run_20260223_121418_5341/LENS1/video_lens1.mp4,sample_0146_run_20260223_121418_5341_offset_000281549_lens1,outputs/extracted_frames_v2/run_20260223_121418_5341/lens1/sample_0146_run_20260223_121418_5341_offset_000281549_lens1.jpg,sample_0146_run_20260223_121418_5341_offset_000281549_lens1_preprocessed_lens1,outputs/preprocessed_frames_v2/run_20260223_121418_5341/lens1/sample_0146_run_20260223_121418_5341_offset_000281549_lens1_preprocessed_lens1.jpg,,,,,,,,,recovered_existing_file,True,,,,,,,,,success,,119,success,,1684,1728,/Users/aryansatyendrakumar/Projects/roadside-pm-visual-intelligence/outputs/preprocessed_frames_v2/run_20260223_121418_5341/lens1/sample_0146_run_20260223_121418_5341_offset_000281549_lens1_preprocessed_lens1.jpg,1178238,652827,525411,0.445929430216985,9.164575576782228,10.681087493896484,13.300751686096191,18.008419036865234,39.485111236572266,11.190499305725098,104.19661442472255,191622,190295,1345.489786223278,1345.489786223278,0.5,20.0,0.2243428757587754,22.43428757587754,652827,2909952,1024,1050,1345.489786223278,1345.489786223278,outputs/road_area_lens1_batch/masks/sample_00146_lens_1_row_000119_road_mask.png,outputs/road_area_lens1_batch/masks/sample_00146_lens_1_row_000119_raw_road_mask_before_cleaning.png,outputs/road_area_lens1_batch/depth_previews/sample_00146_lens_1_row_000119_depth_preview.png,needs_visual_review,104.19661442472255,32.09000000000001,136.28661442472256,0.2354596607704626,25,13,15.05,0.0,17.04,0.0,0.0,0.0,17.55,13.0,121.74661442472257,0.1441518524595308,good,acceptable_visible_road,use_primary,17.55,0.16843157617831336,v1_depth_visible_plus_nms_conservative_vehicle_footprint,104.19661442472255,17.55,121.74661442472257,0.1441518524595308
147,23-02-2026 12:19,1771829350.0,1,run_20260223_121418_5341,291.5493893623352,/Volumes/New Volume/23_02_2026_navneet/run_20260223_121418_5341/LENS1/video_lens1.mp4,sample_0147_run_20260223_121418_5341_offset_000291549_lens1,outputs/extracted_frames_v2/run_20260223_121418_5341/lens1/sample_0147_run_20260223_121418_5341_offset_000291549_lens1.jpg,sample_0147_run_20260223_121418_5341_offset_000291549_lens1_preprocessed_lens1,outputs/preprocessed_frames_v2/run_20260223_121418_5341/lens1/sample_0147_run_20260223_121418_5341_offset_000291549_lens1_preprocessed_lens1.jpg,,,,,,,,,recovered_existing_file,True,,,,,,,,,success,,120,success,,1684,1728,/Users/aryansatyendrakumar/Projects/roadside-pm-visual-intelligence/outputs/preprocessed_frames_v2/run_20260223_121418_5341/lens1/sample_0147_run_20260223_121418_5341_offset_000291549_lens1_preprocessed_lens1.jpg,1034709,508756,525953,0.5083100659219162,9.073259353637695,10.245458602905272,12.620125770568848,16.955974578857422,37.17338180541992,10.171707153320312,81.3201338171171,153864,152021,1345.489786223278,1345.489786223278,0.5,20.0,0.174833124395179,17.483312439517903,508756,2909952,1024,1050,1345.489786223278,1345.489786223278,outputs/road_area_lens1_batch/masks/sample_00147_lens_1_row_000120_road_mask.png,outputs/road_area_lens1_batch/masks/sample_00147_lens_1_row_000120_raw_road_mask_before_cleaning.png,outputs/road_area_lens1_batch/depth_previews/sample_00147_lens_1_row_000120_depth_preview.png,needs_visual_review,81.3201338171171,29.26700000000001,110.5871338171171,0.2646510402231796,20,13,7.525,7.56,12.4,0.0,1.782,0.0,16.142,13.0,97.46213381711708,0.1656232976623482,good,acceptable_visible_road,use_primary,16.142,0.19849942741489027,v1_depth_visible_plus_nms_conservative_vehicle_footprint,81.3201338171171,16.142,97.46213381711708,0.1656232976623482
148,23-02-2026 12:19,1771829360.0,1,run_20260223_121418_5341,301.5493893623352,/Volumes/New Volume/23_02_2026_navneet/run_20260223_121418_5341/LENS1/video_lens1.mp4,sample_0148_run_20260223_121418_5341_offset_000301549_lens1,outputs/extracted_frames_v2/run_20260223_121418_5341/lens1/sample_0148_run_20260223_121418_5341_offset_000301549_lens1.jpg,sample_0148_run_20260223_121418_5341_offset_000301549_lens1_preprocessed_lens1,outputs/preprocessed_frames_v2/run_20260223_121418_5341/lens1/sample_0148_run_20260223_121418_5341_offset_000301549_lens1_preprocessed_lens1.jpg,,,,,,,,,recovered_existing_file,True,,,,,,,,,success,,121,success,,1684,1728,/Users/aryansatyendrakumar/Projects/roadside-pm-visual-intelligence/outputs/preprocessed_frames_v2/run_20260223_121418_5341/lens1/sample_0148_run_20260223_121418_5341_offset_000301549_lens1_preprocessed_lens1.jpg,916556,391078,525478,0.573317942384317,8.934035301208496,9.859570503234863,11.26552963256836,13.899932861328123,26.79389190673828,5.928569316864014,63.60557825589497,126192,124615,1345.489786223278,1345.489786223278,0.5,20.0,0.1343932820885018,13.43932820885018,391078,2909952,1024,1050,1345.489786223278,1345.489786223278,outputs/road_area_lens1_batch/masks/sample_00148_lens_1_row_000121_road_mask.png,outputs/road_area_lens1_batch/masks/sample_00148_lens_1_row_000121_raw_road_mask_before_cleaning.png,outputs/road_area_lens1_batch/depth_previews/sample_00148_lens_1_row_000121_depth_preview.png,needs_visual_review,63.60557825589497,13.945,77.55057825589498,0.1798181304849261,7,4,7.525,3.78,2.64,,,0.0,8.103,4.0,71.70857825589496,0.112999032989946,good,acceptable_visible_road,use_primary,8.103,0.12739448680743679,v1_depth_visible_plus_nms_conservative_vehicle_footprint,63.60557825589497,8.103,71.70857825589496,0.112999032989946
149,23-02-2026 12:19,1771829370.0,1,run_20260223_121418_5341,311.5493893623352,/Volumes/New Volume/23_02_2026_navneet/run_20260223_121418_5341/LENS1/video_lens1.mp4,sample_0149_run_20260223_121418_5341_offset_000311549_lens1,outputs/extracted_frames_v2/run_20260223_121418_5341/lens1/sample_0149_run_20260223_121418_5341_offset_000311549_lens1.jpg,sample_0149_run_20260223_121418_5341_offset_000311549_lens1_preprocessed_lens1,outputs/preprocessed_frames_v2/run_20260223_121418_5341/lens1/sample_0149_run_20260223_121418_5341_offset_000311549_lens1_preprocessed_lens1.jpg,,,,,,,,,recovered_existing_file,True,,,,,,,,,success,,122,success,,1684,1728,/Users/aryansatyendrakumar/Projects/roadside-pm-visual-intelligence/outputs/preprocessed_frames_v2/run_20260223_121418_5341/lens1/sample_0149_run_20260223_121418_5341_offset_000311549_lens1_preprocessed_lens1.jpg,838012,315347,522665,0.6236963193844479,9.482731819152832,10.605897903442385,12.475948333740234,15.567315101623535,25.25973892211914,5.839347839355469,59.91703229224767,104085,102885,1345.489786223278,1345.489786223278,0.5,20.0,0.1083684541875604,10.836845418756049,315347,2909952,1024,1050,1345.489786223278,1345.489786223278,outputs/road_area_lens1_batch/masks/sample_00149_lens_1_row_000122_road_mask.png,outputs/road_area_lens1_batch/masks/sample_00149_lens_1_row_000122_raw_road_mask_before_cleaning.png,outputs/road_area_lens1_batch/depth_previews/sample_00149_lens_1_row_000122_depth_preview.png,needs_visual_review,59.91703229224767,3.78,63.69703229224767,0.0593434240806859,9,1,0.0,3.78,0.0,,,0.0,2.268,1.0,62.18503229224767,0.0364717990229739,good,acceptable_visible_road,use_primary,2.268,0.0378523420341939,v1_depth_visible_plus_nms_conservative_vehicle_footprint,59.91703229224767,2.268,62.18503229224767,0.0364717990229739
150,23-02-2026 12:19,1771829380.0,1,run_20260223_121418_5341,321.5493893623352,/Volumes/New Volume/23_02_2026_navneet/run_20260223_121418_5341/LENS1/video_lens1.mp4,sample_0150_run_20260223_121418_5341_offset_000321549_lens1,outputs/extracted_frames_v2/run_20260223_121418_5341/lens1/sample_0150_run_20260223_121418_5341_offset_000321549_lens1.jpg,sample_0150_run_20260223_121418_5341_offset_000321549_lens1_preprocessed_lens1,outputs/preprocessed_frames_v2/run_20260223_121418_5341/lens1/sample_0150_run_20260223_121418_5341_offset_000321549_lens1_preprocessed_lens1.jpg,,,,,,,,,recovered_existing_file,True,,,,,,,,,success,,123,success,,1684,1728,/Users/aryansatyendrakumar/Projects/roadside-pm-visual-intelligence/outputs/preprocessed_frames_v2/run_20260223_121418_5341/lens1/sample_0150_run_20260223_121418_5341_offset_000321549_lens1_preprocessed_lens1.jpg,855942,329903,526039,0.6145731836970262,6.8552021980285645,10.7242431640625,13.80778980255127,18.47191619873047,29.933732986450195,8.60484790802002,62.757710289956435,95157,93945,1345.489786223278,1345.489786223278,0.5,20.0,0.1133705985528283,11.337059855282837,329903,2909952,1024,1050,1345.489786223278,1345.489786223278,outputs/road_area_lens1_batch/masks/sample_00150_lens_1_row_000123_road_mask.png,outputs/road_area_lens1_batch/masks/sample_00150_lens_1_row_000123_raw_road_mask_before_cleaning.png,outputs/road_area_lens1_batch/depth_previews/sample_00150_lens_1_row_000123_depth_preview.png,needs_visual_review,62.757710289956435,23.2,85.95771028995644,0.2699001627863365,15,3,0.0,0.0,3.2,20.0,,0.0,11.6,3.0,74.35771028995643,0.1560026519747048,good,acceptable_visible_road,use_primary,11.6,0.18483784616113424,v1_depth_visible_plus_nms_conservative_vehicle_footprint,62.757710289956435,11.6,74.35771028995643,0.1560026519747048
151,23-02-2026 12:19,1771829390.0,1,run_20260223_121418_5341,331.5493893623352,/Volumes/New Volume/23_02_2026_navneet/run_20260223_121418_5341/LENS1/video_lens1.mp4,sample_0151_run_20260223_121418_5341_offset_000331549_lens1,outputs/extracted_frames_v2/run_20260223_121418_5341/lens1/sample_0151_run_20260223_121418_5341_offset_000331549_lens1.jpg,sample_0151_run_20260223_121418_5341_offset_000331549_lens1_preprocessed_lens1,outputs/preprocessed_frames_v2/run_20260223_121418_5341/lens1/sample_0151_run_20260223_121418_5341_offset_000331549_lens1_preprocessed_lens1.jpg,,,,,,,,,recovered_existing_file,True,,,,,,,,,success,,124,success,,1684,1728,/Users/aryansatyendrakumar/Projects/roadside-pm-visual-intelligence/outputs/preprocessed_frames_v2/run_20260223_121418_5341/lens1/sample_0151_run_20260223_121418_5341_offset_000331549_lens1_preprocessed_lens1.jpg,1029461,504788,524673,0.5096579666446811,9.461722373962402,10.80309009552002,13.071138381958008,16.894535064697266,30.771289825439453,7.033690929412842,82.77585389824374,152721,151482,1345.489786223278,1345.489786223278,0.5,20.0,0.1734695280197061,17.346952801970616,504788,2909952,1024,1050,1345.489786223278,1345.489786223278,outputs/road_area_lens1_batch/masks/sample_00151_lens_1_row_000124_road_mask.png,outputs/road_area_lens1_batch/masks/sample_00151_lens_1_row_000124_raw_road_mask_before_cleaning.png,outputs/road_area_lens1_batch/depth_previews/sample_00151_lens_1_row_000124_depth_preview.png,needs_visual_review,82.77585389824374,32.905,115.68085389824374,0.2844463789050537,8,4,7.525,3.78,1.6,20.0,,0.0,17.583,4.0,100.35885389824374,0.1752012833648721,good,acceptable_visible_road,use_primary,17.583,0.21241701742654034,v1_depth_visible_plus_nms_conservative_vehicle_footprint,82.77585389824374,17.583,100.35885389824374,0.1752012833648721
152,23-02-2026 12:20,1771829400.0,1,run_20260223_121418_5341,341.5493893623352,/Volumes/New Volume/23_02_2026_navneet/run_20260223_121418_5341/LENS1/video_lens1.mp4,sample_0152_run_20260223_121418_5341_offset_000341549_lens1,outputs/extracted_frames_v2/run_20260223_121418_5341/lens1/sample_0152_run_20260223_121418_5341_offset_000341549_lens1.jpg,sample_0152_run_20260223_121418_5341_offset_000341549_lens1_preprocessed_lens1,outputs/preprocessed_frames_v2/run_20260223_121418_5341/lens1/sample_0152_run_20260223_121418_5341_offset_000341549_lens1_preprocessed_lens1.jpg,,,,,,,,,recovered_existing_file,True,,,,,,,,,success,,125,success,,1684,1728,/Users/aryansatyendrakumar/Projects/roadside-pm-visual-intelligence/outputs/preprocessed_frames_v2/run_20260223_121418_5341/lens1/sample_0152_run_20260223_121418_5341_offset_000341549_lens1_preprocessed_lens1.jpg,1092119,566694,525425,0.4811059966908368,9.058323860168455,10.375732421875,12.371155738830566,15.845584869384766,31.929832458496097,8.844047546386719,88.43094999756113,176979,175406,1345.489786223278,1345.489786223278,0.5,20.0,0.1947434184481393,19.474341844813935,566694,2909952,1024,1050,1345.489786223278,1345.489786223278,outputs/road_area_lens1_batch/masks/sample_00152_lens_1_row_000125_road_mask.png,outputs/road_area_lens1_batch/masks/sample_00152_lens_1_row_000125_raw_road_mask_before_cleaning.png,outputs/road_area_lens1_batch/depth_previews/sample_00152_lens_1_row_000125_depth_preview.png,needs_visual_review,88.43094999756113,57.251250000000006,145.68219999756113,0.392987269556325,11,8,4.891249999999999,7.56,4.800000000000001,40.0,0.0,0.0,29.87075,8.0,118.30169999756112,0.2524963715704492,good,acceptable_visible_road,use_primary,29.87075,0.3377861484109785,v1_depth_visible_plus_nms_conservative_vehicle_footprint,88.43094999756113,29.87075,118.30169999756112,0.2524963715704492
153,23-02-2026 12:20,1771829410.0,1,run_20260223_121418_5341,351.5493893623352,/Volumes/New Volume/23_02_2026_navneet/run_20260223_121418_5341/LENS1/video_lens1.mp4,sample_0153_run_20260223_121418_5341_offset_000351549_lens1,outputs/extracted_frames_v2/run_20260223_121418_5341/lens1/sample_0153_run_20260223_121418_5341_offset_000351549_lens1.jpg,sample_0153_run_20260223_121418_5341_offset_000351549_lens1_preprocessed_lens1,outputs/preprocessed_frames_v2/run_20260223_121418_5341/lens1/sample_0153_run_20260223_121418_5341_offset_000351549_lens1_preprocessed_lens1.jpg,,,,,,,,,recovered_existing_file,True,,,,,,,,,success,,126,success,,1684,1728,/Users/aryansatyendrakumar/Projects/roadside-pm-visual-intelligence/outputs/preprocessed_frames_v2/run_20260223_121418_5341/lens1/sample_0153_run_20260223_121418_5341_offset_000351549_lens1_preprocessed_lens1.jpg,1059593,535050,524543,0.4950419642258867,8.86734390258789,10.101290702819824,12.958490371704102,17.204029083251953,34.8698616027832,9.508702278137209,89.89484546053505,160786,159139,1345.489786223278,1345.489786223278,0.5,20.0,0.1838690122723673,18.386901227236734,535050,2909952,1024,1050,1345.489786223278,1345.489786223278,outputs/road_area_lens1_batch/masks/sample_00153_lens_1_row_000126_road_mask.png,outputs/road_area_lens1_batch/masks/sample_00153_lens_1_row_000126_raw_road_mask_before_cleaning.png,outputs/road_area_lens1_batch/depth_previews/sample_00153_lens_1_row_000126_depth_preview.png,needs_visual_review,89.89484546053505,71.405,161.29984546053504,0.4426848630643638,12,7,7.525,,2.8000000000000003,60.0,1.08,,36.455,7.0,126.34984546053504,0.2885242943283741,good,acceptable_visible_road,use_primary,36.455,0.40552936948986906,v1_depth_visible_plus_nms_conservative_vehicle_footprint,89.89484546053505,36.455,126.34984546053504,0.2885242943283741
154,23-02-2026 12:20,1771829420.0,1,run_20260223_121418_5341,361.5493893623352,/Volumes/New Volume/23_02_2026_navneet/run_20260223_121418_5341/LENS1/video_lens1.mp4,sample_0154_run_20260223_121418_5341_offset_000361549_lens1,outputs/extracted_frames_v2/run_20260223_121418_5341/lens1/sample_0154_run_20260223_121418_5341_offset_000361549_lens1.jpg,sample_0154_run_20260223_121418_5341_offset_000361549_lens1_preprocessed_lens1,outputs/preprocessed_frames_v2/run_20260223_121418_5341/lens1/sample_0154_run_20260223_121418_5341_offset_000361549_lens1_preprocessed_lens1.jpg,,,,,,,,,recovered_existing_file,True,,,,,,,,,success,,127,success,,1684,1728,/Users/aryansatyendrakumar/Projects/roadside-pm-visual-intelligence/outputs/preprocessed_frames_v2/run_20260223_121418_5341/lens1/sample_0154_run_20260223_121418_5341_offset_000361549_lens1_preprocessed_lens1.jpg,677724,171677,506047,0.746685966558658,8.905491828918457,9.938763618469238,11.756382942199709,14.350955963134766,18.595415115356445,4.283761978149414,30.412447616592843,59470,58364,1345.489786223278,1345.489786223278,0.5,20.0,0.0589965057842878,5.899650578428785,171677,2909952,1024,1050,1345.489786223278,1345.489786223278,outputs/road_area_lens1_batch/masks/sample_00154_lens_1_row_000127_road_mask.png,outputs/road_area_lens1_batch/masks/sample_00154_lens_1_row_000127_raw_road_mask_before_cleaning.png,outputs/road_area_lens1_batch/depth_previews/sample_00154_lens_1_row_000127_depth_preview.png,needs_visual_review,30.412447616592843,14.725,45.13744761659285,0.3262258009154019,10,2,0.0,0.0,1.6,0.0,,13.125,7.3625,2.0,37.77494761659284,0.1949043073395549,good,acceptable_visible_road,use_primary,7.3625,0.24208837423473492,v1_depth_visible_plus_nms_conservative_vehicle_footprint,30.412447616592843,7.3625,37.77494761659284,0.1949043073395549
155,23-02-2026 12:20,1771829430.0,1,run_20260223_121418_5341,371.5493893623352,/Volumes/New Volume/23_02_2026_navneet/run_20260223_121418_5341/LENS1/video_lens1.mp4,sample_0155_run_20260223_121418_5341_offset_000371549_lens1,outputs/extracted_frames_v2/run_20260223_121418_5341/lens1/sample_0155_run_20260223_121418_5341_offset_000371549_lens1.jpg,sample_0155_run_20260223_121418_5341_offset_000371549_lens1_preprocessed_lens1,outputs/preprocessed_frames_v2/run_20260223_121418_5341/lens1/sample_0155_run_20260223_121418_5341_offset_000371549_lens1_preprocessed_lens1.jpg,,,,,,,,,recovered_existing_file,True,,,,,,,,,success,,128,success,,1684,1728,/Users/aryansatyendrakumar/Projects/roadside-pm-visual-intelligence/outputs/preprocessed_frames_v2/run_20260223_121418_5341/lens1/sample_0155_run_20260223_121418_5341_offset_000371549_lens1_preprocessed_lens1.jpg,1226637,701226,525411,0.4283345439604382,8.696028709411621,10.134078979492188,12.940998077392578,18.08915328979492,36.93627166748047,10.217506408691406,104.00844122315152,204580,203286,1345.489786223278,1345.489786223278,0.5,20.0,0.2409751088677751,24.097510886777513,701226,2909952,1024,1050,1345.489786223278,1345.489786223278,outputs/road_area_lens1_batch/masks/sample_00155_lens_1_row_000128_road_mask.png,outputs/road_area_lens1_batch/masks/sample_00155_lens_1_row_000128_raw_road_mask_before_cleaning.png,outputs/road_area_lens1_batch/depth_previews/sample_00155_lens_1_row_000128_depth_preview.png,needs_visual_review,104.00844122315152,41.51,145.5184412231515,0.2852559417974021,14,6,15.05,3.78,1.6,20.0,1.08,,22.638,6.0,126.64644122315153,0.1787495943933533,good,acceptable_visible_road,use_primary,22.638,0.21765541078949416,v1_depth_visible_plus_nms_conservative_vehicle_footprint,104.00844122315152,22.638,126.64644122315153,0.1787495943933533
156,23-02-2026 12:20,1771829440.0,1,run_20260223_121418_5341,381.5493893623352,/Volumes/New Volume/23_02_2026_navneet/run_20260223_121418_5341/LENS1/video_lens1.mp4,sample_0156_run_20260223_121418_5341_offset_000381549_lens1,outputs/extracted_frames_v2/run_20260223_121418_5341/lens1/sample_0156_run_20260223_121418_5341_offset_000381549_lens1.jpg,sample_0156_run_20260223_121418_5341_offset_000381549_lens1_preprocessed_lens1,outputs/preprocessed_frames_v2/run_20260223_121418_5341/lens1/sample_0156_run_20260223_121418_5341_offset_000381549_lens1_preprocessed_lens1.jpg,,,,,,,,,recovered_existing_file,True,,,,,,,,,success,,129,success,,1684,1728,/Users/aryansatyendrakumar/Projects/roadside-pm-visual-intelligence/outputs/preprocessed_frames_v2/run_20260223_121418_5341/lens1/sample_0156_run_20260223_121418_5341_offset_000381549_lens1_preprocessed_lens1.jpg,1220487,695076,525411,0.4304929097974825,9.0557222366333,10.648573875427246,13.3711576461792,18.42203140258789,37.425655364990234,9.85546588897705,110.09051691738568,201361,200105,1345.489786223278,1345.489786223278,0.5,20.0,0.2388616719451042,23.886167194510424,695076,2909952,1024,1050,1345.489786223278,1345.489786223278,outputs/road_area_lens1_batch/masks/sample_00156_lens_1_row_000129_road_mask.png,outputs/road_area_lens1_batch/masks/sample_00156_lens_1_row_000129_raw_road_mask_before_cleaning.png,outputs/road_area_lens1_batch/depth_previews/sample_00156_lens_1_row_000129_depth_preview.png,needs_visual_review,110.09051691738568,24.175,134.2655169173857,0.1800536768861882,10,4,22.575,0.0,1.6,0.0,,,14.345,4.0,124.43551691738568,0.1152805915494675,good,acceptable_visible_road,use_primary,14.345,0.13030186796892598,v1_depth_visible_plus_nms_conservative_vehicle_footprint,110.09051691738568,14.345,124.43551691738568,0.1152805915494675
157,23-02-2026 12:20,1771829450.0,1,run_20260223_121418_5341,391.5493893623352,/Volumes/New Volume/23_02_2026_navneet/run_20260223_121418_5341/LENS1/video_lens1.mp4,sample_0157_run_20260223_121418_5341_offset_000391549_lens1,outputs/extracted_frames_v2/run_20260223_121418_5341/lens1/sample_0157_run_20260223_121418_5341_offset_000391549_lens1.jpg,sample_0157_run_20260223_121418_5341_offset_000391549_lens1_preprocessed_lens1,outputs/preprocessed_frames_v2/run_20260223_121418_5341/lens1/sample_0157_run_20260223_121418_5341_offset_000391549_lens1_preprocessed_lens1.jpg,,,,,,,,,recovered_existing_file,True,,,,,,,,,success,,130,success,,1684,1728,/Users/aryansatyendrakumar/Projects/roadside-pm-visual-intelligence/outputs/preprocessed_frames_v2/run_20260223_121418_5341/lens1/sample_0157_run_20260223_121418_5341_offset_000391549_lens1_preprocessed_lens1.jpg,1224996,699607,525389,0.4288903800502205,8.945133209228516,10.606016159057615,13.390016555786133,18.29919052124023,35.714080810546875,10.915870666503906,113.8127844180528,203825,202173,1345.489786223278,1345.489786223278,0.5,20.0,0.2404187423022785,24.04187423022785,699607,2909952,1024,1050,1345.489786223278,1345.489786223278,outputs/road_area_lens1_batch/masks/sample_00157_lens_1_row_000130_road_mask.png,outputs/road_area_lens1_batch/masks/sample_00157_lens_1_row_000130_raw_road_mask_before_cleaning.png,outputs/road_area_lens1_batch/depth_previews/sample_00157_lens_1_row_000130_depth_preview.png,needs_visual_review,113.8127844180528,26.770000000000003,140.5827844180528,0.190421608953154,18,10,15.05,0.0,10.64,0.0,1.08,,14.89,10.0,128.7027844180528,0.1156929126850453,good,acceptable_visible_road,use_primary,14.89,0.13082888777509052,v1_depth_visible_plus_nms_conservative_vehicle_footprint,113.8127844180528,14.89,128.7027844180528,0.1156929126850453
158,23-02-2026 12:21,1771829460.0,1,run_20260223_121418_5341,401.5493893623352,/Volumes/New Volume/23_02_2026_navneet/run_20260223_121418_5341/LENS1/video_lens1.mp4,sample_0158_run_20260223_121418_5341_offset_000401549_lens1,outputs/extracted_frames_v2/run_20260223_121418_5341/lens1/sample_0158_run_20260223_121418_5341_offset_000401549_lens1.jpg,sample_0158_run_20260223_121418_5341_offset_000401549_lens1_preprocessed_lens1,outputs/preprocessed_frames_v2/run_20260223_121418_5341/lens1/sample_0158_run_20260223_121418_5341_offset_000401549_lens1_preprocessed_lens1.jpg,,,,,,,,,recovered_existing_file,True,,,,,,,,,success,,131,success,,1684,1728,/Users/aryansatyendrakumar/Projects/roadside-pm-visual-intelligence/outputs/preprocessed_frames_v2/run_20260223_121418_5341/lens1/sample_0158_run_20260223_121418_5341_offset_000401549_lens1_preprocessed_lens1.jpg,738605,247085,491520,0.665470718448968,9.136504173278809,10.770557403564451,13.86453342437744,18.83399772644043,27.777849197387695,6.29268217086792,47.34564997802224,70562,69811,1345.489786223278,1345.489786223278,0.5,20.0,0.0849103352907539,8.491033529075393,247085,2909952,1024,1050,1345.489786223278,1345.489786223278,outputs/road_area_lens1_batch/masks/sample_00158_lens_1_row_000131_road_mask.png,outputs/road_area_lens1_batch/masks/sample_00158_lens_1_row_000131_raw_road_mask_before_cleaning.png,outputs/road_area_lens1_batch/depth_previews/sample_00158_lens_1_row_000131_depth_preview.png,needs_visual_review,47.34564997802224,16.685,64.03064997802224,0.2605783324974356,9,4,7.525,7.56,1.6,,,,9.851,4.0,57.19664997802224,0.1722303667047849,good,acceptable_visible_road,use_primary,9.851,0.20806557739882792,v1_depth_visible_plus_nms_conservative_vehicle_footprint,47.34564997802224,9.851,57.19664997802224,0.1722303667047849
159,23-02-2026 12:21,1771829470.0,1,run_20260223_121418_5341,411.5493893623352,/Volumes/New Volume/23_02_2026_navneet/run_20260223_121418_5341/LENS1/video_lens1.mp4,sample_0159_run_20260223_121418_5341_offset_000411549_lens1,outputs/extracted_frames_v2/run_20260223_121418_5341/lens1/sample_0159_run_20260223_121418_5341_offset_000411549_lens1.jpg,sample_0159_run_20260223_121418_5341_offset_000411549_lens1_preprocessed_lens1,outputs/preprocessed_frames_v2/run_20260223_121418_5341/lens1/sample_0159_run_20260223_121418_5341_offset_000411549_lens1_preprocessed_lens1.jpg,,,,,,,,,recovered_existing_file,True,,,,,,,,,success,,132,success,,1684,1728,/Users/aryansatyendrakumar/Projects/roadside-pm-visual-intelligence/outputs/preprocessed_frames_v2/run_20260223_121418_5341/lens1/sample_0159_run_20260223_121418_5341_offset_000411549_lens1_preprocessed_lens1.jpg,545260,103306,441954,0.8105380919194513,9.00825309753418,10.406248092651367,13.003263473510742,17.258037567138672,25.49134635925293,5.218756675720215,19.20507477887927,30684,30072,1345.489786223278,1345.489786223278,0.5,20.0,0.0355009292249494,3.5500929224949416,103306,2909952,1024,1050,1345.489786223278,1345.489786223278,outputs/road_area_lens1_batch/masks/sample_00159_lens_1_row_000132_road_mask.png,outputs/road_area_lens1_batch/masks/sample_00159_lens_1_row_000132_raw_road_mask_before_cleaning.png,outputs/road_area_lens1_batch/depth_previews/sample_00159_lens_1_row_000132_depth_preview.png,needs_visual_review,19.20507477887927,9.125,28.33007477887927,0.3220958670678448,12,2,7.525,0.0,1.6,,0.0,0.0,5.3149999999999995,2.0,24.52007477887927,0.2167611660213269,good,low_visible_road,use_sensitivity_only,5.3149999999999995,0.2767497685479026,v1_depth_visible_plus_nms_conservative_vehicle_footprint,19.20507477887927,5.3149999999999995,24.52007477887927,0.2167611660213269
160,23-02-2026 12:21,1771829480.0,1,run_20260223_121418_5341,421.5493893623352,/Volumes/New Volume/23_02_2026_navneet/run_20260223_121418_5341/LENS1/video_lens1.mp4,sample_0160_run_20260223_121418_5341_offset_000421549_lens1,outputs/extracted_frames_v2/run_20260223_121418_5341/lens1/sample_0160_run_20260223_121418_5341_offset_000421549_lens1.jpg,sample_0160_run_20260223_121418_5341_offset_000421549_lens1_preprocessed_lens1,outputs/preprocessed_frames_v2/run_20260223_121418_5341/lens1/sample_0160_run_20260223_121418_5341_offset_000421549_lens1_preprocessed_lens1.jpg,,,,,,,,,recovered_existing_file,True,,,,,,,,,success,,133,success,,1684,1728,/Users/aryansatyendrakumar/Projects/roadside-pm-visual-intelligence/outputs/preprocessed_frames_v2/run_20260223_121418_5341/lens1/sample_0160_run_20260223_121418_5341_offset_000421549_lens1_preprocessed_lens1.jpg,1140601,615196,525405,0.4606387334396515,8.72614860534668,10.008848190307615,12.10442066192627,16.519996643066406,32.31028366088867,7.768397808074951,88.84695780596837,186191,184561,1345.489786223278,1345.489786223278,0.5,20.0,0.2114110473299903,21.141104732999032,615196,2909952,1024,1050,1345.489786223278,1345.489786223278,outputs/road_area_lens1_batch/masks/sample_00160_lens_1_row_000133_road_mask.png,outputs/road_area_lens1_batch/masks/sample_00160_lens_1_row_000133_raw_road_mask_before_cleaning.png,outputs/road_area_lens1_batch/depth_previews/sample_00160_lens_1_row_000133_depth_preview.png,needs_visual_review,88.84695780596837,32.79,121.63695780596836,0.2695726742221359,14,9,15.05,11.34,6.4,,,,19.034,9.0,107.88095780596836,0.1764352151399509,good,acceptable_visible_road,use_primary,19.034,0.21423355925779794,v1_depth_visible_plus_nms_conservative_vehicle_footprint,88.84695780596837,19.034,107.88095780596836,0.1764352151399509
161,23-02-2026 12:21,1771829490.0,1,run_20260223_121418_5341,431.5493893623352,/Volumes/New Volume/23_02_2026_navneet/run_20260223_121418_5341/LENS1/video_lens1.mp4,sample_0161_run_20260223_121418_5341_offset_000431549_lens1,outputs/extracted_frames_v2/run_20260223_121418_5341/lens1/sample_0161_run_20260223_121418_5341_offset_000431549_lens1.jpg,sample_0161_run_20260223_121418_5341_offset_000431549_lens1_preprocessed_lens1,outputs/preprocessed_frames_v2/run_20260223_121418_5341/lens1/sample_0161_run_20260223_121418_5341_offset_000431549_lens1_preprocessed_lens1.jpg,,,,,,,,,recovered_existing_file,True,,,,,,,,,success,,134,success,,1684,1728,/Users/aryansatyendrakumar/Projects/roadside-pm-visual-intelligence/outputs/preprocessed_frames_v2/run_20260223_121418_5341/lens1/sample_0161_run_20260223_121418_5341_offset_000431549_lens1_preprocessed_lens1.jpg,1025249,499684,525565,0.5126218118720428,8.829743385314941,9.973108291625977,11.979599952697754,15.52609920501709,24.699094772338867,4.821226119995117,91.52355864451216,160115,158447,1345.489786223278,1345.489786223278,0.5,20.0,0.1717155471980294,17.17155471980294,499684,2909952,1024,1050,1345.489786223278,1345.489786223278,outputs/road_area_lens1_batch/masks/sample_00161_lens_1_row_000134_road_mask.png,outputs/road_area_lens1_batch/masks/sample_00161_lens_1_row_000134_raw_road_mask_before_cleaning.png,outputs/road_area_lens1_batch/depth_previews/sample_00161_lens_1_row_000134_depth_preview.png,needs_visual_review,91.52355864451216,38.754999999999995,130.27855864451217,0.2974779610952697,9,4,7.525,3.78,1.2000000000000002,,,26.25,20.508,4.0,112.03155864451216,0.1830555626301159,good,acceptable_visible_road,use_primary,20.508,0.224073455006873,v1_depth_visible_plus_nms_conservative_vehicle_footprint,91.52355864451216,20.508,112.03155864451216,0.1830555626301159
162,23-02-2026 12:21,1771829500.0,1,run_20260223_121418_5341,441.5493893623352,/Volumes/New Volume/23_02_2026_navneet/run_20260223_121418_5341/LENS1/video_lens1.mp4,sample_0162_run_20260223_121418_5341_offset_000441549_lens1,outputs/extracted_frames_v2/run_20260223_121418_5341/lens1/sample_0162_run_20260223_121418_5341_offset_000441549_lens1.jpg,sample_0162_run_20260223_121418_5341_offset_000441549_lens1_preprocessed_lens1,outputs/preprocessed_frames_v2/run_20260223_121418_5341/lens1/sample_0162_run_20260223_121418_5341_offset_000441549_lens1_preprocessed_lens1.jpg,,,,,,,,,recovered_existing_file,True,,,,,,,,,success,,135,success,,1684,1728,/Users/aryansatyendrakumar/Projects/roadside-pm-visual-intelligence/outputs/preprocessed_frames_v2/run_20260223_121418_5341/lens1/sample_0162_run_20260223_121418_5341_offset_000441549_lens1_preprocessed_lens1.jpg,1044380,518997,525383,0.5030573163024953,8.938956260681152,10.018641471862791,11.95453929901123,15.5466947555542,27.287832260131836,5.827733516693115,77.92320441332649,163764,161955,1345.489786223278,1345.489786223278,0.5,20.0,0.1783524264317762,17.835242643177622,518997,2909952,1024,1050,1345.489786223278,1345.489786223278,outputs/road_area_lens1_batch/masks/sample_00162_lens_1_row_000135_road_mask.png,outputs/road_area_lens1_batch/masks/sample_00162_lens_1_row_000135_raw_road_mask_before_cleaning.png,outputs/road_area_lens1_batch/depth_previews/sample_00162_lens_1_row_000135_depth_preview.png,needs_visual_review,77.92320441332649,32.09,110.01320441332648,0.2916922579532895,10,5,,0.0,5.84,0.0,,26.25,16.045,5.0,93.96820441332648,0.1707492454514169,good,acceptable_visible_road,use_primary,16.045,0.205907856598053,v1_depth_visible_plus_nms_conservative_vehicle_footprint,77.92320441332649,16.045,93.96820441332648,0.1707492454514169
163,23-02-2026 12:21,1771829510.0,1,run_20260223_121418_5341,451.5493893623352,/Volumes/New Volume/23_02_2026_navneet/run_20260223_121418_5341/LENS1/video_lens1.mp4,sample_0163_run_20260223_121418_5341_offset_000451549_lens1,outputs/extracted_frames_v2/run_20260223_121418_5341/lens1/sample_0163_run_20260223_121418_5341_offset_000451549_lens1.jpg,sample_0163_run_20260223_121418_5341_offset_000451549_lens1_preprocessed_lens1,outputs/preprocessed_frames_v2/run_20260223_121418_5341/lens1/sample_0163_run_20260223_121418_5341_offset_000451549_lens1_preprocessed_lens1.jpg,,,,,,,,,recovered_existing_file,True,,,,,,,,,success,,136,success,,1684,1728,/Users/aryansatyendrakumar/Projects/roadside-pm-visual-intelligence/outputs/preprocessed_frames_v2/run_20260223_121418_5341/lens1/sample_0163_run_20260223_121418_5341_offset_000451549_lens1_preprocessed_lens1.jpg,928750,403168,525582,0.5659025572005384,8.940424919128418,10.175019264221191,12.298185348510742,16.809925079345703,28.241798400878903,6.149010181427002,65.46687285234171,122237,120390,1345.489786223278,1345.489786223278,0.5,20.0,0.1385479897950206,13.854798979502068,403168,2909952,1024,1050,1345.489786223278,1345.489786223278,outputs/road_area_lens1_batch/masks/sample_00163_lens_1_row_000136_road_mask.png,outputs/road_area_lens1_batch/masks/sample_00163_lens_1_row_000136_raw_road_mask_before_cleaning.png,outputs/road_area_lens1_batch/depth_previews/sample_00163_lens_1_row_000136_depth_preview.png,needs_visual_review,65.46687285234171,28.630000000000003,94.0968728523417,0.3042609082761618,15,3,,0.0,2.38,,0.0,26.25,14.315,3.0,79.7818728523417,0.1794267229912469,good,acceptable_visible_road,use_primary,14.315,0.21866020746533887,v1_depth_visible_plus_nms_conservative_vehicle_footprint,65.46687285234171,14.315,79.7818728523417,0.1794267229912469
164,23-02-2026 12:22,1771829520.0,1,run_20260223_121418_5341,461.5493893623352,/Volumes/New Volume/23_02_2026_navneet/run_20260223_121418_5341/LENS1/video_lens1.mp4,sample_0164_run_20260223_121418_5341_offset_000461549_lens1,outputs/extracted_frames_v2/run_20260223_121418_5341/lens1/sample_0164_run_20260223_121418_5341_offset_000461549_lens1.jpg,sample_0164_run_20260223_121418_5341_offset_000461549_lens1_preprocessed_lens1,outputs/preprocessed_frames_v2/run_20260223_121418_5341/lens1/sample_0164_run_20260223_121418_5341_offset_000461549_lens1_preprocessed_lens1.jpg,,,,,,,,,recovered_existing_file,True,,,,,,,,,success,,137,success,,1684,1728,/Users/aryansatyendrakumar/Projects/roadside-pm-visual-intelligence/outputs/preprocessed_frames_v2/run_20260223_121418_5341/lens1/sample_0164_run_20260223_121418_5341_offset_000461549_lens1_preprocessed_lens1.jpg,750337,229975,520362,0.6935043853628436,8.829505920410156,10.140026092529297,13.001988410949709,19.68010711669922,39.24214553833008,9.644922256469728,31.32251346676621,63176,62486,1345.489786223278,1345.489786223278,0.5,20.0,0.0790305132180874,7.903051321808745,229975,2909952,1024,1050,1345.489786223278,1345.489786223278,outputs/road_area_lens1_batch/masks/sample_00164_lens_1_row_000137_road_mask.png,outputs/road_area_lens1_batch/masks/sample_00164_lens_1_row_000137_raw_road_mask_before_cleaning.png,outputs/road_area_lens1_batch/depth_previews/sample_00164_lens_1_row_000137_depth_preview.png,needs_visual_review,31.32251346676621,27.85,59.17251346676621,0.4706577153536285,12,2,,,1.6,,0.0,26.25,13.925,2.0,45.24751346676621,0.3077517178977748,medium,acceptable_visible_road,use_primary,13.925,0.444568409708713,v1_depth_visible_plus_nms_conservative_vehicle_footprint,31.32251346676621,13.925,45.24751346676621,0.3077517178977748
165,23-02-2026 12:22,1771829530.0,1,run_20260223_121418_5341,471.5493893623352,/Volumes/New Volume/23_02_2026_navneet/run_20260223_121418_5341/LENS1/video_lens1.mp4,sample_0165_run_20260223_121418_5341_offset_000471549_lens1,outputs/extracted_frames_v2/run_20260223_121418_5341/lens1/sample_0165_run_20260223_121418_5341_offset_000471549_lens1.jpg,sample_0165_run_20260223_121418_5341_offset_000471549_lens1_preprocessed_lens1,outputs/preprocessed_frames_v2/run_20260223_121418_5341/lens1/sample_0165_run_20260223_121418_5341_offset_000471549_lens1_preprocessed_lens1.jpg,,,,,,,,,recovered_existing_file,True,,,,,,,,,success,,138,success,,1684,1728,/Users/aryansatyendrakumar/Projects/roadside-pm-visual-intelligence/outputs/preprocessed_frames_v2/run_20260223_121418_5341/lens1/sample_0165_run_20260223_121418_5341_offset_000471549_lens1_preprocessed_lens1.jpg,1032757,507366,525391,0.5087266414074172,9.12432861328125,10.314949035644531,12.346399307250977,18.78765296936035,45.76819610595703,13.180708885192873,67.48767940234923,143009,141588,1345.489786223278,1345.489786223278,0.5,20.0,0.1743554532858273,17.435545328582737,507366,2909952,1024,1050,1345.489786223278,1345.489786223278,outputs/road_area_lens1_batch/masks/sample_00165_lens_1_row_000138_road_mask.png,outputs/road_area_lens1_batch/masks/sample_00165_lens_1_row_000138_raw_road_mask_before_cleaning.png,outputs/road_area_lens1_batch/depth_previews/sample_00165_lens_1_row_000138_depth_preview.png,needs_visual_review,67.48767940234923,14.505,81.99267940234922,0.1769060372917195,5,4,7.525,3.78,3.2,,0.0,,8.383,4.0,75.87067940234923,0.1104906409964272,good,acceptable_visible_road,use_primary,8.383,0.12421526527860119,v1_depth_visible_plus_nms_conservative_vehicle_footprint,67.48767940234923,8.383,75.87067940234923,0.1104906409964272
166,23-02-2026 12:22,1771829540.0,1,run_20260223_121418_5341,481.5493893623352,/Volumes/New Volume/23_02_2026_navneet/run_20260223_121418_5341/LENS1/video_lens1.mp4,sample_0166_run_20260223_121418_5341_offset_000481549_lens1,outputs/extracted_frames_v2/run_20260223_121418_5341/lens1/sample_0166_run_20260223_121418_5341_offset_000481549_lens1.jpg,sample_0166_run_20260223_121418_5341_offset_000481549_lens1_preprocessed_lens1,outputs/preprocessed_frames_v2/run_20260223_121418_5341/lens1/sample_0166_run_20260223_121418_5341_offset_000481549_lens1_preprocessed_lens1.jpg,,,,,,,,,recovered_existing_file,True,,,,,,,,,success,,139,success,,1684,1728,/Users/aryansatyendrakumar/Projects/roadside-pm-visual-intelligence/outputs/preprocessed_frames_v2/run_20260223_121418_5341/lens1/sample_0166_run_20260223_121418_5341_offset_000481549_lens1_preprocessed_lens1.jpg,862885,339780,523105,0.6062279446276155,9.2090425491333,10.572397232055664,13.280689239501951,19.767087936401367,44.30976104736328,12.313800811767578,48.31321227961689,93468,92675,1345.489786223278,1345.489786223278,0.5,20.0,0.1167648126154658,11.676481261546584,339780,2909952,1024,1050,1345.489786223278,1345.489786223278,outputs/road_area_lens1_batch/masks/sample_00166_lens_1_row_000139_road_mask.png,outputs/road_area_lens1_batch/masks/sample_00166_lens_1_row_000139_raw_road_mask_before_cleaning.png,outputs/road_area_lens1_batch/depth_previews/sample_00166_lens_1_row_000139_depth_preview.png,needs_visual_review,48.31321227961689,17.765,66.07821227961689,0.2688480724149367,15,5,7.525,7.56,1.6,0.0,1.08,,10.390999999999998,5.0,58.70421227961689,0.1770060374970389,good,acceptable_visible_road,use_primary,10.390999999999998,0.21507574242551267,v1_depth_visible_plus_nms_conservative_vehicle_footprint,48.31321227961689,10.390999999999998,58.70421227961689,0.1770060374970389
167,23-02-2026 12:22,1771829550.0,1,run_20260223_121418_5341,491.5493893623352,/Volumes/New Volume/23_02_2026_navneet/run_20260223_121418_5341/LENS1/video_lens1.mp4,sample_0167_run_20260223_121418_5341_offset_000491549_lens1,outputs/extracted_frames_v2/run_20260223_121418_5341/lens1/sample_0167_run_20260223_121418_5341_offset_000491549_lens1.jpg,sample_0167_run_20260223_121418_5341_offset_000491549_lens1_preprocessed_lens1,outputs/preprocessed_frames_v2/run_20260223_121418_5341/lens1/sample_0167_run_20260223_121418_5341_offset_000491549_lens1_preprocessed_lens1.jpg,,,,,,,,,recovered_existing_file,True,,,,,,,,,success,,140,success,,1684,1728,/Users/aryansatyendrakumar/Projects/roadside-pm-visual-intelligence/outputs/preprocessed_frames_v2/run_20260223_121418_5341/lens1/sample_0167_run_20260223_121418_5341_offset_000491549_lens1_preprocessed_lens1.jpg,982307,457191,525116,0.5345742217046199,9.303558349609377,10.613566398620604,13.37783908843994,19.41861343383789,47.921173095703125,13.572582244873049,68.88569255443764,126605,125139,1345.489786223278,1345.489786223278,0.5,20.0,0.1571129008313539,15.711290083135394,457191,2909952,1024,1050,1345.489786223278,1345.489786223278,outputs/road_area_lens1_batch/masks/sample_00167_lens_1_row_000140_road_mask.png,outputs/road_area_lens1_batch/masks/sample_00167_lens_1_row_000140_raw_road_mask_before_cleaning.png,outputs/road_area_lens1_batch/depth_previews/sample_00167_lens_1_row_000140_depth_preview.png,needs_visual_review,68.88569255443764,39.885000000000005,108.77069255443764,0.3666888484693459,10,7,7.525,7.56,4.800000000000001,20.0,,,21.451,7.0,90.33669255443763,0.2374561143809139,good,acceptable_visible_road,use_primary,21.451,0.3113999323306233,v1_depth_visible_plus_nms_conservative_vehicle_footprint,68.88569255443764,21.451,90.33669255443763,0.2374561143809139
168,23-02-2026 12:22,1771829560.0,1,run_20260223_121418_5341,501.5493893623352,/Volumes/New Volume/23_02_2026_navneet/run_20260223_121418_5341/LENS1/video_lens1.mp4,sample_0168_run_20260223_121418_5341_offset_000501549_lens1,outputs/extracted_frames_v2/run_20260223_121418_5341/lens1/sample_0168_run_20260223_121418_5341_offset_000501549_lens1.jpg,sample_0168_run_20260223_121418_5341_offset_000501549_lens1_preprocessed_lens1,outputs/preprocessed_frames_v2/run_20260223_121418_5341/lens1/sample_0168_run_20260223_121418_5341_offset_000501549_lens1_preprocessed_lens1.jpg,,,,,,,,,recovered_existing_file,True,,,,,,,,,success,,141,success,,1684,1728,/Users/aryansatyendrakumar/Projects/roadside-pm-visual-intelligence/outputs/preprocessed_frames_v2/run_20260223_121418_5341/lens1/sample_0168_run_20260223_121418_5341_offset_000501549_lens1_preprocessed_lens1.jpg,955075,429833,525242,0.5499484333691071,8.720560073852539,9.831436157226562,11.812796592712402,16.56808853149414,40.95074844360352,12.308464050292969,58.034360606357765,128823,127595,1345.489786223278,1345.489786223278,0.5,20.0,0.1477113711841295,14.77113711841295,429833,2909952,1024,1050,1345.489786223278,1345.489786223278,outputs/road_area_lens1_batch/masks/sample_00168_lens_1_row_000141_road_mask.png,outputs/road_area_lens1_batch/masks/sample_00168_lens_1_row_000141_raw_road_mask_before_cleaning.png,outputs/road_area_lens1_batch/depth_previews/sample_00168_lens_1_row_000141_depth_preview.png,needs_visual_review,58.034360606357765,10.725,68.75936060635776,0.1559787628247422,9,3,7.525,0.0,3.2,0.0,,,6.115,3.0,64.14936060635776,0.0953244107532686,good,acceptable_visible_road,use_primary,6.115,0.10536861156233866,v1_depth_visible_plus_nms_conservative_vehicle_footprint,58.034360606357765,6.115,64.14936060635776,0.0953244107532686
169,23-02-2026 12:22,1771829570.0,1,run_20260223_121418_5341,511.5493893623352,/Volumes/New Volume/23_02_2026_navneet/run_20260223_121418_5341/LENS1/video_lens1.mp4,sample_0169_run_20260223_121418_5341_offset_000511549_lens1,outputs/extracted_frames_v2/run_20260223_121418_5341/lens1/sample_0169_run_20260223_121418_5341_offset_000511549_lens1.jpg,sample_0169_run_20260223_121418_5341_offset_000511549_lens1_preprocessed_lens1,outputs/preprocessed_frames_v2/run_20260223_121418_5341/lens1/sample_0169_run_20260223_121418_5341_offset_000511549_lens1_preprocessed_lens1.jpg,,,,,,,,,recovered_existing_file,True,,,,,,,,,success,,142,success,,1684,1728,/Users/aryansatyendrakumar/Projects/roadside-pm-visual-intelligence/outputs/preprocessed_frames_v2/run_20260223_121418_5341/lens1/sample_0169_run_20260223_121418_5341_offset_000511549_lens1_preprocessed_lens1.jpg,1099877,574615,525262,0.4775643094636946,8.594423294067383,9.985397338867188,12.407721519470217,18.186954498291016,39.2529296875,10.914402961730955,80.86091034104426,166850,165648,1345.489786223278,1345.489786223278,0.5,20.0,0.1974654564748834,19.746545647488343,574615,2909952,1024,1050,1345.489786223278,1345.489786223278,outputs/road_area_lens1_batch/masks/sample_00169_lens_1_row_000142_road_mask.png,outputs/road_area_lens1_batch/masks/sample_00169_lens_1_row_000142_raw_road_mask_before_cleaning.png,outputs/road_area_lens1_batch/depth_previews/sample_00169_lens_1_row_000142_depth_preview.png,needs_visual_review,80.86091034104426,31.26,112.12091034104428,0.2788061558269082,11,6,15.05,3.78,1.6,9.75,1.08,,17.512999999999998,6.0,98.37391034104424,0.1780248435716914,good,acceptable_visible_road,use_primary,17.512999999999998,0.21658178130985695,v1_depth_visible_plus_nms_conservative_vehicle_footprint,80.86091034104426,17.512999999999998,98.37391034104424,0.1780248435716914
170,23-02-2026 12:23,1771829580.0,1,run_20260223_121418_5341,521.5493893623352,/Volumes/New Volume/23_02_2026_navneet/run_20260223_121418_5341/LENS1/video_lens1.mp4,sample_0170_run_20260223_121418_5341_offset_000521549_lens1,outputs/extracted_frames_v2/run_20260223_121418_5341/lens1/sample_0170_run_20260223_121418_5341_offset_000521549_lens1.jpg,sample_0170_run_20260223_121418_5341_offset_000521549_lens1_preprocessed_lens1,outputs/preprocessed_frames_v2/run_20260223_121418_5341/lens1/sample_0170_run_20260223_121418_5341_offset_000521549_lens1_preprocessed_lens1.jpg,,,,,,,,,recovered_existing_file,True,,,,,,,,,success,,143,success,,1684,1728,/Users/aryansatyendrakumar/Projects/roadside-pm-visual-intelligence/outputs/preprocessed_frames_v2/run_20260223_121418_5341/lens1/sample_0170_run_20260223_121418_5341_offset_000521549_lens1_preprocessed_lens1.jpg,958897,433488,525409,0.5479305910853824,9.000824928283691,10.222228050231934,12.77021598815918,19.83722496032715,52.63072204589844,14.51026725769043,57.16879397293178,118480,117200,1345.489786223278,1345.489786223278,0.5,20.0,0.1489674056479282,14.896740564792822,433488,2909952,1024,1050,1345.489786223278,1345.489786223278,outputs/road_area_lens1_batch/masks/sample_00170_lens_1_row_000143_road_mask.png,outputs/road_area_lens1_batch/masks/sample_00170_lens_1_row_000143_raw_road_mask_before_cleaning.png,outputs/road_area_lens1_batch/depth_previews/sample_00170_lens_1_row_000143_depth_preview.png,needs_visual_review,57.16879397293178,18.745,75.91379397293178,0.2469248211554782,17,7,7.525,3.78,7.44,,,,10.503,7.0,67.67179397293178,0.1552049884210417,good,acceptable_visible_road,use_primary,10.503,0.18371911090118412,v1_depth_visible_plus_nms_conservative_vehicle_footprint,57.16879397293178,10.503,67.67179397293178,0.1552049884210417
171,23-02-2026 12:23,1771829590.0,1,run_20260223_121418_5341,531.5493893623352,/Volumes/New Volume/23_02_2026_navneet/run_20260223_121418_5341/LENS1/video_lens1.mp4,sample_0171_run_20260223_121418_5341_offset_000531549_lens1,outputs/extracted_frames_v2/run_20260223_121418_5341/lens1/sample_0171_run_20260223_121418_5341_offset_000531549_lens1.jpg,sample_0171_run_20260223_121418_5341_offset_000531549_lens1_preprocessed_lens1,outputs/preprocessed_frames_v2/run_20260223_121418_5341/lens1/sample_0171_run_20260223_121418_5341_offset_000531549_lens1_preprocessed_lens1.jpg,,,,,,,,,recovered_existing_file,True,,,,,,,,,success,,144,success,,1684,1728,/Users/aryansatyendrakumar/Projects/roadside-pm-visual-intelligence/outputs/preprocessed_frames_v2/run_20260223_121418_5341/lens1/sample_0171_run_20260223_121418_5341_offset_000531549_lens1_preprocessed_lens1.jpg,1170266,644846,525420,0.4489748484532576,9.334527015686035,11.249820709228516,14.05644702911377,20.70475959777832,47.185089111328125,12.792923927307127,99.88770465516076,173074,171810,1345.489786223278,1345.489786223278,0.5,20.0,0.2216002188352247,22.160021883522475,644846,2909952,1024,1050,1345.489786223278,1345.489786223278,outputs/road_area_lens1_batch/masks/sample_00171_lens_1_row_000144_road_mask.png,outputs/road_area_lens1_batch/masks/sample_00171_lens_1_row_000144_raw_road_mask_before_cleaning.png,outputs/road_area_lens1_batch/depth_previews/sample_00171_lens_1_row_000144_depth_preview.png,needs_visual_review,99.88770465516076,24.209999999999997,124.09770465516075,0.1950882175240394,6,5,15.05,7.56,1.6,0.0,,,14.366,5.0,114.25370465516076,0.1257377171563871,good,acceptable_visible_road,use_primary,14.366,0.14382150485482972,v1_depth_visible_plus_nms_conservative_vehicle_footprint,99.88770465516076,14.366,114.25370465516076,0.1257377171563871
172,23-02-2026 12:23,1771829600.0,1,run_20260223_121418_5341,541.5493893623352,/Volumes/New Volume/23_02_2026_navneet/run_20260223_121418_5341/LENS1/video_lens1.mp4,sample_0172_run_20260223_121418_5341_offset_000541549_lens1,outputs/extracted_frames_v2/run_20260223_121418_5341/lens1/sample_0172_run_20260223_121418_5341_offset_000541549_lens1.jpg,sample_0172_run_20260223_121418_5341_offset_000541549_lens1_preprocessed_lens1,outputs/preprocessed_frames_v2/run_20260223_121418_5341/lens1/sample_0172_run_20260223_121418_5341_offset_000541549_lens1_preprocessed_lens1.jpg,,,,,,,,,recovered_existing_file,True,,,,,,,,,success,,145,success,,1684,1728,/Users/aryansatyendrakumar/Projects/roadside-pm-visual-intelligence/outputs/preprocessed_frames_v2/run_20260223_121418_5341/lens1/sample_0172_run_20260223_121418_5341_offset_000541549_lens1_preprocessed_lens1.jpg,1047331,521910,525421,0.5016761654147542,9.070924758911133,10.38478660583496,12.178293228149414,16.918790817260742,32.9902458190918,10.15600299835205,73.1619924659224,155531,154213,1345.489786223278,1345.489786223278,0.5,20.0,0.1793534738717339,17.935347387173397,521910,2909952,1024,1050,1345.489786223278,1345.489786223278,outputs/road_area_lens1_batch/masks/sample_00172_lens_1_row_000145_road_mask.png,outputs/road_area_lens1_batch/masks/sample_00172_lens_1_row_000145_raw_road_mask_before_cleaning.png,outputs/road_area_lens1_batch/depth_previews/sample_00172_lens_1_row_000145_depth_preview.png,needs_visual_review,73.1619924659224,34.505,107.6669924659224,0.320478906392051,12,5,7.525,3.78,3.2,20.0,,,18.383,5.0,91.5449924659224,0.2008083621487332,good,acceptable_visible_road,use_primary,18.383,0.25126434341659687,v1_depth_visible_plus_nms_conservative_vehicle_footprint,73.1619924659224,18.383,91.5449924659224,0.2008083621487332
173,23-02-2026 12:23,1771829610.0,1,run_20260223_121418_5341,551.5493893623352,/Volumes/New Volume/23_02_2026_navneet/run_20260223_121418_5341/LENS1/video_lens1.mp4,sample_0173_run_20260223_121418_5341_offset_000551549_lens1,outputs/extracted_frames_v2/run_20260223_121418_5341/lens1/sample_0173_run_20260223_121418_5341_offset_000551549_lens1.jpg,sample_0173_run_20260223_121418_5341_offset_000551549_lens1_preprocessed_lens1,outputs/preprocessed_frames_v2/run_20260223_121418_5341/lens1/sample_0173_run_20260223_121418_5341_offset_000551549_lens1_preprocessed_lens1.jpg,,,,,,,,,recovered_existing_file,True,,,,,,,,,success,,146,success,,1684,1728,/Users/aryansatyendrakumar/Projects/roadside-pm-visual-intelligence/outputs/preprocessed_frames_v2/run_20260223_121418_5341/lens1/sample_0173_run_20260223_121418_5341_offset_000551549_lens1_preprocessed_lens1.jpg,1161935,636501,525434,0.4522060184089471,8.93403148651123,10.394983291625977,12.737414360046388,17.315231323242188,31.368139266967773,8.849255561828613,103.0693001021004,194765,193460,1345.489786223278,1345.489786223278,0.5,20.0,0.2187324739377144,21.873247393771443,636501,2909952,1024,1050,1345.489786223278,1345.489786223278,outputs/road_area_lens1_batch/masks/sample_00173_lens_1_row_000146_road_mask.png,outputs/road_area_lens1_batch/masks/sample_00173_lens_1_row_000146_raw_road_mask_before_cleaning.png,outputs/road_area_lens1_batch/depth_previews/sample_00173_lens_1_row_000146_depth_preview.png,needs_visual_review,103.0693001021004,74.505,177.57430010210038,0.4195708498198312,11,7,7.525,3.78,3.2,60.0,,0.0,38.383,7.0,141.4523001021004,0.2713494228958816,good,acceptable_visible_road,use_primary,38.383,0.37239992861092314,v1_depth_visible_plus_nms_conservative_vehicle_footprint,103.0693001021004,38.383,141.4523001021004,0.2713494228958816
174,23-02-2026 12:23,1771829620.0,1,run_20260223_121418_5341,561.5493893623352,/Volumes/New Volume/23_02_2026_navneet/run_20260223_121418_5341/LENS1/video_lens1.mp4,sample_0174_run_20260223_121418_5341_offset_000561549_lens1,outputs/extracted_frames_v2/run_20260223_121418_5341/lens1/sample_0174_run_20260223_121418_5341_offset_000561549_lens1.jpg,sample_0174_run_20260223_121418_5341_offset_000561549_lens1_preprocessed_lens1,outputs/preprocessed_frames_v2/run_20260223_121418_5341/lens1/sample_0174_run_20260223_121418_5341_offset_000561549_lens1_preprocessed_lens1.jpg,,,,,,,,,recovered_existing_file,True,,,,,,,,,success,,147,success,,1684,1728,/Users/aryansatyendrakumar/Projects/roadside-pm-visual-intelligence/outputs/preprocessed_frames_v2/run_20260223_121418_5341/lens1/sample_0174_run_20260223_121418_5341_offset_000561549_lens1_preprocessed_lens1.jpg,1097817,572342,525475,0.4786544569814459,8.601460456848145,9.852985382080078,12.666500091552734,18.862613677978516,39.390342712402344,11.64691925048828,77.50607842800015,161513,160147,1345.489786223278,1345.489786223278,0.5,20.0,0.1966843439341954,19.66843439341955,572342,2909952,1024,1050,1345.489786223278,1345.489786223278,outputs/road_area_lens1_batch/masks/sample_00174_lens_1_row_000147_road_mask.png,outputs/road_area_lens1_batch/masks/sample_00174_lens_1_row_000147_raw_road_mask_before_cleaning.png,outputs/road_area_lens1_batch/depth_previews/sample_00174_lens_1_row_000147_depth_preview.png,needs_visual_review,77.50607842800015,66.83,144.33607842800015,0.463016597983415,14,10,15.05,3.78,8.0,40.0,,,35.297999999999995,10.0,112.80407842800014,0.3129142181018727,medium,acceptable_visible_road,use_primary,35.297999999999995,0.45542234513632807,v1_depth_visible_plus_nms_conservative_vehicle_footprint,77.50607842800015,35.297999999999995,112.80407842800014,0.3129142181018727
175,23-02-2026 12:23,1771829630.0,1,run_20260223_121418_5341,571.5493893623352,/Volumes/New Volume/23_02_2026_navneet/run_20260223_121418_5341/LENS1/video_lens1.mp4,sample_0175_run_20260223_121418_5341_offset_000571549_lens1,outputs/extracted_frames_v2/run_20260223_121418_5341/lens1/sample_0175_run_20260223_121418_5341_offset_000571549_lens1.jpg,sample_0175_run_20260223_121418_5341_offset_000571549_lens1_preprocessed_lens1,outputs/preprocessed_frames_v2/run_20260223_121418_5341/lens1/sample_0175_run_20260223_121418_5341_offset_000571549_lens1_preprocessed_lens1.jpg,,,,,,,,,recovered_existing_file,True,,,,,,,,,success,,148,success,,1684,1728,/Users/aryansatyendrakumar/Projects/roadside-pm-visual-intelligence/outputs/preprocessed_frames_v2/run_20260223_121418_5341/lens1/sample_0175_run_20260223_121418_5341_offset_000571549_lens1_preprocessed_lens1.jpg,1339894,814476,525418,0.392134004630217,8.663555145263672,10.401174545288086,13.776941299438477,22.105010986328125,44.62237930297851,12.018152236938477,109.72766528685904,210727,209423,1345.489786223278,1345.489786223278,0.5,20.0,0.2798932765901293,27.98932765901293,814476,2909952,1024,1050,1345.489786223278,1345.489786223278,outputs/road_area_lens1_batch/masks/sample_00175_lens_1_row_000148_road_mask.png,outputs/road_area_lens1_batch/masks/sample_00175_lens_1_row_000148_raw_road_mask_before_cleaning.png,outputs/road_area_lens1_batch/depth_previews/sample_00175_lens_1_row_000148_depth_preview.png,needs_visual_review,109.72766528685904,66.29625000000001,176.02391528685905,0.3766320610012548,19,13,12.416249999999998,,12.8,40.0,1.08,,34.38975,13.0,144.11741528685903,0.2386231388590254,good,acceptable_visible_road,use_primary,34.38975,0.3134100220768892,v1_depth_visible_plus_nms_conservative_vehicle_footprint,109.72766528685904,34.38975,144.11741528685903,0.2386231388590254
176,23-02-2026 12:24,1771829640.0,1,run_20260223_121418_5341,581.5493893623352,/Volumes/New Volume/23_02_2026_navneet/run_20260223_121418_5341/LENS1/video_lens1.mp4,sample_0176_run_20260223_121418_5341_offset_000581549_lens1,outputs/extracted_frames_v2/run_20260223_121418_5341/lens1/sample_0176_run_20260223_121418_5341_offset_000581549_lens1.jpg,sample_0176_run_20260223_121418_5341_offset_000581549_lens1_preprocessed_lens1,outputs/preprocessed_frames_v2/run_20260223_121418_5341/lens1/sample_0176_run_20260223_121418_5341_offset_000581549_lens1_preprocessed_lens1.jpg,,,,,,,,,recovered_existing_file,True,,,,,,,,,success,,149,success,,1684,1728,/Users/aryansatyendrakumar/Projects/roadside-pm-visual-intelligence/outputs/preprocessed_frames_v2/run_20260223_121418_5341/lens1/sample_0176_run_20260223_121418_5341_offset_000581549_lens1_preprocessed_lens1.jpg,1289966,764544,525422,0.4073146113928584,8.597716331481934,10.121430397033691,12.988054275512695,18.030479431152344,32.422691345214844,9.936363220214844,120.52564745045568,225141,223791,1345.489786223278,1345.489786223278,0.5,20.0,0.2627342306677223,26.273423066772235,764544,2909952,1024,1050,1345.489786223278,1345.489786223278,outputs/road_area_lens1_batch/masks/sample_00176_lens_1_row_000149_road_mask.png,outputs/road_area_lens1_batch/masks/sample_00176_lens_1_row_000149_raw_road_mask_before_cleaning.png,outputs/road_area_lens1_batch/depth_previews/sample_00176_lens_1_row_000149_depth_preview.png,needs_visual_review,120.52564745045568,36.9125,157.4381474504557,0.2344571541126398,11,6,15.05,,4.800000000000001,,,17.0625,19.96125,6.0,140.48689745045567,0.1420862042101795,good,acceptable_visible_road,use_primary,19.96125,0.16561827646024838,v1_depth_visible_plus_nms_conservative_vehicle_footprint,120.52564745045568,19.96125,140.48689745045567,0.1420862042101795
177,23-02-2026 12:24,1771829650.0,1,run_20260223_121418_5341,591.5493893623352,/Volumes/New Volume/23_02_2026_navneet/run_20260223_121418_5341/LENS1/video_lens1.mp4,sample_0177_run_20260223_121418_5341_offset_000591549_lens1,outputs/extracted_frames_v2/run_20260223_121418_5341/lens1/sample_0177_run_20260223_121418_5341_offset_000591549_lens1.jpg,sample_0177_run_20260223_121418_5341_offset_000591549_lens1_preprocessed_lens1,outputs/preprocessed_frames_v2/run_20260223_121418_5341/lens1/sample_0177_run_20260223_121418_5341_offset_000591549_lens1_preprocessed_lens1.jpg,,,,,,,,,recovered_existing_file,True,,,,,,,,,success,,150,success,,1684,1728,/Users/aryansatyendrakumar/Projects/roadside-pm-visual-intelligence/outputs/preprocessed_frames_v2/run_20260223_121418_5341/lens1/sample_0177_run_20260223_121418_5341_offset_000591549_lens1_preprocessed_lens1.jpg,972892,449126,523766,0.5383598590593818,9.012901306152344,10.488441467285156,13.113485336303713,18.35365867614746,44.147666931152344,12.470270156860352,68.30484183921942,128524,127210,1345.489786223278,1345.489786223278,0.5,20.0,0.1543413774522741,15.434137745227414,449126,2909952,1024,1050,1345.489786223278,1345.489786223278,outputs/road_area_lens1_batch/masks/sample_00177_lens_1_row_000150_road_mask.png,outputs/road_area_lens1_batch/masks/sample_00177_lens_1_row_000150_raw_road_mask_before_cleaning.png,outputs/road_area_lens1_batch/depth_previews/sample_00177_lens_1_row_000150_depth_preview.png,needs_visual_review,68.30484183921942,10.725,79.02984183921942,0.1357082305924292,6,3,7.525,0.0,3.2,0.0,,,6.115,3.0,74.41984183921942,0.0821689464647233,good,acceptable_visible_road,use_primary,6.115,0.0895251322650582,v1_depth_visible_plus_nms_conservative_vehicle_footprint,68.30484183921942,6.115,74.41984183921942,0.0821689464647233
178,23-02-2026 12:24,1771829660.0,1,run_20260223_121418_5341,601.5493893623352,/Volumes/New Volume/23_02_2026_navneet/run_20260223_121418_5341/LENS1/video_lens1.mp4,sample_0178_run_20260223_121418_5341_offset_000601549_lens1,outputs/extracted_frames_v2/run_20260223_121418_5341/lens1/sample_0178_run_20260223_121418_5341_offset_000601549_lens1.jpg,sample_0178_run_20260223_121418_5341_offset_000601549_lens1_preprocessed_lens1,outputs/preprocessed_frames_v2/run_20260223_121418_5341/lens1/sample_0178_run_20260223_121418_5341_offset_000601549_lens1_preprocessed_lens1.jpg,,,,,,,,,recovered_existing_file,True,,,,,,,,,success,,151,success,,1684,1728,/Users/aryansatyendrakumar/Projects/roadside-pm-visual-intelligence/outputs/preprocessed_frames_v2/run_20260223_121418_5341/lens1/sample_0178_run_20260223_121418_5341_offset_000601549_lens1_preprocessed_lens1.jpg,1238059,712642,525417,0.4243876907320248,8.53431510925293,9.90825080871582,12.66364860534668,19.357515335083008,40.474822998046875,11.537070274353027,96.46038643837925,199368,198041,1345.489786223278,1345.489786223278,0.5,20.0,0.2448981976335005,24.48981976335005,712642,2909952,1024,1050,1345.489786223278,1345.489786223278,outputs/road_area_lens1_batch/masks/sample_00178_lens_1_row_000151_road_mask.png,outputs/road_area_lens1_batch/masks/sample_00178_lens_1_row_000151_raw_road_mask_before_cleaning.png,outputs/road_area_lens1_batch/depth_previews/sample_00178_lens_1_row_000151_depth_preview.png,needs_visual_review,96.46038643837925,33.775000000000006,130.23538643837924,0.2593381178776677,19,10,22.575,0.0,11.2,0.0,,,19.145,10.0,115.60538643837924,0.1656064703369578,good,acceptable_visible_road,use_primary,19.145,0.19847525711738875,v1_depth_visible_plus_nms_conservative_vehicle_footprint,96.46038643837925,19.145,115.60538643837924,0.1656064703369578
179,23-02-2026 12:24,1771829670.0,1,run_20260223_121418_5341,611.5493893623352,/Volumes/New Volume/23_02_2026_navneet/run_20260223_121418_5341/LENS1/video_lens1.mp4,sample_0179_run_20260223_121418_5341_offset_000611549_lens1,outputs/extracted_frames_v2/run_20260223_121418_5341/lens1/sample_0179_run_20260223_121418_5341_offset_000611549_lens1.jpg,sample_0179_run_20260223_121418_5341_offset_000611549_lens1_preprocessed_lens1,outputs/preprocessed_frames_v2/run_20260223_121418_5341/lens1/sample_0179_run_20260223_121418_5341_offset_000611549_lens1_preprocessed_lens1.jpg,,,,,,,,,recovered_existing_file,True,,,,,,,,,success,,152,success,,1684,1728,/Users/aryansatyendrakumar/Projects/roadside-pm-visual-intelligence/outputs/preprocessed_frames_v2/run_20260223_121418_5341/lens1/sample_0179_run_20260223_121418_5341_offset_000611549_lens1_preprocessed_lens1.jpg,767871,249092,518779,0.6756069704416497,9.575484275817873,10.464338302612305,12.33891773223877,17.970256805419922,33.265419006347656,7.514883518218994,42.09329940969086,71781,70553,1345.489786223278,1345.489786223278,0.5,20.0,0.0856000373889328,8.560003738893288,249092,2909952,1024,1050,1345.489786223278,1345.489786223278,outputs/road_area_lens1_batch/masks/sample_00179_lens_1_row_000152_road_mask.png,outputs/road_area_lens1_batch/masks/sample_00179_lens_1_row_000152_raw_road_mask_before_cleaning.png,outputs/road_area_lens1_batch/depth_previews/sample_00179_lens_1_row_000152_depth_preview.png,needs_visual_review,42.09329940969086,18.9075,61.000799409690856,0.3099549544099297,14,4,17.307499999999997,0.0,1.6,0.0,,,11.184499999999998,4.0,53.27779940969086,0.2099279648169105,good,acceptable_visible_road,use_primary,11.184499999999998,0.2657073728324814,v1_depth_visible_plus_nms_conservative_vehicle_footprint,42.09329940969086,11.184499999999998,53.27779940969086,0.2099279648169105
180,23-02-2026 12:24,1771829680.0,1,run_20260223_121418_5341,621.5493893623352,/Volumes/New Volume/23_02_2026_navneet/run_20260223_121418_5341/LENS1/video_lens1.mp4,sample_0180_run_20260223_121418_5341_offset_000621549_lens1,outputs/extracted_frames_v2/run_20260223_121418_5341/lens1/sample_0180_run_20260223_121418_5341_offset_000621549_lens1.jpg,sample_0180_run_20260223_121418_5341_offset_000621549_lens1_preprocessed_lens1,outputs/preprocessed_frames_v2/run_20260223_121418_5341/lens1/sample_0180_run_20260223_121418_5341_offset_000621549_lens1_preprocessed_lens1.jpg,,,,,,,,,recovered_existing_file,True,,,,,,,,,success,,153,success,,1684,1728,/Users/aryansatyendrakumar/Projects/roadside-pm-visual-intelligence/outputs/preprocessed_frames_v2/run_20260223_121418_5341/lens1/sample_0180_run_20260223_121418_5341_offset_000621549_lens1_preprocessed_lens1.jpg,865914,343326,522588,0.6035102793118023,9.22839641571045,10.555301666259766,13.461849212646484,18.392240524291992,34.407470703125,10.127191543579102,63.37094478356797,99559,98269,1345.489786223278,1345.489786223278,0.5,20.0,0.1179833894167326,11.798338941673263,343326,2909952,1024,1050,1345.489786223278,1345.489786223278,outputs/road_area_lens1_batch/masks/sample_00180_lens_1_row_000153_road_mask.png,outputs/road_area_lens1_batch/masks/sample_00180_lens_1_row_000153_raw_road_mask_before_cleaning.png,outputs/road_area_lens1_batch/depth_previews/sample_00180_lens_1_row_000153_depth_preview.png,needs_visual_review,63.37094478356797,18.09125,81.46219478356797,0.2220815440593708,16,4,4.891249999999999,0.0,3.2,10.0,,,9.53475,4.0,72.90569478356797,0.1307819646778678,good,acceptable_visible_road,use_primary,9.53475,0.1504593316789614,v1_depth_visible_plus_nms_conservative_vehicle_footprint,63.37094478356797,9.53475,72.90569478356797,0.1307819646778678
181,23-02-2026 12:24,1771829690.0,1,run_20260223_121418_5341,631.5493893623352,/Volumes/New Volume/23_02_2026_navneet/run_20260223_121418_5341/LENS1/video_lens1.mp4,sample_0181_run_20260223_121418_5341_offset_000631549_lens1,outputs/extracted_frames_v2/run_20260223_121418_5341/lens1/sample_0181_run_20260223_121418_5341_offset_000631549_lens1.jpg,sample_0181_run_20260223_121418_5341_offset_000631549_lens1_preprocessed_lens1,outputs/preprocessed_frames_v2/run_20260223_121418_5341/lens1/sample_0181_run_20260223_121418_5341_offset_000631549_lens1_preprocessed_lens1.jpg,,,,,,,,,recovered_existing_file,True,,,,,,,,,success,,154,success,,1684,1728,/Users/aryansatyendrakumar/Projects/roadside-pm-visual-intelligence/outputs/preprocessed_frames_v2/run_20260223_121418_5341/lens1/sample_0181_run_20260223_121418_5341_offset_000631549_lens1_preprocessed_lens1.jpg,814390,288055,526335,0.6462935448617984,9.082660675048828,10.284940719604492,13.463896751403809,22.660106658935547,45.08921432495117,12.427834510803224,44.92168248906284,68121,66544,1345.489786223278,1345.489786223278,0.5,20.0,0.0989896053268232,9.898960532682326,288055,2909952,1024,1050,1345.489786223278,1345.489786223278,outputs/road_area_lens1_batch/masks/sample_00181_lens_1_row_000154_road_mask.png,outputs/road_area_lens1_batch/masks/sample_00181_lens_1_row_000154_raw_road_mask_before_cleaning.png,outputs/road_area_lens1_batch/depth_previews/sample_00181_lens_1_row_000154_depth_preview.png,needs_visual_review,44.92168248906284,8.671249999999999,53.59293248906284,0.161798386415403,15,2,4.891249999999999,3.78,0.0,0.0,,,5.20275,2.0,50.12443248906284,0.1037966863990977,good,acceptable_visible_road,use_primary,5.20275,0.11581823546494997,v1_depth_visible_plus_nms_conservative_vehicle_footprint,44.92168248906284,5.20275,50.12443248906284,0.1037966863990977
182,23-02-2026 12:25,1771829700.0,1,run_20260223_121418_5341,641.5493893623352,/Volumes/New Volume/23_02_2026_navneet/run_20260223_121418_5341/LENS1/video_lens1.mp4,sample_0182_run_20260223_121418_5341_offset_000641549_lens1,outputs/extracted_frames_v2/run_20260223_121418_5341/lens1/sample_0182_run_20260223_121418_5341_offset_000641549_lens1.jpg,sample_0182_run_20260223_121418_5341_offset_000641549_lens1_preprocessed_lens1,outputs/preprocessed_frames_v2/run_20260223_121418_5341/lens1/sample_0182_run_20260223_121418_5341_offset_000641549_lens1_preprocessed_lens1.jpg,,,,,,,,,recovered_existing_file,True,,,,,,,,,success,,155,success,,1684,1728,/Users/aryansatyendrakumar/Projects/roadside-pm-visual-intelligence/outputs/preprocessed_frames_v2/run_20260223_121418_5341/lens1/sample_0182_run_20260223_121418_5341_offset_000641549_lens1_preprocessed_lens1.jpg,847706,324168,523538,0.6175938355986628,8.793122291564941,13.030884742736816,21.89883041381836,35.40841293334961,71.7947006225586,17.980037689208984,42.318747677649725,51727,50274,1345.489786223278,1345.489786223278,0.5,20.0,0.1113997756664027,11.139977566640274,324168,2909952,1024,1050,1345.489786223278,1345.489786223278,outputs/road_area_lens1_batch/masks/sample_00182_lens_1_row_000155_road_mask.png,outputs/road_area_lens1_batch/masks/sample_00182_lens_1_row_000155_raw_road_mask_before_cleaning.png,outputs/road_area_lens1_batch/depth_previews/sample_00182_lens_1_row_000155_depth_preview.png,needs_visual_review,42.318747677649725,36.197,78.51574767764973,0.4610157970934515,17,7,0.0,13.797,2.4000000000000004,20.0,,,19.4782,7.0,61.796947677649726,0.3151967974470806,medium,acceptable_visible_road,use_primary,19.4782,0.4602735446797553,v1_depth_visible_plus_nms_conservative_vehicle_footprint,42.318747677649725,19.4782,61.796947677649726,0.3151967974470806
183,23-02-2026 12:25,1771829710.0,1,run_20260223_121418_5341,651.5493893623352,/Volumes/New Volume/23_02_2026_navneet/run_20260223_121418_5341/LENS1/video_lens1.mp4,sample_0183_run_20260223_121418_5341_offset_000651549_lens1,outputs/extracted_frames_v2/run_20260223_121418_5341/lens1/sample_0183_run_20260223_121418_5341_offset_000651549_lens1.jpg,sample_0183_run_20260223_121418_5341_offset_000651549_lens1_preprocessed_lens1,outputs/preprocessed_frames_v2/run_20260223_121418_5341/lens1/sample_0183_run_20260223_121418_5341_offset_000651549_lens1_preprocessed_lens1.jpg,,,,,,,,,recovered_existing_file,True,,,,,,,,,success,,156,success,,1684,1728,/Users/aryansatyendrakumar/Projects/roadside-pm-visual-intelligence/outputs/preprocessed_frames_v2/run_20260223_121418_5341/lens1/sample_0183_run_20260223_121418_5341_offset_000651549_lens1_preprocessed_lens1.jpg,1225299,699883,525416,0.4288063566525395,8.384846687316895,9.713741302490234,12.195426940917969,17.16816520690918,30.45205307006836,7.906530857086182,111.05237635406807,215944,214577,1345.489786223278,1345.489786223278,0.5,20.0,0.2405135892275886,24.051358922758865,699883,2909952,1024,1050,1345.489786223278,1345.489786223278,outputs/road_area_lens1_batch/masks/sample_00183_lens_1_row_000156_road_mask.png,outputs/road_area_lens1_batch/masks/sample_00183_lens_1_row_000156_raw_road_mask_before_cleaning.png,outputs/road_area_lens1_batch/depth_previews/sample_00183_lens_1_row_000156_depth_preview.png,needs_visual_review,111.05237635406807,27.72200000000001,138.77437635406807,0.199763102730653,11,9,7.525,13.797,6.4,0.0,,,15.9932,9.0,127.04557635406807,0.1258855322551959,good,acceptable_visible_road,use_primary,15.9932,0.14401492813633193,v1_depth_visible_plus_nms_conservative_vehicle_footprint,111.05237635406807,15.9932,127.04557635406807,0.1258855322551959
184,23-02-2026 12:25,1771829720.0,1,run_20260223_121418_5341,661.5493893623352,/Volumes/New Volume/23_02_2026_navneet/run_20260223_121418_5341/LENS1/video_lens1.mp4,sample_0184_run_20260223_121418_5341_offset_000661549_lens1,outputs/extracted_frames_v2/run_20260223_121418_5341/lens1/sample_0184_run_20260223_121418_5341_offset_000661549_lens1.jpg,sample_0184_run_20260223_121418_5341_offset_000661549_lens1_preprocessed_lens1,outputs/preprocessed_frames_v2/run_20260223_121418_5341/lens1/sample_0184_run_20260223_121418_5341_offset_000661549_lens1_preprocessed_lens1.jpg,,,,,,,,,recovered_existing_file,True,,,,,,,,,success,,157,success,,1684,1728,/Users/aryansatyendrakumar/Projects/roadside-pm-visual-intelligence/outputs/preprocessed_frames_v2/run_20260223_121418_5341/lens1/sample_0184_run_20260223_121418_5341_offset_000661549_lens1_preprocessed_lens1.jpg,1189185,664533,524652,0.4411861905422621,8.430292129516602,9.871577262878418,12.407971382141112,17.40541648864746,33.31359100341797,8.850727081298828,101.2080955907562,198180,196792,1345.489786223278,1345.489786223278,0.5,20.0,0.2283656225257324,22.83656225257324,664533,2909952,1024,1050,1345.489786223278,1345.489786223278,outputs/road_area_lens1_batch/masks/sample_00184_lens_1_row_000157_road_mask.png,outputs/road_area_lens1_batch/masks/sample_00184_lens_1_row_000157_raw_road_mask_before_cleaning.png,outputs/road_area_lens1_batch/depth_previews/sample_00184_lens_1_row_000157_depth_preview.png,needs_visual_review,101.2080955907562,17.95325,119.1613455907562,0.1506633708355229,13,7,4.891249999999999,7.56,4.800000000000001,0.0,0.7020000000000001,,10.22175,7.0,111.4298455907562,0.0917326049031872,good,acceptable_visible_road,use_primary,10.22175,0.10099735540260081,v1_depth_visible_plus_nms_conservative_vehicle_footprint,101.2080955907562,10.22175,111.4298455907562,0.0917326049031872
185,23-02-2026 12:25,1771829730.0,1,run_20260223_121418_5341,671.5493893623352,/Volumes/New Volume/23_02_2026_navneet/run_20260223_121418_5341/LENS1/video_lens1.mp4,sample_0185_run_20260223_121418_5341_offset_000671549_lens1,outputs/extracted_frames_v2/run_20260223_121418_5341/lens1/sample_0185_run_20260223_121418_5341_offset_000671549_lens1.jpg,sample_0185_run_20260223_121418_5341_offset_000671549_lens1_preprocessed_lens1,outputs/preprocessed_frames_v2/run_20260223_121418_5341/lens1/sample_0185_run_20260223_121418_5341_offset_000671549_lens1_preprocessed_lens1.jpg,,,,,,,,,recovered_existing_file,True,,,,,,,,,success,,158,success,,1684,1728,/Users/aryansatyendrakumar/Projects/roadside-pm-visual-intelligence/outputs/preprocessed_frames_v2/run_20260223_121418_5341/lens1/sample_0185_run_20260223_121418_5341_offset_000671549_lens1_preprocessed_lens1.jpg,1291244,765879,525365,0.4068673310389051,8.720049858093262,10.43863296508789,13.463632583618164,19.177661895751953,34.28327941894531,9.561291694641112,118.17307017522528,216365,214839,1345.489786223278,1345.489786223278,0.5,20.0,0.263193001121668,26.3193001121668,765879,2909952,1024,1050,1345.489786223278,1345.489786223278,outputs/road_area_lens1_batch/masks/sample_00185_lens_1_row_000158_road_mask.png,outputs/road_area_lens1_batch/masks/sample_00185_lens_1_row_000158_raw_road_mask_before_cleaning.png,outputs/road_area_lens1_batch/depth_previews/sample_00185_lens_1_row_000158_depth_preview.png,needs_visual_review,118.17307017522528,66.1,184.27307017522529,0.3587067819358819,12,7,15.05,0.0,4.800000000000001,20.0,,26.25,34.555,7.0,152.72807017522527,0.226251794842657,good,acceptable_visible_road,use_primary,34.555,0.29241010620069663,v1_depth_visible_plus_nms_conservative_vehicle_footprint,118.17307017522528,34.555,152.72807017522527,0.226251794842657
186,23-02-2026 12:25,1771829740.0,1,run_20260223_121418_5341,681.5493893623352,/Volumes/New Volume/23_02_2026_navneet/run_20260223_121418_5341/LENS1/video_lens1.mp4,sample_0186_run_20260223_121418_5341_offset_000681549_lens1,outputs/extracted_frames_v2/run_20260223_121418_5341/lens1/sample_0186_run_20260223_121418_5341_offset_000681549_lens1.jpg,sample_0186_run_20260223_121418_5341_offset_000681549_lens1_preprocessed_lens1,outputs/preprocessed_frames_v2/run_20260223_121418_5341/lens1/sample_0186_run_20260223_121418_5341_offset_000681549_lens1_preprocessed_lens1.jpg,,,,,,,,,recovered_existing_file,True,,,,,,,,,success,,159,success,,1684,1728,/Users/aryansatyendrakumar/Projects/roadside-pm-visual-intelligence/outputs/preprocessed_frames_v2/run_20260223_121418_5341/lens1/sample_0186_run_20260223_121418_5341_offset_000681549_lens1_preprocessed_lens1.jpg,1160664,635253,525411,0.4526813961663323,8.627604484558105,9.923663139343262,11.943817138671877,16.383892059326172,27.877696990966797,7.449588775634766,97.89750329647508,198665,197300,1345.489786223278,1345.489786223278,0.5,20.0,0.2183036008841383,21.83036008841383,635253,2909952,1024,1050,1345.489786223278,1345.489786223278,outputs/road_area_lens1_batch/masks/sample_00186_lens_1_row_000159_road_mask.png,outputs/road_area_lens1_batch/masks/sample_00186_lens_1_row_000159_raw_road_mask_before_cleaning.png,outputs/road_area_lens1_batch/depth_previews/sample_00186_lens_1_row_000159_depth_preview.png,needs_visual_review,97.89750329647508,50.165,148.0625032964751,0.3388096167707727,11,5,7.525,0.0,2.64,40.0,,,25.835,5.0,123.73250329647507,0.2087971980821954,good,acceptable_visible_road,use_primary,25.835,0.2638984563453134,v1_depth_visible_plus_nms_conservative_vehicle_footprint,97.89750329647508,25.835,123.73250329647507,0.2087971980821954
187,23-02-2026 12:25,1771829750.0,1,run_20260223_121418_5341,691.5493893623352,/Volumes/New Volume/23_02_2026_navneet/run_20260223_121418_5341/LENS1/video_lens1.mp4,sample_0187_run_20260223_121418_5341_offset_000691549_lens1,outputs/extracted_frames_v2/run_20260223_121418_5341/lens1/sample_0187_run_20260223_121418_5341_offset_000691549_lens1.jpg,sample_0187_run_20260223_121418_5341_offset_000691549_lens1_preprocessed_lens1,outputs/preprocessed_frames_v2/run_20260223_121418_5341/lens1/sample_0187_run_20260223_121418_5341_offset_000691549_lens1_preprocessed_lens1.jpg,,,,,,,,,recovered_existing_file,True,,,,,,,,,success,,160,success,,1684,1728,/Users/aryansatyendrakumar/Projects/roadside-pm-visual-intelligence/outputs/preprocessed_frames_v2/run_20260223_121418_5341/lens1/sample_0187_run_20260223_121418_5341_offset_000691549_lens1_preprocessed_lens1.jpg,1249604,729940,519664,0.4158629453810967,8.603166580200195,10.037782669067385,12.716558456420898,18.824508666992188,32.08563995361328,9.121023178100586,103.85836289231156,208780,207342,1345.489786223278,1345.489786223278,0.5,20.0,0.2508426255828275,25.08426255828275,729940,2909952,1024,1050,1345.489786223278,1345.489786223278,outputs/road_area_lens1_batch/masks/sample_00187_lens_1_row_000160_road_mask.png,outputs/road_area_lens1_batch/masks/sample_00187_lens_1_row_000160_raw_road_mask_before_cleaning.png,outputs/road_area_lens1_batch/depth_previews/sample_00187_lens_1_row_000160_depth_preview.png,needs_visual_review,103.85836289231156,44.540000000000006,148.39836289231158,0.3001380819296598,12,7,0.0,7.56,3.98,33.0,,,23.026,7.0,126.88436289231156,0.1814723223187279,good,acceptable_visible_road,use_primary,23.026,0.2217057862145887,v1_depth_visible_plus_nms_conservative_vehicle_footprint,103.85836289231156,23.026,126.88436289231156,0.1814723223187279
188,23-02-2026 12:26,1771829760.0,1,run_20260223_121418_5341,701.5493893623352,/Volumes/New Volume/23_02_2026_navneet/run_20260223_121418_5341/LENS1/video_lens1.mp4,sample_0188_run_20260223_121418_5341_offset_000701549_lens1,outputs/extracted_frames_v2/run_20260223_121418_5341/lens1/sample_0188_run_20260223_121418_5341_offset_000701549_lens1.jpg,sample_0188_run_20260223_121418_5341_offset_000701549_lens1_preprocessed_lens1,outputs/preprocessed_frames_v2/run_20260223_121418_5341/lens1/sample_0188_run_20260223_121418_5341_offset_000701549_lens1_preprocessed_lens1.jpg,,,,,,,,,recovered_existing_file,True,,,,,,,,,success,,161,success,,1684,1728,/Users/aryansatyendrakumar/Projects/roadside-pm-visual-intelligence/outputs/preprocessed_frames_v2/run_20260223_121418_5341/lens1/sample_0188_run_20260223_121418_5341_offset_000701549_lens1_preprocessed_lens1.jpg,852599,357631,494968,0.5805402070609982,9.166961669921877,10.276289939880373,12.413166046142578,17.63140106201172,45.14094161987305,12.815674781799316,49.98515148365359,104373,103426,1345.489786223278,1345.489786223278,0.5,20.0,0.1228992780636931,12.289927806369317,357631,2909952,1024,1050,1345.489786223278,1345.489786223278,outputs/road_area_lens1_batch/masks/sample_00188_lens_1_row_000161_road_mask.png,outputs/road_area_lens1_batch/masks/sample_00188_lens_1_row_000161_raw_road_mask_before_cleaning.png,outputs/road_area_lens1_batch/depth_previews/sample_00188_lens_1_row_000161_depth_preview.png,needs_visual_review,49.98515148365359,10.725,60.71015148365359,0.176659088107987,4,3,7.525,,3.2,,,,6.115,3.0,56.10015148365359,0.1090014882006474,good,acceptable_visible_road,use_primary,6.115,0.12233633025999252,v1_depth_visible_plus_nms_conservative_vehicle_footprint,49.98515148365359,6.115,56.10015148365359,0.1090014882006474
189,23-02-2026 12:26,1771829770.0,1,run_20260223_121418_5341,711.5493893623352,/Volumes/New Volume/23_02_2026_navneet/run_20260223_121418_5341/LENS1/video_lens1.mp4,sample_0189_run_20260223_121418_5341_offset_000711549_lens1,outputs/extracted_frames_v2/run_20260223_121418_5341/lens1/sample_0189_run_20260223_121418_5341_offset_000711549_lens1.jpg,sample_0189_run_20260223_121418_5341_offset_000711549_lens1_preprocessed_lens1,outputs/preprocessed_frames_v2/run_20260223_121418_5341/lens1/sample_0189_run_20260223_121418_5341_offset_000711549_lens1_preprocessed_lens1.jpg,,,,,,,,,recovered_existing_file,True,,,,,,,,,success,,162,success,,1684,1728,/Users/aryansatyendrakumar/Projects/roadside-pm-visual-intelligence/outputs/preprocessed_frames_v2/run_20260223_121418_5341/lens1/sample_0189_run_20260223_121418_5341_offset_000711549_lens1_preprocessed_lens1.jpg,565374,269118,296256,0.5240000424497766,9.63010311126709,11.24732494354248,14.397644996643066,21.20667266845703,57.8192253112793,14.866981506347656,39.44307471205837,70738,70099,1345.489786223278,1345.489786223278,0.5,20.0,0.0924819378463974,9.248193784639746,269118,2909952,1024,1050,1345.489786223278,1345.489786223278,outputs/road_area_lens1_batch/masks/sample_00189_lens_1_row_000162_road_mask.png,outputs/road_area_lens1_batch/masks/sample_00189_lens_1_row_000162_raw_road_mask_before_cleaning.png,outputs/road_area_lens1_batch/depth_previews/sample_00189_lens_1_row_000162_depth_preview.png,needs_visual_review,39.44307471205837,1.6,41.04307471205837,0.0389834341414466,2,1,0.0,,1.6,,,,0.8,1.0,40.243074712058366,0.0198791967493549,good,acceptable_visible_road,use_primary,0.8,0.02028239445936063,v1_depth_visible_plus_nms_conservative_vehicle_footprint,39.44307471205837,0.8,40.243074712058366,0.0198791967493549
190,23-02-2026 12:26,1771829780.0,1,run_20260223_121418_5341,721.5493893623352,/Volumes/New Volume/23_02_2026_navneet/run_20260223_121418_5341/LENS1/video_lens1.mp4,sample_0190_run_20260223_121418_5341_offset_000721549_lens1,outputs/extracted_frames_v2/run_20260223_121418_5341/lens1/sample_0190_run_20260223_121418_5341_offset_000721549_lens1.jpg,sample_0190_run_20260223_121418_5341_offset_000721549_lens1_preprocessed_lens1,outputs/preprocessed_frames_v2/run_20260223_121418_5341/lens1/sample_0190_run_20260223_121418_5341_offset_000721549_lens1_preprocessed_lens1.jpg,,,,,,,,,recovered_existing_file,True,,,,,,,,,success,,163,success,,1684,1728,/Users/aryansatyendrakumar/Projects/roadside-pm-visual-intelligence/outputs/preprocessed_frames_v2/run_20260223_121418_5341/lens1/sample_0190_run_20260223_121418_5341_offset_000721549_lens1_preprocessed_lens1.jpg,808885,364082,444803,0.549896462414311,9.89459991455078,11.54826545715332,14.84193229675293,24.2888126373291,71.36441802978516,17.621015548706055,51.73337239397499,89146,88122,1345.489786223278,1345.489786223278,0.5,20.0,0.1251161531186768,12.511615311867688,364082,2909952,1024,1050,1345.489786223278,1345.489786223278,outputs/road_area_lens1_batch/masks/sample_00190_lens_1_row_000163_road_mask.png,outputs/road_area_lens1_batch/masks/sample_00190_lens_1_row_000163_raw_road_mask_before_cleaning.png,outputs/road_area_lens1_batch/depth_previews/sample_00190_lens_1_row_000163_depth_preview.png,needs_visual_review,51.73337239397499,9.125,60.85837239397499,0.1499382852523243,2,2,7.525,,1.6,,,,5.3149999999999995,2.0,57.04837239397499,0.0931665493152847,good,acceptable_visible_road,use_primary,5.3149999999999995,0.1027383244904985,v1_depth_visible_plus_nms_conservative_vehicle_footprint,51.73337239397499,5.3149999999999995,57.04837239397499,0.0931665493152847
191,23-02-2026 12:26,1771829790.0,1,run_20260223_121418_5341,731.5493893623352,/Volumes/New Volume/23_02_2026_navneet/run_20260223_121418_5341/LENS1/video_lens1.mp4,sample_0191_run_20260223_121418_5341_offset_000731549_lens1,outputs/extracted_frames_v2/run_20260223_121418_5341/lens1/sample_0191_run_20260223_121418_5341_offset_000731549_lens1.jpg,sample_0191_run_20260223_121418_5341_offset_000731549_lens1_preprocessed_lens1,outputs/preprocessed_frames_v2/run_20260223_121418_5341/lens1/sample_0191_run_20260223_121418_5341_offset_000731549_lens1_preprocessed_lens1.jpg,,,,,,,,,recovered_existing_file,True,,,,,,,,,success,,164,success,,1684,1728,/Users/aryansatyendrakumar/Projects/roadside-pm-visual-intelligence/outputs/preprocessed_frames_v2/run_20260223_121418_5341/lens1/sample_0191_run_20260223_121418_5341_offset_000731549_lens1_preprocessed_lens1.jpg,802764,358430,444334,0.5535051397421907,9.29699993133545,10.969596862792969,14.45932388305664,24.636669158935547,68.99330139160156,17.24482536315918,45.11058022290266,88502,87751,1345.489786223278,1345.489786223278,0.5,20.0,0.1231738530395003,12.317385303950031,358430,2909952,1024,1050,1345.489786223278,1345.489786223278,outputs/road_area_lens1_batch/masks/sample_00191_lens_1_row_000164_road_mask.png,outputs/road_area_lens1_batch/masks/sample_00191_lens_1_row_000164_raw_road_mask_before_cleaning.png,outputs/road_area_lens1_batch/depth_previews/sample_00191_lens_1_row_000164_depth_preview.png,needs_visual_review,45.11058022290266,16.65,61.76058022290266,0.2695894361728435,3,3,15.05,,1.6,,,,9.83,3.0,54.94058022290266,0.1789205712811573,good,acceptable_visible_road,use_primary,9.83,0.21790896839339044,v1_depth_visible_plus_nms_conservative_vehicle_footprint,45.11058022290266,9.83,54.94058022290266,0.1789205712811573
192,23-02-2026 12:26,1771829800.0,1,run_20260223_121418_5341,741.5493893623352,/Volumes/New Volume/23_02_2026_navneet/run_20260223_121418_5341/LENS1/video_lens1.mp4,sample_0192_run_20260223_121418_5341_offset_000741549_lens1,outputs/extracted_frames_v2/run_20260223_121418_5341/lens1/sample_0192_run_20260223_121418_5341_offset_000741549_lens1.jpg,sample_0192_run_20260223_121418_5341_offset_000741549_lens1_preprocessed_lens1,outputs/preprocessed_frames_v2/run_20260223_121418_5341/lens1/sample_0192_run_20260223_121418_5341_offset_000741549_lens1_preprocessed_lens1.jpg,,,,,,,,,recovered_existing_file,True,,,,,,,,,success,,165,success,,1684,1728,/Users/aryansatyendrakumar/Projects/roadside-pm-visual-intelligence/outputs/preprocessed_frames_v2/run_20260223_121418_5341/lens1/sample_0192_run_20260223_121418_5341_offset_000741549_lens1_preprocessed_lens1.jpg,767949,376547,391402,0.5096718662307003,8.953241348266602,10.59273910522461,13.988492965698242,22.694019317626953,64.83142852783203,16.502466201782227,48.422387335161645,96355,95435,1345.489786223278,1345.489786223278,0.5,20.0,0.1293997289302366,12.939972893023665,376547,2909952,1024,1050,1345.489786223278,1345.489786223278,outputs/road_area_lens1_batch/masks/sample_00192_lens_1_row_000165_road_mask.png,outputs/road_area_lens1_batch/masks/sample_00192_lens_1_row_000165_raw_road_mask_before_cleaning.png,outputs/road_area_lens1_batch/depth_previews/sample_00192_lens_1_row_000165_depth_preview.png,needs_visual_review,48.422387335161645,16.685,65.10738733516165,0.2562689225127171,5,4,7.525,7.56,1.6,,,,9.851,4.0,58.27338733516165,0.1690480071690631,good,acceptable_visible_road,use_primary,9.851,0.20343895751803945,v1_depth_visible_plus_nms_conservative_vehicle_footprint,48.422387335161645,9.851,58.27338733516165,0.1690480071690631
193,23-02-2026 12:26,1771829810.0,1,run_20260223_121418_5341,751.5493893623352,/Volumes/New Volume/23_02_2026_navneet/run_20260223_121418_5341/LENS1/video_lens1.mp4,sample_0193_run_20260223_121418_5341_offset_000751549_lens1,outputs/extracted_frames_v2/run_20260223_121418_5341/lens1/sample_0193_run_20260223_121418_5341_offset_000751549_lens1.jpg,sample_0193_run_20260223_121418_5341_offset_000751549_lens1_preprocessed_lens1,outputs/preprocessed_frames_v2/run_20260223_121418_5341/lens1/sample_0193_run_20260223_121418_5341_offset_000751549_lens1_preprocessed_lens1.jpg,,,,,,,,,recovered_existing_file,True,,,,,,,,,success,,166,success,,1684,1728,/Users/aryansatyendrakumar/Projects/roadside-pm-visual-intelligence/outputs/preprocessed_frames_v2/run_20260223_121418_5341/lens1/sample_0193_run_20260223_121418_5341_offset_000751549_lens1_preprocessed_lens1.jpg,1279403,753962,525441,0.4106923307198748,8.576169967651367,10.106724739074709,12.860566139221191,17.90850830078125,39.790740966796875,12.398394584655762,116.93956358945988,222401,221141,1345.489786223278,1345.489786223278,0.5,20.0,0.259097744567608,25.909774456760797,753962,2909952,1024,1050,1345.489786223278,1345.489786223278,outputs/road_area_lens1_batch/masks/sample_00193_lens_1_row_000166_road_mask.png,outputs/road_area_lens1_batch/masks/sample_00193_lens_1_row_000166_raw_road_mask_before_cleaning.png,outputs/road_area_lens1_batch/depth_previews/sample_00193_lens_1_row_000166_depth_preview.png,needs_visual_review,116.93956358945988,34.45,151.3895635894599,0.2275586188584435,12,9,15.05,15.12,3.2,,1.08,,20.241999999999997,9.0,137.18156358945987,0.147556271195288,good,acceptable_visible_road,use_primary,20.241999999999997,0.17309796084979123,v1_depth_visible_plus_nms_conservative_vehicle_footprint,116.93956358945988,20.241999999999997,137.18156358945987,0.147556271195288
194,23-02-2026 12:27,1771829820.0,1,run_20260223_121418_5341,761.5493893623352,/Volumes/New Volume/23_02_2026_navneet/run_20260223_121418_5341/LENS1/video_lens1.mp4,sample_0194_run_20260223_121418_5341_offset_000761549_lens1,outputs/extracted_frames_v2/run_20260223_121418_5341/lens1/sample_0194_run_20260223_121418_5341_offset_000761549_lens1.jpg,sample_0194_run_20260223_121418_5341_offset_000761549_lens1_preprocessed_lens1,outputs/preprocessed_frames_v2/run_20260223_121418_5341/lens1/sample_0194_run_20260223_121418_5341_offset_000761549_lens1_preprocessed_lens1.jpg,,,,,,,,,recovered_existing_file,True,,,,,,,,,success,,167,success,,1684,1728,/Users/aryansatyendrakumar/Projects/roadside-pm-visual-intelligence/outputs/preprocessed_frames_v2/run_20260223_121418_5341/lens1/sample_0194_run_20260223_121418_5341_offset_000761549_lens1_preprocessed_lens1.jpg,1098697,573285,525412,0.4782137386376772,8.828156471252441,10.02811336517334,12.36362075805664,17.714792251586914,41.1479606628418,11.550939559936523,81.36365584335982,168189,166938,1345.489786223278,1345.489786223278,0.5,20.0,0.1970084042623383,19.700840426233835,573285,2909952,1024,1050,1345.489786223278,1345.489786223278,outputs/road_area_lens1_batch/masks/sample_00194_lens_1_row_000167_road_mask.png,outputs/road_area_lens1_batch/masks/sample_00194_lens_1_row_000167_raw_road_mask_before_cleaning.png,outputs/road_area_lens1_batch/depth_previews/sample_00194_lens_1_row_000167_depth_preview.png,needs_visual_review,81.36365584335982,16.65,98.01365584335984,0.1698742879931867,5,3,15.05,0.0,1.6,,,0.0,9.83,3.0,91.19365584335982,0.1077925861080144,good,acceptable_visible_road,use_primary,9.83,0.12081561353295849,v1_depth_visible_plus_nms_conservative_vehicle_footprint,81.36365584335982,9.83,91.19365584335982,0.1077925861080144
195,23-02-2026 12:27,1771829830.0,1,run_20260223_121418_5341,771.5493893623352,/Volumes/New Volume/23_02_2026_navneet/run_20260223_121418_5341/LENS1/video_lens1.mp4,sample_0195_run_20260223_121418_5341_offset_000771549_lens1,outputs/extracted_frames_v2/run_20260223_121418_5341/lens1/sample_0195_run_20260223_121418_5341_offset_000771549_lens1.jpg,sample_0195_run_20260223_121418_5341_offset_000771549_lens1_preprocessed_lens1,outputs/preprocessed_frames_v2/run_20260223_121418_5341/lens1/sample_0195_run_20260223_121418_5341_offset_000771549_lens1_preprocessed_lens1.jpg,,,,,,,,,recovered_existing_file,True,,,,,,,,,success,,168,success,,1684,1728,/Users/aryansatyendrakumar/Projects/roadside-pm-visual-intelligence/outputs/preprocessed_frames_v2/run_20260223_121418_5341/lens1/sample_0195_run_20260223_121418_5341_offset_000771549_lens1_preprocessed_lens1.jpg,924292,399738,524554,0.5675197881189061,9.029632568359377,9.895416259765623,11.59132194519043,14.728721618652344,26.740507125854492,7.020200252532959,63.07771991559016,129555,128266,1345.489786223278,1345.489786223278,0.5,20.0,0.1373692761942465,13.73692761942465,399738,2909952,1024,1050,1345.489786223278,1345.489786223278,outputs/road_area_lens1_batch/masks/sample_00195_lens_1_row_000168_road_mask.png,outputs/road_area_lens1_batch/masks/sample_00195_lens_1_row_000168_raw_road_mask_before_cleaning.png,outputs/road_area_lens1_batch/depth_previews/sample_00195_lens_1_row_000168_depth_preview.png,needs_visual_review,63.07771991559016,31.25,94.32771991559017,0.3312917987200823,12,5,15.05,0.0,3.2,13.0,0.0,,17.13,5.0,80.20771991559016,0.2135704645142319,good,acceptable_visible_road,use_primary,17.13,0.2715697400432856,v1_depth_visible_plus_nms_conservative_vehicle_footprint,63.07771991559016,17.13,80.20771991559016,0.2135704645142319
196,23-02-2026 12:27,1771829840.0,1,run_20260223_121418_5341,781.5493893623352,/Volumes/New Volume/23_02_2026_navneet/run_20260223_121418_5341/LENS1/video_lens1.mp4,sample_0196_run_20260223_121418_5341_offset_000781549_lens1,outputs/extracted_frames_v2/run_20260223_121418_5341/lens1/sample_0196_run_20260223_121418_5341_offset_000781549_lens1.jpg,sample_0196_run_20260223_121418_5341_offset_000781549_lens1_preprocessed_lens1,outputs/preprocessed_frames_v2/run_20260223_121418_5341/lens1/sample_0196_run_20260223_121418_5341_offset_000781549_lens1_preprocessed_lens1.jpg,,,,,,,,,recovered_existing_file,True,,,,,,,,,success,,169,success,,1684,1728,/Users/aryansatyendrakumar/Projects/roadside-pm-visual-intelligence/outputs/preprocessed_frames_v2/run_20260223_121418_5341/lens1/sample_0196_run_20260223_121418_5341_offset_000781549_lens1_preprocessed_lens1.jpg,655283,133308,521975,0.796564232552958,9.380754470825195,10.676215171813965,12.918806076049805,21.146026611328125,67.1888656616211,17.366596221923828,19.57264714544442,33116,32105,1345.489786223278,1345.489786223278,0.5,20.0,0.0458110649247822,4.581106492478226,133308,2909952,1024,1050,1345.489786223278,1345.489786223278,outputs/road_area_lens1_batch/masks/sample_00196_lens_1_row_000169_road_mask.png,outputs/road_area_lens1_batch/masks/sample_00196_lens_1_row_000169_raw_road_mask_before_cleaning.png,outputs/road_area_lens1_batch/depth_previews/sample_00196_lens_1_row_000169_depth_preview.png,needs_visual_review,19.57264714544442,40.965,60.537647145444424,0.6766863585163748,18,8,7.525,7.56,4.800000000000001,20.0,1.08,,21.991,8.0,41.56364714544442,0.5290921637133165,low,low_visible_road,use_sensitivity_only,21.991,1.1235577812538482,v1_depth_visible_plus_nms_conservative_vehicle_footprint,19.57264714544442,21.991,41.56364714544442,0.5290921637133165
197,23-02-2026 12:27,1771829850.0,1,run_20260223_121418_5341,791.5493893623352,/Volumes/New Volume/23_02_2026_navneet/run_20260223_121418_5341/LENS1/video_lens1.mp4,sample_0197_run_20260223_121418_5341_offset_000791549_lens1,outputs/extracted_frames_v2/run_20260223_121418_5341/lens1/sample_0197_run_20260223_121418_5341_offset_000791549_lens1.jpg,sample_0197_run_20260223_121418_5341_offset_000791549_lens1_preprocessed_lens1,outputs/preprocessed_frames_v2/run_20260223_121418_5341/lens1/sample_0197_run_20260223_121418_5341_offset_000791549_lens1_preprocessed_lens1.jpg,,,,,,,,,recovered_existing_file,True,,,,,,,,,success,,170,success,,1684,1728,/Users/aryansatyendrakumar/Projects/roadside-pm-visual-intelligence/outputs/preprocessed_frames_v2/run_20260223_121418_5341/lens1/sample_0197_run_20260223_121418_5341_offset_000791549_lens1_preprocessed_lens1.jpg,916514,391005,525509,0.5733780389606705,9.133867263793944,9.940874099731444,11.531465530395508,15.351635932922363,35.7060432434082,10.707313537597656,60.15383766490475,121953,120572,1345.489786223278,1345.489786223278,0.5,20.0,0.1343681957640538,13.436819576405384,391005,2909952,1024,1050,1345.489786223278,1345.489786223278,outputs/road_area_lens1_batch/masks/sample_00197_lens_1_row_000170_road_mask.png,outputs/road_area_lens1_batch/masks/sample_00197_lens_1_row_000170_raw_road_mask_before_cleaning.png,outputs/road_area_lens1_batch/depth_previews/sample_00197_lens_1_row_000170_depth_preview.png,needs_visual_review,60.15383766490475,22.59625,82.75008766490475,0.27306617597196,14,7,12.416249999999998,3.78,6.4,0.0,,,12.91775,7.0,73.07158766490475,0.1767821175480523,good,acceptable_visible_road,use_primary,12.91775,0.21474523490853747,v1_depth_visible_plus_nms_conservative_vehicle_footprint,60.15383766490475,12.91775,73.07158766490475,0.1767821175480523
198,23-02-2026 12:27,1771829860.0,1,run_20260223_121418_5341,801.5493893623352,/Volumes/New Volume/23_02_2026_navneet/run_20260223_121418_5341/LENS1/video_lens1.mp4,sample_0198_run_20260223_121418_5341_offset_000801549_lens1,outputs/extracted_frames_v2/run_20260223_121418_5341/lens1/sample_0198_run_20260223_121418_5341_offset_000801549_lens1.jpg,sample_0198_run_20260223_121418_5341_offset_000801549_lens1_preprocessed_lens1,outputs/preprocessed_frames_v2/run_20260223_121418_5341/lens1/sample_0198_run_20260223_121418_5341_offset_000801549_lens1_preprocessed_lens1.jpg,,,,,,,,,recovered_existing_file,True,,,,,,,,,success,,171,success,,1684,1728,/Users/aryansatyendrakumar/Projects/roadside-pm-visual-intelligence/outputs/preprocessed_frames_v2/run_20260223_121418_5341/lens1/sample_0198_run_20260223_121418_5341_offset_000801549_lens1_preprocessed_lens1.jpg,818072,294275,523797,0.6402822734429243,9.08065128326416,9.820308685302734,11.441637992858888,14.244306564331056,24.15994453430176,8.184500694274902,42.6799772186742,97158,95881,1345.489786223278,1345.489786223278,0.5,20.0,0.1011270976291017,10.112709762910178,294275,2909952,1024,1050,1345.489786223278,1345.489786223278,outputs/road_area_lens1_batch/masks/sample_00198_lens_1_row_000171_road_mask.png,outputs/road_area_lens1_batch/masks/sample_00198_lens_1_row_000171_raw_road_mask_before_cleaning.png,outputs/road_area_lens1_batch/depth_previews/sample_00198_lens_1_row_000171_depth_preview.png,needs_visual_review,42.6799772186742,2.4456249999999997,45.1256022186742,0.0541959526246041,4,1,2.4456249999999997,0.0,0.0,,,,1.467375,1.0,44.1473522186742,0.0332381202100565,good,acceptable_visible_road,use_primary,1.467375,0.03438087589601535,v1_depth_visible_plus_nms_conservative_vehicle_footprint,42.6799772186742,1.467375,44.1473522186742,0.0332381202100565
199,23-02-2026 12:27,1771829870.0,1,run_20260223_121418_5341,811.5493893623352,/Volumes/New Volume/23_02_2026_navneet/run_20260223_121418_5341/LENS1/video_lens1.mp4,sample_0199_run_20260223_121418_5341_offset_000811549_lens1,outputs/extracted_frames_v2/run_20260223_121418_5341/lens1/sample_0199_run_20260223_121418_5341_offset_000811549_lens1.jpg,sample_0199_run_20260223_121418_5341_offset_000811549_lens1_preprocessed_lens1,outputs/preprocessed_frames_v2/run_20260223_121418_5341/lens1/sample_0199_run_20260223_121418_5341_offset_000811549_lens1_preprocessed_lens1.jpg,,,,,,,,,recovered_existing_file,True,,,,,,,,,success,,172,success,,1684,1728,/Users/aryansatyendrakumar/Projects/roadside-pm-visual-intelligence/outputs/preprocessed_frames_v2/run_20260223_121418_5341/lens1/sample_0199_run_20260223_121418_5341_offset_000811549_lens1_preprocessed_lens1.jpg,949845,425520,524325,0.5520111176033985,8.994394302368164,10.094557762145996,12.287586212158203,16.954612731933594,30.4178466796875,7.532216548919678,63.25368259609238,128098,126888,1345.489786223278,1345.489786223278,0.5,20.0,0.146229216152019,14.6229216152019,425520,2909952,1024,1050,1345.489786223278,1345.489786223278,outputs/road_area_lens1_batch/masks/sample_00199_lens_1_row_000172_road_mask.png,outputs/road_area_lens1_batch/masks/sample_00199_lens_1_row_000172_raw_road_mask_before_cleaning.png,outputs/road_area_lens1_batch/depth_previews/sample_00199_lens_1_row_000172_depth_preview.png,needs_visual_review,63.25368259609238,13.607,76.86068259609237,0.1770345974092583,6,4,7.525,3.78,1.6,,0.7020000000000001,0.0,7.933999999999999,4.0,71.18768259609239,0.111451865135381,good,acceptable_visible_road,use_primary,7.933999999999999,0.12543143220075756,v1_depth_visible_plus_nms_conservative_vehicle_footprint,63.25368259609238,7.933999999999999,71.18768259609239,0.111451865135381
200,23-02-2026 12:28,1771829880.0,1,run_20260223_121418_5341,821.5493893623352,/Volumes/New Volume/23_02_2026_navneet/run_20260223_121418_5341/LENS1/video_lens1.mp4,sample_0200_run_20260223_121418_5341_offset_000821549_lens1,outputs/extracted_frames_v2/run_20260223_121418_5341/lens1/sample_0200_run_20260223_121418_5341_offset_000821549_lens1.jpg,sample_0200_run_20260223_121418_5341_offset_000821549_lens1_preprocessed_lens1,outputs/preprocessed_frames_v2/run_20260223_121418_5341/lens1/sample_0200_run_20260223_121418_5341_offset_000821549_lens1_preprocessed_lens1.jpg,,,,,,,,,recovered_existing_file,True,,,,,,,,,success,,173,success,,1684,1728,/Users/aryansatyendrakumar/Projects/roadside-pm-visual-intelligence/outputs/preprocessed_frames_v2/run_20260223_121418_5341/lens1/sample_0200_run_20260223_121418_5341_offset_000821549_lens1_preprocessed_lens1.jpg,748059,226111,521948,0.6977364084918436,9.034442901611328,9.892045974731444,11.755401611328123,15.052288055419922,27.876171112060547,8.649848937988281,32.246135126196144,70629,69565,1345.489786223278,1345.489786223278,0.5,20.0,0.0777026562637459,7.770265626374593,226111,2909952,1024,1050,1345.489786223278,1345.489786223278,outputs/road_area_lens1_batch/masks/sample_00200_lens_1_row_000173_road_mask.png,outputs/road_area_lens1_batch/masks/sample_00200_lens_1_row_000173_raw_road_mask_before_cleaning.png,outputs/road_area_lens1_batch/depth_previews/sample_00200_lens_1_row_000173_depth_preview.png,needs_visual_review,32.246135126196144,14.016249999999998,46.26238512619614,0.3029729219919376,7,3,12.416249999999998,0.0,1.6,0.0,,0.0,8.249749999999999,3.0,40.49588512619614,0.2037182290075039,good,acceptable_visible_road,use_primary,8.249749999999999,0.2558368613080102,v1_depth_visible_plus_nms_conservative_vehicle_footprint,32.246135126196144,8.249749999999999,40.49588512619614,0.2037182290075039
201,23-02-2026 12:28,1771829890.0,1,run_20260223_121418_5341,831.5493893623352,/Volumes/New Volume/23_02_2026_navneet/run_20260223_121418_5341/LENS1/video_lens1.mp4,sample_0201_run_20260223_121418_5341_offset_000831549_lens1,outputs/extracted_frames_v2/run_20260223_121418_5341/lens1/sample_0201_run_20260223_121418_5341_offset_000831549_lens1.jpg,sample_0201_run_20260223_121418_5341_offset_000831549_lens1_preprocessed_lens1,outputs/preprocessed_frames_v2/run_20260223_121418_5341/lens1/sample_0201_run_20260223_121418_5341_offset_000831549_lens1_preprocessed_lens1.jpg,,,,,,,,,recovered_existing_file,True,,,,,,,,,success,,174,success,,1684,1728,/Users/aryansatyendrakumar/Projects/roadside-pm-visual-intelligence/outputs/preprocessed_frames_v2/run_20260223_121418_5341/lens1/sample_0201_run_20260223_121418_5341_offset_000831549_lens1_preprocessed_lens1.jpg,928240,402714,525526,0.5661531500474015,8.904373168945312,9.947511672973633,12.04256534576416,15.062450408935549,23.510183334350582,4.679683208465576,59.96887841082617,131505,129833,1345.489786223278,1345.489786223278,0.5,20.0,0.1383919734758511,13.839197347585111,402714,2909952,1024,1050,1345.489786223278,1345.489786223278,outputs/road_area_lens1_batch/masks/sample_00201_lens_1_row_000174_road_mask.png,outputs/road_area_lens1_batch/masks/sample_00201_lens_1_row_000174_raw_road_mask_before_cleaning.png,outputs/road_area_lens1_batch/depth_previews/sample_00201_lens_1_row_000174_depth_preview.png,needs_visual_review,59.96887841082617,11.582,71.55087841082617,0.1618708289435557,12,3,7.525,2.457,1.6,0.0,,0.0,6.789199999999999,3.0,66.75807841082617,0.1016985533678721,good,acceptable_visible_road,use_primary,6.789199999999999,0.11321205565142513,v1_depth_visible_plus_nms_conservative_vehicle_footprint,59.96887841082617,6.789199999999999,66.75807841082617,0.1016985533678721
202,23-02-2026 12:28,1771829900.0,1,run_20260223_121418_5341,841.5493893623352,/Volumes/New Volume/23_02_2026_navneet/run_20260223_121418_5341/LENS1/video_lens1.mp4,sample_0202_run_20260223_121418_5341_offset_000841549_lens1,outputs/extracted_frames_v2/run_20260223_121418_5341/lens1/sample_0202_run_20260223_121418_5341_offset_000841549_lens1.jpg,sample_0202_run_20260223_121418_5341_offset_000841549_lens1_preprocessed_lens1,outputs/preprocessed_frames_v2/run_20260223_121418_5341/lens1/sample_0202_run_20260223_121418_5341_offset_000841549_lens1_preprocessed_lens1.jpg,,,,,,,,,recovered_existing_file,True,,,,,,,,,success,,175,success,,1684,1728,/Users/aryansatyendrakumar/Projects/roadside-pm-visual-intelligence/outputs/preprocessed_frames_v2/run_20260223_121418_5341/lens1/sample_0202_run_20260223_121418_5341_offset_000841549_lens1_preprocessed_lens1.jpg,581571,76645,504926,0.8682104162690368,8.479476928710938,9.370902061462402,10.794496536254885,12.721719741821287,16.568086624145508,2.9316747188568115,10.744970577639428,26708,26146,1345.489786223278,1345.489786223278,0.5,20.0,0.026338922428961,2.6338922428961027,76645,2909952,1024,1050,1345.489786223278,1345.489786223278,outputs/road_area_lens1_batch/masks/sample_00202_lens_1_row_000175_road_mask.png,outputs/road_area_lens1_batch/masks/sample_00202_lens_1_row_000175_raw_road_mask_before_cleaning.png,outputs/road_area_lens1_batch/depth_previews/sample_00202_lens_1_row_000175_depth_preview.png,bad_low_road_mask_area,10.744970577639428,0.0,10.744970577639428,0.0,10,0,0.0,0.0,0.0,0.0,,0.0,0.0,0.0,10.744970577639428,0.0,good,very_low_visible_road,exclude_or_manual_review,0.0,0.0,v1_depth_visible_plus_nms_conservative_vehicle_footprint,10.744970577639428,0.0,10.744970577639428,0.0
203,23-02-2026 12:28,1771829910.0,1,run_20260223_121418_5341,851.5493893623352,/Volumes/New Volume/23_02_2026_navneet/run_20260223_121418_5341/LENS1/video_lens1.mp4,sample_0203_run_20260223_121418_5341_offset_000851549_lens1,outputs/extracted_frames_v2/run_20260223_121418_5341/lens1/sample_0203_run_20260223_121418_5341_offset_000851549_lens1.jpg,sample_0203_run_20260223_121418_5341_offset_000851549_lens1_preprocessed_lens1,outputs/preprocessed_frames_v2/run_20260223_121418_5341/lens1/sample_0203_run_20260223_121418_5341_offset_000851549_lens1_preprocessed_lens1.jpg,,,,,,,,,recovered_existing_file,True,,,,,,,,,success,,176,success,,1684,1728,/Users/aryansatyendrakumar/Projects/roadside-pm-visual-intelligence/outputs/preprocessed_frames_v2/run_20260223_121418_5341/lens1/sample_0203_run_20260223_121418_5341_offset_000851549_lens1_preprocessed_lens1.jpg,653719,136608,517111,0.7910294790269213,8.95577335357666,10.324304580688477,11.797091484069824,12.917659759521484,18.243850708007812,2.7904515266418457,18.771715368731023,47848,46914,1345.489786223278,1345.489786223278,0.5,20.0,0.0469451042491422,4.694510424914226,136608,2909952,1024,1050,1345.489786223278,1345.489786223278,outputs/road_area_lens1_batch/masks/sample_00203_lens_1_row_000176_road_mask.png,outputs/road_area_lens1_batch/masks/sample_00203_lens_1_row_000176_raw_road_mask_before_cleaning.png,outputs/road_area_lens1_batch/depth_previews/sample_00203_lens_1_row_000176_depth_preview.png,needs_visual_review,18.771715368731023,7.525,26.29671536873102,0.2861574114669792,13,1,7.525,0.0,0.0,0.0,,0.0,4.515,1.0,23.286715368731024,0.1938873700523114,good,low_visible_road,use_sensitivity_only,4.515,0.2405214393736685,v1_depth_visible_plus_nms_conservative_vehicle_footprint,18.771715368731023,4.515,23.286715368731024,0.1938873700523114
204,23-02-2026 12:28,1771829920.0,1,run_20260223_121418_5341,861.5493893623352,/Volumes/New Volume/23_02_2026_navneet/run_20260223_121418_5341/LENS1/video_lens1.mp4,sample_0204_run_20260223_121418_5341_offset_000861549_lens1,outputs/extracted_frames_v2/run_20260223_121418_5341/lens1/sample_0204_run_20260223_121418_5341_offset_000861549_lens1.jpg,sample_0204_run_20260223_121418_5341_offset_000861549_lens1_preprocessed_lens1,outputs/preprocessed_frames_v2/run_20260223_121418_5341/lens1/sample_0204_run_20260223_121418_5341_offset_000861549_lens1_preprocessed_lens1.jpg,,,,,,,,,recovered_existing_file,True,,,,,,,,,success,,177,success,,1684,1728,/Users/aryansatyendrakumar/Projects/roadside-pm-visual-intelligence/outputs/preprocessed_frames_v2/run_20260223_121418_5341/lens1/sample_0204_run_20260223_121418_5341_offset_000861549_lens1_preprocessed_lens1.jpg,533906,34159,499747,0.936020572909838,8.965803146362305,10.948427200317385,12.390877723693848,14.844432830810549,25.54117202758789,5.849370956420898,4.180824477189983,9926,9360,1345.489786223278,1345.489786223278,0.5,20.0,0.0117386816002463,1.1738681600246328,34159,2909952,1024,1050,1345.489786223278,1345.489786223278,outputs/road_area_lens1_batch/masks/sample_00204_lens_1_row_000177_road_mask.png,outputs/road_area_lens1_batch/masks/sample_00204_lens_1_row_000177_raw_road_mask_before_cleaning.png,outputs/road_area_lens1_batch/depth_previews/sample_00204_lens_1_row_000177_depth_preview.png,bad_low_road_mask_area,4.180824477189983,0.0,4.180824477189983,0.0,15,0,0.0,0.0,0.0,0.0,0.0,,0.0,0.0,4.180824477189983,0.0,good,very_low_visible_road,exclude_or_manual_review,0.0,0.0,v1_depth_visible_plus_nms_conservative_vehicle_footprint,4.180824477189983,0.0,4.180824477189983,0.0
205,23-02-2026 12:28,1771829930.0,1,run_20260223_121418_5341,871.5493893623352,/Volumes/New Volume/23_02_2026_navneet/run_20260223_121418_5341/LENS1/video_lens1.mp4,sample_0205_run_20260223_121418_5341_offset_000871549_lens1,outputs/extracted_frames_v2/run_20260223_121418_5341/lens1/sample_0205_run_20260223_121418_5341_offset_000871549_lens1.jpg,sample_0205_run_20260223_121418_5341_offset_000871549_lens1_preprocessed_lens1,outputs/preprocessed_frames_v2/run_20260223_121418_5341/lens1/sample_0205_run_20260223_121418_5341_offset_000871549_lens1_preprocessed_lens1.jpg,,,,,,,,,recovered_existing_file,True,,,,,,,,,success,,178,success,,1684,1728,/Users/aryansatyendrakumar/Projects/roadside-pm-visual-intelligence/outputs/preprocessed_frames_v2/run_20260223_121418_5341/lens1/sample_0205_run_20260223_121418_5341_offset_000871549_lens1_preprocessed_lens1.jpg,816907,291492,525415,0.6431760286054594,9.066812515258787,9.789644241333008,11.093517303466797,13.639269828796388,25.720191955566406,5.758388996124268,47.38326434703458,94210,92719,1345.489786223278,1345.489786223278,0.5,20.0,0.1001707244655581,10.01707244655582,291492,2909952,1024,1050,1345.489786223278,1345.489786223278,outputs/road_area_lens1_batch/masks/sample_00205_lens_1_row_000178_road_mask.png,outputs/road_area_lens1_batch/masks/sample_00205_lens_1_row_000178_raw_road_mask_before_cleaning.png,outputs/road_area_lens1_batch/depth_previews/sample_00205_lens_1_row_000178_depth_preview.png,needs_visual_review,47.38326434703458,17.61625,64.99951434703459,0.2710212557273312,14,6,12.416249999999998,0.0,5.2,0.0,,,10.04975,6.0,57.433014347034586,0.1749821094061885,good,acceptable_visible_road,use_primary,10.04975,0.21209492715393613,v1_depth_visible_plus_nms_conservative_vehicle_footprint,47.38326434703458,10.04975,57.433014347034586,0.1749821094061885
206,23-02-2026 12:29,1771829940.0,1,run_20260223_121418_5341,881.5493893623352,/Volumes/New Volume/23_02_2026_navneet/run_20260223_121418_5341/LENS1/video_lens1.mp4,sample_0206_run_20260223_121418_5341_offset_000881549_lens1,outputs/extracted_frames_v2/run_20260223_121418_5341/lens1/sample_0206_run_20260223_121418_5341_offset_000881549_lens1.jpg,sample_0206_run_20260223_121418_5341_offset_000881549_lens1_preprocessed_lens1,outputs/preprocessed_frames_v2/run_20260223_121418_5341/lens1/sample_0206_run_20260223_121418_5341_offset_000881549_lens1_preprocessed_lens1.jpg,,,,,,,,,recovered_existing_file,True,,,,,,,,,success,,179,success,,1684,1728,/Users/aryansatyendrakumar/Projects/roadside-pm-visual-intelligence/outputs/preprocessed_frames_v2/run_20260223_121418_5341/lens1/sample_0206_run_20260223_121418_5341_offset_000881549_lens1_preprocessed_lens1.jpg,524914,2660,522254,0.9949325032291004,7.824224948883057,8.040506362915039,8.262876510620117,9.456199645996094,9.55111598968506,0.6964803338050842,0.1090257017006883,551,343,1345.489786223278,1345.489786223278,0.5,20.0,0.0009141044250901,0.0914104425090173,2660,2909952,1024,1050,1345.489786223278,1345.489786223278,outputs/road_area_lens1_batch/masks/sample_00206_lens_1_row_000179_road_mask.png,outputs/road_area_lens1_batch/masks/sample_00206_lens_1_row_000179_raw_road_mask_before_cleaning.png,outputs/road_area_lens1_batch/depth_previews/sample_00206_lens_1_row_000179_depth_preview.png,bad_low_road_mask_area,0.1090257017006883,0.0,0.1090257017006883,0.0,3,0,0.0,0.0,0.0,,,,0.0,0.0,0.1090257017006883,0.0,good,very_low_visible_road,exclude_or_manual_review,0.0,0.0,v1_depth_visible_plus_nms_conservative_vehicle_footprint,0.1090257017006883,0.0,0.1090257017006883,0.0
207,23-02-2026 12:29,1771829950.0,1,run_20260223_121418_5341,891.5493893623352,/Volumes/New Volume/23_02_2026_navneet/run_20260223_121418_5341/LENS1/video_lens1.mp4,sample_0207_run_20260223_121418_5341_offset_000891549_lens1,outputs/extracted_frames_v2/run_20260223_121418_5341/lens1/sample_0207_run_20260223_121418_5341_offset_000891549_lens1.jpg,sample_0207_run_20260223_121418_5341_offset_000891549_lens1_preprocessed_lens1,outputs/preprocessed_frames_v2/run_20260223_121418_5341/lens1/sample_0207_run_20260223_121418_5341_offset_000891549_lens1_preprocessed_lens1.jpg,,,,,,,,,recovered_existing_file,True,,,,,,,,,success,,180,success,,1684,1728,/Users/aryansatyendrakumar/Projects/roadside-pm-visual-intelligence/outputs/preprocessed_frames_v2/run_20260223_121418_5341/lens1/sample_0207_run_20260223_121418_5341_offset_000891549_lens1_preprocessed_lens1.jpg,934279,408590,525689,0.5626681109176167,8.811677932739258,9.790838241577148,11.920726776123049,15.819788932800291,32.330204010009766,9.012065887451172,61.04574348339933,126251,125014,1345.489786223278,1345.489786223278,0.5,20.0,0.1404112507697721,14.041125076977217,408590,2909952,1024,1050,1345.489786223278,1345.489786223278,outputs/road_area_lens1_batch/masks/sample_00207_lens_1_row_000180_road_mask.png,outputs/road_area_lens1_batch/masks/sample_00207_lens_1_row_000180_raw_road_mask_before_cleaning.png,outputs/road_area_lens1_batch/depth_previews/sample_00207_lens_1_row_000180_depth_preview.png,needs_visual_review,61.04574348339933,21.450000000000003,82.49574348339934,0.2600134151687038,20,6,15.05,0.0,6.4,0.0,,0.0,12.23,6.0,73.27574348339932,0.1669037995195601,good,acceptable_visible_road,use_primary,12.23,0.20034156850470344,v1_depth_visible_plus_nms_conservative_vehicle_footprint,61.04574348339933,12.23,73.27574348339932,0.1669037995195601
208,23-02-2026 12:29,1771829960.0,1,run_20260223_121418_5341,901.5493893623352,/Volumes/New Volume/23_02_2026_navneet/run_20260223_121418_5341/LENS1/video_lens1.mp4,sample_0208_run_20260223_121418_5341_offset_000901549_lens1,outputs/extracted_frames_v2/run_20260223_121418_5341/lens1/sample_0208_run_20260223_121418_5341_offset_000901549_lens1.jpg,sample_0208_run_20260223_121418_5341_offset_000901549_lens1_preprocessed_lens1,outputs/preprocessed_frames_v2/run_20260223_121418_5341/lens1/sample_0208_run_20260223_121418_5341_offset_000901549_lens1_preprocessed_lens1.jpg,,,,,,,,,recovered_existing_file,True,,,,,,,,,success,,181,success,,1684,1728,/Users/aryansatyendrakumar/Projects/roadside-pm-visual-intelligence/outputs/preprocessed_frames_v2/run_20260223_121418_5341/lens1/sample_0208_run_20260223_121418_5341_offset_000901549_lens1_preprocessed_lens1.jpg,804362,278610,525752,0.6536261036697407,8.95160961151123,9.629108428955078,11.47702980041504,15.92324924468994,26.399524688720703,6.104364395141602,43.55606909252419,87575,86356,1345.489786223278,1345.489786223278,0.5,20.0,0.0957438473211929,9.574384732119292,278610,2909952,1024,1050,1345.489786223278,1345.489786223278,outputs/road_area_lens1_batch/masks/sample_00208_lens_1_row_000181_road_mask.png,outputs/road_area_lens1_batch/masks/sample_00208_lens_1_row_000181_raw_road_mask_before_cleaning.png,outputs/road_area_lens1_batch/depth_previews/sample_00208_lens_1_row_000181_depth_preview.png,needs_visual_review,43.55606909252419,11.025624999999998,54.58169409252419,0.2020022497159927,13,5,2.4456249999999997,3.78,4.800000000000001,0.0,,0.0,6.135375,5.0,49.69144409252419,0.12346944453005,good,acceptable_visible_road,use_primary,6.135375,0.1408615407181695,v1_depth_visible_plus_nms_conservative_vehicle_footprint,43.55606909252419,6.135375,49.69144409252419,0.12346944453005
209,23-02-2026 12:29,1771829970.0,1,run_20260223_121418_5341,911.5493893623352,/Volumes/New Volume/23_02_2026_navneet/run_20260223_121418_5341/LENS1/video_lens1.mp4,sample_0209_run_20260223_121418_5341_offset_000911549_lens1,outputs/extracted_frames_v2/run_20260223_121418_5341/lens1/sample_0209_run_20260223_121418_5341_offset_000911549_lens1.jpg,sample_0209_run_20260223_121418_5341_offset_000911549_lens1_preprocessed_lens1,outputs/preprocessed_frames_v2/run_20260223_121418_5341/lens1/sample_0209_run_20260223_121418_5341_offset_000911549_lens1_preprocessed_lens1.jpg,,,,,,,,,recovered_existing_file,True,,,,,,,,,success,,182,success,,1684,1728,/Users/aryansatyendrakumar/Projects/roadside-pm-visual-intelligence/outputs/preprocessed_frames_v2/run_20260223_121418_5341/lens1/sample_0209_run_20260223_121418_5341_offset_000911549_lens1_preprocessed_lens1.jpg,803734,279106,524628,0.652738343780405,8.815706253051758,9.709066390991213,11.224037170410156,16.28571128845215,23.947021484375,6.010344982147217,44.930359323729675,86778,85457,1345.489786223278,1345.489786223278,0.5,20.0,0.095914296868127,9.591429686812704,279106,2909952,1024,1050,1345.489786223278,1345.489786223278,outputs/road_area_lens1_batch/masks/sample_00209_lens_1_row_000182_road_mask.png,outputs/road_area_lens1_batch/masks/sample_00209_lens_1_row_000182_raw_road_mask_before_cleaning.png,outputs/road_area_lens1_batch/depth_previews/sample_00209_lens_1_row_000182_depth_preview.png,needs_visual_review,44.930359323729675,33.03125,77.96160932372968,0.4236860973821132,10,3,4.891249999999999,1.89,0.0,0.0,,26.25,17.19375,3.0,62.12410932372968,0.2767645313094649,good,acceptable_visible_road,use_primary,17.19375,0.3826755507588214,v1_depth_visible_plus_nms_conservative_vehicle_footprint,44.930359323729675,17.19375,62.12410932372968,0.2767645313094649
210,23-02-2026 12:29,1771829980.0,1,run_20260223_121418_5341,921.5493893623352,/Volumes/New Volume/23_02_2026_navneet/run_20260223_121418_5341/LENS1/video_lens1.mp4,sample_0210_run_20260223_121418_5341_offset_000921549_lens1,outputs/extracted_frames_v2/run_20260223_121418_5341/lens1/sample_0210_run_20260223_121418_5341_offset_000921549_lens1.jpg,sample_0210_run_20260223_121418_5341_offset_000921549_lens1_preprocessed_lens1,outputs/preprocessed_frames_v2/run_20260223_121418_5341/lens1/sample_0210_run_20260223_121418_5341_offset_000921549_lens1_preprocessed_lens1.jpg,,,,,,,,,recovered_existing_file,True,,,,,,,,,success,,183,success,,1684,1728,/Users/aryansatyendrakumar/Projects/roadside-pm-visual-intelligence/outputs/preprocessed_frames_v2/run_20260223_121418_5341/lens1/sample_0210_run_20260223_121418_5341_offset_000921549_lens1_preprocessed_lens1.jpg,852703,327171,525532,0.6163130656277742,8.938777923583984,9.872663497924805,11.672661781311035,15.328938484191896,22.005603790283203,5.683300018310547,54.239126995677815,109571,108211,1345.489786223278,1345.489786223278,0.5,20.0,0.1124317514515703,11.243175145157034,327171,2909952,1024,1050,1345.489786223278,1345.489786223278,outputs/road_area_lens1_batch/masks/sample_00210_lens_1_row_000183_road_mask.png,outputs/road_area_lens1_batch/masks/sample_00210_lens_1_row_000183_raw_road_mask_before_cleaning.png,outputs/road_area_lens1_batch/depth_previews/sample_00210_lens_1_row_000183_depth_preview.png,needs_visual_review,54.239126995677815,39.25,93.48912699567782,0.4198349183623738,2,2,,,,13.0,,26.25,19.625,2.0,73.86412699567782,0.2656905428686426,good,acceptable_visible_road,use_primary,19.625,0.36182367023650414,v1_depth_visible_plus_nms_conservative_vehicle_footprint,54.239126995677815,19.625,73.86412699567782,0.2656905428686426
211,23-02-2026 12:29,1771829990.0,1,run_20260223_121418_5341,931.5493893623352,/Volumes/New Volume/23_02_2026_navneet/run_20260223_121418_5341/LENS1/video_lens1.mp4,sample_0211_run_20260223_121418_5341_offset_000931549_lens1,outputs/extracted_frames_v2/run_20260223_121418_5341/lens1/sample_0211_run_20260223_121418_5341_offset_000931549_lens1.jpg,sample_0211_run_20260223_121418_5341_offset_000931549_lens1_preprocessed_lens1,outputs/preprocessed_frames_v2/run_20260223_121418_5341/lens1/sample_0211_run_20260223_121418_5341_offset_000931549_lens1_preprocessed_lens1.jpg,,,,,,,,,recovered_existing_file,True,,,,,,,,,success,,184,success,,1684,1728,/Users/aryansatyendrakumar/Projects/roadside-pm-visual-intelligence/outputs/preprocessed_frames_v2/run_20260223_121418_5341/lens1/sample_0211_run_20260223_121418_5341_offset_000931549_lens1_preprocessed_lens1.jpg,881260,357687,523573,0.5941186482990264,8.919649124145508,10.07932472229004,12.25758171081543,16.531444549560547,28.76420211791992,6.217574596405029,55.39941952369323,108260,107227,1345.489786223278,1345.489786223278,0.5,20.0,0.1229185223673792,12.291852236737926,357687,2909952,1024,1050,1345.489786223278,1345.489786223278,outputs/road_area_lens1_batch/masks/sample_00211_lens_1_row_000184_road_mask.png,outputs/road_area_lens1_batch/masks/sample_00211_lens_1_row_000184_raw_road_mask_before_cleaning.png,outputs/road_area_lens1_batch/depth_previews/sample_00211_lens_1_row_000184_depth_preview.png,needs_visual_review,55.39941952369323,27.85,83.24941952369323,0.3345368671558573,4,2,0.0,,1.6,0.0,,26.25,13.925,2.0,69.32441952369324,0.200867170553672,good,acceptable_visible_road,use_primary,13.925,0.2513564243041311,v1_depth_visible_plus_nms_conservative_vehicle_footprint,55.39941952369323,13.925,69.32441952369324,0.200867170553672
212,23-02-2026 12:30,1771830000.0,1,run_20260223_121418_5341,941.5493893623352,/Volumes/New Volume/23_02_2026_navneet/run_20260223_121418_5341/LENS1/video_lens1.mp4,sample_0212_run_20260223_121418_5341_offset_000941549_lens1,outputs/extracted_frames_v2/run_20260223_121418_5341/lens1/sample_0212_run_20260223_121418_5341_offset_000941549_lens1.jpg,sample_0212_run_20260223_121418_5341_offset_000941549_lens1_preprocessed_lens1,outputs/preprocessed_frames_v2/run_20260223_121418_5341/lens1/sample_0212_run_20260223_121418_5341_offset_000941549_lens1_preprocessed_lens1.jpg,,,,,,,,,recovered_existing_file,True,,,,,,,,,success,,185,success,,1684,1728,/Users/aryansatyendrakumar/Projects/roadside-pm-visual-intelligence/outputs/preprocessed_frames_v2/run_20260223_121418_5341/lens1/sample_0212_run_20260223_121418_5341_offset_000941549_lens1_preprocessed_lens1.jpg,816157,302644,513513,0.6291840908060582,8.81485366821289,10.159452438354492,12.84659194946289,18.028623580932617,29.471202850341797,7.332793712615967,46.15895369409302,88242,87491,1345.489786223278,1345.489786223278,0.5,20.0,0.1040030900853347,10.400309008533474,302644,2909952,1024,1050,1345.489786223278,1345.489786223278,outputs/road_area_lens1_batch/masks/sample_00212_lens_1_row_000185_road_mask.png,outputs/road_area_lens1_batch/masks/sample_00212_lens_1_row_000185_raw_road_mask_before_cleaning.png,outputs/road_area_lens1_batch/depth_previews/sample_00212_lens_1_row_000185_depth_preview.png,needs_visual_review,46.15895369409302,26.25,72.40895369409301,0.3625242274719048,1,1,,,,,,26.25,13.125,1.0,59.28395369409302,0.2213921167897369,good,acceptable_visible_road,use_primary,13.125,0.2843435335857626,v1_depth_visible_plus_nms_conservative_vehicle_footprint,46.15895369409302,13.125,59.28395369409302,0.2213921167897369
213,23-02-2026 12:30,1771830012.0,1,run_20260223_121418_5341,953.5493893623352,/Volumes/New Volume/23_02_2026_navneet/run_20260223_121418_5341/LENS1/video_lens1.mp4,sample_0213_run_20260223_121418_5341_offset_000953549_lens1,outputs/extracted_frames_v2/run_20260223_121418_5341/lens1/sample_0213_run_20260223_121418_5341_offset_000953549_lens1.jpg,sample_0213_run_20260223_121418_5341_offset_000953549_lens1_preprocessed_lens1,outputs/preprocessed_frames_v2/run_20260223_121418_5341/lens1/sample_0213_run_20260223_121418_5341_offset_000953549_lens1_preprocessed_lens1.jpg,,,,,,,,,recovered_existing_file,True,,,,,,,,,success,,186,success,,1684,1728,/Users/aryansatyendrakumar/Projects/roadside-pm-visual-intelligence/outputs/preprocessed_frames_v2/run_20260223_121418_5341/lens1/sample_0213_run_20260223_121418_5341_offset_000953549_lens1_preprocessed_lens1.jpg,947037,425175,521862,0.5510471079799416,8.923222541809082,10.125361442565918,12.43959140777588,17.362985610961914,27.52379035949707,8.246834754943848,65.84082095412268,127463,126386,1345.489786223278,1345.489786223278,0.5,20.0,0.1461106574953813,14.611065749538138,425175,2909952,1024,1050,1345.489786223278,1345.489786223278,outputs/road_area_lens1_batch/masks/sample_00213_lens_1_row_000186_road_mask.png,outputs/road_area_lens1_batch/masks/sample_00213_lens_1_row_000186_raw_road_mask_before_cleaning.png,outputs/road_area_lens1_batch/depth_previews/sample_00213_lens_1_row_000186_depth_preview.png,needs_visual_review,65.84082095412268,27.29,93.13082095412268,0.2930286635553591,2,2,,,1.04,,,26.25,13.645,2.0,79.48582095412267,0.1716658372047961,good,acceptable_visible_road,use_primary,13.645,0.20724225187756573,v1_depth_visible_plus_nms_conservative_vehicle_footprint,65.84082095412268,13.645,79.48582095412267,0.1716658372047961
214,23-02-2026 12:30,1771830024.0,1,run_20260223_121418_5341,965.5493893623352,/Volumes/New Volume/23_02_2026_navneet/run_20260223_121418_5341/LENS1/video_lens1.mp4,sample_0214_run_20260223_121418_5341_offset_000965549_lens1,outputs/extracted_frames_v2/run_20260223_121418_5341/lens1/sample_0214_run_20260223_121418_5341_offset_000965549_lens1.jpg,sample_0214_run_20260223_121418_5341_offset_000965549_lens1_preprocessed_lens1,outputs/preprocessed_frames_v2/run_20260223_121418_5341/lens1/sample_0214_run_20260223_121418_5341_offset_000965549_lens1_preprocessed_lens1.jpg,,,,,,,,,recovered_existing_file,True,,,,,,,,,success,,187,success,,1684,1728,/Users/aryansatyendrakumar/Projects/roadside-pm-visual-intelligence/outputs/preprocessed_frames_v2/run_20260223_121418_5341/lens1/sample_0214_run_20260223_121418_5341_offset_000965549_lens1_preprocessed_lens1.jpg,765408,294268,471140,0.6155409925164096,9.2952241897583,11.82367992401123,15.386144638061523,21.340774536132812,37.12257766723633,10.64585018157959,49.00830980511469,75188,74314,1345.489786223278,1345.489786223278,0.5,20.0,0.101124692091141,10.112469209114105,294268,2909952,1024,1050,1345.489786223278,1345.489786223278,outputs/road_area_lens1_batch/masks/sample_00214_lens_1_row_000187_road_mask.png,outputs/road_area_lens1_batch/masks/sample_00214_lens_1_row_000187_raw_road_mask_before_cleaning.png,outputs/road_area_lens1_batch/depth_previews/sample_00214_lens_1_row_000187_depth_preview.png,needs_visual_review,49.00830980511469,46.68,95.6883098051147,0.4878338858223293,10,5,15.05,3.78,1.6,,,26.25,25.223,5.0,74.23130980511469,0.3397892353808646,medium,acceptable_visible_road,use_primary,25.223,0.5146678206267712,v1_depth_visible_plus_nms_conservative_vehicle_footprint,49.00830980511469,25.223,74.23130980511469,0.3397892353808646
215,23-02-2026 12:30,1771830036.0,1,run_20260223_121418_5341,977.5493893623352,/Volumes/New Volume/23_02_2026_navneet/run_20260223_121418_5341/LENS1/video_lens1.mp4,sample_0215_run_20260223_121418_5341_offset_000977549_lens1,outputs/extracted_frames_v2/run_20260223_121418_5341/lens1/sample_0215_run_20260223_121418_5341_offset_000977549_lens1.jpg,sample_0215_run_20260223_121418_5341_offset_000977549_lens1_preprocessed_lens1,outputs/preprocessed_frames_v2/run_20260223_121418_5341/lens1/sample_0215_run_20260223_121418_5341_offset_000977549_lens1_preprocessed_lens1.jpg,,,,,,,,,recovered_existing_file,True,,,,,,,,,success,,188,success,,1684,1728,/Users/aryansatyendrakumar/Projects/roadside-pm-visual-intelligence/outputs/preprocessed_frames_v2/run_20260223_121418_5341/lens1/sample_0215_run_20260223_121418_5341_offset_000977549_lens1_preprocessed_lens1.jpg,1197917,672781,525136,0.4383742780175922,8.510083198547363,9.915231704711914,12.702853202819824,19.398738861083984,42.39067459106445,11.027884483337402,90.6430664605408,187364,185980,1345.489786223278,1345.489786223278,0.5,20.0,0.2312000335400721,23.120003354007213,672781,2909952,1024,1050,1345.489786223278,1345.489786223278,outputs/road_area_lens1_batch/masks/sample_00215_lens_1_row_000188_road_mask.png,outputs/road_area_lens1_batch/masks/sample_00215_lens_1_row_000188_raw_road_mask_before_cleaning.png,outputs/road_area_lens1_batch/depth_previews/sample_00215_lens_1_row_000188_depth_preview.png,needs_visual_review,90.6430664605408,14.505,105.1480664605408,0.1379483283740964,10,4,7.525,3.78,3.2,,,0.0,8.383,4.0,99.0260664605408,0.0846544783573767,good,acceptable_visible_road,use_primary,8.383,0.09248363197916887,v1_depth_visible_plus_nms_conservative_vehicle_footprint,90.6430664605408,8.383,99.0260664605408,0.0846544783573767
216,23-02-2026 12:30,1771830048.0,1,run_20260223_121418_5341,989.5493893623352,/Volumes/New Volume/23_02_2026_navneet/run_20260223_121418_5341/LENS1/video_lens1.mp4,sample_0216_run_20260223_121418_5341_offset_000989549_lens1,outputs/extracted_frames_v2/run_20260223_121418_5341/lens1/sample_0216_run_20260223_121418_5341_offset_000989549_lens1.jpg,sample_0216_run_20260223_121418_5341_offset_000989549_lens1_preprocessed_lens1,outputs/preprocessed_frames_v2/run_20260223_121418_5341/lens1/sample_0216_run_20260223_121418_5341_offset_000989549_lens1_preprocessed_lens1.jpg,,,,,,,,,recovered_existing_file,True,,,,,,,,,success,,189,success,,1684,1728,/Users/aryansatyendrakumar/Projects/roadside-pm-visual-intelligence/outputs/preprocessed_frames_v2/run_20260223_121418_5341/lens1/sample_0216_run_20260223_121418_5341_offset_000989549_lens1_preprocessed_lens1.jpg,1019801,527770,492031,0.4824774637404748,5.264746189117432,9.18388557434082,13.501333236694336,23.995542526245117,42.355751037597656,12.571022033691406,69.92671945406374,129726,128416,1345.489786223278,1345.489786223278,0.5,20.0,0.1813672527931732,18.13672527931732,527770,2909952,1024,1050,1345.489786223278,1345.489786223278,outputs/road_area_lens1_batch/masks/sample_00216_lens_1_row_000189_road_mask.png,outputs/road_area_lens1_batch/masks/sample_00216_lens_1_row_000189_raw_road_mask_before_cleaning.png,outputs/road_area_lens1_batch/depth_previews/sample_00216_lens_1_row_000189_depth_preview.png,needs_visual_review,69.92671945406374,18.745,88.67171945406375,0.2113977276566833,18,7,7.525,3.78,7.44,0.0,,0.0,10.503,7.0,80.42971945406374,0.1305860578812367,good,acceptable_visible_road,use_primary,10.503,0.15020009635801135,v1_depth_visible_plus_nms_conservative_vehicle_footprint,69.92671945406374,10.503,80.42971945406374,0.1305860578812367
217,23-02-2026 12:31,1771830060.0,1,run_20260223_121418_5341,1001.5493893623352,/Volumes/New Volume/23_02_2026_navneet/run_20260223_121418_5341/LENS1/video_lens1.mp4,sample_0217_run_20260223_121418_5341_offset_001001549_lens1,outputs/extracted_frames_v2/run_20260223_121418_5341/lens1/sample_0217_run_20260223_121418_5341_offset_001001549_lens1.jpg,sample_0217_run_20260223_121418_5341_offset_001001549_lens1_preprocessed_lens1,outputs/preprocessed_frames_v2/run_20260223_121418_5341/lens1/sample_0217_run_20260223_121418_5341_offset_001001549_lens1_preprocessed_lens1.jpg,,,,,,,,,recovered_existing_file,True,,,,,,,,,success,,190,success,,1684,1728,/Users/aryansatyendrakumar/Projects/roadside-pm-visual-intelligence/outputs/preprocessed_frames_v2/run_20260223_121418_5341/lens1/sample_0217_run_20260223_121418_5341_offset_001001549_lens1_preprocessed_lens1.jpg,1133233,607819,525414,0.4636416341564356,9.054807662963867,10.588035583496094,12.86916160583496,18.73077392578125,40.53335952758789,11.173446655273438,89.80817114402497,172130,170765,1345.489786223278,1345.489786223278,0.5,20.0,0.2088759539676256,20.88759539676256,607819,2909952,1024,1050,1345.489786223278,1345.489786223278,outputs/road_area_lens1_batch/masks/sample_00217_lens_1_row_000190_road_mask.png,outputs/road_area_lens1_batch/masks/sample_00217_lens_1_row_000190_raw_road_mask_before_cleaning.png,outputs/road_area_lens1_batch/depth_previews/sample_00217_lens_1_row_000190_depth_preview.png,needs_visual_review,89.80817114402497,27.092,116.90017114402497,0.2317532962943376,9,6,15.05,11.34,0.0,,0.7020000000000001,0.0,16.185,6.0,105.99317114402496,0.1526985165677098,good,acceptable_visible_road,use_primary,16.185,0.1802174545347793,v1_depth_visible_plus_nms_conservative_vehicle_footprint,89.80817114402497,16.185,105.99317114402496,0.1526985165677098
218,23-02-2026 12:31,1771830070.0,1,run_20260223_121418_5341,1011.5493893623352,/Volumes/New Volume/23_02_2026_navneet/run_20260223_121418_5341/LENS1/video_lens1.mp4,sample_0218_run_20260223_121418_5341_offset_001011549_lens1,outputs/extracted_frames_v2/run_20260223_121418_5341/lens1/sample_0218_run_20260223_121418_5341_offset_001011549_lens1.jpg,sample_0218_run_20260223_121418_5341_offset_001011549_lens1_preprocessed_lens1,outputs/preprocessed_frames_v2/run_20260223_121418_5341/lens1/sample_0218_run_20260223_121418_5341_offset_001011549_lens1_preprocessed_lens1.jpg,,,,,,,,,recovered_existing_file,True,,,,,,,,,success,,191,success,,1684,1728,/Users/aryansatyendrakumar/Projects/roadside-pm-visual-intelligence/outputs/preprocessed_frames_v2/run_20260223_121418_5341/lens1/sample_0218_run_20260223_121418_5341_offset_001011549_lens1_preprocessed_lens1.jpg,1078875,553384,525491,0.4870731085621597,9.639461517333984,11.218908309936523,13.914785385131836,18.501232147216797,30.205312728881836,7.691188812255859,107.9384647675742,160484,158982,1345.489786223278,1345.489786223278,0.5,20.0,0.1901694598398874,19.01694598398874,553384,2909952,1024,1050,1345.489786223278,1345.489786223278,outputs/road_area_lens1_batch/masks/sample_00218_lens_1_row_000191_road_mask.png,outputs/road_area_lens1_batch/masks/sample_00218_lens_1_row_000191_raw_road_mask_before_cleaning.png,outputs/road_area_lens1_batch/depth_previews/sample_00218_lens_1_row_000191_depth_preview.png,needs_visual_review,107.9384647675742,15.284999999999998,123.2234647675742,0.1240429331282867,11,5,7.525,3.78,3.98,,,,8.773,5.0,116.7114647675742,0.075168279461414,good,acceptable_visible_road,use_primary,8.773,0.08127779118306949,v1_depth_visible_plus_nms_conservative_vehicle_footprint,107.9384647675742,8.773,116.7114647675742,0.075168279461414
219,23-02-2026 12:31,1771830080.0,1,run_20260223_121418_5341,1021.5493893623352,/Volumes/New Volume/23_02_2026_navneet/run_20260223_121418_5341/LENS1/video_lens1.mp4,sample_0219_run_20260223_121418_5341_offset_001021549_lens1,outputs/extracted_frames_v2/run_20260223_121418_5341/lens1/sample_0219_run_20260223_121418_5341_offset_001021549_lens1.jpg,sample_0219_run_20260223_121418_5341_offset_001021549_lens1_preprocessed_lens1,outputs/preprocessed_frames_v2/run_20260223_121418_5341/lens1/sample_0219_run_20260223_121418_5341_offset_001021549_lens1_preprocessed_lens1.jpg,,,,,,,,,recovered_existing_file,True,,,,,,,,,success,,192,success,,1684,1728,/Users/aryansatyendrakumar/Projects/roadside-pm-visual-intelligence/outputs/preprocessed_frames_v2/run_20260223_121418_5341/lens1/sample_0219_run_20260223_121418_5341_offset_001021549_lens1_preprocessed_lens1.jpg,516876,4067,512809,0.9921315750779685,9.05650234222412,10.973806381225586,11.538983345031738,12.723246574401855,13.207756996154783,1.4122430086135864,0.4026034554402145,1174,1016,1345.489786223278,1345.489786223278,0.5,20.0,0.0013976175552036,0.1397617555203659,4067,2909952,1024,1050,1345.489786223278,1345.489786223278,outputs/road_area_lens1_batch/masks/sample_00219_lens_1_row_000192_road_mask.png,outputs/road_area_lens1_batch/masks/sample_00219_lens_1_row_000192_raw_road_mask_before_cleaning.png,outputs/road_area_lens1_batch/depth_previews/sample_00219_lens_1_row_000192_depth_preview.png,bad_low_road_mask_area,0.4026034554402145,0.0,0.4026034554402145,0.0,0,0,,,,,,,0.0,,0.4026034554402145,0.0,good,very_low_visible_road,exclude_or_manual_review,0.0,0.0,v1_depth_visible_plus_nms_conservative_vehicle_footprint,0.4026034554402145,0.0,0.4026034554402145,0.0
220,23-02-2026 12:31,1771830090.0,1,run_20260223_121418_5341,1031.5493893623352,/Volumes/New Volume/23_02_2026_navneet/run_20260223_121418_5341/LENS1/video_lens1.mp4,sample_0220_run_20260223_121418_5341_offset_001031549_lens1,outputs/extracted_frames_v2/run_20260223_121418_5341/lens1/sample_0220_run_20260223_121418_5341_offset_001031549_lens1.jpg,sample_0220_run_20260223_121418_5341_offset_001031549_lens1_preprocessed_lens1,outputs/preprocessed_frames_v2/run_20260223_121418_5341/lens1/sample_0220_run_20260223_121418_5341_offset_001031549_lens1_preprocessed_lens1.jpg,,,,,,,,,recovered_existing_file,True,,,,,,,,,success,,193,success,,1684,1728,/Users/aryansatyendrakumar/Projects/roadside-pm-visual-intelligence/outputs/preprocessed_frames_v2/run_20260223_121418_5341/lens1/sample_0220_run_20260223_121418_5341_offset_001031549_lens1_preprocessed_lens1.jpg,1302331,776912,525419,0.4034450535232594,8.952191352844238,10.866886138916016,14.29380989074707,20.699804306030273,36.87265396118164,9.220478057861328,121.95506223768346,208040,206787,1345.489786223278,1345.489786223278,0.5,20.0,0.2669844725961116,26.698447259611157,776912,2909952,1024,1050,1345.489786223278,1345.489786223278,outputs/road_area_lens1_batch/masks/sample_00220_lens_1_row_000193_road_mask.png,outputs/road_area_lens1_batch/masks/sample_00220_lens_1_row_000193_raw_road_mask_before_cleaning.png,outputs/road_area_lens1_batch/depth_previews/sample_00220_lens_1_row_000193_depth_preview.png,needs_visual_review,121.95506223768346,13.925,135.88006223768346,0.1024800825866724,14,5,7.525,0.0,6.4,0.0,,,7.715,5.0,129.67006223768345,0.059497156605497,good,acceptable_visible_road,use_primary,7.715,0.06326100662360291,v1_depth_visible_plus_nms_conservative_vehicle_footprint,121.95506223768346,7.715,129.67006223768345,0.059497156605497
221,23-02-2026 12:31,1771830100.0,1,run_20260223_121418_5341,1041.5493893623352,/Volumes/New Volume/23_02_2026_navneet/run_20260223_121418_5341/LENS1/video_lens1.mp4,sample_0221_run_20260223_121418_5341_offset_001041549_lens1,outputs/extracted_frames_v2/run_20260223_121418_5341/lens1/sample_0221_run_20260223_121418_5341_offset_001041549_lens1.jpg,sample_0221_run_20260223_121418_5341_offset_001041549_lens1_preprocessed_lens1,outputs/preprocessed_frames_v2/run_20260223_121418_5341/lens1/sample_0221_run_20260223_121418_5341_offset_001041549_lens1_preprocessed_lens1.jpg,,,,,,,,,recovered_existing_file,True,,,,,,,,,success,,194,success,,1684,1728,/Users/aryansatyendrakumar/Projects/roadside-pm-visual-intelligence/outputs/preprocessed_frames_v2/run_20260223_121418_5341/lens1/sample_0221_run_20260223_121418_5341_offset_001041549_lens1_preprocessed_lens1.jpg,1422376,896968,525408,0.3693875599700782,8.154877662658691,9.803840637207031,12.932844161987305,19.000608444213867,38.85966491699219,10.506133079528809,127.3007618547204,255695,254352,1345.489786223278,1345.489786223278,0.5,20.0,0.3082415105128882,30.824151051288815,896968,2909952,1024,1050,1345.489786223278,1345.489786223278,outputs/road_area_lens1_batch/masks/sample_00221_lens_1_row_000194_road_mask.png,outputs/road_area_lens1_batch/masks/sample_00221_lens_1_row_000194_raw_road_mask_before_cleaning.png,outputs/road_area_lens1_batch/depth_previews/sample_00221_lens_1_row_000194_depth_preview.png,needs_visual_review,127.3007618547204,36.535,163.8357618547204,0.2229977117718476,22,9,22.575,7.56,6.4,0.0,,,21.281,9.0,148.5817618547204,0.1432275383893215,good,acceptable_visible_road,use_primary,21.281,0.1671710340923689,v1_depth_visible_plus_nms_conservative_vehicle_footprint,127.3007618547204,21.281,148.5817618547204,0.1432275383893215
222,23-02-2026 12:31,1771830110.0,1,run_20260223_121418_5341,1051.5493893623352,/Volumes/New Volume/23_02_2026_navneet/run_20260223_121418_5341/LENS1/video_lens1.mp4,sample_0222_run_20260223_121418_5341_offset_001051549_lens1,outputs/extracted_frames_v2/run_20260223_121418_5341/lens1/sample_0222_run_20260223_121418_5341_offset_001051549_lens1.jpg,sample_0222_run_20260223_121418_5341_offset_001051549_lens1_preprocessed_lens1,outputs/preprocessed_frames_v2/run_20260223_121418_5341/lens1/sample_0222_run_20260223_121418_5341_offset_001051549_lens1_preprocessed_lens1.jpg,,,,,,,,,recovered_existing_file,True,,,,,,,,,success,,195,success,,1684,1728,/Users/aryansatyendrakumar/Projects/roadside-pm-visual-intelligence/outputs/preprocessed_frames_v2/run_20260223_121418_5341/lens1/sample_0222_run_20260223_121418_5341_offset_001051549_lens1_preprocessed_lens1.jpg,1218826,693415,525411,0.4310795798579945,8.77680778503418,10.315347671508787,13.054248809814451,17.946083068847656,39.38583755493164,10.69950008392334,111.90154731175306,206052,204678,1345.489786223278,1345.489786223278,0.5,20.0,0.238290872151843,23.829087215184305,693415,2909952,1024,1050,1345.489786223278,1345.489786223278,outputs/road_area_lens1_batch/masks/sample_00222_lens_1_row_000195_road_mask.png,outputs/road_area_lens1_batch/masks/sample_00222_lens_1_row_000195_raw_road_mask_before_cleaning.png,outputs/road_area_lens1_batch/depth_previews/sample_00222_lens_1_row_000195_depth_preview.png,needs_visual_review,111.90154731175306,31.155000000000005,143.05654731175306,0.2177810144690973,11,7,22.575,3.78,4.800000000000001,,,,18.212999999999997,7.0,130.11454731175306,0.1399766619205295,good,acceptable_visible_road,use_primary,18.212999999999997,0.16275914352872473,v1_depth_visible_plus_nms_conservative_vehicle_footprint,111.90154731175306,18.212999999999997,130.11454731175306,0.1399766619205295
223,23-02-2026 12:32,1771830120.0,1,run_20260223_121418_5341,1061.5493893623352,/Volumes/New Volume/23_02_2026_navneet/run_20260223_121418_5341/LENS1/video_lens1.mp4,sample_0223_run_20260223_121418_5341_offset_001061549_lens1,outputs/extracted_frames_v2/run_20260223_121418_5341/lens1/sample_0223_run_20260223_121418_5341_offset_001061549_lens1.jpg,sample_0223_run_20260223_121418_5341_offset_001061549_lens1_preprocessed_lens1,outputs/preprocessed_frames_v2/run_20260223_121418_5341/lens1/sample_0223_run_20260223_121418_5341_offset_001061549_lens1_preprocessed_lens1.jpg,,,,,,,,,recovered_existing_file,True,,,,,,,,,success,,196,success,,1684,1728,/Users/aryansatyendrakumar/Projects/roadside-pm-visual-intelligence/outputs/preprocessed_frames_v2/run_20260223_121418_5341/lens1/sample_0223_run_20260223_121418_5341_offset_001061549_lens1_preprocessed_lens1.jpg,1359060,833658,525402,0.3865922034347269,8.941619873046875,10.854297637939451,14.51567268371582,21.853984832763672,44.79616165161133,12.167865753173828,122.43385357726612,215238,213974,1345.489786223278,1345.489786223278,0.5,20.0,0.2864851378991818,28.648513789918184,833658,2909952,1024,1050,1345.489786223278,1345.489786223278,outputs/road_area_lens1_batch/masks/sample_00223_lens_1_row_000196_road_mask.png,outputs/road_area_lens1_batch/masks/sample_00223_lens_1_row_000196_raw_road_mask_before_cleaning.png,outputs/road_area_lens1_batch/depth_previews/sample_00223_lens_1_row_000196_depth_preview.png,needs_visual_review,122.43385357726612,37.059999999999995,159.49385357726612,0.2323600513047133,14,9,30.1,,4.800000000000001,,2.16,,21.54,9.0,143.9738535772661,0.1496104984676275,good,acceptable_visible_road,use_primary,21.54,0.1759317326919424,v1_depth_visible_plus_nms_conservative_vehicle_footprint,122.43385357726612,21.54,143.9738535772661,0.1496104984676275
224,23-02-2026 12:32,1771830130.0,1,run_20260223_121418_5341,1071.5493893623352,/Volumes/New Volume/23_02_2026_navneet/run_20260223_121418_5341/LENS1/video_lens1.mp4,sample_0224_run_20260223_121418_5341_offset_001071549_lens1,outputs/extracted_frames_v2/run_20260223_121418_5341/lens1/sample_0224_run_20260223_121418_5341_offset_001071549_lens1.jpg,sample_0224_run_20260223_121418_5341_offset_001071549_lens1_preprocessed_lens1,outputs/preprocessed_frames_v2/run_20260223_121418_5341/lens1/sample_0224_run_20260223_121418_5341_offset_001071549_lens1_preprocessed_lens1.jpg,,,,,,,,,recovered_existing_file,True,,,,,,,,,success,,197,success,,1684,1728,/Users/aryansatyendrakumar/Projects/roadside-pm-visual-intelligence/outputs/preprocessed_frames_v2/run_20260223_121418_5341/lens1/sample_0224_run_20260223_121418_5341_offset_001071549_lens1_preprocessed_lens1.jpg,1106805,581414,525391,0.4746915671685617,9.100177764892578,10.54900360107422,13.06480598449707,17.819446563720703,38.84435272216797,11.332127571105955,91.13904312000788,171237,169937,1345.489786223278,1345.489786223278,0.5,20.0,0.1998019211313451,19.98019211313451,581414,2909952,1024,1050,1345.489786223278,1345.489786223278,outputs/road_area_lens1_batch/masks/sample_00224_lens_1_row_000197_road_mask.png,outputs/road_area_lens1_batch/masks/sample_00224_lens_1_row_000197_raw_road_mask_before_cleaning.png,outputs/road_area_lens1_batch/depth_previews/sample_00224_lens_1_row_000197_depth_preview.png,needs_visual_review,91.13904312000788,6.98,98.11904312000787,0.0711380765450685,10,3,0.0,3.78,3.2,0.0,,,3.868,3.0,95.00704312000788,0.040712771105971,good,acceptable_visible_road,use_primary,3.868,0.04244064747209149,v1_depth_visible_plus_nms_conservative_vehicle_footprint,91.13904312000788,3.868,95.00704312000788,0.040712771105971
225,23-02-2026 12:32,1771830140.0,1,run_20260223_121418_5341,1081.5493893623352,/Volumes/New Volume/23_02_2026_navneet/run_20260223_121418_5341/LENS1/video_lens1.mp4,sample_0225_run_20260223_121418_5341_offset_001081549_lens1,outputs/extracted_frames_v2/run_20260223_121418_5341/lens1/sample_0225_run_20260223_121418_5341_offset_001081549_lens1.jpg,sample_0225_run_20260223_121418_5341_offset_001081549_lens1_preprocessed_lens1,outputs/preprocessed_frames_v2/run_20260223_121418_5341/lens1/sample_0225_run_20260223_121418_5341_offset_001081549_lens1_preprocessed_lens1.jpg,,,,,,,,,recovered_existing_file,True,,,,,,,,,success,,198,success,,1684,1728,/Users/aryansatyendrakumar/Projects/roadside-pm-visual-intelligence/outputs/preprocessed_frames_v2/run_20260223_121418_5341/lens1/sample_0225_run_20260223_121418_5341_offset_001081549_lens1_preprocessed_lens1.jpg,926580,408545,518035,0.5590828638649658,9.50735092163086,10.972005844116213,13.94118881225586,21.533935546875,50.36663055419922,14.12024974822998,57.63000724697481,106992,106052,1345.489786223278,1345.489786223278,0.5,20.0,0.1403957865971672,14.039578659716724,408545,2909952,1024,1050,1345.489786223278,1345.489786223278,outputs/road_area_lens1_batch/masks/sample_00225_lens_1_row_000198_road_mask.png,outputs/road_area_lens1_batch/masks/sample_00225_lens_1_row_000198_raw_road_mask_before_cleaning.png,outputs/road_area_lens1_batch/depth_previews/sample_00225_lens_1_row_000198_depth_preview.png,needs_visual_review,57.63000724697481,14.091249999999995,71.72125724697482,0.1964724342669601,7,7,4.891249999999999,,9.2,,,,7.53475,7.0,65.16475724697482,0.1156261500590457,good,acceptable_visible_road,use_primary,7.53475,0.13074351991159125,v1_depth_visible_plus_nms_conservative_vehicle_footprint,57.63000724697481,7.53475,65.16475724697482,0.1156261500590457
226,23-02-2026 12:32,1771830150.0,1,run_20260223_121418_5341,1091.5493893623352,/Volumes/New Volume/23_02_2026_navneet/run_20260223_121418_5341/LENS1/video_lens1.mp4,sample_0226_run_20260223_121418_5341_offset_001091549_lens1,outputs/extracted_frames_v2/run_20260223_121418_5341/lens1/sample_0226_run_20260223_121418_5341_offset_001091549_lens1.jpg,sample_0226_run_20260223_121418_5341_offset_001091549_lens1_preprocessed_lens1,outputs/preprocessed_frames_v2/run_20260223_121418_5341/lens1/sample_0226_run_20260223_121418_5341_offset_001091549_lens1_preprocessed_lens1.jpg,,,,,,,,,recovered_existing_file,True,,,,,,,,,success,,199,success,,1684,1728,/Users/aryansatyendrakumar/Projects/roadside-pm-visual-intelligence/outputs/preprocessed_frames_v2/run_20260223_121418_5341/lens1/sample_0226_run_20260223_121418_5341_offset_001091549_lens1_preprocessed_lens1.jpg,993677,474291,519386,0.5226909750351473,9.554198265075684,11.076351165771484,13.9451265335083,19.772836685180664,44.45984649658203,12.400582313537598,75.02175269277666,130579,129448,1345.489786223278,1345.489786223278,0.5,20.0,0.1629892864212193,16.298928642121933,474291,2909952,1024,1050,1345.489786223278,1345.489786223278,outputs/road_area_lens1_batch/masks/sample_00226_lens_1_row_000199_road_mask.png,outputs/road_area_lens1_batch/masks/sample_00226_lens_1_row_000199_raw_road_mask_before_cleaning.png,outputs/road_area_lens1_batch/depth_previews/sample_00226_lens_1_row_000199_depth_preview.png,needs_visual_review,75.02175269277666,1.6,76.62175269277665,0.020881798494161,1,1,,,1.6,,,,0.8,1.0,75.82175269277666,0.010551061820498,good,acceptable_visible_road,use_primary,0.8,0.010663573847389288,v1_depth_visible_plus_nms_conservative_vehicle_footprint,75.02175269277666,0.8,75.82175269277666,0.010551061820498
227,23-02-2026 12:32,1771830160.0,1,run_20260223_121418_5341,1101.5493893623352,/Volumes/New Volume/23_02_2026_navneet/run_20260223_121418_5341/LENS1/video_lens1.mp4,sample_0227_run_20260223_121418_5341_offset_001101549_lens1,outputs/extracted_frames_v2/run_20260223_121418_5341/lens1/sample_0227_run_20260223_121418_5341_offset_001101549_lens1.jpg,sample_0227_run_20260223_121418_5341_offset_001101549_lens1_preprocessed_lens1,outputs/preprocessed_frames_v2/run_20260223_121418_5341/lens1/sample_0227_run_20260223_121418_5341_offset_001101549_lens1_preprocessed_lens1.jpg,,,,,,,,,recovered_existing_file,True,,,,,,,,,success,,200,success,,1684,1728,/Users/aryansatyendrakumar/Projects/roadside-pm-visual-intelligence/outputs/preprocessed_frames_v2/run_20260223_121418_5341/lens1/sample_0227_run_20260223_121418_5341_offset_001101549_lens1_preprocessed_lens1.jpg,1032887,507145,525742,0.5090024368590175,9.05006504058838,10.449087142944336,12.99831485748291,18.657468795776367,37.9039306640625,10.610921859741213,74.73422931659162,144691,143524,1345.489786223278,1345.489786223278,0.5,20.0,0.1742795070159233,17.42795070159233,507145,2909952,1024,1050,1345.489786223278,1345.489786223278,outputs/road_area_lens1_batch/masks/sample_00227_lens_1_row_000200_road_mask.png,outputs/road_area_lens1_batch/masks/sample_00227_lens_1_row_000200_raw_road_mask_before_cleaning.png,outputs/road_area_lens1_batch/depth_previews/sample_00227_lens_1_row_000200_depth_preview.png,needs_visual_review,74.73422931659162,12.416249999999998,87.15047931659163,0.1424690959517901,4,2,12.416249999999998,0.0,,,,,7.449749999999999,2.0,82.18397931659162,0.0906472290822259,good,acceptable_visible_road,use_primary,7.449749999999999,0.09968323843203254,v1_depth_visible_plus_nms_conservative_vehicle_footprint,74.73422931659162,7.449749999999999,82.18397931659162,0.0906472290822259
228,23-02-2026 12:32,1771830170.0,1,run_20260223_121418_5341,1111.5493893623352,/Volumes/New Volume/23_02_2026_navneet/run_20260223_121418_5341/LENS1/video_lens1.mp4,sample_0228_run_20260223_121418_5341_offset_001111549_lens1,outputs/extracted_frames_v2/run_20260223_121418_5341/lens1/sample_0228_run_20260223_121418_5341_offset_001111549_lens1.jpg,sample_0228_run_20260223_121418_5341_offset_001111549_lens1_preprocessed_lens1,outputs/preprocessed_frames_v2/run_20260223_121418_5341/lens1/sample_0228_run_20260223_121418_5341_offset_001111549_lens1_preprocessed_lens1.jpg,,,,,,,,,recovered_existing_file,True,,,,,,,,,success,,201,success,,1684,1728,/Users/aryansatyendrakumar/Projects/roadside-pm-visual-intelligence/outputs/preprocessed_frames_v2/run_20260223_121418_5341/lens1/sample_0228_run_20260223_121418_5341_offset_001111549_lens1_preprocessed_lens1.jpg,1024702,499786,524916,0.5122621015670897,8.644046783447266,9.924007415771484,12.338397979736328,18.06592559814453,39.93392562866211,12.054240226745604,68.88483838225595,144039,142808,1345.489786223278,1345.489786223278,0.5,20.0,0.1717505993226005,17.17505993226005,499786,2909952,1024,1050,1345.489786223278,1345.489786223278,outputs/road_area_lens1_batch/masks/sample_00228_lens_1_row_000201_road_mask.png,outputs/road_area_lens1_batch/masks/sample_00228_lens_1_row_000201_raw_road_mask_before_cleaning.png,outputs/road_area_lens1_batch/depth_previews/sample_00228_lens_1_row_000201_depth_preview.png,needs_visual_review,68.88483838225595,21.54125,90.42608838225595,0.2382194163805826,7,4,19.941249999999997,,1.6,,,,12.76475,4.0,81.64958838225596,0.1563357544466694,good,acceptable_visible_road,use_primary,12.76475,0.18530565360647014,v1_depth_visible_plus_nms_conservative_vehicle_footprint,68.88483838225595,12.76475,81.64958838225596,0.1563357544466694
229,23-02-2026 12:33,1771830180.0,1,run_20260223_121418_5341,1121.5493893623352,/Volumes/New Volume/23_02_2026_navneet/run_20260223_121418_5341/LENS1/video_lens1.mp4,sample_0229_run_20260223_121418_5341_offset_001121549_lens1,outputs/extracted_frames_v2/run_20260223_121418_5341/lens1/sample_0229_run_20260223_121418_5341_offset_001121549_lens1.jpg,sample_0229_run_20260223_121418_5341_offset_001121549_lens1_preprocessed_lens1,outputs/preprocessed_frames_v2/run_20260223_121418_5341/lens1/sample_0229_run_20260223_121418_5341_offset_001121549_lens1_preprocessed_lens1.jpg,,,,,,,,,recovered_existing_file,True,,,,,,,,,success,,202,success,,1684,1728,/Users/aryansatyendrakumar/Projects/roadside-pm-visual-intelligence/outputs/preprocessed_frames_v2/run_20260223_121418_5341/lens1/sample_0229_run_20260223_121418_5341_offset_001121549_lens1_preprocessed_lens1.jpg,811052,285103,525949,0.6484775328832183,9.363347053527832,10.771467208862305,13.52785873413086,19.2332763671875,34.214298248291016,9.61049747467041,44.689638851303975,79754,78870,1345.489786223278,1345.489786223278,0.5,20.0,0.0979751556039412,9.797515560394125,285103,2909952,1024,1050,1345.489786223278,1345.489786223278,outputs/road_area_lens1_batch/masks/sample_00229_lens_1_row_000202_road_mask.png,outputs/road_area_lens1_batch/masks/sample_00229_lens_1_row_000202_raw_road_mask_before_cleaning.png,outputs/road_area_lens1_batch/depth_previews/sample_00229_lens_1_row_000202_depth_preview.png,needs_visual_review,44.689638851303975,32.1125,76.80213885130397,0.4181198659346293,5,3,15.05,,0.0,,,17.0625,17.56125,3.0,62.250888851303976,0.2821044056406617,good,acceptable_visible_road,use_primary,17.56125,0.3929602129574513,v1_depth_visible_plus_nms_conservative_vehicle_footprint,44.689638851303975,17.56125,62.250888851303976,0.2821044056406617
230,23-02-2026 12:33,1771830190.0,1,run_20260223_121418_5341,1131.5493893623352,/Volumes/New Volume/23_02_2026_navneet/run_20260223_121418_5341/LENS1/video_lens1.mp4,sample_0230_run_20260223_121418_5341_offset_001131549_lens1,outputs/extracted_frames_v2/run_20260223_121418_5341/lens1/sample_0230_run_20260223_121418_5341_offset_001131549_lens1.jpg,sample_0230_run_20260223_121418_5341_offset_001131549_lens1_preprocessed_lens1,outputs/preprocessed_frames_v2/run_20260223_121418_5341/lens1/sample_0230_run_20260223_121418_5341_offset_001131549_lens1_preprocessed_lens1.jpg,,,,,,,,,recovered_existing_file,True,,,,,,,,,success,,203,success,,1684,1728,/Users/aryansatyendrakumar/Projects/roadside-pm-visual-intelligence/outputs/preprocessed_frames_v2/run_20260223_121418_5341/lens1/sample_0230_run_20260223_121418_5341_offset_001131549_lens1_preprocessed_lens1.jpg,875418,350935,524483,0.5991229332730192,9.212913513183594,10.507793426513672,13.123089790344238,19.045513153076172,39.13231658935547,10.734613418579102,51.04594602673984,98492,97499,1345.489786223278,1345.489786223278,0.5,20.0,0.1205982091800827,12.05982091800827,350935,2909952,1024,1050,1345.489786223278,1345.489786223278,outputs/road_area_lens1_batch/masks/sample_00230_lens_1_row_000203_road_mask.png,outputs/road_area_lens1_batch/masks/sample_00230_lens_1_row_000203_raw_road_mask_before_cleaning.png,outputs/road_area_lens1_batch/depth_previews/sample_00230_lens_1_row_000203_depth_preview.png,needs_visual_review,51.04594602673984,33.775,84.82094602673985,0.3981917389762714,4,2,7.525,,0.0,,,26.25,17.64,2.0,68.68594602673984,0.256821096897066,good,acceptable_visible_road,use_primary,17.64,0.3455710271440456,v1_depth_visible_plus_nms_conservative_vehicle_footprint,51.04594602673984,17.64,68.68594602673984,0.256821096897066
231,23-02-2026 12:33,1771830200.0,1,run_20260223_121418_5341,1141.5493893623352,/Volumes/New Volume/23_02_2026_navneet/run_20260223_121418_5341/LENS1/video_lens1.mp4,sample_0231_run_20260223_121418_5341_offset_001141549_lens1,outputs/extracted_frames_v2/run_20260223_121418_5341/lens1/sample_0231_run_20260223_121418_5341_offset_001141549_lens1.jpg,sample_0231_run_20260223_121418_5341_offset_001141549_lens1_preprocessed_lens1,outputs/preprocessed_frames_v2/run_20260223_121418_5341/lens1/sample_0231_run_20260223_121418_5341_offset_001141549_lens1_preprocessed_lens1.jpg,,,,,,,,,recovered_existing_file,True,,,,,,,,,success,,204,success,,1684,1728,/Users/aryansatyendrakumar/Projects/roadside-pm-visual-intelligence/outputs/preprocessed_frames_v2/run_20260223_121418_5341/lens1/sample_0231_run_20260223_121418_5341_offset_001141549_lens1_preprocessed_lens1.jpg,1132812,607331,525481,0.4638730875026041,8.796079635620117,10.17696475982666,12.236298561096191,16.33662986755371,30.12458038330078,8.33911418914795,94.74769398604704,191819,190499,1345.489786223278,1345.489786223278,0.5,20.0,0.2087082536069323,20.870825360693235,607331,2909952,1024,1050,1345.489786223278,1345.489786223278,outputs/road_area_lens1_batch/masks/sample_00231_lens_1_row_000204_road_mask.png,outputs/road_area_lens1_batch/masks/sample_00231_lens_1_row_000204_raw_road_mask_before_cleaning.png,outputs/road_area_lens1_batch/depth_previews/sample_00231_lens_1_row_000204_depth_preview.png,needs_visual_review,94.74769398604704,41.3,136.04769398604702,0.3035700112949779,13,3,15.05,,0.0,0.0,,26.25,22.155,3.0,116.90269398604704,0.1895165906325847,good,acceptable_visible_road,use_primary,22.155,0.23383154848351922,v1_depth_visible_plus_nms_conservative_vehicle_footprint,94.74769398604704,22.155,116.90269398604704,0.1895165906325847
232,23-02-2026 12:33,1771830210.0,1,run_20260223_121418_5341,1151.5493893623352,/Volumes/New Volume/23_02_2026_navneet/run_20260223_121418_5341/LENS1/video_lens1.mp4,sample_0232_run_20260223_121418_5341_offset_001151549_lens1,outputs/extracted_frames_v2/run_20260223_121418_5341/lens1/sample_0232_run_20260223_121418_5341_offset_001151549_lens1.jpg,sample_0232_run_20260223_121418_5341_offset_001151549_lens1_preprocessed_lens1,outputs/preprocessed_frames_v2/run_20260223_121418_5341/lens1/sample_0232_run_20260223_121418_5341_offset_001151549_lens1_preprocessed_lens1.jpg,,,,,,,,,recovered_existing_file,True,,,,,,,,,success,,205,success,,1684,1728,/Users/aryansatyendrakumar/Projects/roadside-pm-visual-intelligence/outputs/preprocessed_frames_v2/run_20260223_121418_5341/lens1/sample_0232_run_20260223_121418_5341_offset_001151549_lens1_preprocessed_lens1.jpg,1003788,478727,525061,0.5230795745715231,8.945253372192383,10.348468780517578,12.973762512207031,17.308815002441406,28.974931716918945,7.169835090637207,80.46273865848516,146961,145863,1345.489786223278,1345.489786223278,0.5,20.0,0.1645137101917832,16.451371019178325,478727,2909952,1024,1050,1345.489786223278,1345.489786223278,outputs/road_area_lens1_batch/masks/sample_00232_lens_1_row_000205_road_mask.png,outputs/road_area_lens1_batch/masks/sample_00232_lens_1_row_000205_raw_road_mask_before_cleaning.png,outputs/road_area_lens1_batch/depth_previews/sample_00232_lens_1_row_000205_depth_preview.png,needs_visual_review,80.46273865848516,9.125,89.58773865848516,0.1018554563006121,6,2,7.525,,1.6,,,0.0,5.3149999999999995,2.0,85.77773865848516,0.0619624634913855,good,acceptable_visible_road,use_primary,5.3149999999999995,0.0660554200442879,v1_depth_visible_plus_nms_conservative_vehicle_footprint,80.46273865848516,5.3149999999999995,85.77773865848516,0.0619624634913855
233,23-02-2026 12:33,1771830220.0,1,run_20260223_121418_5341,1161.5493893623352,/Volumes/New Volume/23_02_2026_navneet/run_20260223_121418_5341/LENS1/video_lens1.mp4,sample_0233_run_20260223_121418_5341_offset_001161549_lens1,outputs/extracted_frames_v2/run_20260223_121418_5341/lens1/sample_0233_run_20260223_121418_5341_offset_001161549_lens1.jpg,sample_0233_run_20260223_121418_5341_offset_001161549_lens1_preprocessed_lens1,outputs/preprocessed_frames_v2/run_20260223_121418_5341/lens1/sample_0233_run_20260223_121418_5341_offset_001161549_lens1_preprocessed_lens1.jpg,,,,,,,,,recovered_existing_file,True,,,,,,,,,success,,206,success,,1684,1728,/Users/aryansatyendrakumar/Projects/roadside-pm-visual-intelligence/outputs/preprocessed_frames_v2/run_20260223_121418_5341/lens1/sample_0233_run_20260223_121418_5341_offset_001161549_lens1_preprocessed_lens1.jpg,837408,311927,525481,0.6275089323245061,8.416401863098145,8.96540641784668,9.819931983947754,11.237616539001465,21.030048370361328,4.42392635345459,31.06180633167067,103628,101902,1345.489786223278,1345.489786223278,0.5,20.0,0.1071931770695874,10.71931770695874,311927,2909952,1024,1050,1345.489786223278,1345.489786223278,outputs/road_area_lens1_batch/masks/sample_00233_lens_1_row_000206_road_mask.png,outputs/road_area_lens1_batch/masks/sample_00233_lens_1_row_000206_raw_road_mask_before_cleaning.png,outputs/road_area_lens1_batch/depth_previews/sample_00233_lens_1_row_000206_depth_preview.png,needs_visual_review,31.06180633167067,17.69,48.75180633167067,0.3628583498968331,13,4,15.05,0.0,2.64,,,0.0,10.35,4.0,41.41180633167067,0.2499287260523236,good,acceptable_visible_road,use_primary,10.35,0.33320663613329926,v1_depth_visible_plus_nms_conservative_vehicle_footprint,31.06180633167067,10.35,41.41180633167067,0.2499287260523236
234,23-02-2026 12:33,1771830230.0,1,run_20260223_121418_5341,1171.5493893623352,/Volumes/New Volume/23_02_2026_navneet/run_20260223_121418_5341/LENS1/video_lens1.mp4,sample_0234_run_20260223_121418_5341_offset_001171549_lens1,outputs/extracted_frames_v2/run_20260223_121418_5341/lens1/sample_0234_run_20260223_121418_5341_offset_001171549_lens1.jpg,sample_0234_run_20260223_121418_5341_offset_001171549_lens1_preprocessed_lens1,outputs/preprocessed_frames_v2/run_20260223_121418_5341/lens1/sample_0234_run_20260223_121418_5341_offset_001171549_lens1_preprocessed_lens1.jpg,,,,,,,,,recovered_existing_file,True,,,,,,,,,success,,207,success,,1684,1728,/Users/aryansatyendrakumar/Projects/roadside-pm-visual-intelligence/outputs/preprocessed_frames_v2/run_20260223_121418_5341/lens1/sample_0234_run_20260223_121418_5341_offset_001171549_lens1_preprocessed_lens1.jpg,737436,213578,523858,0.7103775785288486,8.838781356811523,9.338617324829102,10.798809051513672,16.213298797607422,25.844942092895508,6.2884721755981445,30.76465322839553,64372,62729,1345.489786223278,1345.489786223278,0.5,20.0,0.0733957123691387,7.339571236913874,213578,2909952,1024,1050,1345.489786223278,1345.489786223278,outputs/road_area_lens1_batch/masks/sample_00234_lens_1_row_000207_road_mask.png,outputs/road_area_lens1_batch/masks/sample_00234_lens_1_row_000207_raw_road_mask_before_cleaning.png,outputs/road_area_lens1_batch/depth_previews/sample_00234_lens_1_row_000207_depth_preview.png,needs_visual_review,30.76465322839553,21.63,52.394653228395526,0.4128283835702059,9,5,15.05,3.78,2.8000000000000003,,,0.0,12.698,5.0,43.46265322839553,0.2921588779514269,good,acceptable_visible_road,use_primary,12.698,0.4127464043144113,v1_depth_visible_plus_nms_conservative_vehicle_footprint,30.76465322839553,12.698,43.46265322839553,0.2921588779514269
235,23-02-2026 12:34,1771830240.0,1,run_20260223_121418_5341,1181.5493893623352,/Volumes/New Volume/23_02_2026_navneet/run_20260223_121418_5341/LENS1/video_lens1.mp4,sample_0235_run_20260223_121418_5341_offset_001181549_lens1,outputs/extracted_frames_v2/run_20260223_121418_5341/lens1/sample_0235_run_20260223_121418_5341_offset_001181549_lens1.jpg,sample_0235_run_20260223_121418_5341_offset_001181549_lens1_preprocessed_lens1,outputs/preprocessed_frames_v2/run_20260223_121418_5341/lens1/sample_0235_run_20260223_121418_5341_offset_001181549_lens1_preprocessed_lens1.jpg,,,,,,,,,recovered_existing_file,True,,,,,,,,,success,,208,success,,1684,1728,/Users/aryansatyendrakumar/Projects/roadside-pm-visual-intelligence/outputs/preprocessed_frames_v2/run_20260223_121418_5341/lens1/sample_0235_run_20260223_121418_5341_offset_001181549_lens1_preprocessed_lens1.jpg,896374,370906,525468,0.5862151289528701,8.54263687133789,9.247385025024414,10.668095588684082,14.257946968078612,23.77089500427246,4.845209121704102,51.988204427567894,118893,117252,1345.489786223278,1345.489786223278,0.5,20.0,0.1274612089821412,12.746120898214128,370906,2909952,1024,1050,1345.489786223278,1345.489786223278,outputs/road_area_lens1_batch/masks/sample_00235_lens_1_row_000208_road_mask.png,outputs/road_area_lens1_batch/masks/sample_00235_lens_1_row_000208_raw_road_mask_before_cleaning.png,outputs/road_area_lens1_batch/depth_previews/sample_00235_lens_1_row_000208_depth_preview.png,needs_visual_review,51.988204427567894,33.230000000000004,85.2182044275679,0.3899401568387208,12,4,0.0,3.78,3.2,,,26.25,16.993000000000002,4.0,68.98120442756789,0.2463424659081316,good,acceptable_visible_road,use_primary,16.993000000000002,0.32686260637593956,v1_depth_visible_plus_nms_conservative_vehicle_footprint,51.988204427567894,16.993000000000002,68.98120442756789,0.2463424659081316
236,23-02-2026 12:34,1771830250.0,1,run_20260223_121418_5341,1191.5493893623352,/Volumes/New Volume/23_02_2026_navneet/run_20260223_121418_5341/LENS1/video_lens1.mp4,sample_0236_run_20260223_121418_5341_offset_001191549_lens1,outputs/extracted_frames_v2/run_20260223_121418_5341/lens1/sample_0236_run_20260223_121418_5341_offset_001191549_lens1.jpg,sample_0236_run_20260223_121418_5341_offset_001191549_lens1_preprocessed_lens1,outputs/preprocessed_frames_v2/run_20260223_121418_5341/lens1/sample_0236_run_20260223_121418_5341_offset_001191549_lens1_preprocessed_lens1.jpg,,,,,,,,,recovered_existing_file,True,,,,,,,,,success,,209,success,,1684,1728,/Users/aryansatyendrakumar/Projects/roadside-pm-visual-intelligence/outputs/preprocessed_frames_v2/run_20260223_121418_5341/lens1/sample_0236_run_20260223_121418_5341_offset_001191549_lens1_preprocessed_lens1.jpg,857697,332110,525587,0.6127886654611128,8.6102933883667,9.201420783996582,10.382210731506348,13.701763153076172,23.156734466552734,4.688291549682617,44.937422088047285,108221,106646,1345.489786223278,1345.489786223278,0.5,20.0,0.1141290303070291,11.412903030702912,332110,2909952,1024,1050,1345.489786223278,1345.489786223278,outputs/road_area_lens1_batch/masks/sample_00236_lens_1_row_000209_road_mask.png,outputs/road_area_lens1_batch/masks/sample_00236_lens_1_row_000209_raw_road_mask_before_cleaning.png,outputs/road_area_lens1_batch/depth_previews/sample_00236_lens_1_row_000209_depth_preview.png,needs_visual_review,44.937422088047285,38.21,83.14742208804728,0.4595452154793,10,4,7.525,2.835,1.6,,,26.25,20.141,4.0,65.07842208804729,0.3094881429784884,medium,acceptable_visible_road,use_primary,20.141,0.4482010552482764,v1_depth_visible_plus_nms_conservative_vehicle_footprint,44.937422088047285,20.141,65.07842208804729,0.3094881429784884
237,23-02-2026 12:34,1771830260.0,1,run_20260223_121418_5341,1201.5493893623352,/Volumes/New Volume/23_02_2026_navneet/run_20260223_121418_5341/LENS1/video_lens1.mp4,sample_0237_run_20260223_121418_5341_offset_001201549_lens1,outputs/extracted_frames_v2/run_20260223_121418_5341/lens1/sample_0237_run_20260223_121418_5341_offset_001201549_lens1.jpg,sample_0237_run_20260223_121418_5341_offset_001201549_lens1_preprocessed_lens1,outputs/preprocessed_frames_v2/run_20260223_121418_5341/lens1/sample_0237_run_20260223_121418_5341_offset_001201549_lens1_preprocessed_lens1.jpg,,,,,,,,,recovered_existing_file,True,,,,,,,,,success,,210,success,,1684,1728,/Users/aryansatyendrakumar/Projects/roadside-pm-visual-intelligence/outputs/preprocessed_frames_v2/run_20260223_121418_5341/lens1/sample_0237_run_20260223_121418_5341_offset_001201549_lens1_preprocessed_lens1.jpg,728578,219558,509020,0.6986486004243884,8.252355575561523,9.639312744140623,11.74993133544922,14.0700101852417,19.350812911987305,4.4937968254089355,40.06541380998331,75690,74816,1345.489786223278,1345.489786223278,0.5,20.0,0.075450729084191,7.545072908419108,219558,2909952,1024,1050,1345.489786223278,1345.489786223278,outputs/road_area_lens1_batch/masks/sample_00237_lens_1_row_000210_road_mask.png,outputs/road_area_lens1_batch/masks/sample_00237_lens_1_row_000210_raw_road_mask_before_cleaning.png,outputs/road_area_lens1_batch/depth_previews/sample_00237_lens_1_row_000210_depth_preview.png,needs_visual_review,40.06541380998331,3.78,43.84541380998331,0.0862119814031568,9,1,0.0,3.78,0.0,,,0.0,2.268,1.0,42.33341380998331,0.0535747013028546,good,acceptable_visible_road,use_primary,2.268,0.05660742731265314,v1_depth_visible_plus_nms_conservative_vehicle_footprint,40.06541380998331,2.268,42.33341380998331,0.0535747013028546
238,23-02-2026 12:34,1771830270.0,1,run_20260223_121418_5341,1211.5493893623352,/Volumes/New Volume/23_02_2026_navneet/run_20260223_121418_5341/LENS1/video_lens1.mp4,sample_0238_run_20260223_121418_5341_offset_001211549_lens1,outputs/extracted_frames_v2/run_20260223_121418_5341/lens1/sample_0238_run_20260223_121418_5341_offset_001211549_lens1.jpg,sample_0238_run_20260223_121418_5341_offset_001211549_lens1_preprocessed_lens1,outputs/preprocessed_frames_v2/run_20260223_121418_5341/lens1/sample_0238_run_20260223_121418_5341_offset_001211549_lens1_preprocessed_lens1.jpg,,,,,,,,,recovered_existing_file,True,,,,,,,,,success,,211,success,,1684,1728,/Users/aryansatyendrakumar/Projects/roadside-pm-visual-intelligence/outputs/preprocessed_frames_v2/run_20260223_121418_5341/lens1/sample_0238_run_20260223_121418_5341_offset_001211549_lens1_preprocessed_lens1.jpg,745535,230146,515389,0.6913008778930566,8.22603988647461,9.53313446044922,10.69894790649414,12.82225227355957,21.303306579589844,4.23297119140625,35.27450357827623,76706,75685,1345.489786223278,1345.489786223278,0.5,20.0,0.0790892770739861,7.908927707398609,230146,2909952,1024,1050,1345.489786223278,1345.489786223278,outputs/road_area_lens1_batch/masks/sample_00238_lens_1_row_000211_road_mask.png,outputs/road_area_lens1_batch/masks/sample_00238_lens_1_row_000211_raw_road_mask_before_cleaning.png,outputs/road_area_lens1_batch/depth_previews/sample_00238_lens_1_row_000211_depth_preview.png,needs_visual_review,35.27450357827623,33.6984375,68.97294107827622,0.4885747508107014,7,3,3.6684375,3.78,0.0,,,26.25,17.5940625,3.0,52.86856607827623,0.3327887212592555,medium,acceptable_visible_road,use_primary,17.5940625,0.49877562304903095,v1_depth_visible_plus_nms_conservative_vehicle_footprint,35.27450357827623,17.5940625,52.86856607827623,0.3327887212592555
239,23-02-2026 12:34,1771830280.0,1,run_20260223_121418_5341,1221.5493893623352,/Volumes/New Volume/23_02_2026_navneet/run_20260223_121418_5341/LENS1/video_lens1.mp4,sample_0239_run_20260223_121418_5341_offset_001221549_lens1,outputs/extracted_frames_v2/run_20260223_121418_5341/lens1/sample_0239_run_20260223_121418_5341_offset_001221549_lens1.jpg,sample_0239_run_20260223_121418_5341_offset_001221549_lens1_preprocessed_lens1,outputs/preprocessed_frames_v2/run_20260223_121418_5341/lens1/sample_0239_run_20260223_121418_5341_offset_001221549_lens1_preprocessed_lens1.jpg,,,,,,,,,recovered_existing_file,True,,,,,,,,,success,,212,success,,1684,1728,/Users/aryansatyendrakumar/Projects/roadside-pm-visual-intelligence/outputs/preprocessed_frames_v2/run_20260223_121418_5341/lens1/sample_0239_run_20260223_121418_5341_offset_001221549_lens1_preprocessed_lens1.jpg,983629,458217,525412,0.5341566789917743,8.74067211151123,9.579778671264648,11.150425910949709,14.134167671203612,26.859272003173828,6.2547407150268555,60.9543030898909,148737,147445,1345.489786223278,1345.489786223278,0.5,20.0,0.1574654839667458,15.746548396674584,458217,2909952,1024,1050,1345.489786223278,1345.489786223278,outputs/road_area_lens1_batch/masks/sample_00239_lens_1_row_000212_road_mask.png,outputs/road_area_lens1_batch/masks/sample_00239_lens_1_row_000212_raw_road_mask_before_cleaning.png,outputs/road_area_lens1_batch/depth_previews/sample_00239_lens_1_row_000212_depth_preview.png,needs_visual_review,60.9543030898909,33.775,94.72930308989088,0.3565422619857141,6,2,7.525,,0.0,,,26.25,17.64,2.0,78.5943030898909,0.2244437485478375,good,acceptable_visible_road,use_primary,17.64,0.28939712384186944,v1_depth_visible_plus_nms_conservative_vehicle_footprint,60.9543030898909,17.64,78.5943030898909,0.2244437485478375
240,23-02-2026 12:34,1771830290.0,1,run_20260223_121418_5341,1231.5493893623352,/Volumes/New Volume/23_02_2026_navneet/run_20260223_121418_5341/LENS1/video_lens1.mp4,sample_0240_run_20260223_121418_5341_offset_001231549_lens1,outputs/extracted_frames_v2/run_20260223_121418_5341/lens1/sample_0240_run_20260223_121418_5341_offset_001231549_lens1.jpg,sample_0240_run_20260223_121418_5341_offset_001231549_lens1_preprocessed_lens1,outputs/preprocessed_frames_v2/run_20260223_121418_5341/lens1/sample_0240_run_20260223_121418_5341_offset_001231549_lens1_preprocessed_lens1.jpg,,,,,,,,,recovered_existing_file,True,,,,,,,,,success,,213,success,,1684,1728,/Users/aryansatyendrakumar/Projects/roadside-pm-visual-intelligence/outputs/preprocessed_frames_v2/run_20260223_121418_5341/lens1/sample_0240_run_20260223_121418_5341_offset_001231549_lens1_preprocessed_lens1.jpg,778388,294150,484238,0.6221036295523569,8.976458549499512,10.48696994781494,13.280961990356444,17.44399642944336,24.99434471130371,5.085123062133789,52.99988309881708,91443,90651,1345.489786223278,1345.489786223278,0.5,20.0,0.1010841415940881,10.108414159408817,294150,2909952,1024,1050,1345.489786223278,1345.489786223278,outputs/road_area_lens1_batch/masks/sample_00240_lens_1_row_000213_road_mask.png,outputs/road_area_lens1_batch/masks/sample_00240_lens_1_row_000213_raw_road_mask_before_cleaning.png,outputs/road_area_lens1_batch/depth_previews/sample_00240_lens_1_row_000213_depth_preview.png,needs_visual_review,52.99988309881708,1.6,54.59988309881708,0.0293040920454766,5,1,0.0,,1.6,,,0.0,0.8,1.0,53.79988309881708,0.0148699207864559,good,acceptable_visible_road,use_primary,0.8,0.015094372916038667,v1_depth_visible_plus_nms_conservative_vehicle_footprint,52.99988309881708,0.8,53.79988309881708,0.0148699207864559
241,23-02-2026 12:35,1771830300.0,1,run_20260223_121418_5341,1241.5493893623352,/Volumes/New Volume/23_02_2026_navneet/run_20260223_121418_5341/LENS1/video_lens1.mp4,sample_0241_run_20260223_121418_5341_offset_001241549_lens1,outputs/extracted_frames_v2/run_20260223_121418_5341/lens1/sample_0241_run_20260223_121418_5341_offset_001241549_lens1.jpg,sample_0241_run_20260223_121418_5341_offset_001241549_lens1_preprocessed_lens1,outputs/preprocessed_frames_v2/run_20260223_121418_5341/lens1/sample_0241_run_20260223_121418_5341_offset_001241549_lens1_preprocessed_lens1.jpg,,,,,,,,,recovered_existing_file,True,,,,,,,,,success,,214,success,,1684,1728,/Users/aryansatyendrakumar/Projects/roadside-pm-visual-intelligence/outputs/preprocessed_frames_v2/run_20260223_121418_5341/lens1/sample_0241_run_20260223_121418_5341_offset_001241549_lens1_preprocessed_lens1.jpg,1020471,494932,525539,0.5149965065151288,8.80710220336914,9.967289924621582,12.214619636535645,16.080490112304688,31.955455780029297,10.21626091003418,85.12037012307925,158929,157351,1345.489786223278,1345.489786223278,0.5,20.0,0.170082530570951,17.0082530570951,494932,2909952,1024,1050,1345.489786223278,1345.489786223278,outputs/road_area_lens1_batch/masks/sample_00241_lens_1_row_000214_road_mask.png,outputs/road_area_lens1_batch/masks/sample_00241_lens_1_row_000214_raw_road_mask_before_cleaning.png,outputs/road_area_lens1_batch/depth_previews/sample_00241_lens_1_row_000214_depth_preview.png,needs_visual_review,85.12037012307925,21.942,107.06237012307926,0.2049459579007582,13,5,15.05,5.292,1.6,0.0,,0.0,13.0052,5.0,98.12557012307926,0.1325363000050601,good,acceptable_visible_road,use_primary,13.0052,0.15278598978358782,v1_depth_visible_plus_nms_conservative_vehicle_footprint,85.12037012307925,13.0052,98.12557012307926,0.1325363000050601
242,23-02-2026 12:35,1771830310.0,1,run_20260223_121418_5341,1251.5493893623352,/Volumes/New Volume/23_02_2026_navneet/run_20260223_121418_5341/LENS1/video_lens1.mp4,sample_0242_run_20260223_121418_5341_offset_001251549_lens1,outputs/extracted_frames_v2/run_20260223_121418_5341/lens1/sample_0242_run_20260223_121418_5341_offset_001251549_lens1.jpg,sample_0242_run_20260223_121418_5341_offset_001251549_lens1_preprocessed_lens1,outputs/preprocessed_frames_v2/run_20260223_121418_5341/lens1/sample_0242_run_20260223_121418_5341_offset_001251549_lens1_preprocessed_lens1.jpg,,,,,,,,,recovered_existing_file,True,,,,,,,,,success,,215,success,,1684,1728,/Users/aryansatyendrakumar/Projects/roadside-pm-visual-intelligence/outputs/preprocessed_frames_v2/run_20260223_121418_5341/lens1/sample_0242_run_20260223_121418_5341_offset_001251549_lens1_preprocessed_lens1.jpg,1085122,560651,524471,0.4833290634601455,8.932732582092285,10.288042068481444,13.131317138671877,18.422727584838867,33.50552749633789,8.903055191040039,90.83276908009034,162459,160942,1345.489786223278,1345.489786223278,0.5,20.0,0.1926667518914401,19.266675189144017,560651,2909952,1024,1050,1345.489786223278,1345.489786223278,outputs/road_area_lens1_batch/masks/sample_00242_lens_1_row_000215_road_mask.png,outputs/road_area_lens1_batch/masks/sample_00242_lens_1_row_000215_raw_road_mask_before_cleaning.png,outputs/road_area_lens1_batch/depth_previews/sample_00242_lens_1_row_000215_depth_preview.png,needs_visual_review,90.83276908009034,25.41,116.24276908009034,0.2185942420426402,14,6,15.05,7.56,2.8000000000000003,,,0.0,14.966,6.0,105.79876908009034,0.1414572223299747,good,acceptable_visible_road,use_primary,14.966,0.16476432626207804,v1_depth_visible_plus_nms_conservative_vehicle_footprint,90.83276908009034,14.966,105.79876908009034,0.1414572223299747
243,23-02-2026 12:35,1771830320.0,1,run_20260223_121418_5341,1261.5493893623352,/Volumes/New Volume/23_02_2026_navneet/run_20260223_121418_5341/LENS1/video_lens1.mp4,sample_0243_run_20260223_121418_5341_offset_001261549_lens1,outputs/extracted_frames_v2/run_20260223_121418_5341/lens1/sample_0243_run_20260223_121418_5341_offset_001261549_lens1.jpg,sample_0243_run_20260223_121418_5341_offset_001261549_lens1_preprocessed_lens1,outputs/preprocessed_frames_v2/run_20260223_121418_5341/lens1/sample_0243_run_20260223_121418_5341_offset_001261549_lens1_preprocessed_lens1.jpg,,,,,,,,,recovered_existing_file,True,,,,,,,,,success,,216,success,,1684,1728,/Users/aryansatyendrakumar/Projects/roadside-pm-visual-intelligence/outputs/preprocessed_frames_v2/run_20260223_121418_5341/lens1/sample_0243_run_20260223_121418_5341_offset_001261549_lens1_preprocessed_lens1.jpg,1272438,747031,525407,0.4129136350847742,8.699299812316895,10.23027229309082,12.975237846374512,18.513721466064453,36.21699523925781,9.533759117126465,111.75533275490017,215727,214464,1345.489786223278,1345.489786223278,0.5,20.0,0.2567159183381719,25.671591833817192,747031,2909952,1024,1050,1345.489786223278,1345.489786223278,outputs/road_area_lens1_batch/masks/sample_00243_lens_1_row_000216_road_mask.png,outputs/road_area_lens1_batch/masks/sample_00243_lens_1_row_000216_raw_road_mask_before_cleaning.png,outputs/road_area_lens1_batch/depth_previews/sample_00243_lens_1_row_000216_depth_preview.png,needs_visual_review,111.75533275490017,47.24625,159.00158275490017,0.2971432685222371,8,7,12.416249999999998,3.78,4.800000000000001,,,26.25,25.24275,7.0,136.99808275490017,0.184256228206939,good,acceptable_visible_road,use_primary,25.24275,0.22587512718844438,v1_depth_visible_plus_nms_conservative_vehicle_footprint,111.75533275490017,25.24275,136.99808275490017,0.184256228206939
244,23-02-2026 12:35,1771830330.0,1,run_20260223_121418_5341,1271.5493893623352,/Volumes/New Volume/23_02_2026_navneet/run_20260223_121418_5341/LENS1/video_lens1.mp4,sample_0244_run_20260223_121418_5341_offset_001271549_lens1,outputs/extracted_frames_v2/run_20260223_121418_5341/lens1/sample_0244_run_20260223_121418_5341_offset_001271549_lens1.jpg,sample_0244_run_20260223_121418_5341_offset_001271549_lens1_preprocessed_lens1,outputs/preprocessed_frames_v2/run_20260223_121418_5341/lens1/sample_0244_run_20260223_121418_5341_offset_001271549_lens1_preprocessed_lens1.jpg,,,,,,,,,recovered_existing_file,True,,,,,,,,,success,,217,success,,1684,1728,/Users/aryansatyendrakumar/Projects/roadside-pm-visual-intelligence/outputs/preprocessed_frames_v2/run_20260223_121418_5341/lens1/sample_0244_run_20260223_121418_5341_offset_001271549_lens1_preprocessed_lens1.jpg,524804,74316,450488,0.8583928476154907,9.005722045898438,9.641328811645508,10.705293655395508,12.184575080871582,13.358261108398438,1.486518621444702,8.295923609543019,26820,26453,1345.489786223278,1345.489786223278,0.5,20.0,0.0255385655845869,2.5538565584586963,74316,2909952,1024,1050,1345.489786223278,1345.489786223278,outputs/road_area_lens1_batch/masks/sample_00244_lens_1_row_000217_road_mask.png,outputs/road_area_lens1_batch/masks/sample_00244_lens_1_row_000217_raw_road_mask_before_cleaning.png,outputs/road_area_lens1_batch/depth_previews/sample_00244_lens_1_row_000217_depth_preview.png,bad_low_road_mask_area,8.295923609543019,7.525,15.82092360954302,0.4756359480467371,10,1,7.525,0.0,,,,0.0,4.515,1.0,12.810923609543018,0.3524336056954332,medium,very_low_visible_road,exclude_or_manual_review,4.515,0.5442431985278019,v1_depth_visible_plus_nms_conservative_vehicle_footprint,8.295923609543019,4.515,12.810923609543018,0.3524336056954332
245,23-02-2026 12:35,1771830340.0,1,run_20260223_121418_5341,1281.5493893623352,/Volumes/New Volume/23_02_2026_navneet/run_20260223_121418_5341/LENS1/video_lens1.mp4,sample_0245_run_20260223_121418_5341_offset_001281549_lens1,outputs/extracted_frames_v2/run_20260223_121418_5341/lens1/sample_0245_run_20260223_121418_5341_offset_001281549_lens1.jpg,sample_0245_run_20260223_121418_5341_offset_001281549_lens1_preprocessed_lens1,outputs/preprocessed_frames_v2/run_20260223_121418_5341/lens1/sample_0245_run_20260223_121418_5341_offset_001281549_lens1_preprocessed_lens1.jpg,,,,,,,,,recovered_existing_file,True,,,,,,,,,success,,218,success,,1684,1728,/Users/aryansatyendrakumar/Projects/roadside-pm-visual-intelligence/outputs/preprocessed_frames_v2/run_20260223_121418_5341/lens1/sample_0245_run_20260223_121418_5341_offset_001281549_lens1_preprocessed_lens1.jpg,459247,0,459247,1.0,,,,,,,0.0,0,0,1345.489786223278,1345.489786223278,0.5,20.0,0.0,0.0,0,2909952,1024,1050,1345.489786223278,1345.489786223278,outputs/road_area_lens1_batch/masks/sample_00245_lens_1_row_000218_road_mask.png,outputs/road_area_lens1_batch/masks/sample_00245_lens_1_row_000218_raw_road_mask_before_cleaning.png,outputs/road_area_lens1_batch/depth_previews/sample_00245_lens_1_row_000218_depth_preview.png,bad_low_road_mask_area,0.0,0.0,0.0,,15,0,0.0,0.0,0.0,0.0,,0.0,0.0,0.0,0.0,,unknown,very_low_visible_road,exclude_or_manual_review,0.0,,v1_depth_visible_plus_nms_conservative_vehicle_footprint,0.0,0.0,0.0,
246,23-02-2026 12:35,1771830350.0,1,run_20260223_121418_5341,1291.5493893623352,/Volumes/New Volume/23_02_2026_navneet/run_20260223_121418_5341/LENS1/video_lens1.mp4,sample_0246_run_20260223_121418_5341_offset_001291549_lens1,outputs/extracted_frames_v2/run_20260223_121418_5341/lens1/sample_0246_run_20260223_121418_5341_offset_001291549_lens1.jpg,sample_0246_run_20260223_121418_5341_offset_001291549_lens1_preprocessed_lens1,outputs/preprocessed_frames_v2/run_20260223_121418_5341/lens1/sample_0246_run_20260223_121418_5341_offset_001291549_lens1_preprocessed_lens1.jpg,,,,,,,,,recovered_existing_file,True,,,,,,,,,success,,219,success,,1684,1728,/Users/aryansatyendrakumar/Projects/roadside-pm-visual-intelligence/outputs/preprocessed_frames_v2/run_20260223_121418_5341/lens1/sample_0246_run_20260223_121418_5341_offset_001291549_lens1_preprocessed_lens1.jpg,999603,471728,527875,0.5280846496058935,8.804169654846191,9.968210220336914,12.58714485168457,17.67770767211914,24.745786666870117,5.48750638961792,77.01102256570006,141263,140065,1345.489786223278,1345.489786223278,0.5,20.0,0.1621085158792997,16.210851587929973,471728,2909952,1024,1050,1345.489786223278,1345.489786223278,outputs/road_area_lens1_batch/masks/sample_00246_lens_1_row_000219_road_mask.png,outputs/road_area_lens1_batch/masks/sample_00246_lens_1_row_000219_raw_road_mask_before_cleaning.png,outputs/road_area_lens1_batch/depth_previews/sample_00246_lens_1_row_000219_depth_preview.png,needs_visual_review,77.01102256570006,49.925625,126.93664756570006,0.3933113561563016,12,7,17.495624999999997,3.78,2.4000000000000004,0.0,,26.25,27.090375,7.0,104.10139756570004,0.2602306562013524,good,acceptable_visible_road,use_primary,27.090375,0.35177269561494934,v1_depth_visible_plus_nms_conservative_vehicle_footprint,77.01102256570006,27.090375,104.10139756570004,0.2602306562013524
247,23-02-2026 12:36,1771830360.0,1,run_20260223_121418_5341,1301.5493893623352,/Volumes/New Volume/23_02_2026_navneet/run_20260223_121418_5341/LENS1/video_lens1.mp4,sample_0247_run_20260223_121418_5341_offset_001301549_lens1,outputs/extracted_frames_v2/run_20260223_121418_5341/lens1/sample_0247_run_20260223_121418_5341_offset_001301549_lens1.jpg,sample_0247_run_20260223_121418_5341_offset_001301549_lens1_preprocessed_lens1,outputs/preprocessed_frames_v2/run_20260223_121418_5341/lens1/sample_0247_run_20260223_121418_5341_offset_001301549_lens1_preprocessed_lens1.jpg,,,,,,,,,recovered_existing_file,True,,,,,,,,,success,,220,success,,1684,1728,/Users/aryansatyendrakumar/Projects/roadside-pm-visual-intelligence/outputs/preprocessed_frames_v2/run_20260223_121418_5341/lens1/sample_0247_run_20260223_121418_5341_offset_001301549_lens1_preprocessed_lens1.jpg,632407,122858,509549,0.8057295380980919,8.53708267211914,9.111968994140623,10.318010330200195,12.37535572052002,19.29073905944824,3.3622100353240967,16.018163927377774,42256,41521,1345.489786223278,1345.489786223278,0.5,20.0,0.0422199403976423,4.22199403976423,122858,2909952,1024,1050,1345.489786223278,1345.489786223278,outputs/road_area_lens1_batch/masks/sample_00247_lens_1_row_000220_road_mask.png,outputs/road_area_lens1_batch/masks/sample_00247_lens_1_row_000220_raw_road_mask_before_cleaning.png,outputs/road_area_lens1_batch/depth_previews/sample_00247_lens_1_row_000220_depth_preview.png,needs_visual_review,16.018163927377774,0.0,16.018163927377774,0.0,13,0,0.0,0.0,0.0,0.0,,0.0,0.0,0.0,16.018163927377774,0.0,good,low_visible_road,use_sensitivity_only,0.0,0.0,v1_depth_visible_plus_nms_conservative_vehicle_footprint,16.018163927377774,0.0,16.018163927377774,0.0
248,23-02-2026 12:36,1771830375.0,1,run_20260223_121418_5341,1316.5493893623352,/Volumes/New Volume/23_02_2026_navneet/run_20260223_121418_5341/LENS1/video_lens1.mp4,sample_0248_run_20260223_121418_5341_offset_001316549_lens1,outputs/extracted_frames_v2/run_20260223_121418_5341/lens1/sample_0248_run_20260223_121418_5341_offset_001316549_lens1.jpg,sample_0248_run_20260223_121418_5341_offset_001316549_lens1_preprocessed_lens1,outputs/preprocessed_frames_v2/run_20260223_121418_5341/lens1/sample_0248_run_20260223_121418_5341_offset_001316549_lens1_preprocessed_lens1.jpg,,,,,,,,,recovered_existing_file,True,,,,,,,,,success,,221,success,,1684,1728,/Users/aryansatyendrakumar/Projects/roadside-pm-visual-intelligence/outputs/preprocessed_frames_v2/run_20260223_121418_5341/lens1/sample_0248_run_20260223_121418_5341_offset_001316549_lens1_preprocessed_lens1.jpg,507370,2374,504996,0.9953209689181464,8.090051651000977,8.406279563903809,8.53354549407959,8.650485038757324,8.822587013244629,0.2396385073661804,0.2322354024718878,615,487,1345.489786223278,1345.489786223278,0.5,20.0,0.0008158210169789,0.0815821016978974,2374,2909952,1024,1050,1345.489786223278,1345.489786223278,outputs/road_area_lens1_batch/masks/sample_00248_lens_1_row_000221_road_mask.png,outputs/road_area_lens1_batch/masks/sample_00248_lens_1_row_000221_raw_road_mask_before_cleaning.png,outputs/road_area_lens1_batch/depth_previews/sample_00248_lens_1_row_000221_depth_preview.png,bad_low_road_mask_area,0.2322354024718878,0.0,0.2322354024718878,0.0,14,0,0.0,0.0,0.0,0.0,,0.0,0.0,0.0,0.2322354024718878,0.0,good,very_low_visible_road,exclude_or_manual_review,0.0,0.0,v1_depth_visible_plus_nms_conservative_vehicle_footprint,0.2322354024718878,0.0,0.2322354024718878,0.0
249,23-02-2026 12:36,1771830390.0,1,run_20260223_121418_5341,1331.5493893623352,/Volumes/New Volume/23_02_2026_navneet/run_20260223_121418_5341/LENS1/video_lens1.mp4,sample_0249_run_20260223_121418_5341_offset_001331549_lens1,outputs/extracted_frames_v2/run_20260223_121418_5341/lens1/sample_0249_run_20260223_121418_5341_offset_001331549_lens1.jpg,sample_0249_run_20260223_121418_5341_offset_001331549_lens1_preprocessed_lens1,outputs/preprocessed_frames_v2/run_20260223_121418_5341/lens1/sample_0249_run_20260223_121418_5341_offset_001331549_lens1_preprocessed_lens1.jpg,,,,,,,,,recovered_existing_file,True,,,,,,,,,success,,222,success,,1684,1728,/Users/aryansatyendrakumar/Projects/roadside-pm-visual-intelligence/outputs/preprocessed_frames_v2/run_20260223_121418_5341/lens1/sample_0249_run_20260223_121418_5341_offset_001331549_lens1_preprocessed_lens1.jpg,486311,18473,467838,0.962014019835044,11.831016540527344,13.384961128234863,15.175289154052734,17.509382247924805,20.965824127197266,2.792768955230713,5.113828406908468,5839,5636,1345.489786223278,1345.489786223278,0.5,20.0,0.0063482146784551,0.6348214678455177,18473,2909952,1024,1050,1345.489786223278,1345.489786223278,outputs/road_area_lens1_batch/masks/sample_00249_lens_1_row_000222_road_mask.png,outputs/road_area_lens1_batch/masks/sample_00249_lens_1_row_000222_raw_road_mask_before_cleaning.png,outputs/road_area_lens1_batch/depth_previews/sample_00249_lens_1_row_000222_depth_preview.png,bad_low_road_mask_area,5.113828406908468,0.0,5.113828406908468,0.0,9,0,0.0,0.0,,0.0,,0.0,0.0,0.0,5.113828406908468,0.0,good,very_low_visible_road,exclude_or_manual_review,0.0,0.0,v1_depth_visible_plus_nms_conservative_vehicle_footprint,5.113828406908468,0.0,5.113828406908468,0.0
250,23-02-2026 12:36,1771830405.0,1,run_20260223_121418_5341,1346.5493893623352,/Volumes/New Volume/23_02_2026_navneet/run_20260223_121418_5341/LENS1/video_lens1.mp4,sample_0250_run_20260223_121418_5341_offset_001346549_lens1,outputs/extracted_frames_v2/run_20260223_121418_5341/lens1/sample_0250_run_20260223_121418_5341_offset_001346549_lens1.jpg,sample_0250_run_20260223_121418_5341_offset_001346549_lens1_preprocessed_lens1,outputs/preprocessed_frames_v2/run_20260223_121418_5341/lens1/sample_0250_run_20260223_121418_5341_offset_001346549_lens1_preprocessed_lens1.jpg,,,,,,,,,recovered_existing_file,True,,,,,,,,,success,,223,success,,1684,1728,/Users/aryansatyendrakumar/Projects/roadside-pm-visual-intelligence/outputs/preprocessed_frames_v2/run_20260223_121418_5341/lens1/sample_0250_run_20260223_121418_5341_offset_001346549_lens1_preprocessed_lens1.jpg,646503,126625,519878,0.804138573216211,5.60256814956665,8.506355285644531,9.405723571777344,11.000765800476074,13.739593505859377,2.441983938217163,12.29818362116264,44594,43389,1345.489786223278,1345.489786223278,0.5,20.0,0.0435144634688132,4.351446346881324,126625,2909952,1024,1050,1345.489786223278,1345.489786223278,outputs/road_area_lens1_batch/masks/sample_00250_lens_1_row_000223_road_mask.png,outputs/road_area_lens1_batch/masks/sample_00250_lens_1_row_000223_raw_road_mask_before_cleaning.png,outputs/road_area_lens1_batch/depth_previews/sample_00250_lens_1_row_000223_depth_preview.png,needs_visual_review,12.29818362116264,5.292,17.590183621162637,0.3008496166937807,10,2,0.0,5.292,0.0,0.0,,0.0,3.1752,2.0,15.47338362116264,0.2052039862604674,good,very_low_visible_road,exclude_or_manual_review,3.1752,0.2581844683580862,v1_depth_visible_plus_nms_conservative_vehicle_footprint,12.29818362116264,3.1752,15.47338362116264,0.2052039862604674
251,23-02-2026 12:37,1771830420.0,1,run_20260223_121418_5341,1361.5493893623352,/Volumes/New Volume/23_02_2026_navneet/run_20260223_121418_5341/LENS1/video_lens1.mp4,sample_0251_run_20260223_121418_5341_offset_001361549_lens1,outputs/extracted_frames_v2/run_20260223_121418_5341/lens1/sample_0251_run_20260223_121418_5341_offset_001361549_lens1.jpg,sample_0251_run_20260223_121418_5341_offset_001361549_lens1_preprocessed_lens1,outputs/preprocessed_frames_v2/run_20260223_121418_5341/lens1/sample_0251_run_20260223_121418_5341_offset_001361549_lens1_preprocessed_lens1.jpg,,,,,,,,,recovered_existing_file,True,,,,,,,,,success,,224,success,,1684,1728,/Users/aryansatyendrakumar/Projects/roadside-pm-visual-intelligence/outputs/preprocessed_frames_v2/run_20260223_121418_5341/lens1/sample_0251_run_20260223_121418_5341_offset_001361549_lens1_preprocessed_lens1.jpg,623017,137486,485531,0.7793222335827112,8.824597358703613,9.884184837341309,11.844833374023438,14.371206283569336,18.098915100097656,2.9859538078308105,25.779925101082924,48623,47848,1345.489786223278,1345.489786223278,0.5,20.0,0.047246827439078,4.724682743907803,137486,2909952,1024,1050,1345.489786223278,1345.489786223278,outputs/road_area_lens1_batch/masks/sample_00251_lens_1_row_000224_road_mask.png,outputs/road_area_lens1_batch/masks/sample_00251_lens_1_row_000224_raw_road_mask_before_cleaning.png,outputs/road_area_lens1_batch/depth_previews/sample_00251_lens_1_row_000224_depth_preview.png,needs_visual_review,25.779925101082924,0.7020000000000001,26.48192510108293,0.0265086468344136,12,1,0.0,0.0,,,0.7020000000000001,0.0,0.351,1.0,26.130925101082923,0.0134323602644077,good,low_visible_road,use_sensitivity_only,0.351,0.01361524514224658,v1_depth_visible_plus_nms_conservative_vehicle_footprint,25.779925101082924,0.351,26.130925101082923,0.0134323602644077
252,23-02-2026 12:37,1771830430.0,1,run_20260223_121418_5341,1371.5493893623352,/Volumes/New Volume/23_02_2026_navneet/run_20260223_121418_5341/LENS1/video_lens1.mp4,sample_0252_run_20260223_121418_5341_offset_001371549_lens1,outputs/extracted_frames_v2/run_20260223_121418_5341/lens1/sample_0252_run_20260223_121418_5341_offset_001371549_lens1.jpg,sample_0252_run_20260223_121418_5341_offset_001371549_lens1_preprocessed_lens1,outputs/preprocessed_frames_v2/run_20260223_121418_5341/lens1/sample_0252_run_20260223_121418_5341_offset_001371549_lens1_preprocessed_lens1.jpg,,,,,,,,,recovered_existing_file,True,,,,,,,,,success,,225,success,,1684,1728,/Users/aryansatyendrakumar/Projects/roadside-pm-visual-intelligence/outputs/preprocessed_frames_v2/run_20260223_121418_5341/lens1/sample_0252_run_20260223_121418_5341_offset_001371549_lens1_preprocessed_lens1.jpg,581924,73380,508544,0.8739010592448498,9.214672088623049,9.62752628326416,10.33152961730957,11.280770301818848,13.288063049316406,1.2276042699813845,8.382632071121757,25939,25344,1345.489786223278,1345.489786223278,0.5,20.0,0.0252169107944048,2.521691079440486,73380,2909952,1024,1050,1345.489786223278,1345.489786223278,outputs/road_area_lens1_batch/masks/sample_00252_lens_1_row_000225_road_mask.png,outputs/road_area_lens1_batch/masks/sample_00252_lens_1_row_000225_raw_road_mask_before_cleaning.png,outputs/road_area_lens1_batch/depth_previews/sample_00252_lens_1_row_000225_depth_preview.png,bad_low_road_mask_area,8.382632071121757,4.4,12.782632071121755,0.3442170576074378,20,3,0.0,0.0,4.4,0.0,,0.0,2.2,3.0,10.582632071121758,0.2078877906001697,good,very_low_visible_road,exclude_or_manual_review,2.2,0.2624474009278088,v1_depth_visible_plus_nms_conservative_vehicle_footprint,8.382632071121757,2.2,10.582632071121758,0.2078877906001697
253,23-02-2026 12:37,1771830440.0,1,run_20260223_121418_5341,1381.5493893623352,/Volumes/New Volume/23_02_2026_navneet/run_20260223_121418_5341/LENS1/video_lens1.mp4,sample_0253_run_20260223_121418_5341_offset_001381549_lens1,outputs/extracted_frames_v2/run_20260223_121418_5341/lens1/sample_0253_run_20260223_121418_5341_offset_001381549_lens1.jpg,sample_0253_run_20260223_121418_5341_offset_001381549_lens1_preprocessed_lens1,outputs/preprocessed_frames_v2/run_20260223_121418_5341/lens1/sample_0253_run_20260223_121418_5341_offset_001381549_lens1_preprocessed_lens1.jpg,,,,,,,,,recovered_existing_file,True,,,,,,,,,success,,226,success,,1684,1728,/Users/aryansatyendrakumar/Projects/roadside-pm-visual-intelligence/outputs/preprocessed_frames_v2/run_20260223_121418_5341/lens1/sample_0253_run_20260223_121418_5341_offset_001381549_lens1_preprocessed_lens1.jpg,848612,322901,525711,0.619495128515741,8.556414604187012,9.309146881103516,10.666598320007324,14.414142608642578,26.82415771484375,6.970283031463623,47.4090748467608,101101,99478,1345.489786223278,1345.489786223278,0.5,20.0,0.1109643732955045,11.096437329550453,322901,2909952,1024,1050,1345.489786223278,1345.489786223278,outputs/road_area_lens1_batch/masks/sample_00253_lens_1_row_000226_road_mask.png,outputs/road_area_lens1_batch/masks/sample_00253_lens_1_row_000226_raw_road_mask_before_cleaning.png,outputs/road_area_lens1_batch/depth_previews/sample_00253_lens_1_row_000226_depth_preview.png,needs_visual_review,47.4090748467608,14.396875,61.8059498467608,0.2329367162173712,21,2,0.0,0.0,1.6,0.0,,12.796875,7.1984375,2.0,54.6075123467608,0.1318213775110192,good,acceptable_visible_road,use_primary,7.1984375,0.1518367005318567,v1_depth_visible_plus_nms_conservative_vehicle_footprint,47.4090748467608,7.1984375,54.6075123467608,0.1318213775110192
254,23-02-2026 12:37,1771830450.0,1,run_20260223_121418_5341,1391.5493893623352,/Volumes/New Volume/23_02_2026_navneet/run_20260223_121418_5341/LENS1/video_lens1.mp4,sample_0254_run_20260223_121418_5341_offset_001391549_lens1,outputs/extracted_frames_v2/run_20260223_121418_5341/lens1/sample_0254_run_20260223_121418_5341_offset_001391549_lens1.jpg,sample_0254_run_20260223_121418_5341_offset_001391549_lens1_preprocessed_lens1,outputs/preprocessed_frames_v2/run_20260223_121418_5341/lens1/sample_0254_run_20260223_121418_5341_offset_001391549_lens1_preprocessed_lens1.jpg,,,,,,,,,recovered_existing_file,True,,,,,,,,,success,,227,success,,1684,1728,/Users/aryansatyendrakumar/Projects/roadside-pm-visual-intelligence/outputs/preprocessed_frames_v2/run_20260223_121418_5341/lens1/sample_0254_run_20260223_121418_5341_offset_001391549_lens1_preprocessed_lens1.jpg,724128,200827,523301,0.722663672720845,8.36008071899414,9.002864837646484,10.115266799926758,12.10854148864746,18.50959014892578,3.366570472717285,28.00562600637243,68934,67803,1345.489786223278,1345.489786223278,0.5,20.0,0.0690138531494677,6.901385314946776,200827,2909952,1024,1050,1345.489786223278,1345.489786223278,outputs/road_area_lens1_batch/masks/sample_00254_lens_1_row_000227_road_mask.png,outputs/road_area_lens1_batch/masks/sample_00254_lens_1_row_000227_raw_road_mask_before_cleaning.png,outputs/road_area_lens1_batch/depth_previews/sample_00254_lens_1_row_000227_depth_preview.png,needs_visual_review,28.00562600637243,12.31125,40.31687600637243,0.305362201130219,15,2,0.0,3.78,0.0,,,8.53125,6.533625,2.0,34.53925100637243,0.1891652195583094,good,low_visible_road,use_sensitivity_only,6.533625,0.23329687393930532,v1_depth_visible_plus_nms_conservative_vehicle_footprint,28.00562600637243,6.533625,34.53925100637243,0.1891652195583094
255,23-02-2026 12:37,1771830460.0,1,run_20260223_121418_5341,1401.5493893623352,/Volumes/New Volume/23_02_2026_navneet/run_20260223_121418_5341/LENS1/video_lens1.mp4,sample_0255_run_20260223_121418_5341_offset_001401549_lens1,outputs/extracted_frames_v2/run_20260223_121418_5341/lens1/sample_0255_run_20260223_121418_5341_offset_001401549_lens1.jpg,sample_0255_run_20260223_121418_5341_offset_001401549_lens1_preprocessed_lens1,outputs/preprocessed_frames_v2/run_20260223_121418_5341/lens1/sample_0255_run_20260223_121418_5341_offset_001401549_lens1_preprocessed_lens1.jpg,,,,,,,,,recovered_existing_file,True,,,,,,,,,success,,228,success,,1684,1728,/Users/aryansatyendrakumar/Projects/roadside-pm-visual-intelligence/outputs/preprocessed_frames_v2/run_20260223_121418_5341/lens1/sample_0255_run_20260223_121418_5341_offset_001401549_lens1_preprocessed_lens1.jpg,751984,249238,502746,0.668559437434839,8.539937973022461,9.293842315673828,10.735349655151367,13.69861125946045,22.457624435424805,4.853106498718262,34.85071510551582,82140,81287,1345.489786223278,1345.489786223278,0.5,20.0,0.0856502100378288,8.56502100378288,249238,2909952,1024,1050,1345.489786223278,1345.489786223278,outputs/road_area_lens1_batch/masks/sample_00255_lens_1_row_000228_road_mask.png,outputs/road_area_lens1_batch/masks/sample_00255_lens_1_row_000228_raw_road_mask_before_cleaning.png,outputs/road_area_lens1_batch/depth_previews/sample_00255_lens_1_row_000228_depth_preview.png,needs_visual_review,34.85071510551582,24.7275,59.57821510551582,0.4150426453059467,16,4,12.416249999999998,3.78,0.0,0.0,,8.53125,13.983375,4.0,48.83409010551581,0.2863445386160799,good,acceptable_visible_road,use_primary,13.983375,0.4012363866182721,v1_depth_visible_plus_nms_conservative_vehicle_footprint,34.85071510551582,13.983375,48.83409010551581,0.2863445386160799
256,23-02-2026 12:37,1771830470.0,1,run_20260223_121418_5341,1411.5493893623352,/Volumes/New Volume/23_02_2026_navneet/run_20260223_121418_5341/LENS1/video_lens1.mp4,sample_0256_run_20260223_121418_5341_offset_001411549_lens1,outputs/extracted_frames_v2/run_20260223_121418_5341/lens1/sample_0256_run_20260223_121418_5341_offset_001411549_lens1.jpg,sample_0256_run_20260223_121418_5341_offset_001411549_lens1_preprocessed_lens1,outputs/preprocessed_frames_v2/run_20260223_121418_5341/lens1/sample_0256_run_20260223_121418_5341_offset_001411549_lens1_preprocessed_lens1.jpg,,,,,,,,,recovered_existing_file,True,,,,,,,,,success,,229,success,,1684,1728,/Users/aryansatyendrakumar/Projects/roadside-pm-visual-intelligence/outputs/preprocessed_frames_v2/run_20260223_121418_5341/lens1/sample_0256_run_20260223_121418_5341_offset_001411549_lens1_preprocessed_lens1.jpg,411112,133862,277250,0.6743904337504135,11.863914489746094,14.676785469055176,18.424545288085938,23.850433349609375,37.32844161987305,7.778949737548828,27.065750637391623,28030,27514,1345.489786223278,1345.489786223278,0.5,20.0,0.0460014460719627,4.60014460719627,133862,2909952,1024,1050,1345.489786223278,1345.489786223278,outputs/road_area_lens1_batch/masks/sample_00256_lens_1_row_000229_road_mask.png,outputs/road_area_lens1_batch/masks/sample_00256_lens_1_row_000229_raw_road_mask_before_cleaning.png,outputs/road_area_lens1_batch/depth_previews/sample_00256_lens_1_row_000229_depth_preview.png,needs_visual_review,27.065750637391623,12.905,39.970750637391625,0.3228610870251633,18,3,7.525,3.78,1.6,0.0,,0.0,7.582999999999999,3.0,34.64875063739162,0.2188534899673038,good,low_visible_road,use_sensitivity_only,7.582999999999999,0.2801695804262677,v1_depth_visible_plus_nms_conservative_vehicle_footprint,27.065750637391623,7.582999999999999,34.64875063739162,0.2188534899673038
257,23-02-2026 12:38,1771830480.0,1,run_20260223_121418_5341,1421.5493893623352,/Volumes/New Volume/23_02_2026_navneet/run_20260223_121418_5341/LENS1/video_lens1.mp4,sample_0257_run_20260223_121418_5341_offset_001421549_lens1,outputs/extracted_frames_v2/run_20260223_121418_5341/lens1/sample_0257_run_20260223_121418_5341_offset_001421549_lens1.jpg,sample_0257_run_20260223_121418_5341_offset_001421549_lens1_preprocessed_lens1,outputs/preprocessed_frames_v2/run_20260223_121418_5341/lens1/sample_0257_run_20260223_121418_5341_offset_001421549_lens1_preprocessed_lens1.jpg,,,,,,,,,recovered_existing_file,True,,,,,,,,,success,,230,success,,1684,1728,/Users/aryansatyendrakumar/Projects/roadside-pm-visual-intelligence/outputs/preprocessed_frames_v2/run_20260223_121418_5341/lens1/sample_0257_run_20260223_121418_5341_offset_001421549_lens1_preprocessed_lens1.jpg,675977,155912,520065,0.7693530992918398,9.032015800476074,9.915447235107422,11.42625617980957,14.17994785308838,20.357751846313477,3.6349573135375977,30.631826441498163,52994,52193,1345.489786223278,1345.489786223278,0.5,20.0,0.053578890648368,5.357889064836809,155912,2909952,1024,1050,1345.489786223278,1345.489786223278,outputs/road_area_lens1_batch/masks/sample_00257_lens_1_row_000230_road_mask.png,outputs/road_area_lens1_batch/masks/sample_00257_lens_1_row_000230_raw_road_mask_before_cleaning.png,outputs/road_area_lens1_batch/depth_previews/sample_00257_lens_1_row_000230_depth_preview.png,needs_visual_review,30.631826441498163,3.2,33.831826441498166,0.0945854935007255,15,2,0.0,0.0,3.2,,,0.0,1.6,2.0,32.231826441498164,0.0496403765050067,good,acceptable_visible_road,use_primary,1.6,0.05223325494663994,v1_depth_visible_plus_nms_conservative_vehicle_footprint,30.631826441498163,1.6,32.231826441498164,0.0496403765050067
258,23-02-2026 12:38,1771830490.0,1,run_20260223_121418_5341,1431.5493893623352,/Volumes/New Volume/23_02_2026_navneet/run_20260223_121418_5341/LENS1/video_lens1.mp4,sample_0258_run_20260223_121418_5341_offset_001431549_lens1,outputs/extracted_frames_v2/run_20260223_121418_5341/lens1/sample_0258_run_20260223_121418_5341_offset_001431549_lens1.jpg,sample_0258_run_20260223_121418_5341_offset_001431549_lens1_preprocessed_lens1,outputs/preprocessed_frames_v2/run_20260223_121418_5341/lens1/sample_0258_run_20260223_121418_5341_offset_001431549_lens1_preprocessed_lens1.jpg,,,,,,,,,recovered_existing_file,True,,,,,,,,,success,,231,success,,1684,1728,/Users/aryansatyendrakumar/Projects/roadside-pm-visual-intelligence/outputs/preprocessed_frames_v2/run_20260223_121418_5341/lens1/sample_0258_run_20260223_121418_5341_offset_001431549_lens1_preprocessed_lens1.jpg,576474,79817,496657,0.861542758216329,9.118266105651855,10.280701637268066,12.572735786437988,17.559160232543945,27.177621841430664,5.916435718536377,12.597319652216491,23139,22536,1345.489786223278,1345.489786223278,0.5,20.0,0.027428974773467,2.7428974773467054,79817,2909952,1024,1050,1345.489786223278,1345.489786223278,outputs/road_area_lens1_batch/masks/sample_00258_lens_1_row_000231_road_mask.png,outputs/road_area_lens1_batch/masks/sample_00258_lens_1_row_000231_raw_road_mask_before_cleaning.png,outputs/road_area_lens1_batch/depth_previews/sample_00258_lens_1_row_000231_depth_preview.png,bad_low_road_mask_area,12.597319652216491,3.78,16.377319652216492,0.2308069989638639,13,1,0.0,3.78,0.0,,,0.0,2.268,1.0,14.865319652216492,0.1525698776118702,good,very_low_visible_road,exclude_or_manual_review,2.268,0.18003829882977895,v1_depth_visible_plus_nms_conservative_vehicle_footprint,12.597319652216491,2.268,14.865319652216492,0.1525698776118702
259,23-02-2026 12:38,1771830500.0,1,run_20260223_121418_5341,1441.5493893623352,/Volumes/New Volume/23_02_2026_navneet/run_20260223_121418_5341/LENS1/video_lens1.mp4,sample_0259_run_20260223_121418_5341_offset_001441549_lens1,outputs/extracted_frames_v2/run_20260223_121418_5341/lens1/sample_0259_run_20260223_121418_5341_offset_001441549_lens1.jpg,sample_0259_run_20260223_121418_5341_offset_001441549_lens1_preprocessed_lens1,outputs/preprocessed_frames_v2/run_20260223_121418_5341/lens1/sample_0259_run_20260223_121418_5341_offset_001441549_lens1_preprocessed_lens1.jpg,,,,,,,,,recovered_existing_file,True,,,,,,,,,success,,232,success,,1684,1728,/Users/aryansatyendrakumar/Projects/roadside-pm-visual-intelligence/outputs/preprocessed_frames_v2/run_20260223_121418_5341/lens1/sample_0259_run_20260223_121418_5341_offset_001441549_lens1_preprocessed_lens1.jpg,1032125,510910,521215,0.5049921278914861,9.354778289794922,10.668224334716797,12.601823806762695,15.999155044555664,26.49144172668457,5.742377281188965,88.78566977132998,162479,161136,1345.489786223278,1345.489786223278,0.5,20.0,0.175573342790534,17.5573342790534,510910,2909952,1024,1050,1345.489786223278,1345.489786223278,outputs/road_area_lens1_batch/masks/sample_00259_lens_1_row_000232_road_mask.png,outputs/road_area_lens1_batch/masks/sample_00259_lens_1_row_000232_raw_road_mask_before_cleaning.png,outputs/road_area_lens1_batch/depth_previews/sample_00259_lens_1_row_000232_depth_preview.png,needs_visual_review,88.78566977132998,16.105,104.89066977132998,0.1535408252717823,23,5,7.525,3.78,4.800000000000001,,0.0,0.0,9.183,5.0,97.96866977132998,0.0937340480526495,good,acceptable_visible_road,use_primary,9.183,0.10342885314320518,v1_depth_visible_plus_nms_conservative_vehicle_footprint,88.78566977132998,9.183,97.96866977132998,0.0937340480526495
260,23-02-2026 12:38,1771830510.0,1,run_20260223_121418_5341,1451.5493893623352,/Volumes/New Volume/23_02_2026_navneet/run_20260223_121418_5341/LENS1/video_lens1.mp4,sample_0260_run_20260223_121418_5341_offset_001451549_lens1,outputs/extracted_frames_v2/run_20260223_121418_5341/lens1/sample_0260_run_20260223_121418_5341_offset_001451549_lens1.jpg,sample_0260_run_20260223_121418_5341_offset_001451549_lens1_preprocessed_lens1,outputs/preprocessed_frames_v2/run_20260223_121418_5341/lens1/sample_0260_run_20260223_121418_5341_offset_001451549_lens1_preprocessed_lens1.jpg,,,,,,,,,recovered_existing_file,True,,,,,,,,,success,,233,success,,1684,1728,/Users/aryansatyendrakumar/Projects/roadside-pm-visual-intelligence/outputs/preprocessed_frames_v2/run_20260223_121418_5341/lens1/sample_0260_run_20260223_121418_5341_offset_001451549_lens1_preprocessed_lens1.jpg,807363,328601,478762,0.5929947248016072,5.18662166595459,10.194613456726074,13.579129219055176,20.167768478393555,47.925148010253906,13.691049575805664,47.65697920269074,88704,87690,1345.489786223278,1345.489786223278,0.5,20.0,0.1129231684921263,11.292316849212632,328601,2909952,1024,1050,1345.489786223278,1345.489786223278,outputs/road_area_lens1_batch/masks/sample_00260_lens_1_row_000233_road_mask.png,outputs/road_area_lens1_batch/masks/sample_00260_lens_1_row_000233_raw_road_mask_before_cleaning.png,outputs/road_area_lens1_batch/depth_previews/sample_00260_lens_1_row_000233_depth_preview.png,needs_visual_review,47.65697920269074,13.925,61.58197920269074,0.2261213455671389,24,5,7.525,0.0,6.4,,,0.0,7.715,5.0,55.37197920269074,0.1393303997994909,good,acceptable_visible_road,use_primary,7.715,0.16188604752280242,v1_depth_visible_plus_nms_conservative_vehicle_footprint,47.65697920269074,7.715,55.37197920269074,0.1393303997994909
261,23-02-2026 12:38,1771830520.0,1,run_20260223_121418_5341,1461.5493893623352,/Volumes/New Volume/23_02_2026_navneet/run_20260223_121418_5341/LENS1/video_lens1.mp4,sample_0261_run_20260223_121418_5341_offset_001461549_lens1,outputs/extracted_frames_v2/run_20260223_121418_5341/lens1/sample_0261_run_20260223_121418_5341_offset_001461549_lens1.jpg,sample_0261_run_20260223_121418_5341_offset_001461549_lens1_preprocessed_lens1,outputs/preprocessed_frames_v2/run_20260223_121418_5341/lens1/sample_0261_run_20260223_121418_5341_offset_001461549_lens1_preprocessed_lens1.jpg,,,,,,,,,recovered_existing_file,True,,,,,,,,,success,,234,success,,1684,1728,/Users/aryansatyendrakumar/Projects/roadside-pm-visual-intelligence/outputs/preprocessed_frames_v2/run_20260223_121418_5341/lens1/sample_0261_run_20260223_121418_5341_offset_001461549_lens1_preprocessed_lens1.jpg,1038326,513154,525172,0.5057871997811862,9.50586986541748,10.776016235351562,12.991374969482422,16.317466735839844,29.807697296142575,7.247382640838623,83.27175305736311,157052,155729,1345.489786223278,1345.489786223278,0.5,20.0,0.1763444895310988,17.634448953109878,513154,2909952,1024,1050,1345.489786223278,1345.489786223278,outputs/road_area_lens1_batch/masks/sample_00261_lens_1_row_000234_road_mask.png,outputs/road_area_lens1_batch/masks/sample_00261_lens_1_row_000234_raw_road_mask_before_cleaning.png,outputs/road_area_lens1_batch/depth_previews/sample_00261_lens_1_row_000234_depth_preview.png,needs_visual_review,83.27175305736311,21.485000000000003,104.75675305736311,0.2050941764893683,19,7,7.525,7.56,6.4,,,,12.251,7.0,95.52275305736312,0.1282521661895889,good,acceptable_visible_road,use_primary,12.251,0.1471207168121067,v1_depth_visible_plus_nms_conservative_vehicle_footprint,83.27175305736311,12.251,95.52275305736312,0.1282521661895889
262,23-02-2026 12:38,1771830530.0,1,run_20260223_121418_5341,1471.5493893623352,/Volumes/New Volume/23_02_2026_navneet/run_20260223_121418_5341/LENS1/video_lens1.mp4,sample_0262_run_20260223_121418_5341_offset_001471549_lens1,outputs/extracted_frames_v2/run_20260223_121418_5341/lens1/sample_0262_run_20260223_121418_5341_offset_001471549_lens1.jpg,sample_0262_run_20260223_121418_5341_offset_001471549_lens1_preprocessed_lens1,outputs/preprocessed_frames_v2/run_20260223_121418_5341/lens1/sample_0262_run_20260223_121418_5341_offset_001471549_lens1_preprocessed_lens1.jpg,,,,,,,,,recovered_existing_file,True,,,,,,,,,success,,235,success,,1684,1728,/Users/aryansatyendrakumar/Projects/roadside-pm-visual-intelligence/outputs/preprocessed_frames_v2/run_20260223_121418_5341/lens1/sample_0262_run_20260223_121418_5341_offset_001471549_lens1_preprocessed_lens1.jpg,1028576,548273,480303,0.4669591746258905,9.171343803405762,10.766009330749512,13.399443626403809,18.30094337463379,34.40792465209961,8.996506690979004,90.26209161375728,159566,158195,1345.489786223278,1345.489786223278,0.5,20.0,0.1884130734802498,18.841307348024987,548273,2909952,1024,1050,1345.489786223278,1345.489786223278,outputs/road_area_lens1_batch/masks/sample_00262_lens_1_row_000235_road_mask.png,outputs/road_area_lens1_batch/masks/sample_00262_lens_1_row_000235_raw_road_mask_before_cleaning.png,outputs/road_area_lens1_batch/depth_previews/sample_00262_lens_1_row_000235_depth_preview.png,needs_visual_review,90.26209161375728,9.125,99.38709161375728,0.0918127279089924,23,2,7.525,0.0,1.6,,,0.0,5.3149999999999995,2.0,95.57709161375728,0.0556095598878315,good,acceptable_visible_road,use_primary,5.3149999999999995,0.05888407752330343,v1_depth_visible_plus_nms_conservative_vehicle_footprint,90.26209161375728,5.3149999999999995,95.57709161375728,0.0556095598878315
263,23-02-2026 12:39,1771830540.0,1,run_20260223_121418_5341,1481.5493893623352,/Volumes/New Volume/23_02_2026_navneet/run_20260223_121418_5341/LENS1/video_lens1.mp4,sample_0263_run_20260223_121418_5341_offset_001481549_lens1,outputs/extracted_frames_v2/run_20260223_121418_5341/lens1/sample_0263_run_20260223_121418_5341_offset_001481549_lens1.jpg,sample_0263_run_20260223_121418_5341_offset_001481549_lens1_preprocessed_lens1,outputs/preprocessed_frames_v2/run_20260223_121418_5341/lens1/sample_0263_run_20260223_121418_5341_offset_001481549_lens1_preprocessed_lens1.jpg,,,,,,,,,recovered_existing_file,True,,,,,,,,,success,,236,success,,1684,1728,/Users/aryansatyendrakumar/Projects/roadside-pm-visual-intelligence/outputs/preprocessed_frames_v2/run_20260223_121418_5341/lens1/sample_0263_run_20260223_121418_5341_offset_001481549_lens1_preprocessed_lens1.jpg,804842,594622,210220,0.2611941225731261,9.04399871826172,10.368776321411133,12.54136848449707,16.306058883666992,31.216533660888672,7.325332641601563,92.67569916403284,185314,183874,1345.489786223278,1345.489786223278,0.5,20.0,0.2043408276150259,20.43408276150259,594622,2909952,1024,1050,1345.489786223278,1345.489786223278,outputs/road_area_lens1_batch/masks/sample_00263_lens_1_row_000236_road_mask.png,outputs/road_area_lens1_batch/masks/sample_00263_lens_1_row_000236_raw_road_mask_before_cleaning.png,outputs/road_area_lens1_batch/depth_previews/sample_00263_lens_1_row_000236_depth_preview.png,needs_visual_review,92.67569916403284,9.125,101.80069916403284,0.0896359266187039,23,2,7.525,0.0,1.6,,,0.0,5.3149999999999995,2.0,97.99069916403285,0.0542398415905052,good,acceptable_visible_road,use_primary,5.3149999999999995,0.0573505249805845,v1_depth_visible_plus_nms_conservative_vehicle_footprint,92.67569916403284,5.3149999999999995,97.99069916403285,0.0542398415905052
264,23-02-2026 12:39,1771830550.0,1,run_20260223_121418_5341,1491.5493893623352,/Volumes/New Volume/23_02_2026_navneet/run_20260223_121418_5341/LENS1/video_lens1.mp4,sample_0264_run_20260223_121418_5341_offset_001491549_lens1,outputs/extracted_frames_v2/run_20260223_121418_5341/lens1/sample_0264_run_20260223_121418_5341_offset_001491549_lens1.jpg,sample_0264_run_20260223_121418_5341_offset_001491549_lens1_preprocessed_lens1,outputs/preprocessed_frames_v2/run_20260223_121418_5341/lens1/sample_0264_run_20260223_121418_5341_offset_001491549_lens1_preprocessed_lens1.jpg,,,,,,,,,recovered_existing_file,True,,,,,,,,,success,,237,success,,1684,1728,/Users/aryansatyendrakumar/Projects/roadside-pm-visual-intelligence/outputs/preprocessed_frames_v2/run_20260223_121418_5341/lens1/sample_0264_run_20260223_121418_5341_offset_001491549_lens1_preprocessed_lens1.jpg,1115782,591496,524286,0.4698821095877151,9.179322242736816,10.630443572998049,13.422735214233398,19.422643661499023,41.95075607299805,11.304547309875488,89.56673193894969,165086,163780,1345.489786223278,1345.489786223278,0.5,20.0,0.2032665830914049,20.326658309140495,591496,2909952,1024,1050,1345.489786223278,1345.489786223278,outputs/road_area_lens1_batch/masks/sample_00264_lens_1_row_000237_road_mask.png,outputs/road_area_lens1_batch/masks/sample_00264_lens_1_row_000237_raw_road_mask_before_cleaning.png,outputs/road_area_lens1_batch/depth_previews/sample_00264_lens_1_row_000237_depth_preview.png,needs_visual_review,89.56673193894969,28.65000000000001,118.21673193894968,0.2423514804553694,29,11,15.05,0.0,13.599999999999998,,,,15.83,11.0,105.39673193894969,0.1501944102893951,good,acceptable_visible_road,use_primary,15.83,0.17673972977812807,v1_depth_visible_plus_nms_conservative_vehicle_footprint,89.56673193894969,15.83,105.39673193894969,0.1501944102893951
265,23-02-2026 12:39,1771830560.0,1,run_20260223_121418_5341,1501.5493893623352,/Volumes/New Volume/23_02_2026_navneet/run_20260223_121418_5341/LENS1/video_lens1.mp4,sample_0265_run_20260223_121418_5341_offset_001501549_lens1,outputs/extracted_frames_v2/run_20260223_121418_5341/lens1/sample_0265_run_20260223_121418_5341_offset_001501549_lens1.jpg,sample_0265_run_20260223_121418_5341_offset_001501549_lens1_preprocessed_lens1,outputs/preprocessed_frames_v2/run_20260223_121418_5341/lens1/sample_0265_run_20260223_121418_5341_offset_001501549_lens1_preprocessed_lens1.jpg,,,,,,,,,recovered_existing_file,True,,,,,,,,,success,,238,success,,1684,1728,/Users/aryansatyendrakumar/Projects/roadside-pm-visual-intelligence/outputs/preprocessed_frames_v2/run_20260223_121418_5341/lens1/sample_0265_run_20260223_121418_5341_offset_001501549_lens1_preprocessed_lens1.jpg,887094,404238,482856,0.5443121022123923,9.23586082458496,11.572044372558594,14.118677139282228,18.30119514465332,40.28850173950195,11.02505588531494,72.8713470539714,120007,118672,1345.489786223278,1345.489786223278,0.5,20.0,0.1389156934547374,13.89156934547374,404238,2909952,1024,1050,1345.489786223278,1345.489786223278,outputs/road_area_lens1_batch/masks/sample_00265_lens_1_row_000238_road_mask.png,outputs/road_area_lens1_batch/masks/sample_00265_lens_1_row_000238_raw_road_mask_before_cleaning.png,outputs/road_area_lens1_batch/depth_previews/sample_00265_lens_1_row_000238_depth_preview.png,needs_visual_review,72.8713470539714,19.39625,92.2675970539714,0.2102173527793758,15,5,12.416249999999998,3.78,3.2,,,0.0,11.31775,5.0,84.18909705397141,0.1344324906198303,good,acceptable_visible_road,use_primary,11.31775,0.15531138722628013,v1_depth_visible_plus_nms_conservative_vehicle_footprint,72.8713470539714,11.31775,84.18909705397141,0.1344324906198303
266,23-02-2026 12:39,1771830570.0,1,run_20260223_121418_5341,1511.5493893623352,/Volumes/New Volume/23_02_2026_navneet/run_20260223_121418_5341/LENS1/video_lens1.mp4,sample_0266_run_20260223_121418_5341_offset_001511549_lens1,outputs/extracted_frames_v2/run_20260223_121418_5341/lens1/sample_0266_run_20260223_121418_5341_offset_001511549_lens1.jpg,sample_0266_run_20260223_121418_5341_offset_001511549_lens1_preprocessed_lens1,outputs/preprocessed_frames_v2/run_20260223_121418_5341/lens1/sample_0266_run_20260223_121418_5341_offset_001511549_lens1_preprocessed_lens1.jpg,,,,,,,,,recovered_existing_file,True,,,,,,,,,success,,239,success,,1684,1728,/Users/aryansatyendrakumar/Projects/roadside-pm-visual-intelligence/outputs/preprocessed_frames_v2/run_20260223_121418_5341/lens1/sample_0266_run_20260223_121418_5341_offset_001511549_lens1_preprocessed_lens1.jpg,1111099,588582,522517,0.4702704259476428,8.903674125671387,10.44918441772461,13.365568161010742,19.32463836669922,36.961769104003906,10.41854476928711,88.01824114596457,165179,164013,1345.489786223278,1345.489786223278,0.5,20.0,0.202265192003167,20.226519200316705,588582,2909952,1024,1050,1345.489786223278,1345.489786223278,outputs/road_area_lens1_batch/masks/sample_00266_lens_1_row_000239_road_mask.png,outputs/road_area_lens1_batch/masks/sample_00266_lens_1_row_000239_raw_road_mask_before_cleaning.png,outputs/road_area_lens1_batch/depth_previews/sample_00266_lens_1_row_000239_depth_preview.png,needs_visual_review,88.01824114596457,16.671249999999997,104.68949114596457,0.1592447323748656,23,7,4.891249999999999,3.78,8.0,,,,9.20275,7.0,97.22099114596456,0.0946580557503603,good,acceptable_visible_road,use_primary,9.20275,0.10455503177731841,v1_depth_visible_plus_nms_conservative_vehicle_footprint,88.01824114596457,9.20275,97.22099114596456,0.0946580557503603
267,23-02-2026 12:39,1771830580.0,1,run_20260223_121418_5341,1521.5493893623352,/Volumes/New Volume/23_02_2026_navneet/run_20260223_121418_5341/LENS1/video_lens1.mp4,sample_0267_run_20260223_121418_5341_offset_001521549_lens1,outputs/extracted_frames_v2/run_20260223_121418_5341/lens1/sample_0267_run_20260223_121418_5341_offset_001521549_lens1.jpg,sample_0267_run_20260223_121418_5341_offset_001521549_lens1_preprocessed_lens1,outputs/preprocessed_frames_v2/run_20260223_121418_5341/lens1/sample_0267_run_20260223_121418_5341_offset_001521549_lens1_preprocessed_lens1.jpg,,,,,,,,,recovered_existing_file,True,,,,,,,,,success,,240,success,,1684,1728,/Users/aryansatyendrakumar/Projects/roadside-pm-visual-intelligence/outputs/preprocessed_frames_v2/run_20260223_121418_5341/lens1/sample_0267_run_20260223_121418_5341_offset_001521549_lens1_preprocessed_lens1.jpg,716844,216955,499889,0.697346982049093,10.794733047485352,13.957013130187988,17.856801986694336,24.08533477783203,49.473388671875,12.679656982421877,37.11475336127113,47419,46746,1345.489786223278,1345.489786223278,0.5,20.0,0.0745562126110671,7.455621261106712,216955,2909952,1024,1050,1345.489786223278,1345.489786223278,outputs/road_area_lens1_batch/masks/sample_00267_lens_1_row_000240_road_mask.png,outputs/road_area_lens1_batch/masks/sample_00267_lens_1_row_000240_raw_road_mask_before_cleaning.png,outputs/road_area_lens1_batch/depth_previews/sample_00267_lens_1_row_000240_depth_preview.png,needs_visual_review,37.11475336127113,11.291249999999998,48.406003361271125,0.2332613563596524,22,5,4.891249999999999,0.0,6.4,,,0.0,6.13475,5.0,43.24950336127112,0.1418455594450483,good,acceptable_visible_road,use_primary,6.13475,0.1652914122932459,v1_depth_visible_plus_nms_conservative_vehicle_footprint,37.11475336127113,6.13475,43.24950336127112,0.1418455594450483
268,23-02-2026 12:39,1771830590.0,1,run_20260223_121418_5341,1531.5493893623352,/Volumes/New Volume/23_02_2026_navneet/run_20260223_121418_5341/LENS1/video_lens1.mp4,sample_0268_run_20260223_121418_5341_offset_001531549_lens1,outputs/extracted_frames_v2/run_20260223_121418_5341/lens1/sample_0268_run_20260223_121418_5341_offset_001531549_lens1.jpg,sample_0268_run_20260223_121418_5341_offset_001531549_lens1_preprocessed_lens1,outputs/preprocessed_frames_v2/run_20260223_121418_5341/lens1/sample_0268_run_20260223_121418_5341_offset_001531549_lens1_preprocessed_lens1.jpg,,,,,,,,,recovered_existing_file,True,,,,,,,,,success,,241,success,,1684,1728,/Users/aryansatyendrakumar/Projects/roadside-pm-visual-intelligence/outputs/preprocessed_frames_v2/run_20260223_121418_5341/lens1/sample_0268_run_20260223_121418_5341_offset_001531549_lens1_preprocessed_lens1.jpg,743409,238166,505243,0.6796299210797825,9.543197631835938,10.634312629699709,12.96487808227539,15.84521484375,30.48470115661621,7.532962799072266,38.72259303524334,74196,73379,1345.489786223278,1345.489786223278,0.5,20.0,0.0818453362804609,8.184533628046097,238166,2909952,1024,1050,1345.489786223278,1345.489786223278,outputs/road_area_lens1_batch/masks/sample_00268_lens_1_row_000241_road_mask.png,outputs/road_area_lens1_batch/masks/sample_00268_lens_1_row_000241_raw_road_mask_before_cleaning.png,outputs/road_area_lens1_batch/depth_previews/sample_00268_lens_1_row_000241_depth_preview.png,needs_visual_review,38.72259303524334,13.925,52.64759303524334,0.2644945228678988,21,5,7.525,0.0,6.4,0.0,,0.0,7.715,5.0,46.43759303524334,0.1661369484448683,good,acceptable_visible_road,use_primary,7.715,0.19923769033179667,v1_depth_visible_plus_nms_conservative_vehicle_footprint,38.72259303524334,7.715,46.43759303524334,0.1661369484448683
269,23-02-2026 12:40,1771830600.0,1,run_20260223_121418_5341,1541.5493893623352,/Volumes/New Volume/23_02_2026_navneet/run_20260223_121418_5341/LENS1/video_lens1.mp4,sample_0269_run_20260223_121418_5341_offset_001541549_lens1,outputs/extracted_frames_v2/run_20260223_121418_5341/lens1/sample_0269_run_20260223_121418_5341_offset_001541549_lens1.jpg,sample_0269_run_20260223_121418_5341_offset_001541549_lens1_preprocessed_lens1,outputs/preprocessed_frames_v2/run_20260223_121418_5341/lens1/sample_0269_run_20260223_121418_5341_offset_001541549_lens1_preprocessed_lens1.jpg,,,,,,,,,recovered_existing_file,True,,,,,,,,,success,,242,success,,1684,1728,/Users/aryansatyendrakumar/Projects/roadside-pm-visual-intelligence/outputs/preprocessed_frames_v2/run_20260223_121418_5341/lens1/sample_0269_run_20260223_121418_5341_offset_001541549_lens1_preprocessed_lens1.jpg,700786,184078,516708,0.7373263735291515,10.048436164855955,10.938935279846191,13.223226547241213,17.17279052734375,28.8167667388916,7.058705806732178,33.15130013909719,55988,55225,1345.489786223278,1345.489786223278,0.5,20.0,0.0632580881059206,6.325808810592065,184078,2909952,1024,1050,1345.489786223278,1345.489786223278,outputs/road_area_lens1_batch/masks/sample_00269_lens_1_row_000242_road_mask.png,outputs/road_area_lens1_batch/masks/sample_00269_lens_1_row_000242_raw_road_mask_before_cleaning.png,outputs/road_area_lens1_batch/depth_previews/sample_00269_lens_1_row_000242_depth_preview.png,needs_visual_review,33.15130013909719,8.06,41.21130013909719,0.1955774259194864,14,4,0.0,3.78,3.2,,1.08,0.0,4.4079999999999995,4.0,37.55930013909719,0.1173610792446984,good,acceptable_visible_road,use_primary,4.4079999999999995,0.13296612746724215,v1_depth_visible_plus_nms_conservative_vehicle_footprint,33.15130013909719,4.4079999999999995,37.55930013909719,0.1173610792446984
270,23-02-2026 12:40,1771830610.0,1,run_20260223_121418_5341,1551.5493893623352,/Volumes/New Volume/23_02_2026_navneet/run_20260223_121418_5341/LENS1/video_lens1.mp4,sample_0270_run_20260223_121418_5341_offset_001551549_lens1,outputs/extracted_frames_v2/run_20260223_121418_5341/lens1/sample_0270_run_20260223_121418_5341_offset_001551549_lens1.jpg,sample_0270_run_20260223_121418_5341_offset_001551549_lens1_preprocessed_lens1,outputs/preprocessed_frames_v2/run_20260223_121418_5341/lens1/sample_0270_run_20260223_121418_5341_offset_001551549_lens1_preprocessed_lens1.jpg,,,,,,,,,recovered_existing_file,True,,,,,,,,,success,,243,success,,1684,1728,/Users/aryansatyendrakumar/Projects/roadside-pm-visual-intelligence/outputs/preprocessed_frames_v2/run_20260223_121418_5341/lens1/sample_0270_run_20260223_121418_5341_offset_001551549_lens1_preprocessed_lens1.jpg,562486,71075,491411,0.8736412995167879,10.084623336791992,12.356315612792969,15.745975494384766,22.035118103027344,30.655942916870117,6.64693021774292,14.807645165539832,17045,16532,1345.489786223278,1345.489786223278,0.5,20.0,0.0244248015087534,2.442480150875341,71075,2909952,1024,1050,1345.489786223278,1345.489786223278,outputs/road_area_lens1_batch/masks/sample_00270_lens_1_row_000243_road_mask.png,outputs/road_area_lens1_batch/masks/sample_00270_lens_1_row_000243_raw_road_mask_before_cleaning.png,outputs/road_area_lens1_batch/depth_previews/sample_00270_lens_1_row_000243_depth_preview.png,bad_low_road_mask_area,14.807645165539832,1.6,16.407645165539833,0.0975155169347763,13,1,0.0,0.0,1.6,,0.0,0.0,0.8,1.0,15.607645165539832,0.0512569315559737,good,very_low_visible_road,exclude_or_manual_review,0.8,0.05402614602501079,v1_depth_visible_plus_nms_conservative_vehicle_footprint,14.807645165539832,0.8,15.607645165539832,0.0512569315559737
271,23-02-2026 12:40,1771830620.0,1,run_20260223_121418_5341,1561.5493893623352,/Volumes/New Volume/23_02_2026_navneet/run_20260223_121418_5341/LENS1/video_lens1.mp4,sample_0271_run_20260223_121418_5341_offset_001561549_lens1,outputs/extracted_frames_v2/run_20260223_121418_5341/lens1/sample_0271_run_20260223_121418_5341_offset_001561549_lens1.jpg,sample_0271_run_20260223_121418_5341_offset_001561549_lens1_preprocessed_lens1,outputs/preprocessed_frames_v2/run_20260223_121418_5341/lens1/sample_0271_run_20260223_121418_5341_offset_001561549_lens1_preprocessed_lens1.jpg,,,,,,,,,recovered_existing_file,True,,,,,,,,,success,,244,success,,1684,1728,/Users/aryansatyendrakumar/Projects/roadside-pm-visual-intelligence/outputs/preprocessed_frames_v2/run_20260223_121418_5341/lens1/sample_0271_run_20260223_121418_5341_offset_001561549_lens1_preprocessed_lens1.jpg,527770,26154,501616,0.950444322337382,9.954700469970703,10.59238338470459,11.102356910705566,11.824047088623049,12.68605613708496,0.9342841506004332,3.852151439507351,8924,8547,1345.489786223278,1345.489786223278,0.5,20.0,0.008987777117973,0.898777711797308,26154,2909952,1024,1050,1345.489786223278,1345.489786223278,outputs/road_area_lens1_batch/masks/sample_00271_lens_1_row_000244_road_mask.png,outputs/road_area_lens1_batch/masks/sample_00271_lens_1_row_000244_raw_road_mask_before_cleaning.png,outputs/road_area_lens1_batch/depth_previews/sample_00271_lens_1_row_000244_depth_preview.png,bad_low_road_mask_area,3.852151439507351,0.0,3.852151439507351,0.0,15,0,0.0,0.0,0.0,,0.0,0.0,0.0,0.0,3.852151439507351,0.0,good,very_low_visible_road,exclude_or_manual_review,0.0,0.0,v1_depth_visible_plus_nms_conservative_vehicle_footprint,3.852151439507351,0.0,3.852151439507351,0.0
272,23-02-2026 12:40,1771830630.0,1,run_20260223_121418_5341,1571.5493893623352,/Volumes/New Volume/23_02_2026_navneet/run_20260223_121418_5341/LENS1/video_lens1.mp4,sample_0272_run_20260223_121418_5341_offset_001571549_lens1,outputs/extracted_frames_v2/run_20260223_121418_5341/lens1/sample_0272_run_20260223_121418_5341_offset_001571549_lens1.jpg,sample_0272_run_20260223_121418_5341_offset_001571549_lens1_preprocessed_lens1,outputs/preprocessed_frames_v2/run_20260223_121418_5341/lens1/sample_0272_run_20260223_121418_5341_offset_001571549_lens1_preprocessed_lens1.jpg,,,,,,,,,recovered_existing_file,True,,,,,,,,,success,,245,success,,1684,1728,/Users/aryansatyendrakumar/Projects/roadside-pm-visual-intelligence/outputs/preprocessed_frames_v2/run_20260223_121418_5341/lens1/sample_0272_run_20260223_121418_5341_offset_001571549_lens1_preprocessed_lens1.jpg,617294,109200,508094,0.8230988799502345,9.761140823364258,10.595023155212402,12.090005874633787,15.84015655517578,24.413349151611328,5.072825908660889,24.83097283030017,33255,32377,1345.489786223278,1345.489786223278,0.5,20.0,0.0375263921879123,3.752639218791238,109200,2909952,1024,1050,1345.489786223278,1345.489786223278,outputs/road_area_lens1_batch/masks/sample_00272_lens_1_row_000245_road_mask.png,outputs/road_area_lens1_batch/masks/sample_00272_lens_1_row_000245_raw_road_mask_before_cleaning.png,outputs/road_area_lens1_batch/depth_previews/sample_00272_lens_1_row_000245_depth_preview.png,needs_visual_review,24.83097283030017,2.8000000000000003,27.63097283030017,0.1013355561961798,16,2,0.0,0.0,2.8000000000000003,0.0,,,1.4,2.0,26.230972830300168,0.053372019751506,good,low_visible_road,use_sensitivity_only,1.4,0.0563811981740659,v1_depth_visible_plus_nms_conservative_vehicle_footprint,24.83097283030017,1.4,26.230972830300168,0.053372019751506
273,23-02-2026 12:40,1771830640.0,1,run_20260223_121418_5341,1581.5493893623352,/Volumes/New Volume/23_02_2026_navneet/run_20260223_121418_5341/LENS1/video_lens1.mp4,sample_0273_run_20260223_121418_5341_offset_001581549_lens1,outputs/extracted_frames_v2/run_20260223_121418_5341/lens1/sample_0273_run_20260223_121418_5341_offset_001581549_lens1.jpg,sample_0273_run_20260223_121418_5341_offset_001581549_lens1_preprocessed_lens1,outputs/preprocessed_frames_v2/run_20260223_121418_5341/lens1/sample_0273_run_20260223_121418_5341_offset_001581549_lens1_preprocessed_lens1.jpg,,,,,,,,,recovered_existing_file,True,,,,,,,,,success,,246,success,,1684,1728,/Users/aryansatyendrakumar/Projects/roadside-pm-visual-intelligence/outputs/preprocessed_frames_v2/run_20260223_121418_5341/lens1/sample_0273_run_20260223_121418_5341_offset_001581549_lens1_preprocessed_lens1.jpg,703852,200818,503034,0.7146871785545825,9.74347686767578,10.88608169555664,12.850646018981934,17.21451759338379,28.79799461364746,7.526966571807861,32.35041292274043,59310,57856,1345.489786223278,1345.489786223278,0.5,20.0,0.0690107603149467,6.901076031494678,200818,2909952,1024,1050,1345.489786223278,1345.489786223278,outputs/road_area_lens1_batch/masks/sample_00273_lens_1_row_000246_road_mask.png,outputs/road_area_lens1_batch/masks/sample_00273_lens_1_row_000246_raw_road_mask_before_cleaning.png,outputs/road_area_lens1_batch/depth_previews/sample_00273_lens_1_row_000246_depth_preview.png,needs_visual_review,32.35041292274043,6.0,38.35041292274043,0.156452031222908,18,4,0.0,0.0,6.0,0.0,,0.0,3.0,4.0,35.35041292274043,0.0848646381177104,good,acceptable_visible_road,use_primary,3.0,0.09273451956129986,v1_depth_visible_plus_nms_conservative_vehicle_footprint,32.35041292274043,3.0,35.35041292274043,0.0848646381177104
274,23-02-2026 12:40,1771830650.0,1,run_20260223_121418_5341,1591.5493893623352,/Volumes/New Volume/23_02_2026_navneet/run_20260223_121418_5341/LENS1/video_lens1.mp4,sample_0274_run_20260223_121418_5341_offset_001591549_lens1,outputs/extracted_frames_v2/run_20260223_121418_5341/lens1/sample_0274_run_20260223_121418_5341_offset_001591549_lens1.jpg,sample_0274_run_20260223_121418_5341_offset_001591549_lens1_preprocessed_lens1,outputs/preprocessed_frames_v2/run_20260223_121418_5341/lens1/sample_0274_run_20260223_121418_5341_offset_001591549_lens1_preprocessed_lens1.jpg,,,,,,,,,recovered_existing_file,True,,,,,,,,,success,,247,success,,1684,1728,/Users/aryansatyendrakumar/Projects/roadside-pm-visual-intelligence/outputs/preprocessed_frames_v2/run_20260223_121418_5341/lens1/sample_0274_run_20260223_121418_5341_offset_001591549_lens1_preprocessed_lens1.jpg,978008,452549,525459,0.5372747462188449,8.505913734436035,9.315458297729492,10.506902694702148,12.85194492340088,22.83997917175293,5.792357444763184,57.18233804949075,152998,151559,1345.489786223278,1345.489786223278,0.5,20.0,0.1555176855150875,15.551768551508754,452549,2909952,1024,1050,1345.489786223278,1345.489786223278,outputs/road_area_lens1_batch/masks/sample_00274_lens_1_row_000247_road_mask.png,outputs/road_area_lens1_batch/masks/sample_00274_lens_1_row_000247_raw_road_mask_before_cleaning.png,outputs/road_area_lens1_batch/depth_previews/sample_00274_lens_1_row_000247_depth_preview.png,needs_visual_review,57.18233804949075,17.79625,74.97858804949075,0.2373510953320875,25,4,12.416249999999998,3.78,1.6,0.0,0.0,,10.51775,4.0,67.70008804949074,0.1553579958760351,good,acceptable_visible_road,use_primary,10.51775,0.18393354239725193,v1_depth_visible_plus_nms_conservative_vehicle_footprint,57.18233804949075,10.51775,67.70008804949074,0.1553579958760351
275,23-02-2026 12:41,1771830660.0,1,run_20260223_121418_5341,1601.5493893623352,/Volumes/New Volume/23_02_2026_navneet/run_20260223_121418_5341/LENS1/video_lens1.mp4,sample_0275_run_20260223_121418_5341_offset_001601549_lens1,outputs/extracted_frames_v2/run_20260223_121418_5341/lens1/sample_0275_run_20260223_121418_5341_offset_001601549_lens1.jpg,sample_0275_run_20260223_121418_5341_offset_001601549_lens1_preprocessed_lens1,outputs/preprocessed_frames_v2/run_20260223_121418_5341/lens1/sample_0275_run_20260223_121418_5341_offset_001601549_lens1_preprocessed_lens1.jpg,,,,,,,,,recovered_existing_file,True,,,,,,,,,success,,248,success,,1684,1728,/Users/aryansatyendrakumar/Projects/roadside-pm-visual-intelligence/outputs/preprocessed_frames_v2/run_20260223_121418_5341/lens1/sample_0275_run_20260223_121418_5341_offset_001601549_lens1_preprocessed_lens1.jpg,677050,203919,473131,0.6988124953843882,9.898053169250488,12.007524490356444,15.10287094116211,19.25031089782715,27.77957534790039,5.617754936218262,38.24303907503226,57143,56076,1345.489786223278,1345.489786223278,0.5,20.0,0.070076413631565,7.007641363156505,203919,2909952,1024,1050,1345.489786223278,1345.489786223278,outputs/road_area_lens1_batch/masks/sample_00275_lens_1_row_000248_road_mask.png,outputs/road_area_lens1_batch/masks/sample_00275_lens_1_row_000248_raw_road_mask_before_cleaning.png,outputs/road_area_lens1_batch/depth_previews/sample_00275_lens_1_row_000248_depth_preview.png,needs_visual_review,38.24303907503226,9.04,47.28303907503226,0.1911890643419652,18,6,0.0,0.0,9.04,,,,4.5200000000000005,6.0,42.76303907503226,0.1056987552280646,good,acceptable_visible_road,use_primary,4.5200000000000005,0.11819144370644366,v1_depth_visible_plus_nms_conservative_vehicle_footprint,38.24303907503226,4.5200000000000005,42.76303907503226,0.1056987552280646
276,23-02-2026 12:41,1771830670.0,1,run_20260223_121418_5341,1611.5493893623352,/Volumes/New Volume/23_02_2026_navneet/run_20260223_121418_5341/LENS1/video_lens1.mp4,sample_0276_run_20260223_121418_5341_offset_001611549_lens1,outputs/extracted_frames_v2/run_20260223_121418_5341/lens1/sample_0276_run_20260223_121418_5341_offset_001611549_lens1.jpg,sample_0276_run_20260223_121418_5341_offset_001611549_lens1_preprocessed_lens1,outputs/preprocessed_frames_v2/run_20260223_121418_5341/lens1/sample_0276_run_20260223_121418_5341_offset_001611549_lens1_preprocessed_lens1.jpg,,,,,,,,,recovered_existing_file,True,,,,,,,,,success,,249,success,,1684,1728,/Users/aryansatyendrakumar/Projects/roadside-pm-visual-intelligence/outputs/preprocessed_frames_v2/run_20260223_121418_5341/lens1/sample_0276_run_20260223_121418_5341_offset_001611549_lens1_preprocessed_lens1.jpg,616974,101190,515784,0.8359898472220871,9.340473175048828,10.164023399353027,11.692890167236328,14.651498794555664,18.676382064819336,3.0020735263824463,18.369988387675548,35922,35131,1345.489786223278,1345.489786223278,0.5,20.0,0.0347737694642385,3.477376946423859,101190,2909952,1024,1050,1345.489786223278,1345.489786223278,outputs/road_area_lens1_batch/masks/sample_00276_lens_1_row_000249_road_mask.png,outputs/road_area_lens1_batch/masks/sample_00276_lens_1_row_000249_raw_road_mask_before_cleaning.png,outputs/road_area_lens1_batch/depth_previews/sample_00276_lens_1_row_000249_depth_preview.png,needs_visual_review,18.369988387675548,14.89125,33.26123838767555,0.44770581980248,8,2,4.891249999999999,0.0,0.0,10.0,,,7.934749999999999,2.0,26.30473838767555,0.3016471740968781,medium,low_visible_road,use_sensitivity_only,7.934749999999999,0.431940937171383,v1_depth_visible_plus_nms_conservative_vehicle_footprint,18.369988387675548,7.934749999999999,26.30473838767555,0.3016471740968781
277,23-02-2026 12:41,1771830680.0,1,run_20260223_121418_5341,1621.5493893623352,/Volumes/New Volume/23_02_2026_navneet/run_20260223_121418_5341/LENS1/video_lens1.mp4,sample_0277_run_20260223_121418_5341_offset_001621549_lens1,outputs/extracted_frames_v2/run_20260223_121418_5341/lens1/sample_0277_run_20260223_121418_5341_offset_001621549_lens1.jpg,sample_0277_run_20260223_121418_5341_offset_001621549_lens1_preprocessed_lens1,outputs/preprocessed_frames_v2/run_20260223_121418_5341/lens1/sample_0277_run_20260223_121418_5341_offset_001621549_lens1_preprocessed_lens1.jpg,,,,,,,,,recovered_existing_file,True,,,,,,,,,success,,250,success,,1684,1728,/Users/aryansatyendrakumar/Projects/roadside-pm-visual-intelligence/outputs/preprocessed_frames_v2/run_20260223_121418_5341/lens1/sample_0277_run_20260223_121418_5341_offset_001621549_lens1_preprocessed_lens1.jpg,1121628,598625,523003,0.4662891796567133,9.273874282836914,10.804403305053713,13.601628303527832,18.6925106048584,37.281219482421875,11.465095520019531,97.06999129342135,171844,170643,1345.489786223278,1345.489786223278,0.5,20.0,0.2057164516803026,20.571645168030265,598625,2909952,1024,1050,1345.489786223278,1345.489786223278,outputs/road_area_lens1_batch/masks/sample_00277_lens_1_row_000250_road_mask.png,outputs/road_area_lens1_batch/masks/sample_00277_lens_1_row_000250_raw_road_mask_before_cleaning.png,outputs/road_area_lens1_batch/depth_previews/sample_00277_lens_1_row_000250_depth_preview.png,needs_visual_review,97.06999129342135,40.41625,137.48624129342136,0.2939657788283277,25,8,12.416249999999998,0.0,8.0,20.0,,,21.44975,8.0,118.51974129342136,0.1809803984206857,good,acceptable_visible_road,use_primary,21.44975,0.22097199880405982,v1_depth_visible_plus_nms_conservative_vehicle_footprint,97.06999129342135,21.44975,118.51974129342136,0.1809803984206857
280,23-02-2026 12:41,1771830710.0,1,run_20260223_124141_8222,8.237693548202515,/Volumes/New Volume/23_02_2026_navneet/run_20260223_124141_8222/LENS1/video_lens1.mp4,sample_0280_run_20260223_124141_8222_offset_000008237_lens1,outputs/extracted_frames_v2/run_20260223_124141_8222/lens1/sample_0280_run_20260223_124141_8222_offset_000008237_lens1.jpg,sample_0280_run_20260223_124141_8222_offset_000008237_lens1_preprocessed_lens1,outputs/preprocessed_frames_v2/run_20260223_124141_8222/lens1/sample_0280_run_20260223_124141_8222_offset_000008237_lens1_preprocessed_lens1.jpg,,,,,,,,,recovered_existing_file,True,,,,,,,,,success,,251,success,,1684,1728,/Users/aryansatyendrakumar/Projects/roadside-pm-visual-intelligence/outputs/preprocessed_frames_v2/run_20260223_124141_8222/lens1/sample_0280_run_20260223_124141_8222_offset_000008237_lens1_preprocessed_lens1.jpg,852416,329593,522823,0.6133425463623395,8.76559066772461,9.663619041442873,11.031203269958496,14.063003540039062,32.85597229003906,11.05051326751709,41.56956720341117,105394,104184,1345.489786223278,1345.489786223278,0.5,20.0,0.1132640675859945,11.326406758599454,329593,2909952,1024,1050,1345.489786223278,1345.489786223278,outputs/road_area_lens1_batch/masks/sample_00280_lens_1_row_000251_road_mask.png,outputs/road_area_lens1_batch/masks/sample_00280_lens_1_row_000251_raw_road_mask_before_cleaning.png,outputs/road_area_lens1_batch/depth_previews/sample_00280_lens_1_row_000251_depth_preview.png,needs_visual_review,41.56956720341117,19.941249999999997,61.510817203411165,0.3241909457007527,4,3,19.941249999999997,,0.0,,,,11.96475,3.0,53.53431720341116,0.2234968264288913,good,acceptable_visible_road,use_primary,11.96475,0.2878247430735382,v1_depth_visible_plus_nms_conservative_vehicle_footprint,41.56956720341117,11.96475,53.53431720341116,0.2234968264288913
