timestamp,value.lat,value.long,temp,rh,value.sPM1,value.sPM4,value.sPM10,value.sNPM1,nPM2,value.sNPM4,value.sNPM10,value.co_ppb,value.no2_ppb,value.so2_ppb,value.o3_ppb_compensated,value.sPM2,sample_index,idd_auto_rickshaw_count_sum,idd_auto_rickshaw_count_mean,idd_auto_rickshaw_count_max,idd_bicycle_count_sum,idd_bicycle_count_mean,idd_bicycle_count_max,idd_bus_count_sum,idd_bus_count_mean,idd_bus_count_max,idd_car_count_sum,idd_car_count_mean,idd_car_count_max,idd_motorcycle_count_sum,idd_motorcycle_count_mean,idd_motorcycle_count_max,idd_truck_count_sum,idd_truck_count_mean,idd_truck_count_max,idd_unknown_vehicle_count_sum,idd_unknown_vehicle_count_mean,idd_unknown_vehicle_count_max,idd_heavy_vehicle_count_sum,idd_heavy_vehicle_count_mean,idd_heavy_vehicle_count_max,idd_motor_vehicle_count_sum,idd_motor_vehicle_count_mean,idd_motor_vehicle_count_max,idd_exhaust_proxy_initial_sum,idd_exhaust_proxy_initial_mean,idd_exhaust_proxy_initial_max,idd_resuspension_vehicle_proxy_initial_sum,idd_resuspension_vehicle_proxy_initial_mean,idd_resuspension_vehicle_proxy_initial_max,idd_vehicle_box_area_ratio_mean,idd_vehicle_box_area_ratio_max,idd_average_confidence_mean,idd_average_confidence_max,idd_max_confidence_mean,idd_max_confidence_max,vehicle_lens_count,vehicle_frame_count,matched_run_id,vehicle_min_offset_sec,vehicle_max_offset_sec,vehicle_features_available,vehicle_all_3_lenses_available,road_area_ratio_mean,road_area_ratio_max,road_area_ratio_min,road_area_ratio_std,road_mean_brightness_mean,road_mean_brightness_max,road_mean_brightness_min,road_mean_brightness_std,road_mean_saturation_mean,road_mean_saturation_max,road_mean_saturation_min,road_mean_saturation_std,road_contrast_std_mean,road_contrast_std_max,road_contrast_std_min,road_contrast_std_std,road_shadow_ratio_mean,road_shadow_ratio_max,road_shadow_ratio_min,road_shadow_ratio_std,road_glare_ratio_mean,road_glare_ratio_max,road_glare_ratio_min,road_glare_ratio_std,road_brown_pixel_ratio_mean,road_brown_pixel_ratio_max,road_brown_pixel_ratio_min,road_brown_pixel_ratio_std,road_gray_dry_pixel_ratio_mean,road_gray_dry_pixel_ratio_max,road_gray_dry_pixel_ratio_min,road_gray_dry_pixel_ratio_std,road_edge_density_mean,road_edge_density_max,road_edge_density_min,road_edge_density_std,road_laplacian_std_mean,road_laplacian_std_max,road_laplacian_std_min,road_laplacian_std_std,road_haze_flatness_proxy_mean,road_haze_flatness_proxy_max,road_haze_flatness_proxy_min,road_haze_flatness_proxy_std,road_lens_count,road_frame_count,road_features_available,road_all_2_lenses_available,image_features_available,idd_total_vehicle_count_sum,rh_fraction,dry_air_fraction,pm10_minus_pm2,pm2_fraction_of_pm10,pm4_minus_pm2,vehicle_resuspension_x_road_brown_mean,vehicle_resuspension_x_road_gray_dry_mean,vehicle_resuspension_x_dry_air,vehicle_exhaust_x_dry_air,vehicle_resuspension_x_area_ratio,vehicle_resuspension_x_brown_pixel_ratio,vehicle_resuspension_x_gray_dry_pixel_ratio,vehicle_resuspension_x_edge_density,vehicle_resuspension_x_laplacian_std,vehicle_resuspension_x_contrast_std,vehicle_resuspension_x_haze_flatness_proxy,road_brown_x_edge_density,road_gray_dry_x_texture,road_brown_x_texture,osm_location_key,osm_latitude_rounded,osm_longitude_rounded,fuel_station_count_250m,restaurant_count_250m,bus_stop_count_250m,parking_count_250m,construction_count_250m,industrial_count_250m,factory_count_250m,warehouse_count_250m,marketplace_count_250m,park_count_250m,school_college_count_250m,hospital_count_250m,commercial_count_250m,retail_count_250m,road_segment_count_250m,total_road_length_250m,motorway_count_250m,trunk_road_count_250m,primary_road_count_250m,secondary_road_count_250m,tertiary_road_count_250m,residential_road_count_250m,service_road_count_250m,living_street_count_250m,unclassified_road_count_250m,osm_status,osm_error,osm_features_available,osm_commercial_retail_intensity_250m,osm_industrial_construction_intensity_250m,osm_human_activity_intensity_250m,osm_major_road_intensity_250m,osm_minor_road_intensity_250m,osm_major_road_fraction_250m,osm_avg_road_segment_length_250m,vehicle_count_x_osm_road_length,resuspension_x_osm_major_road_intensity,exhaust_x_osm_human_activity_intensity,processed_frame_key,lens_id,video_offset_sec,road_area_m2_depth_est_visible_v1,road_area_m2_vehicle_occluded_conservative_v1,road_area_m2_occlusion_adjusted_conservative_v1,road_area_vehicle_occlusion_fraction_v1,road_mask_area_quality,occlusion_adjustment_quality_conservative,final_road_area_feature_status,road_area_feature_version,visible_road_area_m2_depth_est,vehicle_occluded_road_area_m2_est_conservative,occlusion_adjusted_road_area_m2_est_conservative,vehicle_occlusion_fraction_conservative,road_area_occlusion_added_ratio_vs_visible,timestamp_parsed,time_gap_sec,pm25_prev,pm25_next,pm25_diff,pm25_abs_diff,pm25_pct_change
23-02-2026 11:57,13.08875609,80.28941164,29.14363636,77.16181818,27.92727273,29.27272727,29.27272727,218.8272727,219.2909091,219.3545455,219.4090909,1038.690909,20.26363636,130.4909091,20.21818182,22.85369635,18,13.0,4.333333333333333,9.0,0.0,0.0,0.0,0.0,0.0,0.0,46.0,15.333333333333334,18.0,4.0,1.3333333333333333,3.0,2.0,0.6666666666666666,1.0,0.0,0.0,0.0,2.0,0.6666666666666666,1.0,65.0,21.666666666666668,26.0,67.7,22.566666666666663,28.1,64.0,21.333333333333332,25.9,0.1948196849831156,0.2979692380902999,0.6265799784058713,0.6706123666630851,0.9048829873402914,0.9308351278305054,3.0,3.0,run_20260223_114432_8289,777.1694910526276,777.1694910526276,True,True,0.0760877793565961,0.0823508429005014,0.0698247158126908,0.0088573094057953,0.2664790078997611,0.2997216880321502,0.2332363277673721,0.0470122490928552,0.1344693563878536,0.1538775414228439,0.1150611713528633,0.0274473184975298,0.0796820689468913,0.1013996598023991,0.0579644780913836,0.0307133115299289,0.4011378955294457,0.4786239186769989,0.3236518723818925,0.1095817848296252,8.345956592679762e-06,1.6691913185359524e-05,0.0,1.1802965004344864e-05,0.4954125065395005,0.5812388473366491,0.4095861657423519,0.1213767751641828,0.4259453521537814,0.5017527873748687,0.350137916932694,0.1072079030183815,0.0168089950001754,0.0252762063859675,0.0083417836143834,0.011974445177267,0.0296018328166179,0.0395361211813959,0.01966754445184,0.0140492053379942,0.2445234582933374,0.2693300108302894,0.2197169057563855,0.0350817630334781,2.0,2.0,True,True,True,65.0,0.7716181818,0.2283818182,6.419030920000001,0.7807163350106258,6.419030920000001,31.70640041852803,27.260502537842008,14.616436364800002,15.461449092140002,4.86961787882215,31.70640041852803,27.260502537842008,1.0757756800112257,1.8945173002635456,5.099652412601043,15.649501330773594,0.0083273863454468,0.0126087631034716,0.0146651181938439,13.0888_80.2896,13.0888,80.2896,0.0,3.0,2.0,8.0,0.0,1.0,0.0,0.0,1.0,0.0,2.0,0.0,5.0,0.0,43.0,3714.341164622735,0.0,0.0,5.0,13.0,12.0,13.0,0.0,0.0,0.0,success,,True,5.0,1.0,21.0,18.0,25.0,0.4186046511627907,86.38002708424965,241432.1757004778,1152.0,1421.7,sample_0018_run_20260223_114432_8289_offset_000777169_lens1_preprocessed_lens1,1.0,777.1694910526276,38.498901823689174,20.215125,58.714026823689174,0.3442980509700599,acceptable_visible_road,medium,use_primary,v1_depth_visible_plus_nms_conservative_vehicle_footprint,38.498901823689174,20.215125,58.714026823689174,0.3442980509700599,0.5250831593217345,2026-02-23 11:57:00,0.0,12.68010758,30.22118435,10.17358877,10.17358877,80.23266920894689
23-02-2026 11:58,13.0886962,80.2886016,29.283,77.501,28.11,29.49,29.49,221.43,221.87,221.95,221.97,2597.97,32.47,209.17,19.96,23.05210768,22,11.0,3.6666666666666665,6.0,0.0,0.0,0.0,5.0,1.6666666666666667,3.0,47.0,15.666666666666666,19.0,9.0,3.0,5.0,1.0,0.3333333333333333,1.0,0.0,0.0,0.0,6.0,2.0,4.0,73.0,24.333333333333332,27.0,80.4,26.8,29.7,78.3,26.1,30.4,0.2138269158060426,0.2611859312644073,0.5849806247728507,0.6057617542920289,0.9291186134020488,0.9608501195907592,3.0,3.0,run_20260223_114432_8289,817.1694910526276,817.1694910526276,True,True,0.0797764877221341,0.0919204165566992,0.0676325588875692,0.0171741088583355,0.4006537050008774,0.4272238612174988,0.374083548784256,0.0375758752759177,0.2277895510196685,0.238160640001297,0.2174184620380401,0.0146669346943971,0.1003883201593427,0.1028834975968874,0.0978931427217982,0.0035287137727029,0.1067013297651865,0.1533886138984014,0.0600140456319717,0.0660257904115586,0.0006191354896578,0.0007186137287886,0.0005196572505271,0.0001406834749397,0.9008801939398832,0.9345832856979536,0.8671771021818128,0.047663369458168,0.7684980739532361,0.7842188691660061,0.7527772787404661,0.0222325618011894,0.0339432879336073,0.045948815103954,0.0219377607632606,0.0169783793477429,0.0486901775209799,0.0610239348356883,0.0363564202062715,0.0174425668694789,0.3603664553359186,0.3832695761185953,0.337463334553242,0.0323899040315304,2.0,2.0,True,True,True,73.0,0.7750100000000001,0.2249899999999999,6.43789232,0.7816923594438793,6.43789232,70.53891918549284,60.17339919053838,17.616716999999994,18.08919599999999,6.2464989886431,70.53891918549284,60.17339919053838,2.6577594452014512,3.812440899892726,7.860405468476532,28.216693452802424,0.0305788358165854,0.0374183076453142,0.0438640165680677,13.0887_80.2887,13.0887,80.2887,0.0,7.0,2.0,10.0,0.0,0.0,0.0,0.0,1.0,0.0,2.0,0.0,5.0,0.0,49.0,4278.621578619662,0.0,0.0,5.0,15.0,10.0,19.0,0.0,0.0,0.0,success,,True,5.0,0.0,27.0,20.0,29.0,0.4081632653061224,87.31880772693187,312339.3752392353,1566.0,2170.8,sample_0022_run_20260223_114432_8289_offset_000817169_lens1_preprocessed_lens1,1.0,817.1694910526276,48.47058078046134,11.83,60.30058078046134,0.1961838484287562,acceptable_visible_road,good,use_primary,v1_depth_visible_plus_nms_conservative_vehicle_footprint,48.47058078046134,11.83,60.30058078046134,0.1961838484287562,0.2440655715181509,2026-02-23 11:58:00,0.0,35.61867441,23.74490251,-12.566566729999998,12.566566729999998,-35.28083775760031
23-02-2026 11:58,13.0886578,80.2882096,29.639,76.785,65.94,69.15,69.15,516.93,518.02,518.15,518.25,3461.85,36.05,224.64,14.63,50.04990567,24,7.0,2.3333333333333335,3.0,0.0,0.0,0.0,3.0,1.0,1.0,51.0,17.0,23.0,7.0,2.3333333333333335,3.0,0.0,0.0,0.0,0.0,0.0,0.0,3.0,1.0,1.0,68.0,22.666666666666668,27.0,69.8,23.266666666666666,28.3,67.8,22.6,28.0,0.2196933048158612,0.3853278644055612,0.5769204695834645,0.6325410770045387,0.9166812101999918,0.9275056719779968,3.0,3.0,run_20260223_114432_8289,837.1694910526276,837.1694910526276,True,True,0.0948892676874787,0.1131999526354484,0.0765785827395091,0.0258952189897595,0.3574439138174056,0.4261262714862823,0.288761556148529,0.0971315217110851,0.2057273834943771,0.2255820333957672,0.185872733592987,0.0280787151667155,0.118030135704278,0.1248910623703855,0.1111692090381707,0.0097028155416563,0.22222040732365,0.3818210375157063,0.0626197771315938,0.2257093757808988,0.000494511978271,0.000872348314826,0.000116675641716,0.0005343412715134,0.7756940690244405,0.928403036630823,0.6229851014180579,0.2159630930849398,0.6180608204122381,0.737678811888917,0.4984428289355591,0.1691653858501486,0.0248335157769022,0.0331394781522608,0.0165275534015437,0.0117464046397927,0.0405102227018532,0.0492133445798758,0.0318071008238308,0.0123080729948854,0.3157259847820904,0.3787541509347675,0.2526978186294135,0.0891352873846207,2.0,2.0,True,True,True,68.0,0.7678499999999999,0.23215,19.100094330000005,0.7237875006507591,19.100094330000005,52.592057879857066,41.90452362394974,15.739770000000004,16.204070000000005,6.433492349211056,52.592057879857066,41.90452362394974,1.683712369673969,2.746593099185646,8.002443200750049,21.406221768225727,0.0192632109011679,0.0250377814781898,0.0314235394846867,13.0887_80.2884,13.0887,80.2884,0.0,9.0,2.0,11.0,0.0,0.0,0.0,0.0,1.0,0.0,4.0,0.0,5.0,0.0,54.0,4294.261913857981,0.0,0.0,4.0,15.0,8.0,27.0,0.0,0.0,0.0,success,,True,5.0,0.0,32.0,19.0,35.0,0.3518518518518518,79.5233687751478,292009.8101423427,1288.2,2233.6,sample_0024_run_20260223_114432_8289_offset_000837169_lens1_preprocessed_lens1,1.0,837.1694910526276,32.97056101331237,11.5696875,44.54024851331237,0.259758036521552,acceptable_visible_road,good,use_primary,v1_depth_visible_plus_nms_conservative_vehicle_footprint,32.97056101331237,11.5696875,44.54024851331237,0.259758036521552,0.3509096340619912,2026-02-23 11:58:00,0.0,23.74490251,38.50412064,26.305003160000002,26.305003160000002,110.78168524348261
23-02-2026 11:58,13.0886243,80.2878824,29.903,75.512,48.89,51.27,51.27,383.26,384.06,384.16,384.23,2872.23,20.08,193.79,21.43,38.50412064,25,8.0,2.6666666666666665,3.0,1.0,0.3333333333333333,1.0,1.0,0.3333333333333333,1.0,44.0,14.666666666666666,23.0,9.0,3.0,5.0,4.0,1.3333333333333333,3.0,0.0,0.0,0.0,5.0,1.6666666666666667,3.0,66.0,22.0,28.0,74.7,24.9,26.7,73.05,24.35,26.95,0.2477793565481466,0.4879664753938059,0.5986087498845611,0.615402352809906,0.9112648963928224,0.934532642364502,3.0,3.0,run_20260223_114432_8289,847.1694910526276,847.1694910526276,True,True,0.1102122622150271,0.1180431105785544,0.1023814138514999,0.0110744919605873,0.4212069809436797,0.4320742785930633,0.4103396832942962,0.0153686797221034,0.2435363605618476,0.253087967634201,0.2339847534894943,0.0135080122641808,0.1266036142025058,0.1296758372531881,0.1235313911518236,0.00434477950491,0.0631176705260501,0.0763413610808089,0.0498939799712913,0.0187011225271648,0.004031597639786,0.0066090459008139,0.0014541493787581,0.0036450622870606,0.9366298453866038,0.94420707686031,0.9290526139128976,0.0107158235153556,0.7501608738004475,0.8018528153058656,0.6984689322950295,0.0731034447423588,0.0374411609036904,0.0493624762086564,0.0255198455987245,0.0168592857856087,0.0506848062946806,0.0634813131397461,0.0378882994496152,0.0180969935312917,0.3678472680665469,0.3760446847609406,0.3596498513721531,0.0115928978656352,2.0,2.0,True,True,True,67.0,0.75512,0.24488,12.765879360000008,0.7510068390871854,12.765879360000008,68.4208102054914,54.79925183112269,17.888484,18.292536,8.05100575480773,68.4208102054914,54.79925183112269,2.7350768040145836,3.7025250998264174,9.248394017493048,26.87124293226125,0.0350685087483184,0.038021758578424,0.0474729022832366,13.0887_80.2882,13.0887,80.2882,0.0,8.0,2.0,11.0,0.0,0.0,0.0,0.0,0.0,0.0,4.0,0.0,5.0,0.0,61.0,4857.882695562261,0.0,0.0,4.0,16.0,8.0,33.0,0.0,0.0,0.0,success,,True,5.0,0.0,30.0,20.0,41.0,0.3278688524590163,79.63742123872558,325478.1406026715,1461.0,2241.0,sample_0025_run_20260223_114432_8289_offset_000847169_lens1_preprocessed_lens1,1.0,847.1694910526276,69.97691414005115,15.145,85.12191414005115,0.1779212809416141,acceptable_visible_road,good,use_primary,v1_depth_visible_plus_nms_conservative_vehicle_footprint,69.97691414005115,15.145,85.12191414005115,0.1779212809416141,0.2164285205502051,2026-02-23 11:58:00,0.0,50.04990567,32.64008248,-11.545785030000005,11.545785030000005,-23.06854503608099
23-02-2026 12:02,13.0876851,80.2851848,30.398,72.705,40.84,42.84,42.84,320.23,320.9,320.99,321.07,1495.59,10.56,152.4,32.81,33.76482592,48,0.0,0.0,0.0,0.0,0.0,0.0,0.0,0.0,0.0,0.0,0.0,0.0,0.0,0.0,0.0,0.0,0.0,0.0,0.0,0.0,0.0,0.0,0.0,0.0,0.0,0.0,0.0,0.0,0.0,0.0,0.0,0.0,0.0,0.0,0.0,0.0,0.0,0.0,0.0,0.0,0.0,,0.0,0.0,False,False,0.0,0.0,0.0,0.0,0.0,0.0,0.0,0.0,0.0,0.0,0.0,0.0,0.0,0.0,0.0,0.0,0.0,0.0,0.0,0.0,0.0,0.0,0.0,0.0,0.0,0.0,0.0,0.0,0.0,0.0,0.0,0.0,0.0,0.0,0.0,0.0,0.0,0.0,0.0,0.0,0.0,0.0,0.0,0.0,0.0,0.0,False,False,False,0.0,0.72705,0.27295,9.075174080000004,0.788161202614379,9.075174080000004,0.0,0.0,0.0,0.0,0.0,0.0,0.0,0.0,0.0,0.0,0.0,0.0,0.0,0.0,13.0877_80.2852,13.0877,80.2852,0.0,12.0,1.0,9.0,0.0,0.0,0.0,0.0,0.0,1.0,4.0,0.0,9.0,0.0,29.0,2279.208300485085,0.0,0.0,1.0,18.0,0.0,6.0,0.0,4.0,0.0,success,,True,9.0,0.0,35.0,19.0,10.0,0.6551724137931034,78.59338967189949,0.0,0.0,0.0,,,,,,,,,,,,,,,,,2026-02-23 12:02:00,0.0,17.15002749,45.91666396,16.61479843,16.61479843,96.87913584796243
23-02-2026 12:02,13.0876831,80.2851912,30.481,72.471,56.96,59.73,59.73,446.38,447.33,447.44,447.55,1971.71,18.27,183.54,23.38,45.91666396,49,0.0,0.0,0.0,0.0,0.0,0.0,0.0,0.0,0.0,0.0,0.0,0.0,0.0,0.0,0.0,0.0,0.0,0.0,0.0,0.0,0.0,0.0,0.0,0.0,0.0,0.0,0.0,0.0,0.0,0.0,0.0,0.0,0.0,0.0,0.0,0.0,0.0,0.0,0.0,0.0,0.0,,0.0,0.0,False,False,0.0,0.0,0.0,0.0,0.0,0.0,0.0,0.0,0.0,0.0,0.0,0.0,0.0,0.0,0.0,0.0,0.0,0.0,0.0,0.0,0.0,0.0,0.0,0.0,0.0,0.0,0.0,0.0,0.0,0.0,0.0,0.0,0.0,0.0,0.0,0.0,0.0,0.0,0.0,0.0,0.0,0.0,0.0,0.0,0.0,0.0,False,False,False,0.0,0.7247100000000001,0.2752899999999999,13.813336039999996,0.7687370493889168,13.813336039999996,0.0,0.0,0.0,0.0,0.0,0.0,0.0,0.0,0.0,0.0,0.0,0.0,0.0,0.0,13.0877_80.2852,13.0877,80.2852,0.0,12.0,1.0,9.0,0.0,0.0,0.0,0.0,0.0,1.0,4.0,0.0,9.0,0.0,29.0,2279.208300485085,0.0,0.0,1.0,18.0,0.0,6.0,0.0,4.0,0.0,success,,True,9.0,0.0,35.0,19.0,10.0,0.6551724137931034,78.59338967189949,0.0,0.0,0.0,,,,,,,,,,,,,,,,,2026-02-23 12:02:00,0.0,33.76482592,27.01277624,12.151838040000001,12.151838040000001,35.9896362824192
23-02-2026 12:02,13.0876856,80.2851824,30.566,72.215,31.66,33.19,33.19,248.06,248.58,248.66,248.7,1828.47,19.19,179.56,17.38,27.01277624,50,0.0,0.0,0.0,0.0,0.0,0.0,0.0,0.0,0.0,0.0,0.0,0.0,0.0,0.0,0.0,0.0,0.0,0.0,0.0,0.0,0.0,0.0,0.0,0.0,0.0,0.0,0.0,0.0,0.0,0.0,0.0,0.0,0.0,0.0,0.0,0.0,0.0,0.0,0.0,0.0,0.0,,0.0,0.0,False,False,0.0,0.0,0.0,0.0,0.0,0.0,0.0,0.0,0.0,0.0,0.0,0.0,0.0,0.0,0.0,0.0,0.0,0.0,0.0,0.0,0.0,0.0,0.0,0.0,0.0,0.0,0.0,0.0,0.0,0.0,0.0,0.0,0.0,0.0,0.0,0.0,0.0,0.0,0.0,0.0,0.0,0.0,0.0,0.0,0.0,0.0,False,False,False,0.0,0.7221500000000001,0.2778499999999999,6.177223759999997,0.8138829840313349,6.177223759999997,0.0,0.0,0.0,0.0,0.0,0.0,0.0,0.0,0.0,0.0,0.0,0.0,0.0,0.0,13.0877_80.2852,13.0877,80.2852,0.0,12.0,1.0,9.0,0.0,0.0,0.0,0.0,0.0,1.0,4.0,0.0,9.0,0.0,29.0,2279.208300485085,0.0,0.0,1.0,18.0,0.0,6.0,0.0,4.0,0.0,success,,True,9.0,0.0,35.0,19.0,10.0,0.6551724137931034,78.59338967189949,0.0,0.0,0.0,,,,,,,,,,,,,,,,,2026-02-23 12:02:00,0.0,45.91666396,20.57242204,-18.90388772,18.90388772,-41.169993831581486
23-02-2026 12:03,13.08768538,80.285172,30.8575,71.05875,33.85,35.5,35.5,265.2625,265.825,265.8875,265.9625,998.825,3.925,135.35,32.075,29.01821821,54,0.0,0.0,0.0,0.0,0.0,0.0,0.0,0.0,0.0,0.0,0.0,0.0,0.0,0.0,0.0,0.0,0.0,0.0,0.0,0.0,0.0,0.0,0.0,0.0,0.0,0.0,0.0,0.0,0.0,0.0,0.0,0.0,0.0,0.0,0.0,0.0,0.0,0.0,0.0,0.0,0.0,,0.0,0.0,False,False,0.0,0.0,0.0,0.0,0.0,0.0,0.0,0.0,0.0,0.0,0.0,0.0,0.0,0.0,0.0,0.0,0.0,0.0,0.0,0.0,0.0,0.0,0.0,0.0,0.0,0.0,0.0,0.0,0.0,0.0,0.0,0.0,0.0,0.0,0.0,0.0,0.0,0.0,0.0,0.0,0.0,0.0,0.0,0.0,0.0,0.0,False,False,False,0.0,0.7105875,0.2894124999999999,6.481781789999999,0.8174145974647887,6.481781789999999,0.0,0.0,0.0,0.0,0.0,0.0,0.0,0.0,0.0,0.0,0.0,0.0,0.0,0.0,13.0877_80.2852,13.0877,80.2852,0.0,12.0,1.0,9.0,0.0,0.0,0.0,0.0,0.0,1.0,4.0,0.0,9.0,0.0,29.0,2279.208300485085,0.0,0.0,1.0,18.0,0.0,6.0,0.0,4.0,0.0,success,,True,9.0,0.0,35.0,19.0,10.0,0.6551724137931034,78.59338967189949,0.0,0.0,0.0,,,,,,,,,,,,,,,,,2026-02-23 12:03:00,0.0,14.95932762,16.96264163,14.05889059,14.05889059,93.98076536009445
23-02-2026 12:03,13.0876872,80.285168,30.887,70.898,17.91,18.81,18.81,140.58,140.88,140.91,140.91,1122.08,9.58,138.52,24.48,16.96264163,55,0.0,0.0,0.0,0.0,0.0,0.0,0.0,0.0,0.0,0.0,0.0,0.0,0.0,0.0,0.0,0.0,0.0,0.0,0.0,0.0,0.0,0.0,0.0,0.0,0.0,0.0,0.0,0.0,0.0,0.0,0.0,0.0,0.0,0.0,0.0,0.0,0.0,0.0,0.0,0.0,0.0,,0.0,0.0,False,False,0.0,0.0,0.0,0.0,0.0,0.0,0.0,0.0,0.0,0.0,0.0,0.0,0.0,0.0,0.0,0.0,0.0,0.0,0.0,0.0,0.0,0.0,0.0,0.0,0.0,0.0,0.0,0.0,0.0,0.0,0.0,0.0,0.0,0.0,0.0,0.0,0.0,0.0,0.0,0.0,0.0,0.0,0.0,0.0,0.0,0.0,False,False,False,0.0,0.7089799999999999,0.29102,1.8473583699999985,0.9017884970760236,1.8473583699999985,0.0,0.0,0.0,0.0,0.0,0.0,0.0,0.0,0.0,0.0,0.0,0.0,0.0,0.0,13.0877_80.2852,13.0877,80.2852,0.0,12.0,1.0,9.0,0.0,0.0,0.0,0.0,0.0,1.0,4.0,0.0,9.0,0.0,29.0,2279.208300485085,0.0,0.0,1.0,18.0,0.0,6.0,0.0,4.0,0.0,success,,True,9.0,0.0,35.0,19.0,10.0,0.6551724137931034,78.59338967189949,0.0,0.0,0.0,,,,,,,,,,,,,,,,,2026-02-23 12:03:00,0.0,29.01821821,12.83057234,-12.05557658,12.05557658,-41.5448546590828
23-02-2026 12:05,13.086384,80.284817,30.905,69.79625,42.2125,44.3,44.3,331.0875,331.8125,331.875,331.95,1284.975,1.85,176.2,42.35,35.94641968,65,22.0,7.333333333333333,9.0,3.0,1.0,3.0,0.0,0.0,0.0,14.0,4.666666666666667,7.0,12.0,4.0,6.0,1.0,0.3333333333333333,1.0,0.0,0.0,0.0,1.0,0.3333333333333333,1.0,49.0,16.333333333333332,22.0,43.8,14.6,18.1,35.45,11.816666666666668,14.35,0.0932388695033704,0.1350660322331333,0.5579885620112512,0.6029779875979704,0.9123947819073996,0.9341655969619752,3.0,3.0,run_20260223_120453_8329,26.76500916481018,26.76500916481018,True,True,0.1379762817884477,0.1947413565584587,0.0812112070184368,0.0802779386088722,0.4727219492197037,0.4859846830368042,0.4594592154026031,0.0187563380382879,0.2766748666763305,0.282836765050888,0.270512968301773,0.0087142402512639,0.0931078860095013,0.100014372961032,0.0862013990579707,0.0097672475152074,0.0710100496541593,0.0878403743097304,0.0541797249985882,0.0238016733870509,5.440548407279454e-06,1.0881096814558907e-05,0.0,7.694097344321944e-06,0.9433849843708042,0.962007312665876,0.9247626560757324,0.0263359492378548,0.3911673324247458,0.4319496205217485,0.350385044327743,0.0576748649313881,0.0200883468456183,0.0306194064361687,0.009557287255068,0.0148931672991155,0.0431666521530481,0.054577982491353,0.0317553218147432,0.0161380581291503,0.4287994067556155,0.4440921234382872,0.413506690072944,0.0216271673381634,2.0,2.0,True,True,True,52.0,0.6979625,0.3020374999999999,8.353580319999999,0.8114315954853273,8.353580319999999,33.44299769594501,13.866881934457238,10.707229375,13.229242499999998,4.891259189400471,33.44299769594501,13.866881934457238,0.7121318956771688,1.5302578188255551,3.3006745590368216,15.200938969486572,0.0189510447749889,0.0168853841724147,0.0407227714667432,13.0869_80.285,13.0869,80.285,1.0,11.0,3.0,7.0,0.0,0.0,0.0,0.0,0.0,1.0,2.0,0.0,11.0,0.0,33.0,1678.6024484883528,0.0,0.0,5.0,18.0,8.0,2.0,0.0,0.0,0.0,success,,True,11.0,0.0,34.0,23.0,10.0,0.696969696969697,50.86674086328342,87287.32732139435,815.35,1489.1999999999998,sample_0065_run_20260223_120453_8329_offset_000026765_lens1_preprocessed_lens1,1.0,26.76500916481018,97.4329200573943,12.639,110.0719200573943,0.1148249253161905,acceptable_visible_road,good,use_primary,v1_depth_visible_plus_nms_conservative_vehicle_footprint,97.4329200573943,12.639,110.0719200573943,0.1148249253161905,0.129720016525778,2026-02-23 12:05:00,0.0,7.703279886,25.38610615,28.243139793999998,28.243139793999998,366.63785052558325
23-02-2026 12:05,13.08595,80.2847072,30.755,70.125,28.82,30.23,30.23,225.9,226.36,226.42,226.48,2239.88,9.48,218.18,42.85,25.38610615,66,7.0,2.3333333333333335,4.0,0.0,0.0,0.0,3.0,1.0,2.0,29.0,9.666666666666666,16.0,8.0,2.6666666666666665,3.0,2.0,0.6666666666666666,1.0,0.0,0.0,0.0,5.0,1.6666666666666667,3.0,49.0,16.333333333333332,23.0,56.3,18.766666666666666,28.4,55.1,18.366666666666667,29.0,0.0857187776890517,0.132059516865026,0.5895528883705436,0.6231117523633517,0.8630841374397278,0.910673201084137,3.0,3.0,run_20260223_120453_8329,36.76500916481018,36.76500916481018,True,True,0.1565867384950482,0.2377125120964194,0.0754609648936771,0.1147291692850682,0.4926853775978088,0.5011659264564514,0.4842048287391662,0.01199330721226,0.2555094957351684,0.2602757215499878,0.2507432699203491,0.0067404611886502,0.0790292741889724,0.0988614011697653,0.0591971472081795,0.0280468629469427,0.0299565444355816,0.0426838729320424,0.0172292159391209,0.0179991605724723,7.17253008803e-05,0.0001434506017606,0.0,0.0001014348932702,0.9717053662294884,0.9863053899487084,0.9571053425102684,0.0206475515546898,0.7519298997640421,0.7521524909172349,0.7517073086108493,0.0003147914277095,0.0149284594763184,0.0225188169131187,0.0073381020395181,0.0107343864303824,0.0396112689423836,0.0503408713666039,0.0288816665181634,0.0151739492672035,0.4539169971245655,0.4714983333322851,0.436335660916846,0.0248637641095981,2.0,2.0,True,True,True,49.0,0.70125,0.2987499999999999,4.843893850000001,0.8397653374131657,4.843893850000001,53.54096567924481,41.43133747699872,16.461125,16.819625,8.627929291077155,53.54096567924481,41.43133747699872,0.8225581171451438,2.1825809187253364,4.35451300781238,25.01082654156356,0.014506064182678,0.029784897485373,0.0384904825944736,13.0864_80.2848,13.0864,80.2848,1.0,4.0,3.0,7.0,0.0,0.0,0.0,0.0,0.0,1.0,3.0,0.0,11.0,0.0,37.0,2033.7558885194896,0.0,0.0,5.0,22.0,8.0,2.0,0.0,0.0,0.0,success,,True,11.0,0.0,28.0,27.0,10.0,0.7297297297297297,54.96637536539161,99654.038537455,1487.7,1576.4,sample_0066_run_20260223_120453_8329_offset_000036765_lens1_preprocessed_lens1,1.0,36.76500916481018,102.82254807852594,42.92274999999999,145.7452980785259,0.2945052126269877,acceptable_visible_road,good,use_primary,v1_depth_visible_plus_nms_conservative_vehicle_footprint,102.82254807852594,42.92274999999999,145.7452980785259,0.2945052126269877,0.4174449165295897,2026-02-23 12:05:00,0.0,35.94641968,20.02233132,-10.560313529999998,10.560313529999998,-29.37792866162853
23-02-2026 12:06,13.0841995,80.2829232,30.578,71.272,16.46,17.26,17.26,129.01,129.29,129.34,129.35,2637.82,6.42,173.06,23.9,15.62330786,74,9.0,3.0,4.0,0.0,0.0,0.0,3.0,1.0,2.0,20.0,6.666666666666667,9.0,13.0,4.333333333333333,9.0,3.0,1.0,1.0,0.0,0.0,0.0,6.0,2.0,3.0,48.0,16.0,24.0,55.6,18.533333333333335,24.1,53.3,17.76666666666667,22.1,0.1203603875176803,0.1830992437078256,0.6065171110547252,0.6368917040526867,0.9074626763661704,0.9363270401954652,3.0,3.0,run_20260223_120453_8329,116.76500916481018,116.76500916481018,True,True,0.0817244457247797,0.1180531500175948,0.0453957414319647,0.0513765463143407,0.3500063121318817,0.403734028339386,0.2962785959243774,0.0759824649359853,0.1930250898003577,0.1937903463840484,0.1922598332166671,0.0010822362393506,0.1098644558218823,0.1185701979020549,0.1011587137417097,0.0123117785203022,0.1661505180639181,0.3004840930460019,0.0318169430818344,0.1899763636217259,0.0063137150167458,0.0126041423343455,2.328769914621473e-05,0.0088960076256716,0.826424540287692,0.9309740714786264,0.7218750090967575,0.1478553649499684,0.7556519673672244,0.8818519816242311,0.6294519531102177,0.1784737717339367,0.0219547077758256,0.0249357626722728,0.0189736528793784,0.0042158482647343,0.0408814637702447,0.0461771864294919,0.0355857411109976,0.0074892828072738,0.3110853194754294,0.3558632046993911,0.2663074342514677,0.0633254925781124,2.0,2.0,True,True,True,48.0,0.71272,0.28728,1.636692140000001,0.9051742676709154,1.636692140000001,44.04842799733398,40.27624986067306,15.312023999999996,15.972768,4.355912957130758,44.04842799733398,40.27624986067306,1.1701859244515045,2.1789820189540423,5.855775495306326,16.580847528040387,0.0181439092807872,0.0308921585268373,0.0337854449026124,13.0848_80.2835,13.0848,80.2835,0.0,0.0,0.0,0.0,0.0,0.0,0.0,0.0,0.0,1.0,3.0,0.0,0.0,0.0,0.0,0.0,0.0,0.0,0.0,0.0,0.0,0.0,0.0,0.0,0.0,success,,True,0.0,0.0,3.0,0.0,0.0,,,0.0,0.0,166.8,sample_0074_run_20260223_120453_8329_offset_000116765_lens1_preprocessed_lens1,1.0,116.76500916481018,63.7962689913858,12.531999999999998,76.3282689913858,0.1641855653953625,acceptable_visible_road,good,use_primary,v1_depth_visible_plus_nms_conservative_vehicle_footprint,63.7962689913858,12.531999999999998,76.3282689913858,0.1641855653953625,0.1964378199247381,2026-02-23 12:06:00,0.0,35.70437008,10.9429933,-20.081062219999996,20.081062219999996,-56.24258928250499
23-02-2026 12:09,13.0820408,80.2779192,30.56,70.006,30.65,32.14,32.14,240.31,240.81,240.88,240.91,2654.26,30.14,138.81,25.34,26.82225045,86,11.0,3.6666666666666665,5.0,2.0,0.6666666666666666,1.0,9.0,3.0,4.0,22.0,7.333333333333333,9.0,12.0,4.0,12.0,6.0,2.0,3.0,1.0,0.3333333333333333,1.0,15.0,5.0,7.0,61.0,20.333333333333332,24.0,89.9,29.96666666666667,35.6,91.8,30.6,37.9,0.1737898501377209,0.2523188637183376,0.5826191372411293,0.5921703937806582,0.8962007562319437,0.9386461973190308,3.0,3.0,run_20260223_120453_8329,246.76500916481015,246.76500916481015,True,True,0.1137965015034121,0.1331630212457112,0.094429981761113,0.0273883948755256,0.3931307643651962,0.4073246121406555,0.3789369165897369,0.0200731320263137,0.2159331813454627,0.2241225838661193,0.2077437788248062,0.0115815641124449,0.069647013437163,0.0749888418625691,0.064305185011757,0.0075544862070793,0.0723872426807184,0.0982095391460085,0.0465649462154283,0.036518241872832,0.0001286712239674,0.0002573424479349,0.0,0.0001819685900219,0.9271119764676514,0.9518605858985696,0.9023633670367333,0.0349998191070791,0.8834978398372164,0.8846427384979623,0.8823529411764706,0.0016191312135695,0.0115364148945208,0.0119252228398598,0.0111476069491818,0.0005498574694568,0.0322434160723986,0.0365778106170823,0.027909021527715,0.0061297595497675,0.365826201836404,0.3811315275971085,0.3505208760756996,0.0216449992673265,2.0,2.0,True,True,True,63.0,0.70006,0.29994,5.317749550000002,0.8345441957062849,5.317749550000002,85.1088794397304,81.10510169705647,27.534491999999997,26.964606,10.44651883801323,85.1088794397304,81.10510169705647,1.0590428873170097,2.9599455954461913,6.393595833531562,33.58284532858189,0.01069554841421,0.0284869884489367,0.0298932572029503,13.0821_80.2782,13.0821,80.2782,0.0,12.0,6.0,0.0,0.0,0.0,0.0,0.0,1.0,4.0,2.0,1.0,4.0,2.0,30.0,1647.8567748837218,0.0,0.0,5.0,4.0,0.0,11.0,0.0,10.0,0.0,success,,True,6.0,0.0,28.0,9.0,21.0,0.3,54.92855916279073,103814.97681767448,826.1999999999999,2517.2000000000003,sample_0086_run_20260223_120453_8329_offset_000246765_lens1_preprocessed_lens1,1.0,246.76500916481015,60.36757014238619,25.552375,85.91994514238618,0.2973974780553538,acceptable_visible_road,good,use_primary,v1_depth_visible_plus_nms_conservative_vehicle_footprint,60.36757014238619,25.552375,85.91994514238618,0.2973974780553538,0.4232798328594442,2026-02-23 12:09:00,60.0,13.31129817,14.16576171,13.510952279999998,13.510952279999998,101.49988459014435
23-02-2026 12:09,13.0820238,80.277776,30.587,69.982,14.6,15.29,15.29,114.32,114.56,114.6,114.3,2950.96,25.69,147.81,31.28,14.16576171,87,11.0,3.6666666666666665,5.0,1.0,0.3333333333333333,1.0,7.0,2.3333333333333335,3.0,15.0,5.0,6.0,13.0,4.333333333333333,6.0,6.0,2.0,3.0,0.0,0.0,0.0,13.0,4.333333333333333,6.0,52.0,17.333333333333332,22.0,76.4,25.46666666666667,33.6,77.05,25.683333333333337,34.25,0.2003798554684388,0.3142627323048445,0.5925001125788727,0.7151636630296707,0.934170663356781,0.9496510028839112,3.0,3.0,run_20260223_120453_8329,256.7650091648102,256.7650091648102,True,True,0.0798998083620819,0.081432344686687,0.0783672720374769,0.0021673336550858,0.4061715304851532,0.4528394639492035,0.3595035970211029,0.0659984244327851,0.1908818408846855,0.1965927332639694,0.1851709485054016,0.0080764214560364,0.1381121746682398,0.2034426627835779,0.0727816865529019,0.0923912623291653,0.1352746206266265,0.1703014831353378,0.1002477581179153,0.0495354640071971,0.0013233685319846,0.0026423519645371,4.385099432129623e-06,0.0018653242588611,0.795015383572242,0.9028700475783288,0.6871607195661551,0.1525295286026013,0.7777591305759927,0.8778662106163257,0.6776520505356596,0.141572790282608,0.01643315655897,0.0223596148785576,0.0105066982393825,0.0083812777323995,0.0406874892236776,0.0561426691972228,0.0252323092501325,0.0218569251275046,0.3470254582489808,0.3607125975898895,0.3333383189080722,0.0193565380860033,2.0,2.0,True,True,True,53.0,0.69982,0.30018,1.1242382899999992,0.9264723158927404,1.1242382899999992,61.25593530424124,59.92634101088023,23.128869,22.933752,6.15628023429841,61.25593530424124,59.92634101088023,1.2661747128686385,3.1349710446843586,10.641543058187876,26.738311558083968,0.0130646122650322,0.0316450662439275,0.0323471798517535,13.082_80.2779,13.082,80.2779,0.0,12.0,6.0,0.0,0.0,0.0,0.0,0.0,1.0,4.0,2.0,1.0,4.0,2.0,30.0,1647.8567748837218,0.0,0.0,5.0,4.0,0.0,11.0,0.0,10.0,0.0,success,,True,6.0,0.0,28.0,9.0,21.0,0.3,54.92855916279073,87336.40906883725,693.4499999999999,2139.2000000000003,sample_0087_run_20260223_120453_8329_offset_000256765_lens1_preprocessed_lens1,1.0,256.7650091648102,44.37783960384989,9.0572,53.435039603849894,0.1694992661584449,acceptable_visible_road,good,use_primary,v1_depth_visible_plus_nms_conservative_vehicle_footprint,44.37783960384989,9.0572,53.435039603849894,0.1694992661584449,0.2040928553722174,2026-02-23 12:09:00,0.0,26.82225045,12.39284091,-12.656488739999999,12.656488739999999,-47.18652807896661
23-02-2026 12:12,13.08110873,80.27111273,30.69363636,69.39,57.71818182,60.50909091,60.50909091,452.3818182,453.3545455,453.4636364,453.5454545,1917.381818,17.25454545,187.4272727,24.66363636,48.47772157,109,18.0,6.0,9.0,0.0,0.0,0.0,3.0,1.0,1.0,24.0,8.0,10.0,13.0,4.333333333333333,7.0,4.0,1.3333333333333333,2.0,0.0,0.0,0.0,7.0,2.3333333333333335,3.0,62.0,20.666666666666668,22.0,71.7,23.9,24.8,67.2,22.4,23.1,0.2197535536016837,0.3758280507081744,0.5930824494548835,0.6431314904581417,0.9234269857406616,0.9596141576766968,3.0,3.0,run_20260223_120453_8329,476.7650091648102,476.7650091648102,True,True,0.0667957753255036,0.077082371118149,0.0565091795328582,0.0145474432806091,0.3475911319255829,0.3728800415992737,0.3223022222518921,0.0357639190381616,0.2161104753613471,0.2173179686069488,0.2149029821157455,0.0017076533244037,0.0790365125973416,0.0866291432723541,0.0714438819223292,0.0107376012746925,0.0949211779591676,0.1807842857524988,0.0090580701658365,0.1214287715488319,0.0,0.0,0.0,0.0,0.9012876206139028,0.9708319976230874,0.8317432436047185,0.0983506011531763,0.8776081630497221,0.9620632227495562,0.7931531033498881,0.1194374908385348,0.0197072200306412,0.0290897256426488,0.0103247144186337,0.0132688666855427,0.0339166970369182,0.0362008876421783,0.0316325064316582,0.0032303333330039,0.3203107503997483,0.3462400439360619,0.2943814568634348,0.0366695585818076,2.0,2.0,True,True,True,62.0,0.6939,0.3061,12.031369339999998,0.8011642687229392,12.031369339999998,60.56652810525427,58.97526855694133,20.569920000000003,21.947370000000003,4.488676101873842,60.56652810525427,58.97526855694133,1.3243251860590886,2.2792020408809033,5.311253646541355,21.524882426863087,0.0177618734503312,0.0297655701832837,0.0305686991714866,13.0811_80.2711,13.0811,80.2711,0.0,3.0,2.0,1.0,0.0,0.0,0.0,0.0,0.0,0.0,1.0,3.0,3.0,1.0,75.0,4254.877603042657,0.0,0.0,6.0,5.0,2.0,56.0,0.0,6.0,0.0,success,,True,4.0,0.0,14.0,11.0,64.0,0.1466666666666666,56.73170137390209,263802.4113886447,739.2,1003.8,sample_0109_run_20260223_120453_8329_offset_000476765_lens1_preprocessed_lens1,1.0,476.7650091648102,45.59720152604197,15.569,61.166201526041974,0.2545359955591059,acceptable_visible_road,good,use_primary,v1_depth_visible_plus_nms_conservative_vehicle_footprint,45.59720152604197,15.569,61.166201526041974,0.2545359955591059,0.3414463931763019,2026-02-23 12:12:00,0.0,24.7037672,44.61456476,23.77395437,23.77395437,96.23614964279616
23-02-2026 12:13,13.0811014,80.2710728,30.932,68.902,39.78,41.69,41.69,312.86,313.54,313.6,313.66,3454.84,12.81,278.04,29.68,34.49232853,111,0.0,0.0,0.0,0.0,0.0,0.0,0.0,0.0,0.0,0.0,0.0,0.0,0.0,0.0,0.0,0.0,0.0,0.0,0.0,0.0,0.0,0.0,0.0,0.0,0.0,0.0,0.0,0.0,0.0,0.0,0.0,0.0,0.0,0.0,0.0,0.0,0.0,0.0,0.0,0.0,0.0,,0.0,0.0,False,False,0.0,0.0,0.0,0.0,0.0,0.0,0.0,0.0,0.0,0.0,0.0,0.0,0.0,0.0,0.0,0.0,0.0,0.0,0.0,0.0,0.0,0.0,0.0,0.0,0.0,0.0,0.0,0.0,0.0,0.0,0.0,0.0,0.0,0.0,0.0,0.0,0.0,0.0,0.0,0.0,0.0,0.0,0.0,0.0,0.0,0.0,False,False,False,0.0,0.68902,0.31098,7.197671469999996,0.827352567282322,7.197671469999996,0.0,0.0,0.0,0.0,0.0,0.0,0.0,0.0,0.0,0.0,0.0,0.0,0.0,0.0,13.0811_80.2711,13.0811,80.2711,0.0,3.0,2.0,1.0,0.0,0.0,0.0,0.0,0.0,0.0,1.0,3.0,3.0,1.0,75.0,4254.877603042657,0.0,0.0,6.0,5.0,2.0,56.0,0.0,6.0,0.0,success,,True,4.0,0.0,14.0,11.0,64.0,0.1466666666666666,56.73170137390209,0.0,0.0,0.0,,,,,,,,,,,,,,,,,2026-02-23 12:13:00,0.0,44.61456476,23.93947502,-10.122236229999999,10.122236229999999,-22.688187780048175
23-02-2026 12:13,13.0810911,80.2710488,31.076,68.029,26.35,27.64,27.64,206.61,207.03,207.1,207.13,3075.49,4.02,217.63,23.89,23.93947502,112,0.0,0.0,0.0,0.0,0.0,0.0,0.0,0.0,0.0,0.0,0.0,0.0,0.0,0.0,0.0,0.0,0.0,0.0,0.0,0.0,0.0,0.0,0.0,0.0,0.0,0.0,0.0,0.0,0.0,0.0,0.0,0.0,0.0,0.0,0.0,0.0,0.0,0.0,0.0,0.0,0.0,,0.0,0.0,False,False,0.0,0.0,0.0,0.0,0.0,0.0,0.0,0.0,0.0,0.0,0.0,0.0,0.0,0.0,0.0,0.0,0.0,0.0,0.0,0.0,0.0,0.0,0.0,0.0,0.0,0.0,0.0,0.0,0.0,0.0,0.0,0.0,0.0,0.0,0.0,0.0,0.0,0.0,0.0,0.0,0.0,0.0,0.0,0.0,0.0,0.0,False,False,False,0.0,0.68029,0.31971,3.700524980000001,0.866117041244573,3.700524980000001,0.0,0.0,0.0,0.0,0.0,0.0,0.0,0.0,0.0,0.0,0.0,0.0,0.0,0.0,13.0811_80.2711,13.0811,80.2711,0.0,3.0,2.0,1.0,0.0,0.0,0.0,0.0,0.0,0.0,1.0,3.0,3.0,1.0,75.0,4254.877603042657,0.0,0.0,6.0,5.0,2.0,56.0,0.0,6.0,0.0,success,,True,4.0,0.0,14.0,11.0,64.0,0.1466666666666666,56.73170137390209,0.0,0.0,0.0,,,,,,,,,,,,,,,,,2026-02-23 12:13:00,0.0,34.49232853,16.9641832,-10.552853510000002,10.552853510000002,-30.594784288980566
23-02-2026 12:14,13.081136,80.2717024,31.64,64.97,45.26,49.1,49.46,353.92,355.66,355.96,356.06,2073.06,1.64,183.08,31.72,40.39730818,120,14.0,4.666666666666667,9.0,0.0,0.0,0.0,1.0,0.3333333333333333,1.0,10.0,3.3333333333333335,5.0,20.0,6.666666666666667,10.0,8.0,2.6666666666666665,4.0,1.0,0.3333333333333333,1.0,9.0,3.0,4.0,54.0,18.0,23.0,68.6,22.866666666666664,31.6,64.9,21.633333333333336,29.9,0.0492661584325822,0.1007422275521762,0.5697357811907376,0.6324465841054916,0.8871916731198629,0.896822452545166,3.0,3.0,run_20260223_121418_5341,21.549389362335205,21.549389362335205,True,True,0.2190129400268949,0.2732206579352512,0.1648052221185386,0.0766612898512923,0.4129822850227356,0.4387324154376983,0.3872321546077728,0.0364161836657162,0.2377651557326316,0.254488468170166,0.2210418432950973,0.0236503352569637,0.0482676487003662,0.0533465582091502,0.0431887391915822,0.007182662709388,0.0050481987073822,0.0076902866732975,0.0024061107414669,0.0037364766343801,0.0001139401023584,0.0002278802047168,0.0,0.0001611356380534,0.9920840995381496,0.9979536109898762,0.9862145880864228,0.008300742699536,0.8421917723834289,0.946777907952483,0.7376056368143747,0.1479071313579474,0.0087113916441333,0.0116433379892386,0.0057794452990281,0.004146398285398,0.0262492101536152,0.0297217415007672,0.0227766788064632,0.004910900926908,0.3929178185875666,0.4153275510993101,0.3705080860758232,0.0316921476472608,2.0,2.0,True,True,True,54.0,0.6496999999999999,0.3503,9.062691819999998,0.8167672498989083,8.702691819999998,64.38625806002591,54.65824602768454,22.734470000000005,24.03058,14.21393980774548,64.38625806002591,54.65824602768454,0.5653693177042511,1.7035737389696266,3.1325704006537665,25.500366426333073,0.0086424331349941,0.0221068688229382,0.0260414240188369,13.081_80.2712,13.081,80.2712,0.0,3.0,2.0,1.0,0.0,0.0,0.0,0.0,0.0,0.0,1.0,3.0,2.0,1.0,75.0,4254.877603042657,0.0,0.0,6.0,5.0,2.0,56.0,0.0,6.0,0.0,success,,True,3.0,0.0,13.0,11.0,64.0,0.1466666666666666,56.73170137390209,229763.39056430347,713.9000000000001,891.8,sample_0120_run_20260223_121418_5341_offset_000021549_lens1_preprocessed_lens1,1.0,21.549389362335205,122.2772710781711,21.451,143.7282710781711,0.1492469076479268,acceptable_visible_road,good,use_primary,v1_depth_visible_plus_nms_conservative_vehicle_footprint,122.2772710781711,21.451,143.7282710781711,0.1492469076479268,0.1754291685679386,2026-02-23 12:14:00,0.0,16.8463986,53.7477345,23.550909580000003,23.550909580000003,139.79788879030798
23-02-2026 12:14,13.08140067,80.27299644,31.62333333,65.40444444,61.71111111,131.8666667,146.6444444,442.9111111,484.7222222,492.8111111,494.9888889,1698.766667,10.64444444,186.5777778,27.45555556,53.7477345,121,11.0,3.6666666666666665,5.0,0.0,0.0,0.0,2.0,0.6666666666666666,1.0,9.0,3.0,5.0,7.0,2.3333333333333335,4.0,3.0,1.0,1.0,0.0,0.0,0.0,5.0,1.6666666666666667,2.0,32.0,10.666666666666666,16.0,40.4,13.466666666666669,18.5,38.2,12.733333333333334,17.2,0.0548969995046421,0.0899570898954337,0.6430742334988383,0.7970227003097534,0.8634132146835327,0.8762065768241882,3.0,3.0,run_20260223_121418_5341,31.549389362335205,31.549389362335205,True,True,0.2090566638703515,0.2744577917436439,0.1436555359970591,0.0924911620329071,0.3712657541036606,0.3836984932422638,0.3588330149650574,0.0175825483072594,0.2376971617341041,0.247468039393425,0.2279262840747833,0.0138181077020998,0.0460279066217711,0.0460751194413499,0.0459806938021924,6.676900976614218e-05,0.0043552501243257,0.0066495455733772,0.0020609546752744,0.0032446237401393,0.0,0.0,0.0,0.0,0.9921397092680888,0.997335533688345,0.9869438848478324,0.0073480053628358,0.8759939224045078,0.910578682701032,0.8414091621079836,0.0489102370627671,0.0077527545539675,0.0109416088701616,0.0045639002377735,0.0045097210223936,0.0239801940576856,0.0291871458544146,0.0187732422609567,0.007363741849557,0.3541765816572459,0.3660195393366605,0.3423336239778315,0.0167484713688385,2.0,2.0,True,True,True,32.0,0.6540444444000001,0.3459555555999999,92.8967099,0.3665173591806387,78.11893219999999,37.899736894041,33.4629678358522,13.215502223919998,13.976604446239996,7.985964559847427,37.899736894041,33.4629678358522,0.2961552239615585,0.91604341300359,1.7582660329516562,13.529545419306794,0.0076918156492001,0.0210065042526132,0.0237917027605845,13.0811_80.2717,13.0811,80.2717,0.0,3.0,2.0,2.0,1.0,0.0,0.0,0.0,0.0,0.0,1.0,3.0,3.0,1.0,59.0,2948.2684282310806,0.0,0.0,6.0,5.0,2.0,42.0,0.0,4.0,0.0,success,,True,4.0,1.0,15.0,11.0,48.0,0.1864406779661017,49.97065132595052,94344.58970339458,420.2000000000001,606.0,sample_0121_run_20260223_121418_5341_offset_000031549_lens1_preprocessed_lens1,1.0,31.549389362335205,112.4284552934032,19.051,131.4794552934032,0.1448971625071514,acceptable_visible_road,good,use_primary,v1_depth_visible_plus_nms_conservative_vehicle_footprint,112.4284552934032,19.051,131.4794552934032,0.1448971625071514,0.1694499844392848,2026-02-23 12:14:00,0.0,40.39730818,21.23921735,13.350426319999997,13.350426319999997,33.04781165248421
23-02-2026 12:15,13.0815762,80.2737232,31.598,65.928,22.41,54.33,61.14,156.84,175.96,179.67,180.67,1882.75,15.78,212.6,44.16,21.23921735,122,14.0,4.666666666666667,8.0,1.0,0.3333333333333333,1.0,1.0,0.3333333333333333,1.0,15.0,5.0,7.0,7.0,2.3333333333333335,5.0,6.0,2.0,2.0,0.0,0.0,0.0,7.0,2.3333333333333335,3.0,43.0,14.333333333333334,17.0,58.1,19.366666666666667,22.3,56.05,18.683333333333337,22.25,0.0682483456530063,0.1231728033571776,0.5965478788403904,0.6111128540600047,0.9049349427223206,0.9451022148132324,3.0,3.0,run_20260223_121418_5341,41.549389362335205,41.549389362335205,True,True,0.1798442527083411,0.2092835208278349,0.1504049845888474,0.0416334122409259,0.3678683340549468,0.3695718646049499,0.3661648035049438,0.0024091560077312,0.2407810240983962,0.2497394382953643,0.2318226099014282,0.0126691108547078,0.0522779676532039,0.0533694347564967,0.0511865005499112,0.0015435675803606,0.0221716610850259,0.0223889787440168,0.021954343426035,0.0003073335806881,0.0,0.0,0.0,0.0,0.9785773510209292,0.9804221640216418,0.9767325380202168,0.0026089595656498,0.8640388597895394,0.8952898114338256,0.8327879081452533,0.0441955196524152,0.0103843900331117,0.0133632579440734,0.00740552212215,0.0042127554002,0.0272138823996419,0.0327664646063625,0.0216613001929214,0.0078525370629357,0.3486387845341391,0.3506547741541169,0.3466227949141613,0.0028510398621759,2.0,2.0,True,True,True,44.0,0.65928,0.34072,39.90078265,0.3473866102387962,33.090782649999994,54.84926052472308,48.42937809120368,19.097356,19.795832,10.080270364302518,54.84926052472308,48.42937809120368,0.5820450613559107,1.5253381084999285,2.9301800869620784,19.541203873138496,0.0101619288905705,0.0235138519190332,0.0266308889496366,13.0814_80.273,13.0814,80.273,0.0,8.0,2.0,2.0,1.0,0.0,0.0,0.0,0.0,1.0,1.0,2.0,2.0,1.0,19.0,1500.1629569291383,0.0,0.0,9.0,6.0,2.0,0.0,0.0,2.0,0.0,success,,True,3.0,1.0,18.0,15.0,4.0,0.7894736842105263,78.9559451015336,66007.17010488208,840.75,1045.8,sample_0122_run_20260223_121418_5341_offset_000041549_lens1_preprocessed_lens1,1.0,41.549389362335205,80.37265560030866,23.019999999999996,103.39265560030866,0.2226463752801729,acceptable_visible_road,good,use_primary,v1_depth_visible_plus_nms_conservative_vehicle_footprint,80.37265560030866,23.019999999999996,103.39265560030866,0.2226463752801729,0.2864158192616892,2026-02-23 12:15:00,60.0,53.7477345,16.44554989,-32.50851715,32.50851715,-60.483511449212806
23-02-2026 12:16,13.0817223,80.2746856,30.807,67.119,56.72,59.49,59.49,444.54,445.49,445.6,445.7,3201.27,25.74,234.04,31.2,49.15186713,132,12.0,4.0,5.0,0.0,0.0,0.0,6.0,2.0,3.0,8.0,2.6666666666666665,4.0,5.0,1.6666666666666667,4.0,3.0,1.0,1.0,0.0,0.0,0.0,9.0,3.0,4.0,34.0,11.333333333333334,14.0,51.3,17.099999999999998,20.0,51.2,17.066666666666666,20.3,0.5094219719461304,0.6882154665131163,0.6331418141840942,0.7370446436107159,0.867035428682963,0.9245513677597046,3.0,3.0,run_20260223_121418_5341,141.5493893623352,141.5493893623352,True,True,0.0349820203219846,0.0554638014647664,0.0145002391792029,0.0289656126736794,0.3629805445671081,0.3719673752784729,0.3539937138557434,0.012709297874763,0.2550225704908371,0.2700774371623993,0.2399677038192749,0.0212907966266419,0.0960398768209544,0.0975982758709349,0.0944814777709739,0.0022039090720717,0.1961558079333263,0.2222301220523758,0.1700814938142769,0.036874648656736,0.0,0.0,0.0,0.0,0.8405411950571949,0.8484955907305766,0.8325867993838133,0.0112492142417781,0.5107864935623834,0.760262405302276,0.2613105818224908,0.3528122178679493,0.0150753170386446,0.0162815499466761,0.0138690841306131,0.0017058709379188,0.0357743871735929,0.0408028684830444,0.0307459058641414,0.0071113464659659,0.328133942846923,0.3368233479795723,0.3194445377142738,0.0122886745875469,2.0,2.0,True,True,True,34.0,0.67119,0.32881,10.338132870000004,0.8262206611195159,10.338132870000004,43.035709186928386,26.15226847039403,16.835072000000004,16.867953,1.7910794404856116,43.035709186928386,26.15226847039403,0.7718562323786036,1.8316486232879567,4.9172416932328655,16.800457873762458,0.0126714249995284,0.0182730737837426,0.0300698461473305,13.0817_80.2746,13.0817,80.2746,0.0,14.0,3.0,1.0,0.0,0.0,0.0,0.0,0.0,3.0,1.0,1.0,2.0,1.0,17.0,1155.142902187989,0.0,0.0,9.0,2.0,2.0,2.0,0.0,2.0,0.0,success,,True,3.0,0.0,23.0,11.0,6.0,0.6470588235294118,67.94958248164642,39274.858674391624,563.2,1179.9,sample_0132_run_20260223_121418_5341_offset_000141549_lens1_preprocessed_lens1,1.0,141.5493893623352,7.776131031212832,5.20275,12.978881031212833,0.4008627544614931,very_low_visible_road,medium,exclude_or_manual_review,v1_depth_visible_plus_nms_conservative_vehicle_footprint,7.776131031212832,5.20275,12.978881031212833,0.4008627544614931,0.6690666578426385,2026-02-23 12:16:00,0.0,30.29656758,70.63740531,18.855299549999998,18.855299549999998,62.23576152714788
23-02-2026 12:16,13.0817074,80.2747704,30.8,67.278,82.87,86.9,86.9,649.54,650.93,651.08,651.23,4467.82,34.98,285.57,38.45,70.63740531,133,15.0,5.0,6.0,0.0,0.0,0.0,5.0,1.6666666666666667,2.0,14.0,4.666666666666667,8.0,11.0,3.6666666666666665,8.0,4.0,1.3333333333333333,2.0,0.0,0.0,0.0,9.0,3.0,4.0,49.0,16.333333333333332,23.0,64.0,21.333333333333332,25.6,61.8,20.6,24.3,0.3137106958919656,0.5106145577905433,0.6317471122263267,0.7241695133539346,0.9210590720176696,0.929774820804596,3.0,3.0,run_20260223_121418_5341,151.5493893623352,151.5493893623352,True,True,0.0635432302663411,0.0911566582541567,0.0359298022785255,0.0390512843639816,0.3836300671100616,0.3904883861541748,0.3767717480659485,0.0096991278072665,0.2454473599791526,0.2602730989456177,0.2306216210126876,0.0209667611185781,0.084496613238221,0.084941823577091,0.0840514028993511,0.0006296224993386,0.1307462519497756,0.1504581364653671,0.1110343674341842,0.0278768144218816,0.0,0.0,0.0,0.0,0.8813268976259536,0.8967280535299263,0.865925741721981,0.0217805235556206,0.6158152435618927,0.8511859321569739,0.3804445549668114,0.3328644199962582,0.0156205671451024,0.0174587825867789,0.0137823517034259,0.0025996292081825,0.0358514763798551,0.038911967271257,0.0327909854884534,0.0043281877261397,0.3512115723083642,0.3573195905485639,0.3451035540681646,0.0086380422345125,2.0,2.0,True,True,True,49.0,0.67278,0.3272199999999999,16.26259469,0.8128585191024166,16.26259469,54.466002273283934,38.05738205212496,20.222195999999997,20.942079999999997,3.9269716304598794,54.466002273283934,38.05738205212496,0.9653510495673284,2.215621240275045,5.221890698122057,21.704875168656905,0.0137668259811509,0.0220778856589139,0.0315968704531678,13.0817_80.2747,13.0817,80.2747,0.0,14.0,3.0,1.0,1.0,0.0,0.0,0.0,0.0,3.0,1.0,1.0,2.0,1.0,17.0,1155.142902187989,0.0,0.0,9.0,2.0,2.0,2.0,0.0,2.0,0.0,success,,True,3.0,1.0,23.0,11.0,6.0,0.6470588235294118,67.94958248164642,56602.00220721146,679.8,1472.0,sample_0133_run_20260223_121418_5341_offset_000151549_lens1_preprocessed_lens1,1.0,151.5493893623352,15.94106394467517,7.449749999999999,23.39081394467517,0.3184904132716555,low_visible_road,medium,use_sensitivity_only,v1_depth_visible_plus_nms_conservative_vehicle_footprint,15.94106394467517,7.449749999999999,23.39081394467517,0.3184904132716555,0.4673307895793527,2026-02-23 12:16:00,0.0,49.15186713,120.432376,21.485538180000006,21.485538180000006,43.712557496897695
23-02-2026 12:17,13.0817282,80.2749888,30.791,67.5,143.48,150.46,150.46,1126.56,1128.97,1129.22,1129.46,5593.62,23.72,339.48,47.86,120.432376,134,19.0,6.333333333333333,10.0,0.0,0.0,0.0,5.0,1.6666666666666667,2.0,14.0,4.666666666666667,6.0,12.0,4.0,6.0,6.0,2.0,3.0,0.0,0.0,0.0,11.0,3.6666666666666665,5.0,56.0,18.666666666666668,26.0,76.1,25.366666666666664,35.0,73.5,24.5,33.3,0.2170618257313125,0.2449404294245209,0.6483324046330478,0.697498544341042,0.9101889928181968,0.9494582414627076,3.0,3.0,run_20260223_121418_5341,161.5493893623352,161.5493893623352,True,True,0.1186515766779461,0.1253003485968153,0.112002804759077,0.0094027834207901,0.3552731573581695,0.3698494136333465,0.3406969010829925,0.0206139393129812,0.2326726615428924,0.2533980906009674,0.2119472324848175,0.029310182859931,0.1059588808496898,0.1263590570958001,0.0855587046035795,0.0288502059220506,0.1642689498870289,0.1760879384446666,0.1524499613293913,0.0167145739117436,0.0066292874769159,0.0132467404242248,1.1834529607034443e-05,0.00935849170645,0.8373284738788545,0.8493464392871444,0.8253105084705645,0.0169959696725343,0.5957287580954325,0.8038683132442194,0.3875892029466455,0.2943537817577172,0.015193046783755,0.0174785666094378,0.0129075269580722,0.0032322131345532,0.0347798488551257,0.0366321366483447,0.0329275610619067,0.0026195305185884,0.3173314530115401,0.3231155904592023,0.3115473155638778,0.008180005625114,2.0,2.0,True,True,True,56.0,0.675,0.3249999999999999,30.027624000000003,0.8004278612255749,30.027624000000003,61.543642830095806,43.78606372001428,23.887499999999996,24.732499999999995,8.720890885829037,61.543642830095806,43.78606372001428,1.1166889386059926,2.556318890851739,7.7879777424522,23.323861796348197,0.0127215706770116,0.0207193561652108,0.0291221577635996,13.0817_80.2748,13.0817,80.2748,0.0,14.0,4.0,1.0,1.0,0.0,0.0,0.0,0.0,3.0,1.0,1.0,2.0,1.0,17.0,1155.142902187989,0.0,0.0,9.0,2.0,2.0,2.0,0.0,2.0,0.0,success,,True,3.0,1.0,24.0,11.0,6.0,0.6470588235294118,67.94958248164642,64688.002522527386,808.5,1826.4,sample_0134_run_20260223_121418_5341_offset_000161549_lens1_preprocessed_lens1,1.0,161.5493893623352,65.1692365811669,20.601125,85.7703615811669,0.2401893220480897,acceptable_visible_road,good,use_primary,v1_depth_visible_plus_nms_conservative_vehicle_footprint,65.1692365811669,20.601125,85.7703615811669,0.2401893220480897,0.3161173289845391,2026-02-23 12:17:00,60.0,70.63740531,130.2401236,49.79497069,49.79497069,70.49377092982013
23-02-2026 12:17,13.0817566,80.2755808,30.761,67.181,98.89,103.69,103.69,776.11,777.77,777.97,778.14,4967.88,19.36,281.3,34.3,84.20059336,136,22.0,7.333333333333333,11.0,0.0,0.0,0.0,5.0,1.6666666666666667,3.0,20.0,6.666666666666667,8.0,9.0,3.0,4.0,4.0,1.3333333333333333,3.0,0.0,0.0,0.0,9.0,3.0,4.0,60.0,20.0,26.0,75.3,25.1,33.9,71.4,23.8,31.8,0.1757459582706169,0.2813617178992533,0.6490135607338069,0.6556418566476732,0.9219645460446676,0.9317496418952942,3.0,3.0,run_20260223_121418_5341,181.5493893623352,181.5493893623352,True,True,0.1511227799339252,0.2476298578120876,0.0546157020557629,0.1364816184002936,0.3486084192991256,0.3673940598964691,0.3298227787017822,0.0265669077106297,0.2298668101429938,0.2563436031341553,0.2033900171518325,0.0374438397362453,0.0711319950405515,0.0865717330288948,0.0556922570522083,0.0218350868626021,0.1052416647390977,0.1705383398793801,0.0399449895988154,0.0923434435612574,0.0,0.0,0.0,0.0,0.8959715730551555,0.9649246243708288,0.8270185217394822,0.0975143403376331,0.7872089436623272,0.8067008328513123,0.767717054473342,0.0275656940473363,0.0107752636662012,0.0127091734992294,0.008841353833173,0.0027349615142751,0.0246129129141059,0.0271374707152408,0.022088355112971,0.0035702638813597,0.3241012523152118,0.3469330554732605,0.3012694491571632,0.0322890456795452,2.0,2.0,True,True,True,60.0,0.67181,0.32819,19.48940664,0.812041598611245,19.48940664,63.97237031613811,56.206718577490165,23.432766,24.712707,10.79016648728226,63.97237031613811,56.206718577490165,0.7693538257667658,1.757361982067161,5.0788244458953775,23.14082941530613,0.0096543299370903,0.0193755051755661,0.022052470301121,13.0817_80.2753,13.0817,80.2753,0.0,14.0,6.0,1.0,1.0,0.0,0.0,0.0,0.0,3.0,1.0,1.0,2.0,0.0,20.0,1091.688502331934,0.0,0.0,9.0,2.0,0.0,7.0,0.0,2.0,0.0,success,,True,2.0,1.0,25.0,11.0,9.0,0.55,54.5844251165967,65501.31013991604,785.4000000000001,1882.5,sample_0136_run_20260223_121418_5341_offset_000181549_lens1_preprocessed_lens1,1.0,181.5493893623352,112.5407481346734,14.366,126.9067481346734,0.1132012301249324,acceptable_visible_road,good,use_primary,v1_depth_visible_plus_nms_conservative_vehicle_footprint,112.5407481346734,14.366,126.9067481346734,0.1132012301249324,0.1276515416692337,2026-02-23 12:17:00,0.0,130.2401236,69.72171791,-46.039530240000005,46.039530240000005,-35.34972861466173
23-02-2026 12:17,13.0817603,80.2757808,30.744,66.675,80.81,84.76,84.76,633.62,634.96,635.12,635.24,4123.24,12.64,238.23,26.13,69.72171791,137,18.0,6.0,7.0,2.0,0.6666666666666666,1.0,7.0,2.3333333333333335,3.0,14.0,4.666666666666667,8.0,8.0,2.6666666666666665,5.0,7.0,2.3333333333333335,5.0,0.0,0.0,0.0,14.0,4.666666666666667,7.0,54.0,18.0,22.0,83.19999999999999,27.73333333333333,37.8,83.3,27.766666666666666,38.6,0.1388475509227697,0.155312300051836,0.590404619644682,0.6176803651310149,0.9142110546429952,0.9448301196098328,3.0,3.0,run_20260223_121418_5341,191.5493893623352,191.5493893623352,True,True,0.1134907772656436,0.1242413718753534,0.1027401826559338,0.0152036367006266,0.4153737872838974,0.4323764145374298,0.398371160030365,0.0240453460579199,0.2524599656462669,0.2912533581256866,0.2136665731668472,0.0548621417748577,0.0803962327158364,0.0871381169432077,0.0736543484884652,0.0095344641102976,0.090418594339527,0.1001174034766146,0.0807197852024396,0.0137161874205372,4.445313750244492e-06,8.890627500488985e-06,0.0,6.286622994599367e-06,0.9147470055600744,0.916563239033411,0.912930772086738,0.0025685420104284,0.5666561021668346,0.8610732765518591,0.2722389277818101,0.4163687610108662,0.0121429915570418,0.0137505895260043,0.0105353935880794,0.0022734868505501,0.0356517976041904,0.0362434715439164,0.0350601236644644,0.0008367533100632,0.3818646698728583,0.3946999479639824,0.3690293917817343,0.0181518243532978,2.0,2.0,True,True,True,56.0,0.66675,0.33325,15.03828209000001,0.8225780782208588,15.03828209000001,76.19842556315419,47.20245331049732,27.759725000000003,27.7264,9.453781746228112,76.19842556315419,47.20245331049732,1.011511196701582,2.96979474042906,6.6970061852291725,31.809327000409095,0.0111077651653452,0.0202023086656314,0.032612375101267,13.0818_80.2756,13.0818,80.2756,0.0,14.0,6.0,1.0,1.0,0.0,0.0,0.0,0.0,3.0,1.0,1.0,2.0,1.0,19.0,1012.160251672989,0.0,0.0,8.0,2.0,0.0,7.0,0.0,2.0,0.0,success,,True,3.0,1.0,26.0,10.0,9.0,0.5263157894736842,53.271592193315215,56680.974093687386,833.0,2163.2,sample_0137_run_20260223_121418_5341_offset_000191549_lens1_preprocessed_lens1,1.0,191.5493893623352,41.97253533848073,7.470749999999999,49.443285338480734,0.1510973623386159,acceptable_visible_road,good,use_primary,v1_depth_visible_plus_nms_conservative_vehicle_footprint,41.97253533848073,7.470749999999999,49.443285338480734,0.1510973623386159,0.1779913922223983,2026-02-23 12:17:00,0.0,84.20059336,147.5344017,-14.478875450000004,14.478875450000004,-17.195692895055394
23-02-2026 12:17,13.0818058,80.2759672,30.722,66.637,173.45,181.87,181.87,1359.55,1362.45,1362.77,1363.08,3931.68,20.85,237.31,31.1,147.5344017,138,20.0,6.666666666666667,9.0,0.0,0.0,0.0,8.0,2.6666666666666665,5.0,15.0,5.0,8.0,9.0,3.0,5.0,8.0,2.6666666666666665,6.0,0.0,0.0,0.0,16.0,5.333333333333333,7.0,60.0,20.0,21.0,93.5,31.166666666666668,37.9,93.7,31.23333333333333,38.9,0.2322894674659457,0.262129338488301,0.590477182672768,0.6230481151077483,0.914555847644806,0.9346323013305664,3.0,3.0,run_20260223_121418_5341,201.5493893623352,201.5493893623352,True,True,0.0785470737268911,0.1413741532506378,0.0157199942031444,0.0888509079467755,0.3850558251142502,0.4339137375354767,0.3361979126930237,0.0690955223753354,0.2422057911753654,0.2875919044017792,0.1968196779489517,0.0641856568681952,0.0846952657490691,0.1009314806577192,0.0684590508404191,0.0229614753254171,0.1496981429551375,0.2375137019028078,0.0618825840074673,0.1241899544511692,0.0001405323364906,0.0002810646729812,0.0,0.0001987427362169,0.8538515753471052,0.9457087157747356,0.7619944349194749,0.1299056137935647,0.5274157343922247,0.71109362264257,0.3437378461418793,0.2597597606716882,0.0170822086118845,0.0253941932038562,0.0087702240199128,0.0117549213402025,0.0361900282238002,0.0440440471879873,0.0283360092596131,0.0111072601382888,0.3532366872440307,0.4042084149171792,0.3022649595708822,0.0720849085729546,2.0,2.0,True,True,True,60.0,0.66637,0.33363,34.335598300000015,0.8112080150657062,34.335598300000015,80.00589261002376,49.41885431255145,31.261131,31.194405,7.359860808209696,80.00589261002376,49.41885431255145,1.6006029469335776,3.391005644570079,7.935946400687775,33.098277594765676,0.0145856707336654,0.0190871903133309,0.030900912610748,13.0818_80.2758,13.0818,80.2758,0.0,18.0,6.0,1.0,1.0,0.0,0.0,0.0,0.0,3.0,1.0,1.0,2.0,1.0,21.0,1231.9034161485165,0.0,0.0,9.0,2.0,0.0,8.0,0.0,2.0,0.0,success,,True,3.0,1.0,30.0,11.0,10.0,0.5238095238095238,58.66206743564364,73914.20496891098,1030.7,2805.0,sample_0138_run_20260223_121418_5341_offset_000201549_lens1_preprocessed_lens1,1.0,201.5493893623352,76.17340814387329,15.032749999999998,91.20615814387328,0.1648216557514303,acceptable_visible_road,good,use_primary,v1_depth_visible_plus_nms_conservative_vehicle_footprint,76.17340814387329,15.032749999999998,91.20615814387328,0.1648216557514303,0.1973490535123063,2026-02-23 12:17:00,0.0,69.72171791,39.94161689,77.81268379,77.81268379,111.60465651526859
23-02-2026 12:17,13.0820518,80.2761536,30.703,66.652,44.75,46.92,46.92,354.71,355.48,355.57,355.64,4009.8,18.7,245.04,33.96,39.94161689,139,15.0,5.0,8.0,0.0,0.0,0.0,7.0,2.3333333333333335,3.0,10.0,3.3333333333333335,4.0,14.0,4.666666666666667,6.0,1.0,0.3333333333333333,1.0,0.0,0.0,0.0,8.0,2.6666666666666665,3.0,47.0,15.666666666666666,20.0,55.5,18.5,23.2,52.2,17.400000000000002,21.1,0.3456261249978843,0.5790962075723357,0.6379381603025126,0.6759727120399475,0.9184318780899048,0.9537813663482666,3.0,3.0,run_20260223_121418_5341,211.5493893623352,211.5493893623352,True,True,0.066392467249337,0.104171134094308,0.028613800404366,0.0534271030205327,0.369149699807167,0.4123857319355011,0.325913667678833,0.0611449830190888,0.2232497185468673,0.2606666684150696,0.1858327686786651,0.0529155579662457,0.0869764959234092,0.1031861111862165,0.0707668806606019,0.022923857745512,0.1852244207754854,0.3059919859793241,0.0644568555716467,0.1707911286060457,8.745524093830825e-05,0.0001517485724088,2.3161909467816528e-05,9.092450133571834e-05,0.8121487397008498,0.9393071688004936,0.684990310601206,0.1798291750027739,0.6086864009779334,0.6671324784015195,0.5502403235543474,0.0826552353599433,0.0133103586383845,0.0141905298672822,0.0124301874094869,0.0012447500891176,0.0294973156719266,0.0320367984132175,0.0269578329306357,0.0035913709341459,0.3377431918930518,0.3832024800574864,0.2922839037286173,0.06428914185797,2.0,2.0,True,True,True,47.0,0.66652,0.33348,6.978383110000003,0.851270607203751,6.978383110000003,42.39416421238436,31.773430131048123,17.407656,18.50814,3.465686790415392,42.39416421238436,31.773430131048123,0.694800720923671,1.5397598780745687,4.5401730872019606,17.630194616817306,0.0108099909931302,0.0179546149148549,0.0239562077475133,13.0818_80.276,13.0818,80.276,0.0,20.0,6.0,1.0,1.0,0.0,0.0,0.0,0.0,3.0,1.0,1.0,3.0,2.0,24.0,1695.7374823812972,0.0,0.0,10.0,3.0,0.0,9.0,0.0,2.0,0.0,success,,True,5.0,1.0,34.0,13.0,11.0,0.5416666666666666,70.65572843255406,79699.66167192097,678.6,1887.0,sample_0139_run_20260223_121418_5341_offset_000211549_lens1_preprocessed_lens1,1.0,211.5493893623352,55.49408807749204,34.632999999999996,90.12708807749205,0.3842684895158517,acceptable_visible_road,medium,use_primary,v1_depth_visible_plus_nms_conservative_vehicle_footprint,55.49408807749204,34.632999999999996,90.12708807749205,0.3842684895158517,0.6240844962014407,2026-02-23 12:17:00,0.0,147.5344017,13.05183698,-107.59278480999998,107.59278480999998,-72.92725192920207
23-02-2026 12:18,13.082652,80.276127,30.6875,66.32125,13.275,13.9125,13.9125,103.975,104.2125,104.225,104.25,2516.7,3.7875,171.5875,31.9875,13.05183698,140,15.0,5.0,5.0,1.0,0.3333333333333333,1.0,2.0,0.6666666666666666,1.0,4.0,1.3333333333333333,2.0,15.0,5.0,11.0,1.0,0.3333333333333333,1.0,0.0,0.0,0.0,3.0,1.0,2.0,37.0,12.333333333333334,17.0,35.0,11.666666666666666,15.5,29.049999999999997,9.683333333333332,14.2,0.0956805929933356,0.1022066136201335,0.6490799735414337,0.6929730739858415,0.9295840462048848,0.9328585267066956,3.0,3.0,run_20260223_121418_5341,221.5493893623352,221.5493893623352,True,True,0.1293460461596224,0.1473460730623735,0.1113460192568713,0.0254558821689511,0.3840712457895279,0.4794137477874756,0.2887287437915802,0.1348346593960815,0.1646550744771956,0.1897388696670532,0.1395712792873382,0.0354738433532854,0.1232125575692856,0.1292743608632879,0.1171507542752834,0.0085726844308158,0.2724102436652352,0.481160062504373,0.0636604248260974,0.2952168249452352,0.0069792853517349,0.0138606160891079,9.795461436201226e-05,0.0097316712559676,0.6796864820128152,0.8982119686201683,0.4611609954054621,0.3090417068842988,0.6683242734191637,0.8827105381157022,0.4539380087226252,0.303187963120353,0.0168774725628495,0.0200389668622946,0.0137159782634046,0.0044710281156403,0.0377085787498594,0.0477944051041757,0.0276227523955432,0.014263512418014,0.3373267927996479,0.4232500656242323,0.2514035199750636,0.1215138577520107,2.0,2.0,True,True,True,38.0,0.6632125000000001,0.3367874999999999,0.8606630200000005,0.9381374289308176,0.8606630200000005,19.74489230247228,19.414820142826706,9.783676874999996,11.787562499999996,3.7575026409370302,19.74489230247228,19.414820142826706,0.4902905779507779,1.0954342126834156,3.5793247973877467,9.799343330829773,0.0114713899515109,0.0252015584946691,0.0256300112321951,13.0821_80.2762,13.0821,80.2762,0.0,20.0,6.0,0.0,1.0,0.0,0.0,0.0,0.0,3.0,1.0,1.0,3.0,2.0,35.0,2111.556499494107,0.0,0.0,11.0,4.0,0.0,10.0,0.0,10.0,0.0,success,,True,5.0,1.0,33.0,15.0,20.0,0.4285714285714285,60.330185699831624,80239.14698077606,435.74999999999994,1155.0,sample_0140_run_20260223_121418_5341_offset_000221549_lens1_preprocessed_lens1,1.0,221.5493893623352,72.07190626036045,25.376,97.44790626036044,0.2604058001225868,acceptable_visible_road,good,use_primary,v1_depth_visible_plus_nms_conservative_vehicle_footprint,72.07190626036045,25.376,97.44790626036044,0.2604058001225868,0.3520928100379218,2026-02-23 12:18:00,60.0,39.94161689,14.44355265,-26.88977991,26.88977991,-67.3227125082467
23-02-2026 12:18,13.0861042,80.2757072,30.688,69.197,20.02,21.0,21.0,157.02,157.35,157.39,157.41,1872.28,16.04,215.62,34.16,18.57010268,145,9.0,3.0,4.0,4.0,1.3333333333333333,2.0,1.0,0.3333333333333333,1.0,6.0,2.0,4.0,26.0,8.666666666666666,10.0,8.0,2.6666666666666665,4.0,1.0,0.3333333333333333,1.0,9.0,3.0,4.0,51.0,17.0,20.0,63.1,21.033333333333335,24.2,59.9,19.966666666666665,23.049999999999997,0.1633914624840778,0.3214909510962224,0.5877538354026345,0.650198928619686,0.872585117816925,0.9115455150604248,3.0,3.0,run_20260223_121418_5341,271.5493893623352,271.5493893623352,True,True,0.1827898093949905,0.2311725416776634,0.1344070771123176,0.0684235161788225,0.4067821949720382,0.4178545475006103,0.3957098424434662,0.0156586711132826,0.1907598301768302,0.2055263519287109,0.1759933084249496,0.0208830153305869,0.0829486826971475,0.1195789189161073,0.0463184464781878,0.051802976853783,0.0160857322924067,0.0276969655131606,0.0044744990716529,0.0164207634966671,0.0112041696330323,0.0223518505734657,5.648869259894069e-05,0.0157652015749689,0.9233548005045304,0.97825333989395,0.8684562611151107,0.0776382589589908,0.8761965263132377,0.8880869806942461,0.8643060719322294,0.0168156418484005,0.0169256433029982,0.0254731215668484,0.0083781650391481,0.0120879596848261,0.0386817162200494,0.052352679684338,0.0250107527557608,0.019333661941904,0.3726345648658322,0.3773811772853563,0.3678879524463081,0.0067127236590195,2.0,2.0,True,True,True,55.0,0.69197,0.30803,2.4298973199999985,0.8842906038095238,2.4298973199999985,55.30895255022137,52.48417192616294,18.450997,19.436693,10.949109582759933,55.30895255022137,52.48417192616294,1.0138460338495925,2.317034801580959,4.968626093559135,22.320810435463347,0.0156283739954507,0.0338927853838417,0.0357169483635365,13.0852_80.2758,13.0852,80.2758,0.0,12.0,1.0,1.0,0.0,0.0,0.0,0.0,0.0,0.0,0.0,0.0,3.0,2.0,85.0,5752.775403596882,0.0,0.0,6.0,0.0,11.0,48.0,0.0,22.0,0.0,success,,True,5.0,0.0,19.0,6.0,81.0,0.0705882352941176,67.67971063055155,316402.6471978285,359.4,1198.9,sample_0145_run_20260223_121418_5341_offset_000271549_lens1_preprocessed_lens1,1.0,271.5493893623352,103.2040516068024,27.459,130.66305160680238,0.210151222264661,acceptable_visible_road,good,use_primary,v1_depth_visible_plus_nms_conservative_vehicle_footprint,103.2040516068024,27.459,130.66305160680238,0.210151222264661,0.2660651357430827,2026-02-23 12:18:00,0.0,30.56802281,14.20846422,-11.997920129999997,11.997920129999997,-39.24990570889985
23-02-2026 12:19,13.087175,80.2755856,30.71,68.851,31.17,32.68,32.68,244.34,244.89,244.94,244.98,1626.18,10.31,176.65,36.25,27.54913058,147,10.0,3.3333333333333335,5.0,3.0,1.0,2.0,1.0,0.3333333333333333,1.0,5.0,1.6666666666666667,2.0,24.0,8.0,10.0,5.0,1.6666666666666667,2.0,1.0,0.3333333333333333,1.0,6.0,2.0,3.0,46.0,15.333333333333334,18.0,50.0,16.666666666666668,20.8,45.35,15.116666666666667,19.8,0.110751660845858,0.1932714466779824,0.6154995677810089,0.6618340471211601,0.9160861372947692,0.9423104524612428,3.0,3.0,run_20260223_121418_5341,291.5493893623352,291.5493893623352,True,True,0.1657065133720418,0.172571231415501,0.1588417953285827,0.0097081773589272,0.3958549797534942,0.3960728347301483,0.3956371247768402,0.0003080934626146,0.2352903261780738,0.2470055222511291,0.2235751301050186,0.0165677891723747,0.0879251037789468,0.0926236399246547,0.083226567633239,0.0066447335405602,0.0236387955698183,0.0303321159598067,0.0169454751798301,0.0094657844728298,0.0001921813797782,0.0002230302644103,0.0001613324951461,4.362691103079878e-05,0.977407067827078,0.982780537737896,0.97203359791626,0.0075992340248825,0.8131654381478433,0.9288774039932576,0.697453472302429,0.1636414314274372,0.0220112305392614,0.0251803864191418,0.018842074659381,0.0044818632266013,0.0362049553638399,0.0422677639322734,0.0301421467954065,0.0085741061035503,0.3610504131767376,0.3631090521627909,0.3589917741906844,0.0029113551741064,2.0,2.0,True,True,True,49.0,0.68851,0.31149,5.13086942,0.8429966517747858,5.13086942,44.325410525957984,36.87705262000469,14.126071500000002,15.574500000000002,7.514790381422096,44.325410525957984,36.87705262000469,0.9982093049555044,1.6418947257501395,3.9874034563752376,16.37363623756505,0.0215139323006453,0.0294406183915599,0.035386979262981,13.0867_80.2756,13.0867,80.2756,0.0,10.0,1.0,2.0,0.0,0.0,0.0,0.0,0.0,0.0,2.0,0.0,3.0,1.0,69.0,4130.378180063909,0.0,0.0,8.0,0.0,9.0,46.0,0.0,6.0,0.0,success,,True,4.0,0.0,19.0,8.0,61.0,0.1159420289855072,59.86055333425955,202388.53082313153,362.8,950.0,sample_0147_run_20260223_121418_5341_offset_000291549_lens1_preprocessed_lens1,1.0,291.5493893623352,81.3201338171171,16.142,97.46213381711708,0.1656232976623482,acceptable_visible_road,good,use_primary,v1_depth_visible_plus_nms_conservative_vehicle_footprint,81.3201338171171,16.142,97.46213381711708,0.1656232976623482,0.1984994274148902,2026-02-23 12:19:00,0.0,14.20846422,62.82214928,13.34066636,13.34066636,93.89238804023255
23-02-2026 12:19,13.0872475,80.275576,30.71,68.689,74.92,78.58,78.58,587.35,588.61,588.76,588.88,2110.58,24.02,184.42,34.75,62.82214928,148,13.0,4.333333333333333,6.0,0.0,0.0,0.0,2.0,0.6666666666666666,1.0,3.0,1.0,1.0,14.0,4.666666666666667,7.0,6.0,2.0,4.0,3.0,1.0,2.0,8.0,2.6666666666666665,4.0,41.0,13.666666666666666,17.0,54.7,18.23333333333333,25.9,52.0,17.333333333333332,25.1,0.1474759427887209,0.1869356890307369,0.6205174676051327,0.6853489242494106,0.9090484182039896,0.9218915104866028,3.0,3.0,run_20260223_121418_5341,301.5493893623352,301.5493893623352,True,True,0.0947029366807424,0.1265254547154042,0.0628804186460807,0.045003836593481,0.3518082201480865,0.3532338738441467,0.3503825664520263,0.0020161787922156,0.2295815125107765,0.2498211711645126,0.2093418538570404,0.0286231997659155,0.0752694949046999,0.1028403819309694,0.0476986078784305,0.0389911223592066,0.0404419287607352,0.0644898360701813,0.0163940214512891,0.0340088766637097,0.0004695841546609,0.0009310201873282,8.148121993682489e-06,0.0006525690955656,0.9503227762386556,0.9825928953808296,0.9180526570964818,0.0456368401502579,0.780202939188716,0.8873465573332772,0.6730593210441547,0.1515239579017625,0.0210293723798238,0.0301896470555169,0.0118690977041308,0.0129545846814279,0.0389128040608591,0.0493492339903939,0.0284763741313243,0.0147593407491045,0.3253670996512112,0.3363851098062757,0.3143490894961467,0.0155818193916566,2.0,2.0,True,True,True,41.0,0.6868899999999999,0.3131100000000001,15.75785072,0.7994674125731738,15.75785072,49.41678436441009,40.57055283781323,16.281720000000007,17.127117000000005,4.924552707398605,49.41678436441009,40.57055283781323,1.0935273637508376,2.023465811164673,3.914013735044395,16.919089181862983,0.0199846915425506,0.0303598841003568,0.0369797239863464,13.0872_80.2756,13.0872,80.2756,0.0,5.0,1.0,2.0,0.0,0.0,0.0,0.0,0.0,1.0,2.0,0.0,3.0,1.0,66.0,4425.463223096779,0.0,0.0,9.0,0.0,9.0,36.0,0.0,12.0,0.0,success,,True,4.0,0.0,14.0,9.0,57.0,0.1363636363636363,67.05247307722392,181443.9921469679,468.0,765.8000000000001,sample_0148_run_20260223_121418_5341_offset_000301549_lens1_preprocessed_lens1,1.0,301.5493893623352,63.60557825589497,8.103,71.70857825589496,0.112999032989946,acceptable_visible_road,good,use_primary,v1_depth_visible_plus_nms_conservative_vehicle_footprint,63.60557825589497,8.103,71.70857825589496,0.112999032989946,0.1273944868074367,2026-02-23 12:19:00,0.0,27.54913058,38.22115518,35.273018699999994,35.273018699999994,128.0367763242857
23-02-2026 12:19,13.08741389,80.27556178,30.71,68.44,44.21111111,46.36666667,46.36666667,346.6888889,347.4333333,347.5111111,347.6,2408.377778,18.8,172.3,31.77777778,38.22115518,149,6.0,2.0,3.0,0.0,0.0,0.0,2.0,0.6666666666666666,1.0,6.0,2.0,2.0,8.0,2.6666666666666665,3.0,6.0,2.0,3.0,1.0,0.3333333333333333,1.0,8.0,2.6666666666666665,4.0,29.0,9.666666666666666,11.0,46.4,15.466666666666669,20.3,47.0,15.666666666666666,21.1,0.2224187093631313,0.2334257866872873,0.6611986111109506,0.7385014759169685,0.881492535273234,0.914720892906189,3.0,3.0,run_20260223_121418_5341,311.5493893623352,311.5493893623352,True,True,0.0626030576645741,0.1060873169041963,0.0191187984249519,0.0614960291664212,0.4049064069986343,0.4403364360332489,0.3694763779640198,0.0501056275760244,0.2233032286167144,0.2362339496612548,0.210372507572174,0.0182868010724522,0.0880459321986822,0.1277660550990322,0.0483258092983323,0.056172736504801,0.0077886725195284,0.012157079968514,0.0034202650705429,0.006177861060327,0.0002253215164715,0.0004506430329431,0.0,0.0003186527444885,0.9755073704236126,0.9884065576319446,0.9626081832152804,0.0182422054936128,0.8153828070731888,0.8705383451001236,0.7602272690462539,0.0780017099176762,0.030516573940808,0.0500098217071282,0.0110233261744879,0.0275676153658289,0.0491036896165921,0.0672902086870912,0.0309171705460931,0.0257196219218566,0.3678487598336026,0.3840763866849133,0.351621132982292,0.0229493299782533,2.0,2.0,True,True,True,29.0,0.6844,0.3156,8.145511490000004,0.824323979379991,8.145511490000004,45.84884640990979,38.32299193243987,14.8332,14.64384,2.9423437102349825,45.84884640990979,38.32299193243987,1.434278975217976,2.3078734119798288,4.138158813338063,17.28889171217932,0.0297691427993353,0.0400383042772274,0.047901011135979,13.0872_80.2756,13.0872,80.2756,0.0,5.0,1.0,2.0,0.0,0.0,0.0,0.0,0.0,1.0,2.0,0.0,3.0,1.0,66.0,4425.463223096779,0.0,0.0,9.0,0.0,9.0,36.0,0.0,12.0,0.0,success,,True,4.0,0.0,14.0,9.0,57.0,0.1363636363636363,67.05247307722392,128338.4334698066,423.0,649.6,sample_0149_run_20260223_121418_5341_offset_000311549_lens1_preprocessed_lens1,1.0,311.5493893623352,59.91703229224767,2.268,62.18503229224767,0.0364717990229739,acceptable_visible_road,good,use_primary,v1_depth_visible_plus_nms_conservative_vehicle_footprint,59.91703229224767,2.268,62.18503229224767,0.0364717990229739,0.0378523420341939,2026-02-23 12:19:00,0.0,62.82214928,10.06876295,-24.6009941,24.6009941,-39.1597460162541
23-02-2026 12:19,13.08811,80.2754768,30.71,67.818,9.54,9.96,9.96,74.72,74.84,74.84,74.88,1586.2,3.56,109.18,20.98,10.06876295,150,6.0,2.0,3.0,5.0,1.6666666666666667,3.0,2.0,0.6666666666666666,1.0,6.0,2.0,4.0,21.0,7.0,7.0,8.0,2.6666666666666665,3.0,4.0,1.3333333333333333,2.0,10.0,3.3333333333333335,4.0,47.0,15.666666666666666,17.0,63.9,21.3,24.2,63.15,21.05,24.05,0.1722998310345057,0.2676363676441974,0.5972923481776045,0.6782809575398763,0.8969345887502035,0.9299278855323792,3.0,3.0,run_20260223_121418_5341,321.5493893623352,321.5493893623352,True,True,0.0963709072471691,0.1124155999824052,0.080326214511933,0.0226906220702799,0.3718041926622391,0.3910103738307953,0.3525980114936828,0.0271616418899669,0.2060925066471099,0.2154828011989593,0.1967022120952606,0.0132798819099035,0.0808066745944331,0.1049711350884105,0.0566422141004559,0.0341737077580115,0.0218032791111412,0.0273168584390017,0.0162896997832807,0.0077973786626802,0.0022433651028733,0.0040373593249799,0.0004493708807669,0.0025370909597219,0.9412218796471308,0.9705065968868074,0.9119371624074544,0.0414148442906117,0.8641352221603027,0.8724245240336997,0.8558459202869055,0.0117228431319629,0.0195431537278865,0.0245046809166015,0.0145816265391716,0.0070166590403635,0.0386944927885806,0.046265710131129,0.0311232754460323,0.0107073182495062,0.3412958252468479,0.349965571058433,0.3326260794352627,0.012260872109071,2.0,2.0,True,True,True,52.0,0.67818,0.32182,-0.1087629499999991,1.0109199748995985,-0.1087629499999991,59.43816169971631,54.57013927942312,20.322933,20.564298,6.085822792658728,59.43816169971631,54.57013927942312,1.2341501579160326,2.443557219598865,5.10294150063845,21.55283136433844,0.0183944438859941,0.0334372741222403,0.0364201032344601,13.0874_80.2756,13.0874,80.2756,0.0,4.0,1.0,1.0,0.0,0.0,0.0,0.0,0.0,1.0,2.0,0.0,3.0,1.0,60.0,4160.292340494799,0.0,0.0,9.0,0.0,9.0,28.0,0.0,14.0,0.0,success,,True,4.0,0.0,12.0,9.0,51.0,0.15,69.33820567491331,216335.20170572953,568.35,766.8,sample_0150_run_20260223_121418_5341_offset_000321549_lens1_preprocessed_lens1,1.0,321.5493893623352,62.757710289956435,11.6,74.35771028995643,0.1560026519747048,acceptable_visible_road,good,use_primary,v1_depth_visible_plus_nms_conservative_vehicle_footprint,62.757710289956435,11.6,74.35771028995643,0.1560026519747048,0.1848378461611342,2026-02-23 12:19:00,0.0,38.22115518,20.19580551,-28.152392229999997,28.152392229999997,-73.65657081115987
23-02-2026 12:19,13.0886422,80.2754272,30.703,68.009,21.91,22.98,22.98,171.74,172.09,172.12,172.18,1508.79,7.6,137.0,36.5,20.19580551,151,7.0,2.3333333333333335,4.0,3.0,1.0,2.0,2.0,0.6666666666666666,1.0,4.0,1.3333333333333333,2.0,10.0,3.3333333333333335,5.0,6.0,2.0,4.0,1.0,0.3333333333333333,1.0,8.0,2.6666666666666665,4.0,30.0,10.0,12.0,46.3,15.433333333333332,19.9,46.35,15.45,20.85,0.0711355713499625,0.1223937105787894,0.600412694632491,0.6762018725275993,0.8790493607521057,0.9218576550483704,3.0,3.0,run_20260223_121418_5341,331.5493893623352,331.5493893623352,True,True,0.1321403976030237,0.1705997212325151,0.0936810739735324,0.0543896970765227,0.3961840420961379,0.4152290225028991,0.3771390616893768,0.0269336695863715,0.2039130553603172,0.2234806418418884,0.184345468878746,0.0276727461851464,0.0905250107822257,0.1274726237022681,0.0535773978621833,0.0522518152888353,0.0049615747637461,0.0059826322373231,0.0039405172901692,0.0014439933270949,0.012051033319499,0.0240416360103382,6.0430628659829945e-05,0.0169572729464121,0.9502369583413016,0.9917330899993352,0.9087408266832684,0.0586843921768103,0.8594742886920805,0.8733186182956968,0.8456299590884644,0.0195788386873974,0.0175983422005798,0.0228366064859358,0.0123600779152238,0.007408024395645,0.0385747725880759,0.0472852540206702,0.0298642911554817,0.0123184809767738,0.3596158108495005,0.3622986895671265,0.3569329321318745,0.0037941634686688,2.0,2.0,True,True,True,33.0,0.68009,0.31991,2.784194490000001,0.8788427114882507,2.784194490000001,44.04348301911933,39.83663328087793,14.827828500000004,14.811833,6.124707428900149,44.04348301911933,39.83663328087793,0.8156831609968737,1.787940709457318,4.195834249756161,16.66819283287435,0.0167225951645283,0.0331540252315953,0.0366551745728006,13.0881_80.2755,13.0881,80.2755,0.0,3.0,1.0,1.0,0.0,0.0,0.0,0.0,0.0,1.0,2.0,0.0,3.0,2.0,64.0,4439.471881379481,0.0,0.0,9.0,0.0,9.0,28.0,0.0,18.0,0.0,success,,True,5.0,0.0,12.0,9.0,55.0,0.140625,69.36674814655439,146502.57208552287,417.15,555.5999999999999,sample_0151_run_20260223_121418_5341_offset_000331549_lens1_preprocessed_lens1,1.0,331.5493893623352,82.77585389824374,17.583,100.35885389824374,0.1752012833648721,acceptable_visible_road,good,use_primary,v1_depth_visible_plus_nms_conservative_vehicle_footprint,82.77585389824374,17.583,100.35885389824374,0.1752012833648721,0.2124170174265403,2026-02-23 12:19:00,0.0,10.06876295,39.94044713,10.12704256,10.12704256,100.57881599049861
23-02-2026 12:20,13.0894037,80.2753432,30.699,68.428,46.34,48.6,48.6,363.22,364.01,364.09,364.15,1810.32,19.28,169.9,33.7,39.94044713,152,19.0,6.333333333333333,10.0,3.0,1.0,2.0,2.0,0.6666666666666666,1.0,4.0,1.3333333333333333,2.0,19.0,6.333333333333333,11.0,5.0,1.6666666666666667,2.0,1.0,0.3333333333333333,1.0,7.0,2.3333333333333335,3.0,50.0,16.666666666666668,25.0,57.599999999999994,19.2,24.5,51.75,17.25,20.4,0.1316190154369204,0.2426376245581233,0.6513306133225693,0.7095032121453967,0.9073331952095032,0.9135618209838868,3.0,3.0,run_20260223_121418_5341,341.5493893623352,341.5493893623352,True,True,0.1559433307294611,0.1817514515703351,0.1301352098885872,0.0364981945125276,0.3721934407949447,0.3894587457180023,0.3549281358718872,0.0244168283806949,0.2102975621819495,0.2223772704601287,0.1982178539037704,0.0170832872765115,0.0991410872843742,0.140821007138295,0.0574611674304534,0.0589443079360384,0.0798916627747832,0.1218244382237055,0.037958887325861,0.0593018997478114,0.0018363546896472,0.003648129506051,2.4579873243484443e-05,0.0025622365173242,0.8713331534406625,0.9562270272723148,0.7864392796090102,0.1200580677351131,0.7645937829786918,0.7884712831450137,0.74071628281237,0.0337678845707781,0.025170976253939,0.0395929848625543,0.0107489676453237,0.0203958001709652,0.0423106475327134,0.0581175772231675,0.0265037178422594,0.022354374347718,0.3345741618689749,0.334614772907176,0.3345335508307739,5.743268100599553e-05,2.0,2.0,True,True,True,53.0,0.68428,0.31572,8.659552869999999,0.8218198997942388,8.659552869999999,45.09149069055429,39.5677282691473,16.33851,18.185471999999997,8.070067365249612,45.09149069055429,39.5677282691473,1.3025980211413433,2.1895760098179187,5.130551266966364,17.31421287671945,0.0219323061145247,0.0323504580573153,0.0368666699387955,13.0886_80.2754,13.0886,80.2754,0.0,4.0,1.0,1.0,0.0,0.0,0.0,0.0,0.0,0.0,1.0,0.0,2.0,2.0,64.0,4400.677706579696,0.0,0.0,9.0,0.0,9.0,26.0,0.0,20.0,0.0,success,,True,4.0,0.0,11.0,9.0,55.0,0.140625,68.76058916530775,233235.91844872388,465.75,633.5999999999999,sample_0152_run_20260223_121418_5341_offset_000341549_lens1_preprocessed_lens1,1.0,341.5493893623352,88.43094999756113,29.87075,118.30169999756112,0.2524963715704492,acceptable_visible_road,good,use_primary,v1_depth_visible_plus_nms_conservative_vehicle_footprint,88.43094999756113,29.87075,118.30169999756112,0.2524963715704492,0.3377861484109785,2026-02-23 12:20:00,60.0,20.19580551,45.58480954,19.744641620000003,19.744641620000003,97.76605152106163
23-02-2026 12:20,13.0904264,80.2752288,30.69,68.158,26.56,27.86,27.86,208.15,208.6,208.62,208.7,1676.48,3.12,130.96,31.64,23.96177147,154,16.0,5.333333333333333,8.0,0.0,0.0,0.0,2.0,0.6666666666666666,1.0,4.0,1.3333333333333333,2.0,9.0,3.0,4.0,10.0,3.3333333333333335,5.0,0.0,0.0,0.0,12.0,4.0,5.0,41.0,13.666666666666666,17.0,68.9,22.96666666666667,29.2,68.3,22.766666666666666,28.5,0.2576255112965425,0.4581803091945776,0.5863037444713737,0.6341847905090877,0.8626035451889038,0.895677924156189,3.0,3.0,run_20260223_121418_5341,361.5493893623352,361.5493893623352,True,True,0.0630643195685504,0.0675974331240809,0.0585312060130201,0.0064107906700084,0.3913370668888092,0.4151635766029358,0.3675105571746826,0.0336957731817321,0.2260012254118918,0.2412709295749664,0.2107315212488174,0.0215946227208448,0.1239027409271091,0.1239321289255285,0.1238733529286897,4.156090593571175e-05,0.0324064416761002,0.0443811154758714,0.020431767876329,0.0169347460926301,0.0054495957331381,0.0108991914662762,0.0,0.0077068921952544,0.9613440169072436,0.9824979597588112,0.9401900740556758,0.0299161928783524,0.7729502054184272,0.8523886713771218,0.6935117394597324,0.1123429559328994,0.0178267640255334,0.0200009150745458,0.015652612976521,0.003074713900161,0.0376962833516071,0.0450322227123174,0.0303603439908968,0.0103745849366631,0.3428486314614805,0.3637114707021972,0.3219857922207637,0.0295045102038312,2.0,2.0,True,True,True,41.0,0.68158,0.31842,3.898228530000001,0.8600779422110553,3.898228530000001,65.65979635476474,52.792499030078574,21.748086,21.939138000000003,4.307293026531992,65.65979635476474,52.792499030078574,1.2175679829439312,2.574656152914765,8.46255720532155,23.416561528819116,0.0171376529367638,0.0291373499601359,0.0362390964597076,13.0898_80.2753,13.0898,80.2753,0.0,4.0,1.0,1.0,0.0,0.0,0.0,0.0,0.0,1.0,1.0,0.0,2.0,1.0,57.0,3899.803072828381,0.0,0.0,9.0,0.0,10.0,16.0,0.0,22.0,0.0,success,,True,3.0,0.0,10.0,9.0,48.0,0.1578947368421052,68.41759776891897,159891.92598596364,614.6999999999999,689.0,sample_0154_run_20260223_121418_5341_offset_000361549_lens1_preprocessed_lens1,1.0,361.5493893623352,30.412447616592843,7.3625,37.77494761659284,0.1949043073395549,acceptable_visible_road,good,use_primary,v1_depth_visible_plus_nms_conservative_vehicle_footprint,30.412447616592843,7.3625,37.77494761659284,0.1949043073395549,0.2420883742347349,2026-02-23 12:20:00,0.0,45.58480954,25.51653087,-21.623038070000003,21.623038070000003,-47.4347447937149
23-02-2026 12:22,13.0944826,80.2751552,30.403,69.913,43.1,52.39,53.96,333.47,338.55,339.48,339.78,1583.49,24.9,136.6,48.1,36.73274174,164,13.0,4.333333333333333,11.0,5.0,1.6666666666666667,4.0,4.0,1.3333333333333333,2.0,0.0,0.0,0.0,32.0,10.666666666666666,13.0,5.0,1.6666666666666667,4.0,1.0,0.3333333333333333,1.0,9.0,3.0,4.0,55.0,18.333333333333332,26.0,60.7,20.233333333333334,31.4,55.15,18.383333333333333,27.9,0.1457763914912667,0.2835501770315387,0.5367468671277467,0.579839098912019,0.8906184633572897,0.90520179271698,3.0,3.0,run_20260223_121418_5341,461.5493893623352,461.5493893623352,True,True,0.1231337566491032,0.1671493697686913,0.0791181435295152,0.0622474770298885,0.4771641939878464,0.4925942122936249,0.4617341756820678,0.0218213411556971,0.254492700099945,0.254633218050003,0.2543521821498871,0.0001987223907288,0.0574093922684801,0.0607375546715915,0.0540812298653687,0.0047067324082603,0.0045531221211857,0.0066043982622647,0.0025018459801068,0.0029009425388861,0.0001090379941238,0.0002180759882476,0.0,0.0001542030101038,0.9930157584958494,0.9985014985014984,0.9875300184902004,0.0077580079156415,0.8648363647914308,0.9033444816053512,0.8263282479775104,0.0544587010596936,0.0080387850401896,0.0103050816991952,0.005772488381184,0.0032050274715265,0.0324192861869666,0.0332162393838006,0.0316223329901326,0.0011270620195392,0.4498218412055295,0.4659541114682231,0.433689570942836,0.0228144753973693,2.0,2.0,True,True,True,60.0,0.6991299999999999,0.3008700000000001,17.22725826,0.6807402101556709,15.65725826,54.7648190810461,47.69572551824741,16.592980500000003,18.262809000000004,6.790826679198041,54.7648190810461,47.69572551824741,0.4433389949664564,1.787923633211208,3.166127983606678,24.80767454248495,0.0079826402240689,0.0280373776150692,0.0321928620628446,13.0941_80.2751,13.0941,80.2751,0.0,0.0,1.0,0.0,0.0,3.0,0.0,0.0,0.0,2.0,1.0,0.0,1.0,0.0,128.0,6315.787299251011,0.0,0.0,12.0,9.0,8.0,87.0,0.0,12.0,0.0,success,,True,1.0,3.0,3.0,21.0,107.0,0.1640625,49.34208827539853,378947.2379550607,1158.15,182.1,sample_0164_run_20260223_121418_5341_offset_000461549_lens1_preprocessed_lens1,1.0,461.5493893623352,31.32251346676621,13.925,45.24751346676621,0.3077517178977748,acceptable_visible_road,medium,use_primary,v1_depth_visible_plus_nms_conservative_vehicle_footprint,31.32251346676621,13.925,45.24751346676621,0.3077517178977748,0.444568409708713,2026-02-23 12:22:00,60.0,21.94034108,25.09972998,14.792400660000002,14.792400660000002,67.42101504285276
23-02-2026 12:22,13.09520011,80.27515022,30.4,69.73888889,28.42222222,36.88888889,38.43333333,218.7,223.4444444,224.3333333,224.6,1423.133333,8.7,110.3555556,30.47777778,25.09972998,165,8.0,2.6666666666666665,6.0,4.0,1.3333333333333333,2.0,2.0,0.6666666666666666,2.0,4.0,1.3333333333333333,2.0,8.0,2.6666666666666665,4.0,5.0,1.6666666666666667,4.0,4.0,1.3333333333333333,2.0,7.0,2.3333333333333335,4.0,31.0,10.333333333333334,16.0,45.2,15.066666666666665,21.9,44.900000000000006,14.966666666666669,23.3,0.0310292998808194,0.0466677977553268,0.5479253526906263,0.5683315098285675,0.8500204881032308,0.9023295044898988,3.0,3.0,run_20260223_121418_5341,471.5493893623352,471.5493893623352,True,True,0.1504852019159471,0.1743537350444268,0.1266166687874674,0.0337552032642475,0.4685538411140442,0.523097813129425,0.4140098690986633,0.0771368249698502,0.2281567826867103,0.2395035922527313,0.2168099731206894,0.0160468119779316,0.1270463731236759,0.1294471060113166,0.1246456402360352,0.0033951490093366,0.0419464778054635,0.0837017702419295,0.0001911853689976,0.0590509008645048,0.0022523032640215,0.0043863475369105,0.0001182589911325,0.0030179943534242,0.9569230721136884,0.9888205833716032,0.925025560855774,0.0451098930268912,0.8317926656725548,0.869698301603789,0.7938870297413206,0.0536066644243283,0.0199489743648982,0.0255748139204595,0.0143231348093369,0.0079561385992098,0.0407515358315683,0.0435976402598384,0.0379054314032982,0.0040249994823897,0.4088948294798978,0.4553843150589724,0.3624053439008233,0.0657460610136756,2.0,2.0,True,True,True,35.0,0.6973888889,0.3026111111,13.333603350000004,0.6530718989291475,11.789158909999998,42.96584593790462,37.34749068869772,13.587238888390004,13.678022221720004,6.756785566026026,42.96584593790462,37.34749068869772,0.8957089489839293,1.829743958837417,5.704382153253048,18.359377843647415,0.0190896338347756,0.0338968286195908,0.0389960848612953,13.0945_80.2752,13.0945,80.2752,0.0,0.0,0.0,0.0,0.0,3.0,0.0,0.0,0.0,1.0,1.0,0.0,1.0,0.0,138.0,7441.575142467507,0.0,0.0,14.0,9.0,9.0,88.0,0.0,18.0,0.0,success,,True,1.0,3.0,2.0,23.0,115.0,0.1666666666666666,53.92445755411237,260455.12998636276,1032.7,90.4,sample_0165_run_20260223_121418_5341_offset_000471549_lens1_preprocessed_lens1,1.0,471.5493893623352,67.48767940234923,8.383,75.87067940234923,0.1104906409964272,acceptable_visible_road,good,use_primary,v1_depth_visible_plus_nms_conservative_vehicle_footprint,67.48767940234923,8.383,75.87067940234923,0.1104906409964272,0.1242152652786011,2026-02-23 12:22:00,0.0,36.73274174,12.1475718,-11.633011760000002,11.633011760000002,-31.669326080640126
23-02-2026 12:22,13.09570686,80.27514057,30.4,69.28142857,12.27142857,17.05714286,18.0,93.68571429,96.44285714,96.94285714,97.1,1078.942857,7.785714286,128.3571429,34.05714286,12.1475718,166,8.0,2.6666666666666665,5.0,2.0,0.6666666666666666,2.0,0.0,0.0,0.0,12.0,4.0,5.0,19.0,6.333333333333333,8.0,9.0,3.0,4.0,0.0,0.0,0.0,9.0,3.0,4.0,48.0,16.0,19.0,64.7,21.566666666666663,24.0,63.1,21.033333333333335,24.8,0.0856719997429488,0.1316115474681147,0.5869576110869472,0.6066781170666218,0.865964412689209,0.9177042841911316,3.0,3.0,run_20260223_121418_5341,481.5493893623352,481.5493893623352,True,True,0.1185869585281327,0.120236593004185,0.1169373240520805,0.0023329354489913,0.4738019555807113,0.5054655075073242,0.4421384036540985,0.0447790245675206,0.1856786459684371,0.1917192935943603,0.179637998342514,0.0085427657980973,0.1198620254691208,0.1359419393110044,0.1037821116272373,0.0227404322369825,0.0307235491567548,0.0546850597690083,0.0067620385445013,0.0338866932827957,0.0004760539114746,0.0009315366496283,2.057117332095145e-05,0.0006441498657237,0.9168293036537594,0.9867815517717656,0.846877055535753,0.0989274180069723,0.932814926746027,0.987128322979176,0.8785015305128779,0.0768107415714631,0.0188725972926293,0.0275712800085253,0.0101739145767334,0.0123017950716004,0.0348452592207867,0.0411055398234007,0.0285849786181727,0.0088533737324779,0.4175202407004847,0.4530072297834809,0.3820332516174886,0.0501861812489591,2.0,2.0,True,True,True,50.0,0.6928142857,0.3071857142999999,5.8524282,0.6748651,4.909571059999999,57.851929060552216,58.860621877674305,19.383418572329997,19.87491571521,7.482837083125173,57.851929060552216,58.860621877674305,1.1908608891649088,2.198735856831641,7.563293807101522,26.345527188200585,0.0173029502339391,0.0325041779274844,0.0319471547470286,13.0952_80.2752,13.0952,80.2752,0.0,0.0,0.0,0.0,0.0,3.0,0.0,0.0,0.0,1.0,1.0,1.0,0.0,0.0,124.0,7524.854924088407,0.0,0.0,13.0,0.0,1.0,92.0,0.0,18.0,0.0,success,,True,0.0,3.0,2.0,13.0,111.0,0.1048387096774193,60.684313903938765,376242.74620442034,820.3000000000001,129.4,sample_0166_run_20260223_121418_5341_offset_000481549_lens1_preprocessed_lens1,1.0,481.5493893623352,48.31321227961689,10.390999999999998,58.70421227961689,0.1770060374970389,acceptable_visible_road,good,use_primary,v1_depth_visible_plus_nms_conservative_vehicle_footprint,48.31321227961689,10.390999999999998,58.70421227961689,0.1770060374970389,0.2150757424255126,2026-02-23 12:22:00,0.0,25.09972998,15.19772361,-12.95215818,12.95215818,-51.60277895547305
23-02-2026 12:23,13.1020115,80.27432,30.37,69.595,39.3,53.35,56.0,300.9,308.9,310.4,310.85,1161.85,5.25,116.7,41.75,33.85948024,174,4.0,1.3333333333333333,2.0,3.0,1.0,2.0,1.0,0.3333333333333333,1.0,9.0,3.0,3.0,15.0,5.0,6.0,15.0,5.0,8.0,0.0,0.0,0.0,16.0,5.333333333333333,9.0,44.0,14.666666666666666,16.0,83.1,27.7,40.4,87.05000000000001,29.01666666666667,44.1,0.0714183127181869,0.1197583027232391,0.6202711598109947,0.6490477940865925,0.9108112255732218,0.9241536259651184,3.0,3.0,run_20260223_121418_5341,561.5493893623352,561.5493893623352,True,True,0.1542685731095024,0.1940183205771092,0.1145188256418957,0.056214631969595,0.3150937259197235,0.3666016459465027,0.2635858058929443,0.0728431990714998,0.1407539844512939,0.1557650715112686,0.1257428973913192,0.0212288829061794,0.0781891288242629,0.0906749444444712,0.0657033132040547,0.0176576097873883,0.171285202656591,0.3115391155257676,0.0310312897874146,0.1983489857554837,0.0002527103669123,0.0005054207338246,0.0,0.0003573864282396,0.62832240523204,0.7372641691423281,0.519380641321752,0.1540669200307771,0.7095325503965397,0.8746093599290096,0.5444557408640698,0.2334538628740991,0.0130609384654821,0.0197384158339442,0.0063834610970201,0.0094433790569184,0.0293037105338512,0.040827973349174,0.0177794477185284,0.0162977687697814,0.2898137035996344,0.3333600620670518,0.246267345132217,0.0615838507365821,2.0,2.0,True,True,True,47.0,0.69595,0.30405,22.140519759999997,0.6046335757142858,19.49051976,54.69546537544909,61.76480851201879,26.467552500000007,25.266555,13.429079289182186,54.69546537544909,61.76480851201879,1.136954693420217,2.5508880019717473,6.806363664152086,25.228282898348176,0.0082064802712193,0.0207919364711653,0.0184121778848528,13.1014_80.2746,13.1014,80.2746,0.0,1.0,1.0,0.0,0.0,3.0,0.0,0.0,0.0,1.0,1.0,0.0,0.0,0.0,59.0,4103.421243514919,0.0,0.0,7.0,4.0,0.0,36.0,0.0,12.0,0.0,success,,True,0.0,3.0,3.0,11.0,48.0,0.1864406779661017,69.54951260194778,192860.7984452012,957.5500000000002,249.3,sample_0174_run_20260223_121418_5341_offset_000561549_lens1_preprocessed_lens1,1.0,561.5493893623352,77.50607842800015,35.297999999999995,112.80407842800014,0.3129142181018727,acceptable_visible_road,medium,use_primary,v1_depth_visible_plus_nms_conservative_vehicle_footprint,77.50607842800015,35.297999999999995,112.80407842800014,0.3129142181018727,0.455422345136328,2026-02-23 12:23:00,0.0,18.7035377,46.62044799,15.155942540000005,15.155942540000005,81.03249119550259
23-02-2026 12:23,13.1025137,80.2741,30.346,69.618,55.21,69.74,72.33,425.59,433.69,435.2,435.65,1337.4,20.41,143.47,37.1,46.62044799,175,4.0,1.3333333333333333,4.0,3.0,1.0,2.0,1.0,0.3333333333333333,1.0,5.0,1.6666666666666667,2.0,21.0,7.0,13.0,6.0,2.0,2.0,1.0,0.3333333333333333,1.0,7.0,2.3333333333333335,3.0,38.0,12.666666666666666,18.0,47.1,15.7,17.5,45.35,15.116666666666667,16.55,0.0632297321508903,0.0814035222634107,0.6050005309509509,0.6580661752007224,0.8842324415842692,0.9262183904647828,3.0,3.0,run_20260223_121418_5341,571.5493893623352,571.5493893623352,True,True,0.2305008811141901,0.2787441167414445,0.1822576454869358,0.068226238116824,0.4072335511445999,0.4217813313007355,0.3926857709884643,0.0205736679992291,0.2372478172183036,0.2434755116701126,0.2310201227664947,0.0088072899560639,0.0461729200943216,0.0462880497615853,0.046057790427058,0.0001628179368757,0.018195005746091,0.0198859159812171,0.0165040955109649,0.0023913081872708,1.657084301214329e-05,2.4656899246978295e-05,8.484786777308286e-06,1.1435410393415187e-05,0.984346715831445,0.98527889494137,0.98341453672152,0.0013183003398168,0.9029266794683192,0.9565772854985296,0.8492760734381087,0.0758734146774593,0.0119146822072675,0.0136399008007214,0.0101894636138137,0.0024398275329206,0.0305895916677387,0.0346655989859211,0.0265135843495564,0.0057643448297054,0.3884320638089622,0.4023550151376406,0.3745091124802838,0.0196900265972775,2.0,2.0,True,True,True,41.0,0.6961799999999999,0.3038200000000001,25.709552009999996,0.6445520253007051,23.119552009999992,44.64012356295603,40.94772491388827,13.778237000000004,14.309922000000004,10.45321495852852,44.64012356295603,40.94772491388827,0.5403308380995812,1.38723798213195,2.0939419262774845,17.615394093736437,0.0117281783008991,0.027620158430843,0.0301107640967635,13.102_80.2743,13.102,80.2743,1.0,3.0,3.0,0.0,0.0,4.0,0.0,0.0,0.0,1.0,1.0,0.0,1.0,0.0,56.0,4295.938563891203,0.0,0.0,15.0,5.0,0.0,26.0,0.0,10.0,0.0,success,,True,1.0,4.0,8.0,20.0,36.0,0.3571428571428571,76.71318864091434,176133.4811195393,907.0,376.8,sample_0175_run_20260223_121418_5341_offset_000571549_lens1_preprocessed_lens1,1.0,571.5493893623352,109.72766528685904,34.38975,144.11741528685903,0.2386231388590254,acceptable_visible_road,good,use_primary,v1_depth_visible_plus_nms_conservative_vehicle_footprint,109.72766528685904,34.38975,144.11741528685903,0.2386231388590254,0.3134100220768892,2026-02-23 12:23:00,0.0,33.85948024,43.85013802,12.760967749999999,12.760967749999999,37.68802019271634
23-02-2026 12:24,13.1039531,80.2737176,30.188,70.132,37.33,39.17,39.17,292.67,293.3,293.37,293.43,1438.2,17.06,113.94,37.7,32.0914933,178,9.0,3.0,3.0,0.0,0.0,0.0,1.0,0.3333333333333333,1.0,8.0,2.6666666666666665,5.0,17.0,5.666666666666667,8.0,10.0,3.3333333333333335,4.0,0.0,0.0,0.0,11.0,3.6666666666666665,4.0,45.0,15.0,20.0,67.6,22.53333333333333,27.7,67.0,22.333333333333332,27.2,0.0835474364408409,0.1173070809833629,0.5797062354210095,0.6000398248434067,0.875552237033844,0.9180678129196168,3.0,3.0,run_20260223_121418_5341,601.5493893623352,601.5493893623352,True,True,0.2052332453790106,0.2437607218263394,0.1667057689316819,0.0544860797158223,0.4447800070047378,0.4602482318878174,0.4293117821216583,0.021875373415488,0.1949841454625129,0.2011601328849792,0.1888081580400467,0.0087341651738974,0.0988672829453153,0.0997516034847413,0.0979829624058894,0.0012506181003412,0.0110653795268663,0.0125244596324429,0.0096062994212897,0.0020634508738951,0.0002547043354712,0.0002796150059169,0.0002297936650256,3.522900799204487e-05,0.977464930097901,0.9834947635132896,0.9714350966825126,0.0085274721948929,0.9500885797382528,0.9542766997682326,0.9459004597082727,0.005922896147244,0.0278750057739911,0.0279051276412173,0.0278448839067649,4.259875315529469e-05,0.0423895901710335,0.0457716183713115,0.0390075619707556,0.0047829101491613,0.4007921373348084,0.4143377327559905,0.3872465419136264,0.0191563647550545,2.0,2.0,True,True,True,45.0,0.70132,0.2986799999999999,7.078506699999998,0.8192875491447537,7.078506699999998,65.49015031655937,63.65593484246293,20.011559999999996,20.190767999999995,13.75062744039371,65.49015031655937,63.65593484246293,1.867625386857404,2.8401025414592445,6.6241079573361255,26.853073201432164,0.0272468405703528,0.0402738655212838,0.0414343377934079,13.1037_80.2736,13.1037,80.2736,1.0,2.0,3.0,0.0,0.0,0.0,0.0,0.0,0.0,0.0,0.0,0.0,0.0,0.0,0.0,0.0,0.0,0.0,0.0,0.0,0.0,0.0,0.0,0.0,0.0,success,,True,0.0,0.0,5.0,0.0,0.0,,,0.0,0.0,338.0,sample_0178_run_20260223_121418_5341_offset_000601549_lens1_preprocessed_lens1,1.0,601.5493893623352,96.46038643837925,19.145,115.60538643837924,0.1656064703369578,acceptable_visible_road,good,use_primary,v1_depth_visible_plus_nms_conservative_vehicle_footprint,96.46038643837925,19.145,115.60538643837924,0.1656064703369578,0.1984752571173887,2026-02-23 12:24:00,0.0,45.21568899,42.05940377,-13.124195689999993,13.124195689999993,-29.025756287607535
23-02-2026 12:24,13.104118,80.2746928,30.146,70.212,13.88,14.82,14.87,108.58,108.96,109.04,109.06,1489.4,11.83,93.55,26.61,13.26422398,181,6.0,2.0,6.0,2.0,0.6666666666666666,2.0,0.0,0.0,0.0,7.0,2.3333333333333335,3.0,8.0,2.6666666666666665,5.0,4.0,1.3333333333333333,2.0,2.0,0.6666666666666666,1.0,4.0,1.3333333333333333,2.0,27.0,9.0,15.0,34.4,11.466666666666669,18.9,33.1,11.033333333333331,17.5,0.0882991603024422,0.1527715337149366,0.5861234235643137,0.6462764581044514,0.8633196751276652,0.937409520149231,3.0,3.0,run_20260223_121418_5341,631.5493893623352,631.5493893623352,True,True,0.1256453346505862,0.1551849603410247,0.0961057089601477,0.0417753392788428,0.4478070586919784,0.4849852621555328,0.4106288552284241,0.0525779195628249,0.2383285835385322,0.257442831993103,0.2192143350839615,0.0270316293990229,0.1270718426808762,0.1463733756820279,0.1077703096797245,0.0272964897448206,0.0666483857374069,0.0704276218162574,0.0628691496585565,0.00534464691812,0.001271172804411,0.002542345608822,0.0,0.0017977098201178,0.9284836604476192,0.9327297497345018,0.9242375711607368,0.0060048770565563,0.6858779077843923,0.7822606016863618,0.5894952138824228,0.1363057128942199,0.0364187304123649,0.044625138112657,0.0282123227120728,0.011605613068116,0.0481014738266201,0.0557671076074484,0.0404358400457918,0.0108408432570327,0.39018579425741,0.4139963321777942,0.366375256337026,0.033673185654406,2.0,2.0,True,True,True,29.0,0.7021200000000001,0.2978799999999999,1.6057760199999986,0.8920123725622059,1.5557760199999997,30.732809160816196,22.702558747663385,9.859827999999998,10.247071999999998,4.158860576934403,30.732809160816196,22.702558747663385,1.2054599766492784,1.5921587836611253,4.2060779927370024,12.915149789920273,0.0338141961221276,0.0329917382295479,0.0446614324914655,13.1041_80.2746,13.1041,80.2746,1.0,3.0,4.0,0.0,0.0,6.0,0.0,0.0,0.0,2.0,1.0,0.0,1.0,0.0,105.0,5183.342654435339,0.0,0.0,13.0,20.0,0.0,46.0,0.0,26.0,0.0,success,,True,1.0,6.0,9.0,33.0,72.0,0.3142857142857143,49.365168137479415,150316.9369786248,1092.3,309.59999999999997,sample_0181_run_20260223_121418_5341_offset_000631549_lens1_preprocessed_lens1,1.0,631.5493893623352,44.92168248906284,5.20275,50.12443248906284,0.1037966863990977,acceptable_visible_road,good,use_primary,v1_depth_visible_plus_nms_conservative_vehicle_footprint,44.92168248906284,5.20275,50.12443248906284,0.1037966863990977,0.1158182354649499,2026-02-23 12:24:00,0.0,48.81253173,11.94041191,-35.548307750000006,35.548307750000006,-72.82619132855211
23-02-2026 12:27,13.10479744,80.28558844,28.96888889,74.56222222,37.03333333,56.8,60.73333333,279.3,290.8,293.0111111,293.6666667,1999.266667,32.05555556,180.1,44.46666667,30.38213113,199,6.0,2.0,3.0,2.0,0.6666666666666666,1.0,2.0,0.6666666666666666,1.0,7.0,2.3333333333333335,3.0,11.0,3.6666666666666665,6.0,1.0,0.3333333333333333,1.0,0.0,0.0,0.0,3.0,1.0,1.0,27.0,9.0,12.0,27.9,9.3,10.8,25.5,8.5,9.95,0.0744595408141049,0.1625934682808586,0.6237896601058016,0.6946568439404169,0.8577426075935364,0.9152001142501832,3.0,3.0,run_20260223_121418_5341,811.5493893623352,811.5493893623352,True,True,0.1574847528167376,0.1695076560909399,0.1454618495425354,0.0170029528694767,0.4410938620567322,0.4483384788036346,0.4338492453098297,0.0102454352576647,0.2031989395618438,0.2193114310503006,0.1870864480733871,0.0227865039865965,0.0686296404966399,0.0797739353964372,0.0574853455968426,0.0157604129903786,0.0142280010363069,0.0210402297951757,0.0074157722774382,0.0096339463007802,1.2463958865636616e-05,2.3624632932265815e-05,1.3032847990074182e-06,1.5783576630252696e-05,0.9838916358574936,0.9909517655869422,0.9768315061280451,0.0099845312154995,0.9475309426870132,0.9668287952956632,0.9282330900783629,0.02729128488383,0.0111697370081376,0.0136361381285038,0.0087033358877715,0.003488017914674,0.0315694377587725,0.0343833981562935,0.0287554773612515,0.0039795409581549,0.4107410127330406,0.4125727539598165,0.4089092715062647,0.0025904732856644,2.0,2.0,True,True,True,29.0,0.7456222222,0.2543777778,30.3512022,0.5002546289517155,26.417868869999996,25.089236714366088,24.16203903851884,6.486633333900001,7.0971400006200005,4.015861196826809,25.089236714366088,24.16203903851884,0.2848282937075088,0.8050206628486988,1.7500558326643174,10.473895824692535,0.0109898108170344,0.0299130191196686,0.03106090575958,13.1049_80.285,13.1049,80.285,0.0,8.0,2.0,1.0,1.0,1.0,0.0,0.0,0.0,0.0,0.0,0.0,0.0,0.0,67.0,4542.262389174036,0.0,0.0,19.0,4.0,4.0,40.0,0.0,0.0,0.0,success,,True,0.0,2.0,11.0,23.0,44.0,0.3432835820895522,67.7949610324483,131725.60928604705,586.5,306.9,sample_0199_run_20260223_121418_5341_offset_000811549_lens1_preprocessed_lens1,1.0,811.5493893623352,63.25368259609238,7.933999999999999,71.18768259609239,0.111451865135381,acceptable_visible_road,good,use_primary,v1_depth_visible_plus_nms_conservative_vehicle_footprint,63.25368259609238,7.933999999999999,71.18768259609239,0.111451865135381,0.1254314322007575,2026-02-23 12:27:00,0.0,20.19470316,33.94928986,10.187427970000002,10.187427970000002,50.44603968320969
23-02-2026 12:28,13.104596,80.2861536,28.892,76.703,26.07,46.01,50.12,193.03,204.82,207.08,207.7,2081.56,42.53,143.47,40.28,21.52234132,201,7.0,2.3333333333333335,4.0,0.0,0.0,0.0,2.0,0.6666666666666666,1.0,11.0,3.6666666666666665,6.0,8.0,2.6666666666666665,5.0,6.0,2.0,2.0,0.0,0.0,0.0,8.0,2.6666666666666665,3.0,34.0,11.333333333333334,18.0,51.3,17.099999999999998,23.1,51.6,17.2,22.4,0.0722858984600943,0.0825079144533474,0.641810060651214,0.7126172516081068,0.8784614404042562,0.9099724888801576,3.0,3.0,run_20260223_121418_5341,831.5493893623352,831.5493893623352,True,True,0.157491343499824,0.1768591028305621,0.1381235841690859,0.0273901479183078,0.4896197021007538,0.5202661752700806,0.458973228931427,0.0433406579949651,0.1641439646482467,0.170065090060234,0.1582228392362594,0.0083737358621444,0.1023543356570029,0.1091838056419133,0.0955248656720926,0.0096583290764801,0.0254229683500277,0.0377069309453651,0.0131390057546904,0.0173721465020098,2.493099995327952e-06,2.498223138792534e-06,2.4879768518633702e-06,7.245218969594738e-09,0.9385694689394676,0.9487926712126,0.9283462666663348,0.0144577913055475,0.962881546564462,0.9717216551017208,0.9540414380272032,0.0125018013862415,0.0159484845827463,0.0199845359987708,0.0119124331667218,0.0057078386509769,0.0374178109939356,0.0454145027511727,0.0294211192366985,0.0113090299372018,0.4392957035989981,0.4634615343073305,0.4151298728906658,0.0341756455337358,2.0,2.0,True,True,True,34.0,0.76703,0.23297,28.59765868,0.4294162274541101,24.48765868,48.43018459727653,49.68468780272624,12.021252,11.951361,8.126553324590919,48.43018459727653,49.68468780272624,0.8229418044697092,1.9307590472870773,5.28148371990135,22.667658305708304,0.0149687607052174,0.0360289197188974,0.0351192149934555,13.1046_80.286,13.1046,80.286,0.0,8.0,2.0,1.0,0.0,0.0,0.0,0.0,0.0,2.0,6.0,3.0,0.0,0.0,0.0,0.0,0.0,0.0,0.0,0.0,0.0,0.0,0.0,0.0,0.0,success,,True,0.0,0.0,20.0,0.0,0.0,,,0.0,0.0,1026.0,sample_0201_run_20260223_121418_5341_offset_000831549_lens1_preprocessed_lens1,1.0,831.5493893623352,59.96887841082617,6.789199999999999,66.75807841082617,0.1016985533678721,acceptable_visible_road,good,use_primary,v1_depth_visible_plus_nms_conservative_vehicle_footprint,59.96887841082617,6.789199999999999,66.75807841082617,0.1016985533678721,0.1132120556514251,2026-02-23 12:28:00,0.0,33.94928986,20.74971247,-12.426948540000001,12.426948540000001,-36.60444324828655
23-02-2026 12:29,13.1038558,80.2880544,29.11,75.771,28.24,39.08,41.17,215.66,221.86,223.06,223.39,1452.25,21.58,135.11,27.45,23.37405786,210,4.0,1.3333333333333333,2.0,0.0,0.0,0.0,2.0,0.6666666666666666,1.0,3.0,1.0,3.0,3.0,1.0,3.0,6.0,2.0,3.0,1.0,0.3333333333333333,1.0,8.0,2.6666666666666665,3.0,19.0,6.333333333333333,9.0,39.1,13.033333333333331,16.3,41.3,13.766666666666666,16.6,0.0948669489393283,0.1008349603443561,0.6277414669120123,0.7631390222481319,0.8496748010317484,0.9109181761741638,3.0,3.0,run_20260223_121418_5341,921.5493893623352,921.5493893623352,True,True,0.1082627209756625,0.1134361126428005,0.1030893293085246,0.0073162806591344,0.4429641962051391,0.5055747628211975,0.3803536295890808,0.0885447124562938,0.1779550313949584,0.2152815908193588,0.1406284719705581,0.0527877265747122,0.128056808392165,0.1442736641984915,0.1118399525858385,0.0229340974203558,0.1419924244316487,0.2263286327191569,0.0576562161441405,0.1192694095593163,2.6273494880466817e-05,2.921248970259738e-05,2.3334500058336252e-05,4.156366337201344e-06,0.748709424793101,0.9237361868093404,0.5736826627768614,0.247525220621614,0.7261434182082329,0.7798523259496308,0.6724345104668351,0.0759558657481301,0.01276185108601,0.0165965891497023,0.0089271130223177,0.0054231385778219,0.0327648476295732,0.0394060298247005,0.0261236654344461,0.0093920499305396,0.3872549615378732,0.4490313053186782,0.3254786177570683,0.0873649432086371,2.0,2.0,True,True,True,19.0,0.75771,0.24229,17.79594214,0.5677449079426767,15.705942139999998,30.921699243955068,29.989723172000016,10.006577,9.473539,4.471250376294861,30.921699243955068,29.989723172000016,0.527064449852213,1.353188207101373,5.288746186596414,15.993629911514162,0.0095549181859017,0.0237919784548102,0.0245313502221713,13.1041_80.2876,13.1041,80.2876,0.0,3.0,2.0,0.0,0.0,0.0,0.0,0.0,0.0,0.0,0.0,0.0,0.0,0.0,0.0,0.0,0.0,0.0,0.0,0.0,0.0,0.0,0.0,0.0,0.0,success,,True,0.0,0.0,5.0,0.0,0.0,,,0.0,0.0,195.5,sample_0210_run_20260223_121418_5341_offset_000921549_lens1_preprocessed_lens1,1.0,921.5493893623352,54.239126995677815,19.625,73.86412699567782,0.2656905428686426,acceptable_visible_road,good,use_primary,v1_depth_visible_plus_nms_conservative_vehicle_footprint,54.239126995677815,19.625,73.86412699567782,0.2656905428686426,0.3618236702365041,2026-02-23 12:29:00,0.0,11.86396258,19.89957481,11.51009528,11.51009528,97.01729251408344
23-02-2026 12:31,13.1058112,80.2912664,29.03,76.757,6.24,7.88,8.2,48.15,49.05,49.24,49.28,2136.11,21.72,167.94,34.65,7.002265756,219,1.0,0.3333333333333333,1.0,0.0,0.0,0.0,0.0,0.0,0.0,4.0,1.3333333333333333,3.0,4.0,1.3333333333333333,3.0,0.0,0.0,0.0,0.0,0.0,0.0,0.0,0.0,0.0,9.0,3.0,7.0,6.9,2.3000000000000003,5.4,5.8,1.9333333333333331,4.5,0.0037149335867663,0.0082628885503472,0.3651668422278904,0.6708579191139766,0.4315494894981384,0.7815214395523071,3.0,3.0,run_20260223_121418_5341,1021.5493893623352,1021.5493893623352,True,True,0.0318934323118928,0.0622552242393394,0.0015316403844462,0.0429380579217449,0.3261221498250961,0.4172660410404205,0.2349782586097717,0.1288969270841697,0.1273143552243709,0.1935659199953079,0.0610627904534339,0.0936938614274986,0.0470895863257965,0.0582589625563021,0.035920210095291,0.0157958833484286,0.2277198017801948,0.4449181063495624,0.0105214972108273,0.3071647880464418,1.596854551390328e-05,3.193709102780656e-05,0.0,2.2582933637134063e-05,0.4910877773204071,0.9821755546408142,0.0,0.6945029950021782,0.6090247845042932,0.9216618642744604,0.296387704734126,0.4421355983116896,0.0209668630781708,0.0230869682474343,0.0188467579089073,0.0029982814840297,0.0430365593455195,0.044221962751492,0.041851155939547,0.0016764135736095,0.3097471722860566,0.3929565543794302,0.226537790192683,0.1176758366731339,2.0,2.0,True,True,True,9.0,0.7675700000000001,0.2324299999999999,1.1977342439999994,0.853934848292683,0.877734244,2.848309108458361,3.5323437501249004,1.3480939999999997,1.6037669999999995,0.1849819074089782,2.848309108458361,3.5323437501249004,0.1216078058533906,0.249612044204013,0.2731196006896196,1.796533599259128,0.0102965701864402,0.0262103312812112,0.0211347282725089,13.1052_80.291,13.1052,80.291,0.0,0.0,0.0,0.0,0.0,6.0,0.0,0.0,0.0,2.0,0.0,0.0,0.0,0.0,62.0,2920.819210708058,0.0,0.0,6.0,0.0,0.0,26.0,0.0,30.0,0.0,success,,True,0.0,6.0,0.0,6.0,56.0,0.0967741935483871,47.10998726948481,26287.372896372523,34.8,0.0,sample_0219_run_20260223_121418_5341_offset_001021549_lens1_preprocessed_lens1,1.0,1021.5493893623352,0.4026034554402145,0.0,0.4026034554402145,0.0,very_low_visible_road,good,exclude_or_manual_review,v1_depth_visible_plus_nms_conservative_vehicle_footprint,0.4026034554402145,0.0,0.4026034554402145,0.0,0.0,2026-02-23 12:31:00,0.0,22.08762931,8.62166179,-15.085363554,15.085363554,-68.29779394735776
23-02-2026 12:35,13.09689733,80.29310667,29.11,76.95444444,31.38888889,38.17777778,39.34444444,242.7222222,246.4444444,247.1444444,247.3555556,2071.633333,19.85555556,162.4,32.07777778,25.40270189,242,11.0,3.6666666666666665,5.0,1.0,0.3333333333333333,1.0,2.0,0.6666666666666666,2.0,27.0,9.0,15.0,15.0,5.0,6.0,3.0,1.0,2.0,0.0,0.0,0.0,5.0,1.6666666666666667,2.0,58.0,19.333333333333332,24.0,62.400000000000006,20.8,23.8,58.650000000000006,19.55,22.55,0.0754106703755691,0.0978561872309681,0.5971934699018796,0.6488229930400848,0.912619729836782,0.9229218363761902,3.0,3.0,run_20260223_121418_5341,1251.5493893623352,1251.5493893623352,True,True,0.1523912102821136,0.1916392435339139,0.1131431770303133,0.0555051009211661,0.4547800868749618,0.4958627223968506,0.4136974513530731,0.0580996203330857,0.1521716490387916,0.1524247974157333,0.1519185006618499,0.0003580058679637,0.1183564771629279,0.1364950388257447,0.1002179155001111,0.0256517999054962,0.0808500821173326,0.132960705518227,0.0287394587164382,0.0736955503572616,0.0001715657183353,0.000271403272069,7.172816460179213e-05,0.0001411916225242,0.8900633313937323,0.9392681483853458,0.8408585144021189,0.0695861195236258,0.8741142904500514,0.9568625000732204,0.7913660808268823,0.1170236403111774,0.0149530144637153,0.0170613078513647,0.0128447210760659,0.0029815771022752,0.0331850017953842,0.0389234462856414,0.027446557305127,0.0081153860250468,0.4016990978262758,0.4461683939840279,0.3572298016685237,0.0628890817354788,2.0,2.0,True,True,True,59.0,0.7695444444,0.2304555555999999,13.941742549999995,0.6456490173279469,12.77507589,52.2022143862424,51.26680313489552,13.51621833594,14.38042666944,8.937744483045964,52.2022143862424,51.26680313489552,0.8769942982969023,1.9463003552992837,6.941607385605722,23.559652087511076,0.0133091298679531,0.0290074842979559,0.0295367532503066,13.0976_80.2933,13.0976,80.2933,0.0,13.0,1.0,0.0,0.0,1.0,0.0,1.0,0.0,0.0,2.0,1.0,7.0,0.0,94.0,5467.335995776027,0.0,0.0,6.0,0.0,0.0,68.0,0.0,20.0,0.0,success,,True,7.0,2.0,24.0,6.0,88.0,0.0638297872340425,58.16314889123433,322572.82375078555,351.90000000000003,1497.6,sample_0242_run_20260223_121418_5341_offset_001251549_lens1_preprocessed_lens1,1.0,1251.5493893623352,90.83276908009034,14.966,105.79876908009034,0.1414572223299747,acceptable_visible_road,good,use_primary,v1_depth_visible_plus_nms_conservative_vehicle_footprint,90.83276908009034,14.966,105.79876908009034,0.1414572223299747,0.164764326262078,2026-02-23 12:35:00,0.0,11.98474229,34.95973801,13.4179596,13.4179596,111.95868275946049
23-02-2026 12:37,13.0954643,80.2926456,31.886,67.119,36.34,38.14,38.14,285.04,285.66,285.73,285.76,2754.58,22.32,163.06,35.21,32.21782426,253,13.0,4.333333333333333,7.0,1.0,0.3333333333333333,1.0,5.0,1.6666666666666667,2.0,16.0,5.333333333333333,9.0,9.0,3.0,4.0,4.0,1.3333333333333333,2.0,0.0,0.0,0.0,9.0,3.0,4.0,47.0,15.666666666666666,22.0,63.2,21.066666666666663,29.5,62.05,20.683333333333337,29.2,0.1960076654420619,0.3228075219062211,0.5721396111729571,0.6079823591492393,0.8350135684013367,0.9176369905471802,3.0,3.0,run_20260223_121418_5341,1381.5493893623352,1381.5493893623352,True,True,0.0764764210150938,0.106013776172253,0.0469390658579346,0.0417721282598854,0.4695476293563843,0.5243531465530396,0.414742112159729,0.0775067057123817,0.1794124245643615,0.1895665526390075,0.1692582964897155,0.0143601056372377,0.1226442102219167,0.1329051304182901,0.1123832900255434,0.0145111325041392,0.0733751788563007,0.1272467949237427,0.0195035627888588,0.0761859700695327,0.0030648862617358,0.0060195600402872,0.0001102124831844,0.0041785397300155,0.9064269566887304,0.954545026685618,0.8583088866918427,0.0680492271848164,0.8786922099259625,0.9054613740975368,0.8519230457543883,0.0378573150248322,0.0306364638129286,0.0452337697788905,0.0160391578469667,0.020643708071173,0.049951244178313,0.06582551518644,0.034076973170186,0.0224496093524792,0.4113979761541213,0.454663923225167,0.3681320290830757,0.0611872891367892,2.0,2.0,True,True,True,48.0,0.67119,0.32881,5.92217574,0.8447253345568957,5.92217574,56.24379266253572,54.52285162590597,20.402660500000003,20.780792000000005,4.745361923986571,56.24379266253572,54.52285162590597,1.9009925795922196,3.0994747012643216,7.61007324426993,25.52724442036323,0.0277697166576572,0.0438917691355932,0.0452771542433639,13.0956_80.2927,13.0956,80.2927,1.0,21.0,2.0,1.0,0.0,1.0,0.0,1.0,1.0,0.0,1.0,2.0,0.0,0.0,0.0,0.0,0.0,0.0,0.0,0.0,0.0,0.0,0.0,0.0,0.0,success,,True,0.0,2.0,28.0,0.0,0.0,,,0.0,0.0,1769.6,sample_0253_run_20260223_121418_5341_offset_001381549_lens1_preprocessed_lens1,1.0,1381.5493893623352,47.4090748467608,7.1984375,54.6075123467608,0.1318213775110192,acceptable_visible_road,good,use_primary,v1_depth_visible_plus_nms_conservative_vehicle_footprint,47.4090748467608,7.1984375,54.6075123467608,0.1318213775110192,0.1518367005318567,2026-02-23 12:37:00,0.0,14.5462997,28.45068805,17.67152456,17.67152456,121.4846725590289
