created_at_parsed,PM2.5,PM10,aqi,Temperature,Humidity
2022-10-22 18:00:00,26.486700000000003,40.38854,44.1445,26.964,43.6385
2022-10-22 18:01:00,24.39327272727273,39.9917090909091,41.096496970000004,26.963636363636365,43.400363636363636
2022-10-22 18:02:00,27.472,45.335145454545454,46.37788484818182,26.971818181818183,43.723
2022-10-22 18:03:00,22.0676,38.3869,38.3869,26.927000000000003,43.3284
2022-10-22 18:04:00,26.914181818181817,42.23814545454545,44.963969696363634,26.956363636363633,43.519363636363636
2022-10-22 18:05:00,31.5548,47.0096,52.591333333,26.992,43.6238
2022-10-22 18:06:00,27.477363636363634,43.79701818181818,45.81899394,27.08090909090909,42.88963636363636
2022-10-22 18:07:00,24.893700000000003,36.91664,41.489499998999996,27.156,42.211
2022-10-22 18:08:00,24.1739,35.03236,40.289833334,27.2,41.956100000000006
2022-10-22 18:09:00,24.6282,36.020140000000005,41.046999999,27.184000000000005,42.101
2022-10-22 18:10:00,25.3598,37.54908,42.266333335,27.157999999999998,42.1991
2022-10-22 18:11:00,24.5928,36.14402,40.988,27.144,42.1552
2022-10-22 18:12:00,26.0796,37.99244,43.466000001,27.163,41.8642
2022-10-22 18:13:00,32.9649,51.97784,54.941499998999994,27.22,42.582
2022-10-22 18:14:00,25.750272727272726,39.603472727272724,42.917121211818184,27.24727272727273,41.99763636363636
2022-10-22 18:16:00,25.977333333333334,37.59544444444444,43.29555555555556,27.357777777777777,41.748666666666665
2022-10-22 18:17:00,26.13109090909091,39.876127272727274,43.55181818090909,27.44363636363636,41.560181818181825
2022-10-22 18:18:00,37.0005,62.74888000000001,63.365966666999995,27.531,41.8178
2022-10-22 18:19:00,33.4664,55.074839999999995,56.205113333,27.651999999999997,41.6209
2022-10-22 18:20:00,36.37563636363637,54.73283636363636,61.16315757636364,27.705454545454543,41.56490909090909
2022-10-22 18:21:00,36.009299999999996,53.31118,60.015499999,27.701999999999998,40.8252
2022-10-22 18:22:00,39.5788,69.4221,71.50037999999999,27.787,40.6526
2022-10-22 18:23:00,29.354636363636363,50.77341818181819,50.95432727272728,27.793636363636367,40.27081818181818
2022-10-22 18:24:00,36.735,53.245979999999996,62.459846666,27.8,39.8503
2022-10-22 18:25:00,32.5401,45.7382,54.525480001999995,27.794999999999998,39.6267
2022-10-22 18:26:00,24.43618181818182,40.394763636363635,41.00307272727272,27.819090909090907,39.41254545454546
2022-10-22 18:27:00,26.032400000000003,41.2883,43.387333334,27.79,39.6526
2022-10-22 18:28:00,28.6992,48.27774,48.486486666000005,27.82,40.2321
2022-10-22 18:29:00,25.525,43.8474,44.312948147777774,27.764444444444443,42.04533333333333
2022-10-22 18:30:00,27.01966666666667,45.495511111111114,46.71530370333333,27.70777777777778,40.65477777777778
2022-10-22 18:31:00,29.628181818181815,46.28350909090909,49.38305454545455,27.638181818181817,40.682272727272725
2022-10-22 18:32:00,35.3367,51.82462,58.894499999999994,27.538999999999998,41.126099999999994
2022-10-22 18:33:00,40.4756,54.905319999999996,67.459333334,27.598000000000003,41.3307
2022-10-22 18:34:00,35.9444,52.196259999999995,59.907333333,27.627999999999997,41.593399999999995
2022-10-22 18:35:00,39.195299999999996,60.66248,65.325499999,27.585,41.828199999999995
2022-10-22 18:36:00,39.567,62.20446,66.1559,27.622000000000003,42.2933
2022-10-22 18:37:00,32.771272727272724,51.398745454545455,54.66945454454546,27.61909090909091,41.69490909090909
2022-10-22 18:38:00,40.1806,53.30792,66.967666666,27.639,42.5258
2022-10-22 18:39:00,49.146454545454546,61.184672727272726,81.91075757727273,27.64,43.076454545454546
2022-10-22 18:40:00,40.251400000000004,51.79854,67.085666667,27.685000000000002,42.6866
2022-10-22 18:41:00,31.755399999999998,46.367380000000004,52.925666666999994,27.677,41.8622
2022-10-22 18:42:00,42.79054545454546,52.5101090909091,71.31757575727273,27.636363636363637,42.90418181818182
2022-10-22 18:43:00,39.0478,50.77816,65.079666667,27.572000000000003,42.887
2022-10-22 18:44:00,37.384,49.53758181818182,62.30666666636364,27.577272727272724,42.53936363636364
2022-10-22 18:45:00,37.85063636363637,50.39110909090909,63.08439394090909,27.54909090909091,42.95063636363636
2022-10-22 18:46:00,47.679500000000004,55.195460000000004,79.465833334,27.582,43.9324
2022-10-22 18:47:00,38.08663636363636,49.83394545454546,63.47772727363636,27.578181818181818,44.0
2022-10-22 18:48:00,36.5875,51.971320000000006,60.979166667,27.524,43.7812
2022-10-22 18:49:00,34.48227272727273,46.565054545454544,57.470454545454544,27.527272727272727,43.97436363636364
2022-10-22 18:50:00,35.15511111111111,47.49497777777778,58.59185185111111,27.454444444444444,42.92377777777777
2022-10-22 18:51:00,35.2659,49.69258,58.776499998999995,27.335,42.8472
2022-10-22 18:52:00,30.4397,47.805040000000005,50.732833336,27.238999999999997,42.8115
2022-10-22 18:53:00,32.73909090909091,46.80807272727272,54.565151516363635,27.24,42.73636363636364
2022-10-22 18:54:00,33.000299999999996,45.42198,55.0005,27.252,42.666399999999996
2022-10-22 18:55:00,49.515875,60.40005,84.93999999125,27.235,43.393625
2022-10-22 18:56:00,33.6965,49.54262,56.160833333999996,27.206,43.5359
2022-10-22 18:57:00,33.178909090909094,49.00412727272727,55.29818181727273,27.20727272727273,44.03390909090909
2022-10-22 18:58:00,41.3075,55.70402,68.84583333399999,27.195999999999998,43.7544
2022-10-22 18:59:00,46.0452,67.95836,78.41141333200001,27.222,43.5244
2022-10-22 19:00:00,39.17366666666666,57.083,65.28944444444444,27.314444444444444,43.55555555555556
2022-10-22 19:01:00,51.12444444444444,65.87775555555555,85.20740740777778,27.405555555555555,43.614000000000004
2022-10-22 19:02:00,45.50454545454546,62.684272727272734,75.84090909,27.434545454545457,43.59609090909091
2022-10-22 19:03:00,42.753,59.65115555555556,71.255,27.426666666666666,43.62477777777778
2022-10-22 19:04:00,42.1217,58.0936,70.202833333,27.462,43.7679
2022-10-22 19:05:00,38.5168,53.38616,64.194666668,27.455000000000002,43.5771
2022-10-22 19:06:00,37.764818181818185,54.276436363636364,62.94136363636364,27.451818181818183,43.50445454545454
2022-10-22 19:07:00,45.1366,64.82224,75.227666666,27.421,43.990899999999996
2022-10-22 19:08:00,45.64936363636363,65.65087272727273,76.40121212454545,27.40636363636364,43.71481818181818
2022-10-22 19:09:00,53.27466666666667,64.2713,95.05750000500001,27.37833333333333,43.48233333333334
2022-10-22 19:10:00,34.552,52.930575,57.8134583325,27.34,42.6275
2022-10-22 19:11:00,40.4107,55.100919999999995,67.35116666600001,27.369,42.7373
2022-10-22 19:12:00,36.1745,49.9925,60.290833332,27.389999999999997,42.9477
2022-10-22 19:13:00,57.26044444444445,62.05993333333333,99.49537036555556,27.444444444444443,43.16688888888889
2022-10-22 19:14:00,58.46175,62.885799999999996,100.33354165875,27.54125,42.83075
2022-10-22 19:15:00,45.526,57.745866666666664,75.876666665,27.7,42.66916666666666
2022-10-22 19:16:00,56.11322222222222,62.001977777777775,95.44888888555556,27.81888888888889,42.26488888888889
2022-10-22 19:17:00,58.17166666666666,63.592133333333344,100.6788889,27.896666666666665,41.948
2022-10-22 19:18:00,53.12225,56.43915,88.537083335,27.935000000000002,41.9785
2022-10-22 19:19:00,42.2456,52.52552000000001,70.409333332,27.956,41.7282
2022-10-22 19:20:00,51.22277777777778,55.626866666666665,87.32388888222222,28.025555555555556,41.27755555555555
2022-10-22 19:21:00,43.29055555555556,55.105266666666665,72.15092592555555,28.116666666666667,41.37411111111111
2022-10-22 19:22:00,48.604727272727274,60.402272727272724,81.00787878727273,28.15,41.13790909090909
2022-10-22 19:23:00,49.29663636363637,60.811254545454545,82.16106060636365,28.154545454545453,40.87518181818182
2022-10-22 19:24:00,38.1628,48.2321,63.604666666,28.202999999999996,41.1329
2022-10-22 19:25:00,35.37263636363636,47.11925454545454,58.95439393909091,28.271818181818183,41.084272727272726
2022-10-22 19:26:00,35.855363636363634,48.802600000000005,59.75893939454545,28.278181818181817,40.902181818181816
2022-10-22 19:27:00,35.29754545454545,46.363527272727275,58.82924242454545,28.20818181818182,40.66227272727273
2022-10-22 19:28:00,41.75,51.71378,69.583333333,28.273000000000003,40.8574
2022-10-22 19:29:00,53.92545454545455,52.54567272727272,93.43712120272727,28.264545454545456,40.957454545454546
2022-10-22 19:30:00,39.969272727272724,49.97027272727273,66.61545454636364,28.220000000000002,41.11927272727273
2022-10-22 19:31:00,34.895272727272726,46.81696363636363,58.15878787727272,28.202727272727273,41.06618181818182
2022-10-22 19:32:00,36.5285,51.303020000000004,60.880833333,28.189,41.136900000000004
2022-10-22 19:33:00,35.179545454545455,49.38347272727273,58.632575757272726,28.222727272727273,40.99018181818182
2022-10-22 19:34:00,44.1808,57.246,73.634666667,28.254,41.4906
2022-10-22 19:35:00,37.4017,54.52716,62.336166667,28.264,41.6241
2022-10-22 19:36:00,37.0064,52.75698,61.677333334000004,28.191000000000003,42.5459
2022-10-22 19:37:00,36.563900000000004,52.16366000000001,60.939833335,28.133,42.4801
2022-10-22 19:38:00,38.84827272727273,55.127,64.74712121272727,28.04090909090909,43.30836363636364
2022-10-22 19:39:00,31.897000000000002,47.7594,53.161666667,27.814,43.9711
2022-10-22 19:40:00,40.151636363636364,55.64563636363636,66.91939394,27.729090909090907,43.68827272727273
2022-10-22 19:41:00,47.070727272727275,61.97596363636364,79.40484848545454,27.615454545454543,44.16563636363637
2022-10-22 19:42:00,62.7127,67.86055999999999,111.88033333999999,27.607999999999997,44.6297
2022-10-22 19:43:00,60.0813,64.81898,102.751833337,27.577999999999996,44.7198
2022-10-22 19:44:00,44.158272727272724,58.95898181818182,73.59712121181818,27.529999999999998,44.81009090909091
2022-10-22 19:45:00,51.32485714285714,58.927228571428564,89.07238094714285,27.50714285714286,44.08871428571428
2022-10-22 19:46:00,47.893375,55.122925,80.79770833875,27.5125,44.678375
2022-10-22 19:47:00,35.183299999999996,49.236180000000004,58.638833333,27.523000000000003,44.2028
2022-10-22 19:48:00,33.40418181818182,46.95032727272728,55.67363636454545,27.536363636363635,44.04445454545455
2022-10-22 19:49:00,47.99557142857144,56.35648571428572,84.23999999714286,27.532857142857143,44.064
2022-10-22 19:50:00,53.61742857142857,62.64828571428571,89.36238095142858,27.564285714285713,44.64028571428572
2022-10-22 19:51:00,51.1015,57.85888,85.169166666,27.589,44.9444
2022-10-22 19:52:00,58.211000000000006,59.09954285714286,102.74071428,27.554285714285715,44.728
2022-10-22 19:53:00,51.9865,57.63719999999999,89.342000004,27.512,45.037099999999995
2022-10-22 19:55:00,63.674400000000006,69.90132,113.18500002,27.381999999999998,44.436
2022-10-22 19:56:00,33.7201,44.427679999999995,56.200166667,27.135,44.9311
2022-10-22 19:57:00,56.016200000000005,66.43268,94.366833333,27.064,45.0861
2022-10-22 19:58:00,64.95309090909092,69.1124,118.52742425090909,27.05,44.95218181818182
2022-10-22 19:59:00,46.257600000000004,57.91756,77.096000001,27.044,44.625099999999996
2022-10-22 20:00:00,36.0506,49.10252,60.08433333399999,27.085,44.7055
2022-10-22 20:01:00,32.0858,43.16606,53.476333333,27.074,44.8528
2022-10-22 20:02:00,32.2687,43.48554,53.781166668000004,27.060000000000002,44.9599
2022-10-22 20:03:00,32.3631,44.043,53.9385,27.052999999999997,45.1146
2022-10-22 20:04:00,40.0213,48.27774,66.702166667,27.043,45.1745
2022-10-22 20:05:00,40.13733333333333,51.95755555555556,66.89555555444446,26.986666666666665,45.25888888888889
2022-10-22 20:06:00,52.3169,58.05448,87.194833334,26.924,45.0801
2022-10-22 20:07:00,65.763,65.1841,119.658833347,26.936,45.263999999999996
2022-10-22 20:09:00,59.951499999999996,65.2493,103.19749998500001,26.755,45.229
2022-10-22 20:10:00,39.114666666666665,48.1832,65.19111111,26.686666666666667,45.154666666666664
2022-10-22 20:11:00,66.301375,65.28190000000001,122.422083325,26.73625,45.343875
2022-10-22 20:12:00,45.0658,56.369060000000005,77.02083333,26.726999999999997,45.570100000000004
2022-10-22 20:13:00,35.66763636363636,51.292054545454555,59.44606060545455,26.723636363636363,45.75627272727273
2022-10-22 20:14:00,41.714600000000004,55.0292,69.52433333399999,26.719,46.1096
2022-10-22 20:15:00,39.2248,57.26556000000001,65.374666667,26.705000000000002,46.1729
2022-10-22 20:16:00,37.82322222222222,50.90348888888889,63.038703702222215,26.66,46.29844444444444
2022-10-22 20:17:00,34.3219,52.372299999999996,57.203166666,26.660000000000004,46.0745
2022-10-22 20:18:00,33.9974,44.4342,56.662333334,26.68,46.1155
2022-10-22 20:19:00,38.5581,46.272839999999995,64.263500001,26.663,46.1008
2022-10-22 20:20:00,39.8856,50.34132,66.476,26.554000000000002,46.5649
2022-10-22 20:21:00,42.629636363636365,54.47796363636364,71.0493939390909,26.64090909090909,47.25172727272727
2022-10-22 20:22:00,39.9623,59.33566,66.603833334,26.662,46.9462
2022-10-22 20:23:00,53.077999999999996,65.77830909090909,90.49893939090909,26.64,47.21909090909091
2022-10-22 20:24:00,41.71245454545454,58.29809090909091,69.52075757636364,26.637272727272727,47.05327272727273
2022-10-22 20:25:00,48.316700000000004,65.3634,80.527833332,26.662,47.073
2022-10-22 20:26:00,35.860727272727274,47.202236363636366,59.76787878727273,26.685454545454547,47.54781818181818
2022-10-22 20:27:00,34.278454545454544,52.1604,57.13075757818182,26.678181818181816,47.495
2022-10-22 20:28:00,45.35972727272727,65.55603636363637,75.67109090999999,26.634545454545457,47.79272727272728
2022-10-22 20:29:00,51.0189,64.4832,85.0315,26.618000000000002,47.7039
2022-10-22 20:30:00,54.56372727272728,65.35747272727272,90.94560605818182,26.60181818181818,47.51954545454546
2022-10-22 20:31:00,40.43590909090909,56.66216363636364,67.39318181818182,26.636363636363637,46.76181818181818
2022-10-22 20:32:00,35.4901,52.838480000000004,59.15016666699999,26.656,46.6344
2022-10-22 20:33:00,35.1833,50.80424,58.638833335,26.621999999999996,46.537400000000005
2022-10-22 20:34:00,37.16409090909091,50.94530909090909,61.940151515454545,26.651818181818182,46.12118181818182
2022-10-22 20:35:00,37.443,51.8907090909091,62.40499999909091,26.678181818181823,46.424181818181815
2022-10-22 20:36:00,45.096909090909094,59.113090909090914,75.16151515,26.683636363636364,46.58345454545454
2022-10-22 20:37:00,38.988800000000005,53.81322,64.981333334,26.707,46.2868
2022-10-22 20:38:00,35.87145454545455,54.39201818181818,59.78575757454546,26.66818181818182,46.52890909090909
2022-10-22 20:39:00,44.6351,63.33242,74.391833333,26.624000000000002,46.7116
2022-10-22 20:40:00,44.3637,60.23542,73.93949999899999,26.601999999999997,46.4099
2022-10-22 20:41:00,36.386900000000004,52.672219999999996,60.644833332999994,26.686,45.7137
2022-10-22 20:42:00,46.310700000000004,55.0129,77.1845,26.752,45.6676
2022-10-22 20:43:00,72.843,68.54733333333333,142.81,26.83,45.764
2022-10-22 20:44:00,40.039,58.47665,67.2854416675,26.82125,45.332875
2022-10-22 20:45:00,39.17009090909091,58.4522,65.28348484818183,26.810909090909092,45.745363636363635
2022-10-22 20:46:00,35.3544,56.254960000000004,58.923999999,26.742,45.783300000000004
2022-10-22 20:47:00,44.02477777777778,64.69328888888889,73.37462962777778,26.72222222222222,45.998999999999995
2022-10-22 20:48:00,40.6762,59.616020000000006,67.79366666600001,26.692,45.900999999999996
2022-10-22 20:49:00,52.294909090909094,70.04890909090909,87.75742423999999,26.627272727272725,46.595090909090914
2022-10-22 20:50:00,43.559333333333335,67.78666666666668,72.59888888833333,26.646666666666665,46.274166666666666
2022-10-22 20:51:00,40.900400000000005,62.23706,68.167333333,26.655,45.8822
2022-10-22 20:52:00,35.8913,55.63556,59.818833332,26.603,45.8574
2022-10-22 20:53:00,38.316199999999995,57.52636,63.86033333299999,26.549,45.656099999999995
2022-10-22 20:54:00,40.04555555555555,61.63251111111111,66.74259259333333,26.56,45.73155555555556
2022-10-22 20:55:00,48.7061,65.53944,81.17683333400001,26.617,45.743
2022-10-22 20:56:00,38.0035,52.34295999999999,63.339166666000004,26.599,45.734300000000005
2022-10-22 20:57:00,36.40781818181818,50.95420000000001,60.67969697,26.545454545454547,45.80418181818182
2022-10-22 20:58:00,37.773399999999995,51.16936,62.955666665,26.483999999999998,45.9408
2022-10-22 20:59:00,39.6024,57.141679999999994,66.00399999999999,26.463,46.1479
2022-10-24 18:00:00,35.1243,52.61354,58.540499999999994,27.560000000000002,42.0119
2022-10-24 18:01:00,33.318363636363635,49.05747272727273,55.53060606090909,27.63,41.671
2022-10-24 18:02:00,34.5874,51.97784,57.645666667,27.560000000000002,42.6418
2022-10-24 18:03:00,40.87572727272727,57.46234545454545,68.12621212090909,27.575454545454544,43.046454545454544
2022-10-24 18:04:00,43.79354545454545,58.48183636363637,72.98924242454545,27.62,42.70781818181818
2022-10-24 18:05:00,39.38344444444445,56.684555555555555,65.63907407333333,27.555555555555557,42.68222222222222
2022-10-24 18:06:00,35.576454545454546,58.00172727272727,59.549581818181814,27.35272727272727,43.99454545454545
2022-10-24 18:07:00,36.960272727272724,63.17327272727273,63.17327272727273,27.216363636363635,43.75654545454545
2022-10-24 18:08:00,51.284400000000005,77.72206,86.43450666700001,27.299,43.2667
2022-10-24 18:09:00,46.87227272727273,92.6910909090909,92.60166060909091,27.35181818181818,43.24690909090909
2022-10-24 18:10:00,45.0422,75.28684,76.019426666,27.35,43.7988
2022-10-24 18:11:00,45.00572727272727,69.31689090909092,75.00954545454546,27.21,43.916909090909094
2022-10-24 18:12:00,33.6729,52.32340000000001,56.121500001,27.258999999999997,43.0951
2022-10-24 18:13:00,39.7322,58.9086,66.220333332,27.326,43.404
2022-10-24 18:14:00,36.65990909090909,53.34585454545454,61.09984848454545,27.413636363636364,42.67436363636364
2022-10-24 18:15:00,43.402,61.75784,72.336666667,27.464999999999996,42.9508
2022-10-24 18:16:00,44.3814,59.93224,73.968999999,27.437,43.4615
2022-10-24 18:17:00,50.482,73.61712727272727,84.13666666727273,27.518181818181816,43.387454545454545
2022-10-24 18:18:00,46.39490909090909,60.80236363636364,77.32484848545455,27.51181818181818,42.91463636363637
2022-10-24 18:19:00,47.838800000000006,63.65842,79.731333333,27.579,42.9771
2022-10-24 18:20:00,64.35772727272727,79.13838181818181,116.40878787818183,27.672727272727272,43.16109090909091
2022-10-24 18:21:00,60.37254545454545,83.16003636363637,103.08272727363637,27.624545454545455,43.40681818181818
2022-10-24 18:22:00,49.5321,74.28927999999999,82.553499999,27.435000000000002,44.751400000000004
2022-10-24 18:23:00,67.16827272727272,85.23754545454545,126.87969697272727,27.41181818181818,44.51581818181818
2022-10-24 18:24:00,71.78099999999999,82.96414,139.26999999,27.363,45.0158
2022-10-24 18:25:00,69.0021,84.48982,130.649333337,27.431,44.8699
2022-10-24 18:26:00,65.06572727272727,85.65541818181818,118.86999999363637,27.48818181818182,44.45645454545455
2022-10-24 18:27:00,81.6635,87.39556666666665,174.598611105,27.488333333333333,43.96216666666667
2022-10-24 18:28:00,61.7864,82.83048,107.46866666999999,27.482,44.0261
2022-10-24 18:29:00,56.665200000000006,79.67154000000001,94.93049999899999,27.571999999999996,43.923899999999996
2022-10-24 18:30:00,58.33489999999999,83.63244,99.21816666,27.568,43.504599999999996
2022-10-24 18:31:00,92.37736363636364,116.50687272727274,207.32713285454545,27.50272727272727,44.196636363636365
2022-10-24 18:32:00,56.521454545454546,67.98325454545454,94.20242424272728,27.49818181818182,43.93954545454545
2022-10-24 18:33:00,52.48263636363636,61.40990909090909,87.47106060545455,27.401818181818182,43.748999999999995
2022-10-24 18:34:00,66.2527,82.08068,123.91633333099999,27.353,44.2419
2022-10-24 18:35:00,74.21609090909091,96.43119999999999,150.24727273363635,27.321818181818184,43.805
2022-10-24 18:36:00,70.66,90.13288,135.53333333999998,27.297000000000004,44.3129
2022-10-24 18:37:00,79.67519999999999,94.49476,165.58400001,27.325,44.7548
2022-10-24 18:38:00,88.26881818181818,97.48329090909091,194.22939393636364,27.30909090909091,44.70154545454545
2022-10-24 18:39:00,102.05336363636364,102.71410909090909,240.17787878181818,27.28909090909091,45.026272727272726
2022-10-24 18:40:00,108.38781818181819,106.19934545454545,261.2927272818182,27.295454545454547,45.18781818181819
2022-10-24 18:41:00,74.23754545454545,87.88110909090909,147.45848485454545,27.242727272727276,45.49827272727273
2022-10-24 18:42:00,69.98740000000001,86.85658,135.614833341,27.115999999999996,45.6325
2022-10-24 18:43:00,61.22,72.1027090909091,104.23939392727272,27.075454545454544,45.214727272727266
2022-10-24 18:44:00,76.37763636363637,83.21930909090909,154.5921212181818,27.030909090909088,45.80081818181818
2022-10-24 18:45:00,54.75681818181818,70.73647272727273,94.4559090909091,26.912727272727274,46.01881818181818
2022-10-24 18:46:00,66.10627272727272,77.56172727272727,121.36409091454544,26.866363636363634,45.94709090909091
2022-10-24 18:47:00,87.0679,91.89654,190.22633334,26.95,45.251400000000004
2022-10-24 18:48:00,69.60336363636362,81.53892727272726,132.0112121090909,27.06,45.23463636363636
2022-10-24 18:49:00,63.6803,77.95352,112.26766666,27.172000000000004,44.3903
2022-10-24 18:50:00,103.47472727272726,95.78809090909091,235.7374359,27.3,44.24245454545454
2022-10-24 18:51:00,75.80372727272727,86.24814545454545,152.67909090909092,27.35090909090909,44.12645454545455
2022-10-24 18:52:00,71.17490909090908,80.46312727272728,137.24969696363635,27.436363636363637,44.002818181818185
2022-10-24 18:53:00,63.27427272727273,71.21658181818181,110.9142424090909,27.420909090909092,44.113090909090914
2022-10-24 18:54:00,62.75936363636363,70.05483636363637,109.19787878181819,27.40727272727273,44.09890909090909
2022-10-24 18:55:00,64.9075,75.51178,116.35833333999999,27.344,44.2445
2022-10-24 18:56:00,66.19209090909091,77.45503636363637,120.70575757272726,27.19545454545454,44.463181818181816
2022-10-24 18:57:00,64.0048,80.51588,115.141833329,27.286,45.0404
2022-10-24 18:58:00,100.3252,102.78494,231.56630768999997,27.266000000000002,45.783699999999996
2022-10-24 18:59:00,104.73518181818181,107.10029090909092,249.11727271818182,27.221818181818183,45.47109090909091
2022-10-24 19:00:00,97.17245454545454,103.51725454545455,223.90818182727273,27.004545454545454,46.091454545454546
2022-10-24 19:01:00,70.8901,84.0106,139.053333331,26.718,47.0991
2022-10-24 19:02:00,48.647636363636366,62.18638181818182,81.07939394,26.36909090909091,47.09245454545455
2022-10-24 19:03:00,47.070727272727275,61.06909090909091,78.45121212090909,26.316363636363636,46.823727272727275
2022-10-24 19:05:00,51.68822222222222,76.39306666666667,86.17120740777779,26.06888888888889,48.42944444444444
2022-10-24 19:06:00,57.92672727272727,75.3716,97.91863636363637,26.032727272727275,48.183363636363644
2022-10-24 19:07:00,56.97855555555556,74.2124888888889,94.96425925888889,26.094444444444445,47.437888888888885
2022-10-24 19:08:00,92.88690909090909,96.88463636363636,209.6230303,26.171818181818182,47.234909090909085
2022-10-24 19:09:00,114.07809999999999,116.99202,274.72469232,26.145999999999997,47.9205
2022-10-24 19:10:00,103.7767,101.8265,245.6541282,26.101,47.943799999999996
2022-10-24 19:11:00,158.2589090909091,133.22770909090912,313.20405592727275,26.19454545454545,47.05054545454546
2022-10-24 19:12:00,154.3059090909091,134.55541818181817,326.3891608272727,26.287272727272725,46.51763636363636
2022-10-24 19:13:00,93.66463636363636,102.82376363636364,212.21545453636364,26.35272727272727,46.37463636363636
2022-10-24 19:14:00,142.2801,123.97167999999999,317.13853847,26.463,46.527699999999996
2022-10-24 19:15:00,181.1509090909091,160.14345454545455,347.03916083636364,26.525454545454544,46.63454545454545
2022-10-24 19:16:00,170.9760909090909,149.47732727272728,339.2123776272727,26.560909090909092,46.74854545454546
2022-10-24 19:17:00,177.62699999999998,137.8094909090909,338.95736596363633,26.431818181818183,48.531181818181814
2022-10-24 19:18:00,132.17554545454547,112.85270909090909,297.2170862363636,26.177272727272726,49.105
2022-10-24 19:19:00,226.2017,170.99066,381.69361537,26.112000000000002,48.5486
2022-10-24 19:20:00,191.85136363636363,149.27876363636364,355.27027973636365,26.047272727272727,48.19472727272728
2022-10-24 19:21:00,150.72299999999998,134.15532727272728,309.76897437272726,26.10909090909091,46.855
2022-10-24 19:22:00,109.40988888888889,105.35635555555557,262.23780626666667,26.27777777777778,46.617777777777775
2022-10-24 19:23:00,137.89318181818183,114.31674545454547,313.38892773636366,26.40909090909091,45.626909090909095
2022-10-24 19:24:00,125.9607,109.87870000000001,302.25823078,26.462,46.1312
2022-10-24 19:25:00,194.15236363636362,148.35410909090908,357.04027970909095,26.519090909090906,46.98645454545454
2022-10-24 19:26:00,194.4184,147.69144,357.24492308,26.464999999999996,47.6375
2022-10-24 19:27:00,226.14109090909093,162.87592727272727,381.6469930090909,26.39818181818182,48.219
2022-10-24 19:28:00,240.15627272727272,182.0388,392.42790210909095,26.39727272727273,47.69863636363636
2022-10-24 19:29:00,182.9429,144.34342,348.41761539,26.43,47.5698
2022-10-24 19:30:00,200.0293,182.66472,361.56100000000004,26.448,47.9838
2022-10-24 19:31:00,151.57045454545457,157.83478181818182,320.2954545545454,26.168181818181814,49.01527272727273
2022-10-24 19:32:00,191.8401,165.4943,355.26161537,25.901,50.148700000000005
2022-10-24 19:33:00,151.61336363636363,128.08283636363637,324.31797202727273,25.819090909090907,49.01972727272727
2022-10-24 19:34:00,119.36449999999999,104.45732000000001,295.67423077,25.813,48.7701
2022-10-24 19:35:00,146.7346,116.9203,320.56507693,25.915,47.3859
2022-10-24 19:36:00,121.16990000000001,104.53556,296.21300001,26.267000000000003,46.9973
2022-10-24 19:37:00,120.90654545454545,107.46185454545456,273.1278787909091,26.512727272727272,46.56672727272728
2022-10-24 19:38:00,178.31354545454545,141.95561818181818,344.8565734272727,26.521818181818183,48.017545454545456
2022-10-24 19:39:00,258.4045555555556,196.21255555555555,406.46504273333335,26.476666666666667,47.32977777777778
2022-10-24 19:40:00,216.412125,168.375325,374.16317307500003,26.4425,48.3905
2022-10-24 19:41:00,118.1078,102.57303999999999,278.44882052,25.961000000000002,51.1346
2022-10-24 19:42:00,101.66718181818182,95.35243636363636,238.89060606363637,24.975454545454546,53.72718181818182
2022-10-24 19:43:00,113.6179,99.87702,278.72633333,24.482,54.8275
2022-10-24 19:44:00,104.20418181818182,97.42105454545454,234.9908624818182,24.177272727272726,56.99609090909091
2022-10-24 19:45:00,116.36890909090909,102.45034545454546,260.2917016363636,23.795454545454547,57.778999999999996
2022-10-24 19:46:00,126.49545454545455,113.52841818181818,294.0517482636364,24.12909090909091,53.32381818181818
2022-10-24 19:47:00,121.31739999999999,111.41416,291.88569232,24.746000000000002,52.2679
2022-10-24 19:48:00,134.6337,123.49572,311.25669232,25.059,51.2607
2022-10-24 19:49:00,163.82636363636362,140.34043636363637,333.7125874,25.39272727272727,49.568909090909095
2022-10-24 19:50:00,160.9654,134.38086,331.51184616,25.791000000000004,48.109899999999996
2022-10-24 19:51:00,185.42680000000001,158.49182000000002,350.32830769000003,25.889,47.8589
2022-10-24 19:52:00,239.7287142857143,184.44654285714287,392.0990109857143,25.889999999999997,47.95614285714286
2022-10-24 19:53:00,260.90222222222224,210.62900000000002,408.3863247888889,25.927777777777777,47.812555555555555
2022-10-24 19:54:00,269.29825,207.67055,414.844807725,25.97,48.653
2022-10-24 19:55:00,238.0725,201.55533333333332,390.825,26.051666666666666,47.798
2022-10-24 19:56:00,275.9013333333333,214.25846666666666,419.9241025666667,26.09166666666667,48.54233333333334
2022-10-24 19:57:00,281.19728571428567,208.3144,423.9979121,26.172857142857143,46.98028571428572
2022-10-24 19:58:00,285.7248333333333,226.53779999999998,427.48064101666665,26.25333333333333,46.44316666666666
2022-10-24 19:59:00,257.0249090909091,197.59492727272726,405.4037762272728,26.242727272727276,47.096909090909094
2022-10-24 20:00:00,188.65344444444446,149.70322222222222,346.63227919999997,26.003333333333334,48.45133333333334
2022-10-24 20:01:00,101.18981818181818,99.54598181818182,232.5896037272727,25.616363636363634,49.51672727272727
2022-10-24 20:02:00,202.2943636363636,159.42032727272726,357.4509090909091,25.33909090909091,49.726
2022-10-24 20:03:00,138.3008181818182,122.61492727272729,297.9304661909091,24.702727272727273,52.50845454545454
2022-10-24 20:04:00,86.354,88.29206666666667,187.84666666666666,23.731111111111108,57.18377777777778
2022-10-24 20:05:00,123.77072727272729,119.44383636363636,279.1443822909091,23.40636363636364,60.010999999999996
2022-10-24 20:06:00,185.84945454545456,155.96769090909092,350.65342658181817,24.16,52.220636363636366
2022-10-24 20:07:00,195.4804,159.8056,358.06184614999995,24.889,48.2358
2022-10-24 20:08:00,198.749,160.55865999999997,360.57615384,25.369,48.5929
2022-10-24 20:09:00,183.51627272727274,149.22245454545455,348.8586713181818,25.21272727272727,50.51218181818182
2022-10-24 20:10:00,189.00327272727273,154.13912727272728,353.07944055454544,25.217272727272725,49.42972727272727
2022-10-24 20:11:00,171.5736,146.10056,339.67199999999997,25.574,47.3715
2022-10-24 20:12:00,183.3087,150.80473999999998,348.69899998,25.717000000000002,46.597500000000004
2022-10-24 20:13:00,221.2119090909091,172.70334545454546,377.8553146818182,25.837272727272726,45.87236363636364
2022-10-24 20:14:00,211.8791818181818,177.2466,370.6762937,25.89363636363636,46.222545454545454
2022-10-24 20:15:00,171.5339090909091,160.3272,339.6414685363636,25.979999999999997,45.37945454545454
2022-10-24 20:16:00,277.5848,220.2786,421.21907692,26.018,46.9944
2022-10-24 20:17:00,243.09340000000003,180.1806,394.68723077,25.772000000000002,47.3562
2022-10-24 20:18:00,158.06581818181817,130.8093818181818,329.2813985909091,25.62181818181818,46.30827272727273
2022-10-24 20:19:00,183.8692,143.53820000000002,349.13015385,25.653000000000002,47.5461
2022-10-24 20:20:00,225.04154545454546,169.20032727272726,380.8011888181818,25.387272727272727,49.04981818181818
2022-10-24 20:21:00,239.4858181818182,179.95536363636364,391.91216780909093,25.312727272727273,49.11236363636363
2022-10-24 20:22:00,182.988625,146.794125,348.4527884625,25.36375,48.09925
2022-10-24 20:23:00,162.228,139.7566,332.48307692,25.294,50.134699999999995
2022-10-24 20:24:00,225.29363636363635,170.6851090909091,380.99510489090903,25.123636363636365,54.69263636363637
2022-10-24 20:25:00,147.02745454545453,127.53160000000001,320.79034964545457,25.029090909090908,52.541909090909094
2022-10-24 20:26:00,124.94536363636362,114.14781818181818,303.8041258727273,25.10181818181818,51.459090909090904
2022-10-24 20:27:00,128.59210000000002,119.52829999999999,306.6093077,25.149,50.8324
2022-10-24 20:28:00,124.85149999999999,116.72470000000001,303.73192307,25.29,50.5478
2022-10-24 20:29:00,92.21645454545454,96.46972727272727,207.3881818181818,25.14090909090909,51.27981818181818
2022-10-24 20:30:00,147.34390909090908,126.90923636363637,316.0340093181818,24.772727272727273,51.27436363636364
2022-10-24 20:31:00,194.0054,146.46568,356.92723077,24.77,51.3
2022-10-24 20:32:00,193.35318181818184,149.4150909090909,356.42552446363635,24.968181818181815,48.20754545454545
2022-10-24 20:33:00,193.20836363636363,165.00381818181816,356.3141258727273,25.162727272727274,46.74581818181818
2022-10-24 20:34:00,164.8358,145.63438000000002,334.48907693,25.294999999999998,49.3497
2022-10-24 20:35:00,153.24390909090909,137.32345454545455,325.5722377545455,25.279090909090908,47.99327272727273
2022-10-24 20:36:00,175.74972727272726,146.44256363636362,342.88440558181816,25.58181818181818,45.62445454545454
2022-10-24 20:37:00,157.0124,132.81932,328.47107691,25.816000000000003,44.9687
2022-10-24 20:38:00,170.52554545454544,147.05603636363637,338.86580421818184,25.88909090909091,45.39872727272728
2022-10-24 20:39:00,200.983625,160.56355,362.29509615,25.708750000000002,47.138374999999996
2022-10-24 20:40:00,141.3580909090909,120.06916363636364,315.92673658181815,25.294545454545457,51.12309090909091
2022-10-24 20:41:00,115.795,103.09790000000001,285.98333335,24.869999999999997,52.413
2022-10-25 18:00:00,30.6698,46.73902,51.116333333,27.862000000000002,35.8081
2022-10-25 18:01:00,38.2336,50.624939999999995,63.722666665999995,28.019,35.9341
2022-10-25 18:02:00,52.4467,48.972120000000004,95.78633333100001,28.054000000000002,35.689
2022-10-25 18:03:00,31.3365,42.703140000000005,52.2275,28.076,36.806400000000004
2022-10-25 18:04:00,30.786727272727273,45.569272727272725,51.31121212090909,28.25181818181818,36.20372727272727
2022-10-25 18:05:00,28.432090909090906,44.46383636363637,47.386818182727275,28.229090909090907,36.01536363636364
2022-10-25 18:06:00,26.899700000000003,42.84332,45.119686667,28.037,36.466899999999995
2022-10-25 18:07:00,31.1949,44.78302,51.991499999,28.016000000000002,36.493
2022-10-25 18:08:00,27.452333333333332,40.29037777777778,45.75388888777778,27.837777777777777,36.873666666666665
2022-10-25 18:09:00,28.1387,41.93704,46.897833334,27.674,36.8922
2022-10-25 18:10:00,27.1652,42.2174,45.275333335,27.538,37.9454
2022-10-25 18:11:00,28.57690909090909,40.6852,47.628181819090905,27.44636363636364,39.26372727272727
2022-10-25 18:12:00,28.0325,42.33476,46.720833332,27.144,39.5943
2022-10-25 18:13:00,29.56381818181818,40.78596363636364,49.27303030181818,27.30636363636364,38.91772727272728
2022-10-25 18:14:00,38.328,49.048581818181816,63.880000000909085,27.55454545454546,39.17536363636364
2022-10-25 18:15:00,32.906555555555556,47.83908888888888,54.84425926,27.54222222222222,39.047222222222224
2022-10-25 18:16:00,29.323125,41.81805,48.87187499875,27.34875,39.06025
2022-10-25 18:17:00,30.445600000000002,43.7496,50.742666668,27.151999999999997,39.7558
2022-10-25 18:18:00,29.30636363636364,45.55445454545455,48.84393939272727,27.415454545454544,37.72290909090909
2022-10-25 18:19:00,30.345299999999998,48.75696,50.683326667,27.373,38.4303
2022-10-25 18:20:00,42.71009090909091,53.58887272727273,71.18348484909092,27.435454545454547,38.203818181818185
2022-10-25 18:21:00,47.00636363636364,55.687127272727274,78.85666666727273,27.614545454545453,37.99609090909091
2022-10-25 18:22:00,38.65577777777778,52.102444444444444,64.42629629555556,27.64,38.57233333333333
2022-10-25 18:23:00,34.906,45.82710909090909,58.17666666636364,27.75090909090909,38.38718181818182
2022-10-25 18:24:00,41.91090909090909,52.89241818181818,69.86651515181819,27.90818181818182,38.35181818181818
2022-10-25 18:25:00,77.25114285714287,77.02954285714286,157.50380952857145,28.06142857142857,38.642428571428574
2022-10-25 18:27:00,40.973166666666664,53.85016666666667,68.28861111166667,28.313333333333333,37.334833333333336
2022-10-25 18:28:00,52.87477777777778,61.328244444444444,88.12462963,28.257777777777775,37.379444444444445
2022-10-25 18:29:00,56.01727272727273,62.11525454545454,93.36212121181819,28.178181818181816,37.12745454545455
2022-10-25 18:30:00,45.744299999999996,49.0471,81.190166663,28.072000000000003,37.7221
2022-10-25 18:31:00,49.184,51.11176666666666,82.4925,28.044999999999998,37.27183333333333
2022-10-25 18:32:00,48.328500000000005,56.124559999999995,80.5475,27.76,37.6502
2022-10-25 18:33:00,40.098,52.35896363636364,66.82999999818182,27.65818181818182,42.17618181818182
2022-10-25 18:34:00,40.68144444444445,51.97566666666667,67.80240740777778,27.68777777777778,43.09288888888889
2022-10-25 18:35:00,56.71454545454546,58.07878181818182,97.29606060636364,27.861818181818183,42.860727272727274
2022-10-25 18:36:00,67.50022222222222,64.22602222222223,127.33499998555557,27.90111111111111,41.29077777777778
2022-10-25 18:37:00,41.2072,51.022659999999995,68.67866666699999,27.947000000000003,40.8488
2022-10-25 18:38:00,40.033100000000005,49.54262,66.721833334,28.074,40.4095
2022-10-25 18:39:00,47.48775,52.1767,79.14625000000001,28.2175,39.9
2022-10-25 18:40:00,41.0538,50.4163,68.423000001,28.238,37.1606
2022-10-25 18:41:00,39.8266,48.7374,66.37766666600001,28.267000000000003,36.928399999999996
2022-10-25 18:42:00,37.56755555555556,49.66831111111111,62.61259259111111,28.221111111111114,37.00244444444444
2022-10-25 18:46:00,58.579750000000004,75.171925,100.30895833875,27.73375,39.09775
2022-10-25 18:47:00,46.72209090909091,65.45823636363637,77.87015151454546,27.768181818181816,38.53690909090909
2022-10-25 18:48:00,42.946090909090906,68.60561818181817,72.48360606,27.863636363636363,36.90872727272727
2022-10-25 18:49:00,53.78009999999999,84.78322,90.81383332499999,27.868000000000002,37.4505
2022-10-25 18:50:00,45.56890909090909,57.17190909090909,75.94818181727273,27.85818181818182,37.84790909090909
2022-10-25 18:51:00,41.986,58.39885454545454,69.97666666727272,27.80363636363636,38.73354545454545
2022-10-25 18:52:00,43.343,53.32214545454545,72.23833333454546,27.930909090909093,37.313545454545455
2022-10-25 18:53:00,41.717222222222226,58.4848,69.52870370444445,28.226666666666667,36.72044444444444
2022-10-25 18:54:00,41.101,60.22238,68.501666667,28.404000000000003,37.021300000000004
2022-10-25 18:55:00,42.4521,57.3438,70.753500002,28.445999999999998,37.6266
2022-10-25 18:56:00,42.92463636363636,54.033418181818185,71.54106060636364,28.431818181818183,37.89290909090909
2022-10-25 18:57:00,46.62554545454545,60.87941818181818,77.70924242363637,28.320909090909087,37.39036363636364
2022-10-25 18:58:00,54.89627272727273,61.229127272727276,91.57742424181818,28.30363636363636,37.51436363636364
2022-10-25 18:59:00,49.7327,56.23214,82.88783333500001,28.43,37.363299999999995
2022-10-25 19:00:00,58.538181818181826,59.542818181818184,98.85409090909091,28.578181818181818,37.42045454545455
2022-10-25 19:01:00,55.71154545454545,57.63127272727272,96.2559090890909,28.634545454545457,37.47590909090909
2022-10-25 19:02:00,45.965818181818186,53.39030909090909,76.6096969690909,28.568181818181817,37.65390909090909
2022-10-25 19:03:00,45.456272727272726,55.20701818181818,75.76045454545455,28.598181818181818,37.580636363636366
2022-10-25 19:04:00,51.104181818181814,56.113890909090905,85.17363636454546,28.736363636363638,37.354
2022-10-25 19:05:00,51.3375,62.207719999999995,85.562499999,28.473000000000003,38.6129
2022-10-25 19:06:00,54.724636363636364,59.113090909090914,92.48636362636363,28.432727272727274,37.55581818181818
2022-10-25 19:07:00,40.4461,53.05038,67.41016666499999,28.462,37.7038
2022-10-25 19:08:00,67.16588888888889,66.5551111111111,127.25851849999998,28.38888888888889,37.50233333333333
2022-10-25 19:09:00,75.15055555555556,73.42284444444445,150.50185185555557,28.236666666666665,38.42611111111111
2022-10-25 19:11:00,66.23500000000001,63.114000000000004,120.78333330000001,28.185000000000002,37.359
2022-10-25 19:12:00,52.56845454545455,55.639709090909086,90.71636363636364,28.12909090909091,37.574090909090906
2022-10-25 19:13:00,45.94555555555556,54.9477,76.57592592444445,28.209999999999997,37.03666666666666
2022-10-25 19:14:00,41.00266666666667,54.029466666666664,68.33777777777777,28.285555555555554,37.408
2022-10-25 19:15:00,47.0364,56.294079999999994,78.39399999899999,28.252999999999997,38.4185
2022-10-25 19:16:00,41.91090909090909,57.68461818181818,69.8515151509091,28.184545454545454,38.671727272727274
2022-10-25 19:17:00,40.301818181818184,55.56561818181819,67.16969697090909,28.124545454545455,38.535636363636364
2022-10-25 19:18:00,40.8532,53.31118,68.088666667,28.004,39.6881
2022-10-25 19:19:00,44.35136363636364,58.79598181818182,73.91893939545454,27.951818181818183,41.39109090909091
2022-10-25 19:20:00,43.1011,53.17100000000001,71.835166668,28.169,40.9101
2022-10-25 19:21:00,44.08318181818182,54.35645454545455,73.47196969727273,28.045454545454547,41.00072727272727
2022-10-25 19:22:00,43.25718181818182,59.074563636363635,72.0953030309091,27.64909090909091,41.77636363636364
2022-10-25 19:23:00,48.7592,59.58016,81.265333334,27.445999999999998,42.216
2022-10-25 19:24:00,67.79581818181818,74.07945454545455,126.93333333636365,27.64272727272727,40.47545454545455
2022-10-25 19:25:00,45.21490909090909,57.705363636363636,75.35818181818182,27.770909090909093,38.49454545454545
2022-10-25 19:26:00,71.604,72.18984,140.122,27.738,39.0974
2022-10-25 19:27:00,64.3765,70.4979,119.596333329,27.776999999999997,39.629000000000005
2022-10-25 19:28:00,50.0749,59.850739999999995,84.04183334,27.771000000000004,39.029700000000005
2022-10-25 19:29:00,40.02290909090909,53.76076363636364,66.70484848454545,27.624545454545455,39.91409090909091
2022-10-25 19:30:00,42.3636,58.35114,70.606000001,27.252999999999997,41.71169999999999
2022-10-25 19:31:00,44.89175,59.621725,74.81958333375,27.45625,39.838
2022-10-25 19:32:00,45.708363636363636,57.84169090909091,76.18060606090908,27.768181818181816,39.561454545454545
2022-10-25 19:33:00,51.967727272727274,63.84601818181818,86.94969696818181,27.85090909090909,39.308727272727275
2022-10-25 19:34:00,68.218875,81.14587499999999,127.39625,28.06375,38.894125
2022-10-25 19:35:00,55.32983333333333,60.46253333333333,94.89888889000001,27.78833333333333,40.80616666666666
2022-10-25 19:36:00,44.5643,56.45381999999999,74.273833333,27.508999999999997,40.0338
2022-10-25 19:37:00,45.82636363636364,59.20792727272727,76.37727272818182,27.12181818181818,41.06854545454546
2022-10-25 19:38:00,48.70663636363636,60.16221818181818,81.17772727181818,27.099090909090908,40.33018181818182
2022-10-25 19:39:00,48.384818181818176,64.9158909090909,80.64136363636364,27.03909090909091,41.59527272727273
2022-10-25 19:40:00,54.4114,65.37318,90.685666666,27.019,44.0664
2022-10-25 19:41:00,48.894363636363636,63.85787272727273,81.49060606181818,26.39090909090909,46.53927272727273
2022-10-25 19:42:00,38.049090909090914,53.090981818181824,63.41515151454546,24.885454545454547,49.896454545454546
2022-10-25 19:43:00,42.82511111111111,56.92724444444444,71.37518518444443,24.43777777777778,49.88233333333333
2022-10-25 19:44:00,45.72922222222222,62.91839999999999,76.21537037,24.745555555555555,48.989444444444445
2022-10-25 19:45:00,44.64636363636364,55.96570909090909,74.41060606090909,24.775454545454544,50.00454545454545
2022-10-25 19:46:00,44.3283,60.62662,73.88050000000001,24.773000000000003,49.3144
2022-10-25 19:47:00,45.94883333333333,59.7236,76.58138888833334,24.78,49.0585
2022-10-25 19:48:00,48.52516666666667,62.038199999999996,80.87527777833334,24.631666666666664,48.26083333333333
2022-10-25 19:49:00,46.346636363636364,60.85570909090909,77.24439394,24.744545454545456,48.75954545454545
2022-10-25 19:50:00,45.9331,61.526379999999996,76.555166668,25.143,44.7806
2022-10-25 19:51:00,47.30255555555556,65.86326666666668,78.83759259333334,25.507777777777775,43.58133333333333
2022-10-25 19:52:00,44.169000000000004,61.65786666666666,73.615,25.775555555555556,42.39877777777778
2022-10-25 19:53:00,41.9978,57.41226,69.996333331,25.732,42.4406
2022-10-25 19:54:00,43.407363636363634,57.58089090909091,72.34560606272727,25.971818181818183,42.16790909090909
2022-10-25 19:55:00,40.8827,58.78146,68.13783333500001,26.241000000000003,40.367399999999996
2022-10-25 19:56:00,32.8469,50.32176,54.744833334,26.427,40.694
2022-10-25 19:57:00,33.596199999999996,47.384499999999996,55.993666668,26.342000000000002,41.8681
2022-10-25 19:58:00,36.17718181818182,52.21967272727272,60.29530303000001,26.403636363636362,40.44136363636364
2022-10-25 19:59:00,46.2635,62.62174,77.10583333299999,26.560000000000002,41.6733
2022-10-26 17:00:00,26.629909090909088,49.39532727272728,49.39532727272728,29.610909090909093,37.52190909090909
2022-10-26 17:01:00,30.5046,51.76594,51.77142,29.666000000000004,37.1676
2022-10-26 17:02:00,36.504363636363635,49.336054545454544,61.15405454545455,29.622727272727275,38.47236363636364
2022-10-26 17:03:00,24.500545454545453,41.48834545454545,41.776060605454546,29.383636363636366,39.28618181818182
2022-10-26 17:04:00,23.9025,39.02912,40.241073334,29.405,37.6748
2022-10-26 17:05:00,26.174,42.57896363636364,44.58993939454545,29.69,37.137
2022-10-26 17:06:00,27.863545454545456,54.38016363636363,54.38016363636363,29.61818181818182,37.332727272727276
2022-10-26 17:07:00,25.623333333333335,40.5874,42.705555555555556,29.637777777777778,37.12422222222222
2022-10-26 17:08:00,24.897454545454547,38.09201818181818,41.49575757545455,29.75,36.60181818181818
2022-10-26 17:09:00,25.240727272727273,37.36889090909091,42.067878787272726,29.792727272727276,36.593545454545456
2022-10-26 17:10:00,25.6843,37.15788,42.807166666,29.985000000000003,36.4572
2022-10-26 17:11:00,25.997000000000003,38.25976,43.328333335,30.137999999999998,36.2214
2022-10-26 17:12:00,28.287272727272725,44.12005454545454,47.14545454545455,30.279090909090908,36.29963636363636
2022-10-26 17:13:00,26.061899999999998,39.13018,43.4365,30.375,35.9407
2022-10-26 17:14:00,34.18190909090909,45.94861818181818,56.96984848545455,30.355454545454542,35.936
2022-10-26 17:15:00,27.73481818181818,40.84227272727273,46.22469697,30.231818181818184,36.06509090909091
2022-10-26 17:16:00,26.447545454545455,37.59709090909091,44.07924242454545,30.14454545454545,36.03009090909091
2022-10-26 17:17:00,34.4399,43.79524,57.39983333400001,30.099,36.3721
2022-10-26 17:18:00,27.096545454545456,42.52265454545454,45.16090909,29.89909090909091,36.55709090909091
2022-10-26 17:19:00,31.510818181818184,53.48514545454545,54.66967878727273,30.09272727272727,36.440363636363635
2022-10-26 17:20:00,32.78736363636364,47.771254545454546,54.64560606090909,30.185454545454547,36.75354545454545
2022-10-26 17:21:00,28.405272727272724,43.15390909090909,47.34212121181818,29.953636363636363,37.43663636363636
2022-10-26 17:22:00,23.79790909090909,37.282945454545455,39.66318181818182,29.55818181818182,37.86745454545455
2022-10-26 17:23:00,26.034545454545455,39.57383636363637,43.39090909090909,29.314545454545453,38.729
2022-10-26 17:24:00,25.017599999999998,39.52464,41.696000001,29.207,37.853899999999996
2022-10-26 17:25:00,25.07981818181818,42.50783636363636,43.67861818181818,29.123636363636365,37.99818181818182
2022-10-26 17:26:00,40.8355,43.984320000000004,68.059166668,29.054000000000002,37.852999999999994
2022-10-26 17:27:00,33.747454545454545,50.40296363636364,58.382351514545455,29.204545454545453,38.162181818181814
2022-10-26 17:28:00,29.95536363636364,76.5126,76.5126,29.360909090909093,37.97209090909091
2022-10-26 17:29:00,30.818909090909088,56.35098181818182,56.662351515454546,29.310000000000002,37.67881818181818
2022-10-26 17:30:00,43.6203,102.51762,97.020513337,29.250999999999998,37.9596
2022-10-26 17:31:00,34.321363636363635,109.40896363636362,102.78460604545454,29.33,38.16081818181818
2022-10-26 17:32:00,31.5784,64.79942,64.79942,29.435000000000002,38.3384
2022-10-26 17:33:00,36.76181818181818,56.676981818181815,61.33798181818182,29.569999999999997,38.210454545454546
2022-10-26 17:34:00,32.2451,61.06672,61.06672,29.633,37.7822
2022-10-26 17:35:00,30.5459,63.12378,63.12378,29.657,38.0824
2022-10-26 17:36:00,34.70754545454545,85.22272727272728,85.22272727272728,29.848181818181818,38.277
2022-10-26 17:37:00,42.79054545454546,73.72678181818182,74.64997575727273,29.95909090909091,38.195
2022-10-26 17:38:00,31.859454545454547,69.17463636363637,69.17463636363637,30.072727272727274,38.022181818181814
2022-10-26 17:39:00,33.961999999999996,61.80110909090909,61.874545454545455,29.954545454545453,37.64990909090909
2022-10-26 17:40:00,36.8294,73.64706,73.64706,29.748,37.806
2022-10-26 17:41:00,30.64727272727273,60.624545454545455,60.624545454545455,29.44363636363636,37.839454545454544
2022-10-26 17:42:00,33.51681818181818,54.83656363636363,56.723212121818186,29.315454545454546,37.77881818181818
2022-10-26 17:43:00,31.8085,55.117219999999996,55.198426667,29.095999999999997,38.3697
2022-10-26 17:44:00,37.764818181818185,64.7766,65.16760606090908,28.995454545454546,39.07027272727273
2022-10-26 17:45:00,30.641909090909095,50.18069090909091,51.72727878727273,28.94,39.43563636363637
2022-10-26 17:46:00,31.06027272727273,46.419836363636364,51.76712121272727,29.076363636363638,39.580999999999996
2022-10-26 17:47:00,31.830625,44.959875,53.05104166625,29.2075,39.444625
2022-10-26 17:48:00,32.958999999999996,46.35167272727273,54.93166666727273,29.231818181818184,39.278636363636366
2022-10-26 17:49:00,33.22718181818181,49.62352727272727,55.37863636363636,29.219090909090905,39.49945454545455
2022-10-26 17:50:00,36.16109090909091,53.97118181818182,60.2684848490909,29.15636363636364,39.31172727272727
2022-10-26 17:51:00,38.1687,58.35114,63.6145,29.205000000000002,39.0985
2022-10-26 17:52:00,36.327363636363636,54.886945454545454,60.54560606,29.247272727272726,39.216
2022-10-26 17:53:00,35.8913,62.61848,62.731053333,29.216,39.2944
2022-10-26 17:54:00,40.8827,53.95014,68.137833334,29.101,39.6276
2022-10-26 17:55:00,41.980636363636364,55.290000000000006,69.96772727272727,28.7,40.49972727272728
2022-10-26 17:56:00,26.3156,43.24104,44.491346666,28.276,41.3856
2022-10-26 17:57:00,29.461909090909092,42.653054545454545,49.10318181727273,28.098181818181818,42.25063636363637
2022-10-26 17:58:00,29.51018181818182,44.37789090909091,49.18363636454546,27.972727272727273,42.337545454545456
2022-10-26 17:59:00,31.671727272727274,47.2792909090909,52.78621212,28.16,41.87709090909091
2022-10-26 18:00:00,28.3747,45.258979999999994,47.291166665999995,28.207,41.8692
2022-10-26 18:01:00,29.633545454545455,44.016327272727274,49.38924242363637,28.285454545454545,42.06572727272727
2022-10-26 18:02:00,29.011900000000004,44.65262,48.43864,28.332,42.2305
2022-10-26 18:03:00,37.797,73.80680000000001,73.80680000000001,28.401818181818182,42.441545454545455
2022-10-26 18:04:00,49.378699999999995,60.91024,83.412499997,28.487000000000002,42.2399
2022-10-26 18:05:00,46.352000000000004,58.198644444444454,80.01055555777778,28.56888888888889,42.27311111111111
2022-10-26 18:06:00,32.390454545454546,52.732381818181814,54.05441212272728,28.69,41.79472727272727
2022-10-26 18:07:00,34.445800000000006,55.17264,57.409666666,28.790999999999997,41.7061
2022-10-26 18:08:00,31.531200000000002,52.17344000000001,53.821586665999995,28.74,41.589999999999996
2022-10-26 18:09:00,39.58385714285714,56.64057142857143,66.03055238,28.737142857142857,41.70885714285714
2022-10-26 18:10:00,43.826800000000006,62.638040000000004,73.044666668,28.836000000000002,41.7273
2022-10-26 18:11:00,38.0507,63.89640000000001,65.312246668,28.813,42.164100000000005
2022-10-26 18:12:00,39.191545454545455,60.3667090909091,65.32694545363637,28.66909090909091,42.72690909090909
2022-10-26 18:13:00,38.01690909090909,52.89241818181818,63.36151515181818,28.65909090909091,42.89581818181818
2022-10-26 18:14:00,30.858600000000003,44.329879999999996,51.43099999900001,28.724,42.8848
2022-10-26 18:15:00,33.2894,46.90528,55.482333333,28.666000000000004,43.2477
2022-10-26 18:16:00,35.47990909090909,46.85252727272727,59.133181819090915,28.493636363636366,43.66190909090909
2022-10-26 18:17:00,58.881454545454545,55.34038181818182,105.52924242727272,28.324545454545454,44.02890909090909
2022-10-26 18:18:00,44.76972727272727,47.96389090909091,74.6162121209091,28.232727272727274,44.28663636363637
2022-10-26 18:19:00,37.2365,51.43994,62.060833333999994,27.927,45.0674
2022-10-26 18:20:00,46.7119,59.58668,77.853166666,28.008,45.0449
2022-10-26 18:21:00,48.57790909090909,62.24861818181818,81.12121212363637,28.045454545454547,44.843636363636364
2022-10-26 18:22:00,46.030181818181816,60.22741818181817,76.88393939181819,27.921818181818182,44.72681818181818
2022-10-26 18:23:00,39.272000000000006,57.59808,65.453333332,27.881,44.6436
2022-10-26 18:24:00,46.1632,63.38132,76.93866666599999,27.874000000000002,44.3916
2022-10-26 18:25:00,38.1274,51.0846,63.545666668,27.983999999999998,43.8267
2022-10-26 18:26:00,52.287400000000005,61.96974,89.148833329,28.2,43.492000000000004
2022-10-26 18:27:00,38.092,53.422909090909094,63.48666666454546,28.176363636363636,44.325272727272726
2022-10-26 18:28:00,50.735699999999994,63.12704,84.5595,28.205000000000002,43.875299999999996
2022-10-26 18:29:00,35.174181818181815,53.02281818181818,58.623636364545455,28.371818181818185,43.56881818181818
2022-10-26 18:30:00,35.2305,45.43176,58.717499999,28.47,43.6648
2022-10-26 18:31:00,36.1332,43.85066,60.222000002,28.661,43.3755
2022-10-26 18:32:00,44.37281818181818,50.93938181818182,73.9546969690909,28.774545454545454,43.45345454545455
2022-10-26 18:33:00,45.3313,55.267179999999996,75.552166666,28.827999999999996,43.3638
2022-10-26 18:34:00,44.8711,52.147360000000006,74.785166667,28.830000000000002,43.2274
2022-10-26 18:35:00,47.95572727272727,54.09861818181818,79.92621212090909,28.929090909090913,43.26745454545455
2022-10-26 18:36:00,32.8882,42.50754,54.81366666500001,28.851,43.3295
2022-10-26 18:37:00,30.861818181818183,39.736836363636364,51.43636363727273,28.872727272727275,43.29154545454546
2022-10-26 18:49:00,34.230777777777774,45.701977777777785,57.05129629555555,28.783333333333335,43.873555555555555
2022-10-26 18:50:00,42.3164,48.79608,70.52733333500001,28.593,44.1088
2022-10-26 18:51:00,45.00572727272727,49.1612,75.00954545454546,28.621818181818185,44.08236363636364
2022-10-26 18:52:00,51.15781818181818,52.003327272727276,85.56409090545455,28.64818181818182,44.108363636363634
2022-10-26 18:53:00,43.396100000000004,44.54504,72.326833333,28.631,44.277
2022-10-26 18:54:00,49.221545454545456,48.245436363636365,82.03590909,28.727272727272727,44.615
2022-10-26 18:55:00,42.6468,47.808299999999996,71.078,28.693,43.8524
2022-10-26 18:56:00,41.0774,51.91916,68.462333333,28.808999999999997,43.6759
2022-10-26 18:57:00,39.34709090909091,48.89150909090909,65.57848484909091,28.833636363636366,43.37136363636363
2022-10-26 18:58:00,42.7471,51.293240000000004,71.245166666,29.008,43.3046
2022-10-26 18:59:00,45.04327272727273,52.11890909090909,75.07212121181819,29.111818181818183,43.08645454545455
2022-10-26 19:00:00,46.824,53.028375000000004,78.04,29.14,43.3125
2022-10-26 19:01:00,44.647555555555556,51.3454,74.41259259222221,29.27,42.684222222222225
2022-10-26 19:02:00,75.5334,68.66252,152.027,29.348000000000003,42.4974
2022-10-26 19:03:00,69.63340000000001,63.928999999999995,132.11133333,29.401999999999997,42.773399999999995
2022-10-26 19:04:00,54.0456,52.18974000000001,90.685999999,29.413999999999998,42.3872
2022-10-26 19:05:00,58.22280000000001,52.502700000000004,98.788666663,29.337,42.6868
2022-10-26 19:06:00,77.78720000000001,63.149860000000004,159.29066667,29.342000000000002,42.9548
2022-10-26 19:07:00,62.754000000000005,56.52517777777778,111.09166667888888,29.31555555555556,43.13588888888889
2022-10-26 19:08:00,62.577,55.83768,110.353,29.248,43.1334
2022-10-26 19:09:00,43.954454545454546,45.572236363636364,73.25742424272727,29.19363636363636,43.252545454545455
2022-10-26 19:10:00,43.9271,50.113119999999995,73.211833334,29.299,43.104200000000006
2022-10-26 19:11:00,39.7263,46.25002,66.210500001,29.311,43.0005
2022-10-26 19:12:00,36.66527272727273,43.14798181818182,61.108787876363635,29.286363636363635,43.16281818181818
2022-10-26 19:13:00,39.9033,46.038120000000006,66.5055,29.29,43.0201
2022-10-26 19:14:00,41.06345454545454,48.08836363636363,68.43909091090909,29.320909090909087,42.71990909090909
2022-10-26 19:15:00,55.57745454545454,54.75061818181818,93.76181818272727,29.34181818181818,42.73490909090909
2022-10-26 19:16:00,40.8178,47.39102,68.029666667,29.266000000000002,42.691199999999995
2022-10-26 19:17:00,53.6385,55.932219999999994,92.983833338,29.25,42.9071
2022-10-26 19:18:00,51.17390909090909,55.12996363636364,88.29984848454545,29.35090909090909,43.192
2022-10-26 19:19:00,43.50927272727272,49.85469090909091,72.51545454545455,29.30636363636364,43.104454545454544
2022-10-26 19:20:00,41.873363636363635,51.069781818181816,69.78893939363637,29.25363636363636,43.158181818181816
2022-10-26 19:21:00,41.5966,51.39756,69.32766666699999,29.145999999999997,43.2666
2022-10-26 19:22:00,38.564,50.730075,64.27333333375,28.923750000000002,43.519
2022-10-26 19:23:00,43.13918181818182,56.46656363636364,71.89863636363636,28.8,43.688545454545455
2022-10-26 19:24:00,53.5323,66.02518,89.22049999999999,28.801,44.494099999999996
2022-10-26 19:25:00,52.02136363636364,61.79518181818182,86.91393939636363,28.778181818181817,44.219454545454546
2022-10-26 19:26:00,51.0661,59.88986,85.110166667,28.877,44.0089
2022-10-26 19:27:00,53.367636363636365,65.06407272727273,88.94606060545453,28.978181818181817,43.85309090909091
2022-10-26 19:28:00,53.035090909090904,61.74183636363637,88.3918181809091,28.996363636363636,43.91009090909091
2022-10-26 19:29:00,47.51590909090908,57.71721818181818,79.19318181636363,28.797272727272727,44.29927272727273
2022-10-26 19:30:00,46.8889,55.893100000000004,78.148166667,28.629,44.6635
2022-10-26 19:31:00,67.89880000000001,59.700779999999995,126.42100000299999,28.737000000000002,44.5444
2022-10-26 19:32:00,55.71690909090909,63.31849090909091,92.95696969636364,28.701818181818183,44.512454545454545
2022-10-26 19:33:00,41.95918181818182,56.5614,69.93196969636364,28.364545454545453,45.31881818181818
2022-10-26 19:34:00,46.2399,57.67958,77.06650000100001,28.169,45.988299999999995
2022-10-26 19:35:00,63.8042,70.71958,118.23933334400002,28.055,47.0908
2022-10-26 19:36:00,74.57928571428572,69.00062857142858,148.59761905714285,28.04,46.671285714285716
2022-10-26 19:37:00,102.933,91.5412,243.11,28.07,46.724
2022-10-26 19:38:00,95.23349999999999,91.2967,217.445,27.825,46.2255
2022-10-26 19:39:00,80.53659999999999,82.9511,168.45533333999998,27.811,46.7467
2022-10-26 19:40:00,61.83145454545454,71.916,116.13910302727272,27.815454545454543,46.972727272727276
2022-10-26 19:41:00,37.738,56.76243333333334,62.89666666833333,27.776666666666667,46.917
2022-10-26 19:42:00,46.54866666666666,64.61722222222221,77.58111111111111,27.95777777777778,46.44444444444444
2022-10-26 19:43:00,42.4816,58.3381,70.80266666600001,28.011000000000003,46.8233
2022-10-26 19:44:00,41.873363636363635,57.21932727272727,69.78893939363637,27.963636363636365,47.0630909090909
2022-10-26 19:45:00,57.916000000000004,63.27403636363636,98.90803029363637,28.12818181818182,46.622727272727275
2022-10-26 19:46:00,57.40109090909091,63.98827272727272,95.71924242818181,28.29181818181818,46.29981818181818
2022-10-26 19:47:00,85.01666666666667,77.12837777777777,183.38888887777776,28.31888888888889,46.731
2022-10-26 19:48:00,81.26033333333334,70.4164,170.8677778,28.400000000000002,46.842000000000006
2022-10-26 19:52:00,65.232,66.02264444444444,117.44,28.373333333333335,46.16788888888889
2022-10-26 19:53:00,59.07454545454546,68.656,106.73000000636362,28.39090909090909,46.56045454545454
2022-10-26 19:54:00,41.64809090909091,60.10590909090909,69.41348484727273,28.310909090909092,46.599363636363634
2022-10-26 19:55:00,44.7472,60.20934,74.578666665,28.145999999999997,47.5265
2022-10-26 19:56:00,57.46759999999999,63.9616,101.922333334,28.188,47.3238
2022-10-26 19:57:00,84.0589,87.64224,180.19633332,28.319,47.4454
2022-10-26 19:58:00,76.3476,84.00408,154.691833337,28.431,46.8423
2022-10-26 19:59:00,85.92625,80.90545,186.420833325,28.45,46.7345
2022-10-26 20:00:00,83.4925,73.2526,178.30833335,28.314999999999998,47.028499999999994
2022-10-26 20:01:00,79.2445,84.94513333333333,164.14833335,27.941666666666666,48.49733333333333
2022-10-26 20:02:00,73.13210000000001,75.7954,143.77366667,28.068,47.9375
2022-10-26 20:03:00,61.473699999999994,62.53697999999999,108.13383332999999,28.073,47.396
2022-10-26 20:04:00,82.5367,86.18827999999999,175.12233335000002,28.057,48.0831
2022-10-26 20:05:00,78.09400000000001,72.75056,160.31333334,27.96,48.1315
2022-10-26 20:06:00,71.3739,68.70164,137.91300001,27.838,48.283
2022-10-26 20:07:00,79.2858,72.6821,164.28599999,28.016000000000002,48.1588
2022-10-26 20:08:00,53.01244444444445,72.5209111111111,88.35407407222222,27.933333333333334,48.45288888888889
2022-10-26 20:09:00,68.123,71.52154,127.13883333300001,27.913,48.252300000000005
2022-10-26 20:10:00,88.891,82.71746666666667,196.3033333333333,27.823333333333334,48.019666666666666
2022-10-26 20:11:00,90.06027272727273,88.82947272727273,200.2009090818182,27.85818181818182,47.901909090909086
2022-10-26 20:12:00,77.799,80.2127,159.33000001,27.924,47.3166
2022-10-26 20:13:00,92.09174999999999,83.23635,206.9725,28.12,47.21925
2022-10-26 20:14:00,83.41711111111111,80.40286666666667,178.05703703333333,28.124444444444446,46.849000000000004
2022-10-26 20:15:00,74.0980909090909,72.57985454545455,147.70560605818181,28.029090909090908,46.709999999999994
2022-10-26 20:16:00,69.0906,76.14748,130.30200001999998,27.977999999999998,46.663799999999995
2022-10-26 20:17:00,65.14618181818182,67.89730909090909,121.32515151454545,27.966363636363635,46.75718181818181
2022-10-26 20:18:00,94.2305,82.6251,214.10166665,28.064999999999998,46.9165
2022-10-26 20:22:00,50.659,57.0178,84.43166666833334,27.903333333333336,46.613
2022-10-26 20:23:00,54.048818181818184,59.48058181818181,91.66681818181819,27.864545454545453,46.74218181818182
2022-10-26 20:24:00,57.25090909090909,63.8638,100.00151514818181,27.90727272727273,46.76227272727272
2022-10-26 20:25:00,58.40409090909091,59.61394545454546,97.34015151454545,27.85545454545455,46.65872727272727
2022-10-26 20:26:00,52.88788888888889,55.33708888888889,88.14648148111111,27.72222222222222,47.36411111111111
2022-10-26 20:27:00,69.8104,67.17596,132.70133332999998,27.781,47.4347
2022-10-26 20:28:00,71.0376,69.78722,136.792,27.879,46.9733
2022-10-26 20:29:00,53.591300000000004,62.23054,91.269333332,27.885,46.6869
2022-10-26 20:30:00,51.558749999999996,59.291650000000004,87.18104167125,27.90625,46.42325
2022-10-26 20:31:00,54.281600000000005,64.63968,90.469333333,27.986,46.511700000000005
2022-10-26 20:32:00,62.08354545454545,62.25158181818181,113.95909091545454,27.91,46.90290909090909
2022-10-26 20:33:00,50.4053,58.435900000000004,84.008833333,27.564,48.3789
2022-10-26 20:34:00,56.39970000000001,60.18326,97.497333337,27.494999999999997,47.9887
2022-10-26 20:35:00,51.61372727272727,59.32054545454545,87.48318182090908,27.431818181818183,47.92709090909091
2022-10-26 20:36:00,43.659454545454544,56.01609090909091,72.76575757636364,27.284545454545455,48.500181818181815
2022-10-26 20:37:00,57.3319,62.8206,98.89683333,27.193,48.574400000000004
2022-10-26 20:38:00,62.7127,67.46610000000001,110.73966666599999,27.252999999999997,48.1962
2022-10-26 20:39:00,47.934272727272734,61.243945454545454,79.89045454545455,27.25818181818182,47.82181818181818
2022-10-26 20:40:00,44.7826,60.57446,74.637666668,27.369999999999997,47.720600000000005
2022-10-26 20:41:00,47.178,59.202,78.63,27.429090909090913,47.5630909090909
2022-10-26 20:42:00,42.077777777777776,54.1164,70.12962963111111,27.425555555555558,47.28788888888889
2022-10-26 20:43:00,41.513999999999996,54.197900000000004,69.189999999,27.316000000000003,47.367599999999996
2022-10-26 20:44:00,37.92975,47.5801,63.21625000125,27.166249999999998,47.699625
2022-10-26 20:45:00,39.8266,51.87352,66.377666668,26.983999999999998,48.5214
2022-10-26 20:46:00,44.00809090909091,69.36134545454546,73.34681818272726,26.531818181818185,51.247
2022-10-26 20:47:00,51.13636363636363,88.34936363636365,89.8506242409091,26.385454545454547,51.031181818181814
2022-10-26 20:48:00,49.007,79.15646000000001,83.473339996,26.474,50.8274
2022-10-26 20:49:00,42.71009090909091,63.116963636363636,71.18348484818182,26.531818181818185,49.59409090909091
2022-10-26 20:50:00,40.53781818181818,58.309945454545456,67.56303030363637,26.638181818181817,49.3639090909091
2022-10-26 20:51:00,39.3428,55.85072,65.571333333,26.659000000000002,49.4875
2022-10-26 20:52:00,41.148199999999996,56.4147,68.580333332,26.889999999999997,48.4873
2022-10-26 20:53:00,40.17309090909091,55.95385454545454,66.95515151545455,26.87181818181818,48.10227272727273
2022-10-26 20:54:00,40.5169,56.63964,67.528166666,26.911,48.1984
2022-10-26 20:55:00,51.37236363636364,64.85365454545455,85.62060606,26.819999999999997,49.0649090909091
2022-10-26 20:56:00,43.52,55.648599999999995,72.53333333272727,26.45818181818182,51.91436363636364
2022-10-26 20:57:00,35.6376,46.59232,59.396,26.514,51.7275
2022-10-26 20:58:00,41.17072727272727,50.15401818181818,68.61787878727273,26.44909090909091,51.95518181818182
2023-01-28 17:10:00,34.833888888888886,52.08795555555556,58.056481482222225,30.97666666666667,30.316444444444446
2023-01-28 17:11:00,34.485625,47.303,57.4760416675,31.125,29.80725
2023-01-28 17:12:00,32.75577777777778,52.446555555555555,54.70166666777778,31.20555555555556,29.689000000000004
2023-01-28 17:13:00,35.532875000000004,57.5231,59.62220833375,31.255,29.70925
2023-01-28 17:14:00,36.748111111111115,57.006933333333336,61.24685185222222,31.375555555555554,29.866777777777777
2023-01-28 17:15:00,35.496,54.85805,59.1599999975,31.4875,29.810375
2023-01-28 17:16:00,35.91555555555556,65.21488888888888,66.57484444444444,31.603333333333335,29.920777777777776
2023-01-28 17:17:00,36.875125000000004,62.2338,63.7282916675,31.685,29.541125
2023-01-28 17:18:00,36.845625,57.592375000000004,61.409375,31.71125,29.177374999999998
2023-01-28 17:19:00,43.733875,61.0113,72.88979166625,31.7875,28.782875
2023-01-28 17:20:00,46.69288888888889,55.56166666666667,77.82148148222223,31.70555555555556,28.948666666666668
2023-01-28 17:21:00,50.61966666666666,79.8378,84.36611111,31.52,29.445999999999998
2023-01-28 17:22:00,36.063875,56.45545,62.16161666625,31.37125,29.56475
2023-01-28 17:23:00,33.221222222222224,44.32553333333333,55.36870370333334,31.29111111111111,29.87066666666667
2023-01-28 17:24:00,32.251,44.214150000000004,53.75166666625,31.245,29.855
2023-01-28 17:25:00,32.818875,55.942,56.9056416675,31.175,30.318375
2023-01-28 17:26:00,31.756875,48.016125,52.92812500125,31.05375,30.156625
2023-01-28 17:27:00,30.651444444444444,42.702777777777776,51.08574074111111,31.00222222222222,30.360333333333333
2023-01-28 17:28:00,37.95925,47.111475,63.265416666250005,30.9925,30.574125
2023-01-28 17:29:00,33.68175,44.858,56.13625,30.82875,30.764375
2023-01-28 17:30:00,32.619749999999996,44.405675,54.36625,30.63,31.057125
2023-01-28 17:31:00,32.892624999999995,46.288325,54.8210416675,30.552500000000002,31.572875
2023-01-28 17:32:00,34.92075,49.07155,58.20125000125,30.58125,31.872
2023-01-28 17:33:00,36.65071428571429,56.48688571428571,61.08452381,30.54,31.91185714285714
2023-01-28 17:34:00,39.37033333333333,57.15182222222222,65.6172222211111,30.564444444444444,32.03622222222222
2023-01-28 17:35:00,39.139250000000004,54.405725,65.23208333375,30.49875,32.200874999999996
2023-01-28 17:36:00,34.02755555555555,56.470844444444445,57.02363703666666,30.40555555555555,32.43677777777778
2023-01-28 17:37:00,35.001875,50.2859,58.3364583325,30.41,32.261125
2023-01-28 17:38:00,39.131875,52.172625,65.2197916675,30.5975,31.857625
2023-01-28 17:39:00,35.164125,53.354375000000005,58.60687499875,30.6625,31.988875
2023-01-28 17:40:00,39.73744444444444,48.89677777777777,66.22907407222222,30.61444444444444,32.29544444444444
2023-01-28 17:41:00,42.804625,62.710575,71.34104166624999,30.6125,32.465625
2023-01-28 17:42:00,39.193333333333335,54.877066666666664,65.32222222222222,30.63444444444444,32.79666666666667
2023-01-28 17:43:00,49.2135,61.7611,82.02249999874999,30.57125,32.99675
2023-01-28 17:44:00,43.586375,57.233775,72.643958335,30.595,33.170249999999996
2023-01-28 17:45:00,44.9065,55.008825,74.84416666625,30.58375,33.222125
2023-01-28 17:46:00,37.620000000000005,52.41395555555555,62.70000000111111,30.59111111111111,33.431555555555555
2023-01-28 17:47:00,36.388374999999996,51.2476,60.6472916675,30.55375,33.50475
2023-01-28 17:48:00,43.232375,53.069125,72.05395833375,30.585,33.595749999999995
2023-01-28 17:49:00,67.0905,67.241975,127.01479165875,30.57375,33.796875
2023-01-28 17:50:00,76.7075,75.9747,155.69166669999998,30.56,33.8915
2023-01-28 17:51:00,53.49942857142857,61.02294285714286,94.03119046857144,30.698571428571427,33.79742857142857
2023-01-28 17:52:00,37.597875,54.307925,62.663125,30.65,34.18575
2023-01-28 17:53:00,42.657125,52.188925,71.09520833375001,30.62125,34.69325
2023-01-28 17:54:00,59.4795,57.8491,105.10270833,30.49625,34.829375
2023-01-28 17:55:00,53.05833333333334,60.3756,88.43055555666666,30.393333333333334,35.053999999999995
2023-01-28 17:56:00,49.678125,57.347875,82.796875,30.377499999999998,34.672
2023-01-28 17:57:00,45.85377777777777,56.94173333333333,76.42296296222223,30.305555555555557,33.900555555555556
2023-01-28 17:58:00,42.826750000000004,56.81405,71.37791666875,30.29875,33.71475
2023-01-28 17:59:00,43.159444444444446,59.54611111111111,71.93240740777779,30.37111111111111,33.68555555555556
2023-01-28 18:00:00,45.208875,62.294925,75.348125,30.35625,33.89325
2023-01-28 18:01:00,52.03075,60.2778,86.71791666625,30.41125,34.019125
2023-01-28 18:02:00,53.616375,58.301425,89.36062500125,30.46375,34.346375
2023-01-28 18:03:00,59.12877777777778,60.75231111111111,103.49074074,30.543333333333333,34.22966666666667
2023-01-28 18:04:00,54.044125,57.3764,90.07354166875,30.59125,34.130125
2023-01-28 18:05:00,59.08288888888889,60.64364444444444,102.41259258222222,30.647777777777776,34.09733333333333
2023-01-28 18:06:00,48.653,55.611925,81.0883333325,30.67375,34.0155
2023-01-28 18:07:00,43.933,54.6054,73.2216666675,30.7525,33.93075
2023-01-28 18:08:00,44.818,52.702375,74.69666666625,30.76125,33.908
2023-01-28 18:09:00,47.332875,63.264775,78.88812499875,30.73375,34.07925
2023-01-28 18:10:00,48.967666666666666,65.74373333333334,81.61277777777778,30.813333333333333,34.169000000000004
2023-01-28 18:11:00,57.747428571428564,60.30574285714285,108.62214285857144,30.81714285714286,34.190285714285714
2023-01-28 18:12:00,52.69871428571429,61.88917142857143,87.83119047714285,30.881428571428575,34.28042857142857
2023-01-28 18:13:00,60.1875,69.63943333333333,101.65166666666666,30.959999999999997,34.079166666666666
2023-01-28 18:14:00,49.073375,56.6755,81.78895833375,31.00625,33.618
2023-01-28 18:15:00,46.596428571428575,56.943285714285715,77.66071428428572,30.95,33.50057142857143
2023-01-28 18:16:00,50.278777777777776,59.3976,83.79796296222223,30.86444444444444,33.98111111111111
2023-01-28 18:17:00,43.20814285714285,52.50502857142857,72.01357142714286,30.771428571428572,33.818714285714286
2023-01-28 18:18:00,55.969,64.85266666666666,93.46777779,30.76,33.925333333333334
2023-01-28 18:19:00,46.47,54.61626666666666,77.45000000333333,30.72666666666667,33.94433333333333
2023-01-28 18:20:00,44.18211111111111,54.84084444444444,73.6368518511111,30.669999999999998,33.43055555555556
2023-01-28 18:21:00,41.418125,57.649425,69.0302083325,30.4975,33.66125
2023-01-28 18:22:00,49.73466666666666,57.858155555555555,82.89111111,30.352222222222224,33.74088888888889
2023-01-28 18:23:00,45.172000000000004,55.636375,75.28666666625,30.14625,33.91225
2023-01-28 18:24:00,43.984625,52.555675,73.3077083325,29.93375,34.07325
2023-01-28 18:25:00,38.70166666666667,53.45715555555555,64.50277777666666,29.802222222222227,34.38355555555555
2023-01-28 18:26:00,49.161875,62.360125000000004,81.93645833375,29.7075,34.537625
2023-01-28 18:27:00,47.44022222222222,57.82193333333333,79.06703703777778,29.663333333333338,34.775777777777776
2023-01-28 18:28:00,54.645714285714284,62.08942857142857,91.07619047714286,29.650000000000002,34.854571428571425
2023-01-28 18:29:00,51.97385714285714,58.88997142857142,90.95928571857144,29.542857142857144,35.35542857142857
2023-01-28 18:30:00,44.17742857142857,51.62482857142857,73.62904761857143,29.445714285714285,34.896
2023-01-28 18:31:00,42.635,49.148975,71.05833333375,29.36125,34.92975
2023-01-28 18:32:00,40.08488888888889,48.98733333333333,66.80814814888889,29.29111111111111,34.925777777777775
2023-01-28 18:33:00,47.524625,53.688525,79.20770833374999,29.2175,35.008125
2023-01-28 18:34:00,51.367000000000004,57.254149999999996,85.6116666675,29.19125,35.18125
2023-01-28 18:35:00,37.229125,50.685249999999996,62.048541667500004,29.08,35.18425
2023-01-28 18:36:00,66.43166666666667,66.45006666666667,124.15361111166668,29.045,35.282333333333334
2023-01-28 18:37:00,41.042,50.64631111111111,68.40333333444444,29.067777777777778,35.29044444444444
2023-01-28 18:38:00,47.099333333333334,57.59916666666666,78.49888888833333,29.185000000000002,35.27283333333333
2023-01-28 18:43:00,38.925375,47.820525,64.875625,29.0,35.677625
2023-01-28 18:44:00,46.10944444444445,60.730577777777775,76.84907407555556,28.982222222222227,35.74722222222223
2023-01-28 18:45:00,54.176874999999995,60.591575,90.2947916675,29.09,35.75375
2023-01-28 18:46:00,41.85325,53.052825,69.755416665,29.361250000000002,35.10525
2023-01-28 18:47:00,46.51425,60.770875000000004,77.52375000125001,29.40125,35.055375
2023-01-28 18:48:00,44.778666666666666,59.49902222222223,74.63111111222221,29.40555555555555,35.284888888888894
2023-01-28 18:49:00,50.164875,66.671475,83.608125,29.3625,35.3505
2023-01-28 18:50:00,45.135125,59.4954,75.22520833375,29.27625,35.533125
2023-01-28 18:51:00,50.238625,61.500299999999996,83.73104166625001,29.177500000000002,36.04825
2023-01-28 18:52:00,51.654624999999996,63.10585,87.06645833875,29.11,36.75975
2023-01-28 18:53:00,54.57922222222223,59.086088888888895,93.12166666222222,29.09333333333333,37.27055555555555
2023-01-28 18:54:00,54.162124999999996,59.980325,92.17979166250001,29.0225,37.397
2023-01-28 18:55:00,70.8252,68.18003999999999,136.306666654,29.04,37.669399999999996
2023-01-28 18:56:00,54.73,58.65866666666667,91.82148148555557,29.02333333333333,37.385
2023-01-28 18:57:00,56.95725,59.2509,105.10666667,29.00625,37.266375000000004
2023-01-28 18:58:00,59.790888888888894,64.89613333333334,105.38092592555556,29.077777777777776,36.90822222222222
2023-01-28 18:59:00,41.786875,57.103375,69.64479166625,28.98,37.085375
2023-01-28 19:00:00,55.120875,65.4123,98.51833333,29.0125,37.339625
2023-01-28 19:01:00,54.56775,64.9233,94.14645832875,29.0525,37.508
2023-01-28 19:02:00,60.04,65.139275,103.56229167875,29.14875,37.177
2023-01-28 19:03:00,46.0865,59.426125,76.81083333375,29.27,36.783375
2023-01-28 19:04:00,59.951499999999996,67.404975,107.87229166750001,29.3475,36.808
2023-01-28 19:05:00,63.79633333333334,67.68343333333333,117.07888887166666,29.486666666666665,36.39633333333333
2023-01-28 19:07:00,71.97275,75.7628,139.909166675,29.2,36.4535
2023-01-28 19:10:00,38.7115,52.5353,64.519166665,28.865000000000002,36.613
2023-01-28 19:11:00,72.75450000000001,75.16785,142.515000025,28.845,36.738
2023-01-28 19:12:00,57.0428,64.21588,95.071333332,28.872000000000003,36.8176
2023-01-28 19:13:00,61.102,64.94775,106.40166666625,28.6775,36.922625
2023-01-28 19:14:00,46.905125,55.59155,78.1752083325,28.485,37.122749999999996
2023-01-28 19:15:00,34.38155555555555,46.459022222222224,57.30259259333333,28.37777777777778,37.260111111111115
2023-01-28 19:16:00,45.002375,55.872724999999996,75.00395833375,28.19625,37.886125
2023-01-28 19:17:00,36.757125,50.705625,61.261875,28.015,37.98825
2023-01-28 19:18:00,33.92922222222222,44.71311111111111,56.54870370333333,27.945555555555554,38.32344444444445
2023-01-28 19:19:00,39.763666666666666,48.3136,66.27277777666667,27.862222222222226,38.43411111111111
2023-01-28 19:20:00,42.871,50.726,71.45166666875,27.83,38.647875
2023-01-28 19:21:00,37.07588888888889,46.85384444444444,61.79314814888889,27.775555555555556,38.88411111111111
2023-01-28 19:22:00,42.458,53.01615,70.76333333375,27.7975,39.084125
2023-01-28 19:23:00,37.207,50.273675,62.01166666625,27.805,38.8275
2023-01-28 19:24:00,41.76311111111111,56.82582222222222,69.60518518555556,27.91111111111111,38.545
2023-01-28 19:25:00,39.55225,55.00475,65.92041666624999,27.97625,38.29175
2023-01-28 19:26:00,42.06466666666667,54.855333333333334,70.10777777666667,28.00888888888889,38.28577777777778
2023-01-28 19:27:00,40.429874999999996,59.04715,67.3831250025,28.085,38.720875
2023-01-28 19:28:00,40.400375,57.51495,67.33395833125,28.0675,38.396375
2023-01-28 19:29:00,43.80025,57.364175,73.00041666625,28.055,38.391625
2023-01-28 19:30:00,51.29325,63.48075,85.48875000125,28.19125,38.5635
2023-01-28 19:31:00,47.63525,63.3259,79.39208333375001,28.34125,37.996125
2023-01-28 19:32:00,50.887625,62.3968,84.8127083325,28.3825,37.993
2023-01-28 19:33:00,45.02122222222222,63.89277777777777,75.03537037,28.45777777777778,38.00855555555555
2023-01-28 19:34:00,47.155875,66.826325,78.593125,28.52375,38.329
2023-01-28 19:35:00,54.39566666666666,91.49048888888889,95.14266666333333,28.52333333333333,37.81344444444445
2023-01-28 19:36:00,52.38475,95.36355,95.4810166625,28.49375,37.902
2023-01-28 19:37:00,55.562555555555555,76.34597777777778,97.55407407777778,28.47888888888889,37.836555555555556
2023-01-28 19:38:00,57.126875,80.648725,97.82999999,28.4575,37.937125
2023-01-28 19:39:00,42.84477777777778,70.88366666666667,71.86011111111111,28.531111111111116,37.650888888888886
2023-01-30 17:00:00,56.81466666666667,68.75742222222223,102.01537037444444,29.015555555555554,48.48533333333333
2023-01-30 17:01:00,40.887125,57.551625,68.14520833375,29.07125,48.597
2023-01-30 17:02:00,36.255625,53.84745,60.4260416675,29.215,48.2575
2023-01-30 17:03:00,35.201,53.529599999999995,58.66833333222222,29.34333333333333,48.35388888888889
2023-01-30 17:04:00,37.0595,56.25985,61.76583333375,29.3375,47.984375
2023-01-30 17:05:00,36.787444444444446,58.93757777777778,61.66989629777778,29.43333333333333,47.64911111111111
2023-01-30 17:06:00,37.87075,51.1172,63.1179166675,29.408749999999998,47.732375000000005
2023-01-30 17:07:00,36.742375,51.047925,61.23729166625,29.372500000000002,47.715875
2023-01-30 17:08:00,39.78988888888889,53.21808888888889,66.31648148333333,29.36,47.69311111111111
2023-01-30 17:09:00,35.060874999999996,49.197874999999996,58.4347916675,29.2925,47.93125
2023-01-30 17:10:00,37.826499999999996,56.2843,63.04416666625,29.37125,47.837625
2023-01-30 17:11:00,35.54844444444444,48.788111111111114,59.24740740555555,29.238888888888887,48.18633333333334
2023-01-30 17:12:00,36.37444444444444,52.356,60.624074075555555,29.064444444444444,48.592333333333336
2023-01-30 17:13:00,38.269,54.006375,63.781666665,28.95375,48.80025
2023-01-30 17:14:00,46.352,57.144125,77.2533333325,28.965,48.925875
2023-01-30 17:15:00,42.54977777777778,56.764244444444444,70.91629629777778,28.900000000000002,49.080777777777776
2023-01-30 17:16:00,42.022875,58.1425,70.03812500125,28.80375,49.034375
2023-01-30 17:17:00,49.78711111111111,61.16886666666667,82.97851851777779,28.880000000000003,49.27622222222222
2023-01-30 17:18:00,42.989000000000004,55.373311111111114,71.64833333222222,29.03888888888889,48.715111111111106
2023-01-30 17:19:00,48.417,58.415525,80.69499999875,29.29,48.30225
2023-01-30 17:20:00,43.461,52.6657,72.43500000125,29.33125,48.059375
2023-01-30 17:21:00,44.090333333333334,54.53295555555556,73.48388888777778,29.36888888888889,48.06777777777778
2023-01-30 17:22:00,62.200874999999996,63.36665,110.58083333,29.4325,47.921
2023-01-30 17:23:00,41.32388888888889,51.501155555555556,68.87314814888889,29.43,47.90288888888889
2023-01-30 17:24:00,38.37388888888889,49.85666666666666,63.95648148222223,29.423333333333332,47.961222222222226
2023-01-30 17:25:00,38.851625,48.513275,64.75270833375001,29.43875,48.41225
2023-01-30 17:26:00,36.99722222222223,44.76744444444444,61.66203703777777,29.423333333333332,47.81855555555555
2023-01-30 17:27:00,43.778125,52.26635,72.96354166625,29.39875,47.867375
2023-01-30 17:28:00,51.68822222222222,52.30166666666666,86.14703703666666,29.43,47.871111111111105
2023-01-30 17:29:00,44.360749999999996,56.69995,73.93458333375,29.46375,47.88
2023-01-30 17:30:00,35.974555555555554,50.537644444444446,59.957592591111116,29.535555555555554,47.88344444444445
2023-01-30 17:31:00,39.780875,51.0683,66.30145833375,29.5575,47.85475
2023-01-30 17:32:00,65.283625,60.428575,121.1968750075,29.572499999999998,47.817
2023-01-30 17:33:00,64.18966666666667,59.317911111111115,115.62203704111113,29.595555555555556,47.467999999999996
2023-01-30 17:34:00,65.26887500000001,58.80265,117.5629166625,29.7125,47.21725
2023-01-30 17:35:00,70.57477777777778,65.66042222222222,137.33962963,29.77777777777778,46.989444444444445
2023-01-30 17:36:00,62.53275,65.791275,115.30479167125,29.8,46.875
2023-01-30 17:37:00,42.68088888888889,53.312266666666666,71.13481481444444,29.79888888888889,46.73722222222222
2023-01-30 17:38:00,39.99475,49.955825000000004,66.65791666625,29.8325,46.62175
2023-01-30 17:39:00,37.856,46.075066666666665,63.09333333222222,29.72555555555555,46.79911111111111
2023-01-30 17:40:00,48.181,49.2916,80.3016666675,29.6225,46.95375
2023-01-30 17:41:00,48.08922222222222,51.580844444444445,84.04222222888887,29.66222222222222,46.977222222222224
2023-01-30 17:42:00,68.19675,59.4791,127.3225,29.71625,46.91375
2023-01-30 17:43:00,55.792,55.217555555555556,92.98666666666666,29.775555555555556,46.87577777777778
2023-01-30 17:44:00,58.351124999999996,59.1205,97.91208332875,29.84125,46.694375
2023-01-30 17:45:00,45.16544444444444,49.403888888888886,75.27574074,29.835555555555555,46.55388888888889
2023-01-30 17:46:00,47.8565,54.59725,79.7608333325,29.8425,46.6115
2023-01-30 17:47:00,47.695888888888895,52.47553333333334,79.49314814777777,29.86777777777778,46.577555555555556
2023-01-30 17:48:00,49.043875,55.921625,81.73979166625,29.78125,46.523625
2023-01-30 17:49:00,46.1455,53.786325,76.9091666675,29.7425,46.722625
2023-01-30 17:50:00,47.89255555555556,54.41342222222222,79.82092592555556,29.688888888888886,46.844
2023-01-30 17:51:00,54.132625,60.868674999999996,90.2210416675,29.7075,46.802125000000004
2023-01-30 17:52:00,53.779444444444444,59.42657777777778,93.07444443666667,29.694444444444443,46.77088888888889
2023-01-30 17:53:00,42.789875,50.17995,71.31645833249999,29.675,46.8865
2023-01-30 17:54:00,46.85677777777778,55.724666666666664,78.09462963,29.52333333333333,46.992222222222225
2023-01-30 17:55:00,50.633714285714284,59.09488571428572,84.38952381,29.397142857142857,47.27585714285714
2023-01-30 17:56:00,54.8775,57.184875000000005,94.71187499999999,29.445,47.299125000000004
2023-01-30 17:57:00,83.7285,73.4482,179.095000025,29.442500000000003,47.411
2023-01-30 17:58:00,83.45316666666666,72.35610000000001,178.17722221666668,29.481666666666666,47.35433333333333
2023-01-30 17:59:00,57.01625,55.831975,102.1812499925,29.48625,47.18875
2023-01-30 18:00:00,48.586625,54.3446,81.51458333125,29.47,47.313
2023-01-30 18:01:00,46.489666666666665,53.15288888888889,77.48277777777778,29.456666666666667,47.41188888888889
2023-01-30 18:02:00,39.316250000000004,49.18565,65.52708333375,29.4075,47.249
2023-01-30 18:03:00,46.39625,50.860475,77.32708333375,29.30875,47.583124999999995
2023-01-30 18:04:00,66.31366666666666,65.41411111111111,122.97166667777778,29.34111111111111,47.31955555555555
2023-01-30 18:05:00,47.642625,53.460325,79.70770832875,29.1975,47.440375
2023-01-30 18:06:00,47.486111111111114,51.425088888888894,79.1435185188889,29.13666666666667,47.56422222222222
2023-01-30 18:07:00,43.940375,50.941975,73.23395833375,29.1025,47.651875
2023-01-30 18:08:00,49.51177777777778,53.62377777777778,86.2566666711111,29.04111111111111,47.82222222222222
2023-01-30 18:09:00,43.756,52.180775,72.9266666675,28.985,48.065
2023-01-30 18:10:00,55.733,58.41145,95.29791667375,28.93375,48.220125
2023-01-30 18:11:00,53.779444444444444,58.27108888888889,91.75240740777778,28.834444444444443,48.42422222222222
2023-01-30 18:12:00,48.689875,57.58015,82.80124999625001,28.76625,48.68825
2023-01-30 18:13:00,58.96816666666667,68.05833333333334,113.13444444333334,28.666666666666668,49.117999999999995
2023-01-30 18:14:00,49.46425,62.09525,88.8527083375,28.6075,49.256
2023-01-30 18:15:00,61.88375,63.419624999999996,108.8191666625,28.55375,49.260625000000005
2023-01-30 18:16:00,96.4902,90.53712,221.63400001999997,28.514,49.382999999999996
2023-01-30 18:17:00,74.104125,73.5134,147.01375,28.458750000000002,49.46775
2023-01-30 18:18:00,69.008,67.89805,131.4810416625,28.40625,49.598375
2023-01-30 18:19:00,102.60849999999999,85.0212,242.02833335,28.46,49.647999999999996
2023-01-30 18:20:00,71.90883333333333,69.73723333333334,140.91416667833334,28.485,49.35766666666667
2023-01-30 18:21:00,50.56066666666666,57.22426666666667,84.26777777666666,28.376666666666665,49.34722222222222
2023-01-30 18:22:00,41.845875,52.7472,69.743125,28.2725,49.381375
2023-01-30 18:23:00,37.18077777777778,45.691111111111105,61.967962963333335,28.237777777777776,49.36888888888889
2023-01-30 18:24:00,46.728125,55.889025000000004,77.8802083325,28.19375,49.67225
2023-01-30 18:25:00,57.647222222222226,60.22346666666667,98.64314814888888,28.14888888888889,49.70955555555556
2023-01-30 18:26:00,71.84,70.31045,139.4666666625,28.197499999999998,49.685625
2023-01-30 18:27:00,95.15811111111111,75.35348888888889,217.1937037,28.24888888888889,49.72244444444445
2023-01-30 18:28:00,99.11275,75.3553,230.3758333125,28.37,49.554125
2023-01-30 18:29:00,85.31822222222223,71.17706666666668,184.39407406666666,28.47666666666667,49.204
2023-01-30 18:30:00,58.011875,57.323425,99.30500000375,28.57125,48.93925
2023-01-30 18:31:00,58.63711111111112,57.072133333333326,103.11925925555556,28.65777777777778,48.54566666666667
2023-01-30 18:32:00,61.02614285714286,62.86717142857143,106.21095238142857,28.704285714285714,48.44142857142857
2023-01-30 18:33:00,46.19466666666667,55.44213333333333,76.99111111111111,28.68111111111111,48.33122222222222
2023-01-30 18:34:00,37.266,48.058233333333334,62.10999999833333,28.521666666666665,48.229000000000006
2023-01-30 18:35:00,52.166777777777774,53.67086666666667,89.07907407444445,28.465555555555554,48.324888888888886
2023-01-30 18:36:00,71.611375,63.36665,138.70458335,28.451249999999998,48.770125
2023-01-30 18:37:00,39.685,46.687675,66.141666665,28.423750000000002,48.600625
2023-01-30 18:38:00,56.66225,53.973774999999996,103.92270833375,28.42625,48.562875
2023-01-30 18:39:00,82.16499999999999,66.13357500000001,178.1072916675,28.41875,48.6865
2023-01-30 18:40:00,47.155875,50.901225000000004,78.59312500125,28.471249999999998,48.540625
2023-01-30 18:41:00,43.837125,47.722725,73.061875,28.45625,48.4245
2023-01-30 18:42:00,59.33855555555556,58.58984444444445,108.41092592555555,28.465555555555554,48.306555555555555
2023-01-30 18:43:00,42.85625,49.05525,71.42708333624999,28.4525,48.2885
2023-01-30 18:44:00,47.90566666666667,50.863644444444446,79.84277777777778,28.435555555555556,48.44511111111111
2023-01-30 18:45:00,61.109375,59.254975,113.6208333325,28.3725,48.813874999999996
2023-01-30 18:46:00,76.92055555555555,63.43637777777778,157.18111110777778,28.278888888888886,48.846222222222224
2023-01-30 18:47:00,51.403875,57.959125,85.71437500125,28.385,48.923125
2023-01-30 18:48:00,64.9075,62.808375,118.87375000749999,28.50875,48.869
2023-01-30 18:49:00,42.56944444444444,51.53375555555556,70.94907407444445,28.54222222222222,48.57177777777778
2023-01-30 18:50:00,55.0545,54.536125,95.10958332875,28.55625,48.333875
2023-01-30 18:51:00,57.15555555555555,56.71715555555556,100.27111110777778,28.61111111111111,48.25322222222222
2023-01-30 18:52:00,36.95625,46.341300000000004,61.59375,28.56375,48.058625
2023-01-30 18:53:00,40.60277777777778,46.37571111111111,67.67129629777779,28.513333333333335,48.159111111111116
2023-01-30 18:54:00,81.38325,71.69595,171.277499975,28.6225,48.15975
2023-01-30 18:55:00,53.39922222222222,55.873177777777784,88.99870370333332,28.637777777777778,47.976333333333336
2023-01-30 18:56:00,89.75071428571428,78.91568571428571,199.16904760000003,28.618571428571425,47.83742857142857
2023-01-30 18:57:00,75.4272,68.77988,152.04633332600002,28.613999999999997,47.806
2023-01-30 18:58:00,79.097,72.6006,163.6566667,28.62,47.717
2023-01-30 18:59:00,47.90075,52.10335,79.8429166625,28.5575,47.759875
2023-01-30 19:00:00,54.507111111111115,54.13088888888889,90.84518518444445,28.50111111111111,48.39255555555556
2023-01-30 19:01:00,74.1115,60.933875,147.7552083375,28.47625,48.704875
2023-01-30 19:02:00,61.646111111111104,58.147933333333334,107.16925925555556,28.490000000000002,48.532222222222224
2023-01-30 19:03:00,48.9775,54.267175,81.62916666625,28.48625,48.43825
2023-01-30 19:04:00,48.571875,53.1873,80.953125,28.45375,48.56425
2023-01-30 19:05:00,87.416,74.20524444444445,191.38666665555556,28.555555555555557,48.492555555555555
2023-01-30 19:06:00,58.321625,63.5867,101.09958333374999,28.5575,48.067
2023-01-30 19:07:00,88.3895,80.2942,194.63166665,28.575,48.191
2023-01-30 19:08:00,90.48400000000001,82.1524,201.61333335,28.755000000000003,48.1205
2023-01-30 19:09:00,105.90266666666666,88.69413333333334,253.00888890000002,28.753333333333334,48.11433333333333
2023-01-30 19:10:00,85.941,79.51180000000001,186.47000002,28.73,47.9484
2023-01-30 19:11:00,75.756125,73.297425,152.5204166625,28.65875,48.11825
2023-01-30 19:12:00,94.85000000000001,81.16353333333332,216.16666666666666,28.439999999999998,48.339333333333336
2023-01-30 19:13:00,96.3545,75.5509,221.18166665,28.515,48.073
2023-01-30 19:14:00,75.95525,73.8557,153.1841666625,28.49,48.181875
2023-01-30 19:15:00,45.282624999999996,57.584224999999996,75.4710416675,28.3125,48.251625
2023-01-30 19:16:00,46.831375,56.6918,78.05229166625,28.21,48.484875
2023-01-30 19:17:00,71.87933333333334,67.3338888888889,139.89629630333332,28.18777777777778,48.605555555555554
2023-01-30 19:18:00,50.90975,60.22075,84.84958333375,28.1375,48.66275
2023-01-30 19:19:00,40.7765,51.9811,67.96083333375,28.15,48.74675
2023-01-30 19:20:00,37.23977777777778,48.68668888888889,62.066296296666664,28.08888888888889,48.60333333333333
2023-01-30 19:21:00,46.418375000000005,58.3544,77.3639583325,28.0375,48.880375
2023-01-30 19:22:00,38.2395,52.11965,63.7325,27.99125,48.716875
2023-01-30 19:23:00,40.547875,55.986824999999996,67.579791665,27.92875,48.9955
2023-01-30 19:24:00,35.164125,52.307100000000005,58.606875,27.861250000000002,48.982
2023-01-30 19:25:00,38.55744444444444,61.82086666666666,64.62739259333334,27.78222222222222,49.62544444444445
2023-01-30 19:26:00,38.859,72.645425,74.42720000125,27.66875,49.366625
2023-01-30 19:27:00,38.96388888888889,88.09284444444444,88.09284444444444,27.615555555555556,49.525888888888886
2023-01-30 19:28:00,35.857375000000005,67.030075,67.030075,27.61,49.53525
2023-01-30 19:29:00,34.12588888888889,47.35371111111111,56.876481481111114,27.48,49.568666666666665
2023-01-30 19:30:00,37.87075,50.216625,63.117916665,27.44,49.836125
2023-01-30 19:31:00,34.559375,48.301375,57.59895833375,27.43625,49.75075
2023-01-30 19:32:00,33.28677777777778,47.020466666666664,55.47796296333333,27.4,49.808
2023-01-30 19:33:00,36.624375,51.871075,61.040625,27.46875,49.77625
2023-01-30 19:34:00,35.56155555555556,64.80557777777777,69.54011851555555,27.40222222222222,49.79311111111111
2023-01-30 19:35:00,45.18675,97.494775,93.91641667125,27.365,49.897625
2023-01-30 19:36:00,38.34766666666667,54.35908888888889,63.912777778888895,27.366666666666667,50.11077777777778
2023-01-30 19:37:00,41.64675,59.7562,69.41125,27.3475,50.09225
2023-01-30 19:38:00,44.72622222222222,62.71917777777779,74.54370370333334,27.323333333333334,50.14
2023-01-30 19:39:00,39.603875,55.131074999999996,66.0064583325,27.33,50.2035
2023-02-01 17:01:00,66.9298888888889,81.29755555555556,124.63981481444443,30.917777777777776,34.50355555555556
2023-02-01 17:02:00,74.99228571428571,111.79045714285714,150.0209523757143,30.857142857142858,34.632
2023-02-01 17:03:00,60.275999999999996,66.34792,103.19433332600002,30.872000000000003,34.6354
2023-02-01 17:04:00,73.23633333333333,76.75166666666667,144.1211111,30.843333333333334,34.75333333333333
2023-02-01 17:05:00,67.5566,75.89972,125.18866668000001,30.583999999999996,35.169200000000004
2023-02-01 17:06:00,60.807,67.2216,103.58250000000001,30.45,35.437875
2023-02-01 17:07:00,67.3428888888889,72.69115555555555,124.4762963111111,30.422222222222224,35.921
2023-02-01 17:08:00,71.50812499999999,71.471825,138.360416675,30.34125,35.89125
2023-02-01 17:09:00,58.329,64.02680000000001,98.11481481888889,30.283333333333335,35.98222222222223
2023-02-01 17:10:00,62.613875,74.2795,108.7129166875,30.33125,36.065625
2023-02-01 17:11:00,55.90344444444444,62.80248888888889,93.17240740666666,30.356666666666666,35.92400000000001
2023-02-01 17:12:00,60.401375,64.75215,102.271666675,30.30375,35.925125
2023-02-01 17:13:00,62.491777777777784,75.82437777777778,110.89499998111111,30.29111111111111,36.18211111111111
2023-02-01 17:14:00,53.955625,58.888225,89.9260416675,30.33,35.93125
2023-02-01 17:15:00,61.94111111111111,70.09764444444444,107.3187037,30.34222222222222,35.87422222222222
2023-02-01 17:16:00,55.674,61.96485,92.78999999999999,30.3425,35.663
2023-02-01 17:17:00,52.82725,63.1303,88.0454166675,30.3525,35.563874999999996
2023-02-01 17:18:00,57.082625,74.348775,95.13770833375,30.283749999999998,35.634125
2023-02-01 17:19:00,62.171375,67.193075,107.24187499125,30.30625,35.59475
2023-02-01 17:20:00,64.61987500000001,69.6177,115.3995833375,30.357499999999998,35.73325
2023-02-01 17:21:00,61.56088888888889,67.99675555555555,107.01981482666667,30.311111111111114,35.68955555555556
2023-02-01 17:22:00,55.342124999999996,64.495425,92.236875,30.20875,35.96625
2023-02-01 17:23:00,54.06625,62.45385,90.11041666625,30.11625,36.05125
2023-02-01 17:24:00,53.18944444444445,61.0457111111111,88.64907407333334,29.947777777777773,36.28888888888889
2023-02-01 17:25:00,54.848,63.639675,91.4133333325,29.9175,36.459
2023-02-01 17:26:00,58.964888888888886,67.90982222222222,98.67555555111112,29.91222222222222,36.64911111111111
2023-02-01 17:27:00,64.177375,72.1931,116.02604166625,29.92625,36.797
2023-02-01 17:28:00,59.266444444444446,72.70564444444445,99.03259258777777,29.93777777777778,36.67433333333333
2023-02-01 17:29:00,58.100375,72.034175,96.83395833375,29.88625,36.810249999999996
2023-02-01 17:30:00,54.79555555555556,67.17451111111112,91.32592592444445,29.853333333333335,36.67022222222223
2023-02-01 17:31:00,57.097375,76.532975,95.1622916675,29.69875,36.94825
2023-02-01 17:32:00,54.93977777777778,75.57444444444445,91.56629629777778,29.685555555555556,37.01444444444444
2023-02-01 17:33:00,54.03675,68.02437499999999,90.06124999875,29.67,36.873125
2023-02-01 17:34:00,54.907000000000004,68.19959999999999,91.51166666777777,29.663333333333338,37.17033333333333
2023-02-01 17:35:00,57.975,79.46697499999999,96.95291667000001,29.66625,37.402625
2023-02-01 17:36:00,62.57044444444445,83.2282,108.64074074000001,29.646666666666665,37.391888888888886
2023-02-01 17:37:00,57.716875,76.606325,96.20312499625,29.64125,37.289125
2023-02-01 17:38:00,56.395111111111106,86.6367111111111,94.83056296333334,29.68333333333333,37.147111111111116
2023-02-01 17:39:00,55.681375,73.639725,92.80229166625,29.62625,37.068125
2023-02-01 17:40:00,58.04242857142857,91.64365714285714,97.15877142428572,29.551428571428573,36.961999999999996
2023-02-01 17:41:00,55.9985,75.339,93.330833335,29.42,37.5325
2023-02-01 17:42:00,62.53766666666667,81.45693333333332,108.45888889999999,29.433333333333337,37.54833333333333
2023-02-01 17:43:00,57.175222222222224,73.55324444444445,95.29203703666666,29.36888888888889,37.495777777777775
2023-02-01 17:44:00,56.441,77.9633,94.57666667625,29.305,37.432875
2023-02-01 17:45:00,55.3495,69.49545,93.35145833749999,29.177500000000002,37.229375
2023-02-01 17:46:00,55.26755555555556,71.53566666666667,93.30740741111111,29.14888888888889,37.29777777777778
2023-02-01 17:47:00,57.68,74.687,96.13333333375,29.085,37.189875
2023-02-01 17:48:00,54.17277777777778,65.20402222222222,90.28796296333333,29.025555555555556,37.13977777777777
2023-02-01 17:49:00,53.719625,61.44325,89.53270833375,28.92,37.91175
2023-02-01 17:50:00,52.21922222222222,62.38955555555555,87.03203703666667,28.804444444444446,37.821222222222225
2023-02-01 17:51:00,53.4025,65.277825,89.00416666625,28.76125,37.934375
2023-02-01 17:52:00,62.708111111111116,74.66526666666667,109.41648148888889,28.724444444444444,38.01477777777777
2023-02-01 17:53:00,55.047125,63.460375,91.7452083325,28.65875,38.096875
2023-02-01 17:54:00,59.922,70.06142222222222,105.24592593111112,28.65666666666667,38.19211111111111
2023-02-01 17:55:00,59.273,67.61280000000001,101.49687500249999,28.580000000000002,38.0875
2023-02-01 17:56:00,52.57977777777777,66.79055555555556,87.63296296333334,28.513333333333335,38.279666666666664
2023-02-01 17:57:00,51.831625,71.056175,86.38604166875,28.4725,38.203625
2023-02-01 17:58:00,53.379555555555555,72.65493333333333,90.0558740711111,28.434444444444445,38.246
2023-02-01 17:59:00,54.71525,90.7425,96.58884166375,28.38375,38.47275
2023-02-01 18:00:00,52.422444444444444,60.58206666666667,87.3707407411111,28.316666666666666,38.529444444444444
2023-02-01 18:01:00,53.232875,69.53212500000001,88.72145833375,28.26,38.836125
2023-02-01 18:02:00,58.02088888888889,78.85617777777777,96.70148148,28.264444444444443,40.38188888888889
2023-02-01 18:03:00,53.55,67.453875,89.24999999875,28.25625,38.810375
2023-02-01 18:04:00,55.92311111111111,67.08757777777777,93.20518518555555,28.223333333333333,38.842333333333336
2023-02-01 18:05:00,55.03975,71.105075,91.7329166675,28.24625,38.655375
2023-02-01 18:06:00,63.17355555555556,85.67682222222223,111.01907407777777,28.290000000000003,38.85366666666667
2023-02-01 18:07:00,63.572625,73.867925,112.35083332875,28.3,38.57125
2023-02-01 18:08:00,63.911875,77.070875,115.30479166625,28.165,39.3525
2023-02-01 18:09:00,55.647777777777776,65.92846666666668,92.74629629666667,28.13,38.99744444444444
2023-02-01 18:10:00,56.315625,69.02275,93.85937500125,28.17875,39.150999999999996
2023-02-01 18:11:00,57.74555555555556,68.63426666666666,96.24259259222222,28.226666666666667,39.214111111111116
2023-02-01 18:12:00,58.144625,75.579425,96.9077083325,28.305,39.117625
2023-02-01 18:13:00,58.1225,70.779075,98.416041675,28.338749999999997,38.84
2023-02-01 18:14:00,56.15255555555555,71.50306666666667,93.60592592555555,28.36777777777778,38.80255555555556
2023-02-01 18:15:00,65.1861111111111,117.9798,118.86881483333332,28.39888888888889,38.94144444444444
2023-02-01 18:16:00,75.18614285714285,114.7943142857143,150.6204762,28.47,39.028000000000006
2023-02-01 18:17:00,59.59159999999999,73.32432,100.742333332,28.502,38.6512
2023-02-01 18:18:00,61.3085,85.155675,104.40250000374999,28.552500000000002,38.639250000000004
2023-02-01 18:19:00,55.54288888888889,66.863,92.57148148333334,28.571111111111108,38.36511111111111
2023-02-01 18:20:00,58.424875,73.729375,97.903749995,28.5375,38.541875
2023-02-01 18:21:00,60.807,75.13525,102.689999975,28.6025,38.37025
2023-02-01 18:22:00,59.653222222222226,72.66942222222222,99.46222221888888,28.61111111111111,38.23588888888889
2023-02-01 18:23:00,58.660875,71.936375,97.76812500125,28.6175,38.364
2023-02-01 18:24:00,56.627833333333335,68.49843333333332,94.37972222166667,28.61,38.44
2023-02-01 18:25:00,57.200625,71.455525,95.33437499875001,28.53875,38.220625
2023-02-01 18:26:00,53.91242857142857,64.50182857142856,89.85404761857141,28.5,38.54571428571428
2023-02-01 18:27:00,51.48500000000001,59.202,85.80833333333334,28.51,38.499
2023-02-01 18:28:00,54.907,63.362575,91.51166666875,28.58625,38.510625
2023-02-01 18:29:00,53.9925,60.7179,89.9875,28.585,38.318125
2023-02-01 18:30:00,55.615,59.495400000000004,92.94000000285713,28.517142857142858,38.39228571428571
2023-02-01 18:31:00,76.147,69.6666,153.8233333,28.49,38.339
2023-02-01 18:32:00,60.17275,62.694275,105.340208325,28.43375,38.6405
2023-02-01 18:33:00,54.66116666666667,60.506,91.10194444666666,28.44333333333333,38.73866666666667
2023-02-01 18:34:00,57.3555,64.2876,95.5925,28.445,38.838499999999996
2023-02-01 18:35:00,62.796142857142854,66.95614285714285,109.3204762,28.465714285714284,38.83242857142857
2023-02-01 18:36:00,58.578111111111106,68.04384444444445,97.74685185222222,28.515555555555554,38.97833333333333
2023-02-01 18:37:00,63.085875,87.86555,110.28625,28.62625,39.004125
2023-02-01 18:38:00,60.357124999999996,74.250975,101.24354166250001,28.67,38.896625
2023-02-01 18:39:00,58.69611111111111,66.84851111111112,97.91814814444444,28.664444444444445,38.73833333333333
2023-02-01 18:40:00,56.831875,65.27375,94.7197916675,28.65125,38.599875
2023-02-01 18:41:00,59.30577777777777,71.25675555555556,99.4587037,28.68111111111111,38.769111111111116
2023-02-01 18:42:00,63.993,70.249325,113.31,28.72375,38.486375
2023-02-01 18:43:00,62.73714285714285,66.83971428571428,109.49309524142858,28.745714285714286,38.60442857142857
2023-02-01 18:44:00,83.05,79.4466,176.8333333,28.74,38.717
2023-02-01 18:45:00,78.684,79.088,162.28,28.814999999999998,38.426
2023-02-01 18:46:00,70.17488888888889,75.41506666666666,133.9162963,28.79555555555556,38.50211111111111
2023-02-01 18:47:00,67.997625,70.477525,126.65875,28.8875,38.29625
2023-02-01 18:48:00,62.282000000000004,65.70162499999999,107.60666665,28.91625,38.587125
2023-02-01 18:49:00,66.54475,75.24119999999999,121.815833325,28.93375,38.241125
2023-02-01 18:50:00,63.462,73.68726666666666,111.5399999888889,28.88222222222222,38.16477777777778
2023-02-01 18:51:00,63.498875,68.53375,111.66291665,28.84875,38.275375
2023-02-01 18:52:00,63.2024,68.11484,110.67466666,28.824,38.241200000000006
2023-02-01 18:53:00,68.2764,74.92172000000001,127.58800000000001,28.826,38.4234
2023-02-01 18:54:00,70.6305,79.22655,135.4349999875,28.84625,38.544
2023-02-01 18:55:00,70.51671428571429,75.9258,135.05571427142857,28.844285714285714,38.618857142857145
2023-02-01 18:56:00,71.545,78.24855,138.4833333375,28.85,38.417
2023-02-01 18:57:00,72.112875,73.4156,140.37625,28.845,38.278625
2023-02-01 18:58:00,64.15033333333334,69.57604444444445,113.83444443333332,28.81888888888889,38.282666666666664
2023-02-01 18:59:00,64.41911111111112,70.13024444444444,114.73037036666668,28.70888888888889,38.525444444444446
2023-02-01 19:00:00,67.938625,69.882575,126.462083325,28.65,38.6665
2023-02-01 19:01:00,61.30522222222222,67.43893333333332,104.35074075555556,28.528888888888886,38.71955555555556
2023-02-01 19:02:00,63.167,71.512575,110.556666675,28.495,38.768
2023-02-01 19:03:00,61.410111111111114,70.24253333333334,104.71481481111111,28.426666666666666,38.915
2023-02-01 19:04:00,63.801249999999996,76.21105,112.670833325,28.32,39.161125
2023-02-01 19:05:00,68.572875,123.69295,131.5255333375,28.3275,39.361875
2023-02-01 19:06:00,62.85888888888889,93.45373333333333,109.92687406666667,28.357777777777777,39.28977777777778
2023-02-01 19:07:00,64.8485,81.4026,116.1616666625,28.3875,39.515
2023-02-01 19:08:00,66.861875,95.546925,122.872916675,28.33125,39.394
2023-02-01 19:09:00,65.07185714285714,76.08414285714285,116.90619048571429,28.092857142857145,39.80128571428572
2023-02-01 19:10:00,65.903125,71.0684,119.67708335,27.89625,39.95225
2023-02-01 19:11:00,68.12299999999999,70.80035555555556,127.07666665555556,27.873333333333335,40.19533333333333
2023-02-01 19:12:00,64.57316666666667,70.47616666666666,115.24388888333333,27.768333333333334,40.595666666666666
2023-02-01 19:13:00,65.23200000000001,72.079,117.44,27.570000000000004,40.964666666666666
2023-02-01 19:14:00,65.08449999999999,70.66905,116.948333325,27.6125,40.998625000000004
2023-02-01 19:15:00,62.68844444444445,69.4854888888889,109.15425924444445,27.57,40.669999999999995
2023-02-01 19:16:00,64.42075,69.589175,114.7358333375,27.53875,40.945875
2023-02-01 19:17:00,68.499125,69.613625,128.3304166625,27.57,40.923125
2023-02-01 19:18:00,75.07025,76.2518,150.234166675,27.60125,41.08375
2023-02-01 19:19:00,73.012625,75.538675,143.375416675,27.6025,41.177125000000004
2023-02-01 19:20:00,72.4005,76.166225,141.335,27.6125,41.252625
2023-02-01 19:21:00,79.7755,81.341475,165.91833335,27.6575,41.298875
2023-02-01 19:22:00,73.97875,86.467825,146.59583333749998,27.71375,41.175625000000004
2023-02-01 19:23:00,70.6305,80.6854,135.43500001249998,27.81125,40.933875
2023-02-01 19:24:00,65.15988888888889,73.58584444444445,117.19962963333334,27.836666666666666,41.06022222222222
2023-02-01 19:25:00,63.565250000000006,71.33735,111.88416666250001,27.8125,40.947875
2023-02-01 19:26:00,65.232,71.85487499999999,117.4400000125,27.675,41.1975
2023-02-01 19:27:00,64.32733333333334,72.23837777777777,114.42444445555556,27.56,41.35411111111111
2023-02-01 19:28:00,66.825,69.9274,122.75,27.53,41.392
2023-02-01 19:32:00,60.04655555555556,70.7894888888889,100.4642592488889,27.432222222222222,41.629888888888885
2023-02-01 19:33:00,65.858875,96.02777499999999,119.5295833375,27.49625,41.724125
2023-02-01 19:34:00,65.97277777777778,91.17897777777779,119.90925926666667,27.49888888888889,41.49144444444445
2023-02-01 19:35:00,63.7275,77.266475,112.425,27.4325,41.659875
2023-02-01 19:36:00,64.07822222222222,76.91466666666666,113.59407406666668,27.365555555555556,42.06355555555555
2023-02-01 19:37:00,69.96675,80.7832,133.2225000125,27.16625,41.970875
2023-02-01 19:38:00,75.47833333333334,89.76993333333333,151.59444443333334,27.189999999999998,42.292
2023-02-01 19:39:00,77.511375,91.406725,158.37125,27.22625,42.191125
2023-02-01 19:40:00,74.082,86.73813333333334,146.94,27.133333333333336,42.14833333333333
2023-02-01 19:41:00,63.602125,73.460425,112.007083325,27.14375,42.324625
2023-02-01 19:42:00,63.203875,74.59735,110.67958335,27.19875,42.155249999999995
2023-02-01 19:43:00,64.30275,79.60145,114.3425,27.25875,41.952625
2023-02-01 19:44:00,65.97277777777778,75.30277777777778,119.90925925555555,27.30333333333333,41.84211111111111
2023-02-01 19:45:00,69.31037500000001,87.95927499999999,131.0345833375,27.335,42.13675
2023-02-01 19:46:00,70.26011111111112,86.25275555555555,134.2003703777778,27.354444444444443,42.31533333333333
2023-02-01 19:47:00,67.179,85.76285,123.9299999875,27.36125,42.413375
2023-02-01 19:48:00,67.80177777777777,78.52655555555556,126.00592592222223,27.383333333333333,42.214333333333336
2023-02-01 19:49:00,67.068375,71.1499,123.5612500125,27.33375,42.094125
2023-02-01 19:50:00,66.42675,73.647875,121.4224999875,27.2875,42.180375
2023-02-01 19:51:00,67.555125,74.4751,125.1837500125,27.2975,42.352625
2023-02-01 19:52:00,66.35955555555556,80.50428888888888,121.19851852222223,27.376666666666665,42.467666666666666
2023-02-01 19:53:00,65.726125,76.043975,119.087083325,27.33,42.36525
2023-02-01 19:54:00,66.54311111111112,76.1032888888889,121.81037036666667,27.305555555555557,42.19122222222222
2023-02-01 19:55:00,70.224875,104.39375,134.0829166625,27.26,42.42175
2023-02-01 19:56:00,67.238,88.58908888888888,124.12666667777778,27.227777777777778,42.517
2023-02-01 19:57:00,68.07711111111111,92.23304444444445,126.92370368888889,27.27777777777778,42.70066666666666
2023-02-01 19:58:00,67.51825,82.572125,125.060833325,27.305,42.831375
2023-02-01 19:59:00,68.70644444444444,84.29313333333333,129.0214814888889,27.32888888888889,42.85177777777778
2023-02-06 16:01:00,127.182,91.19346666666667,298.148547,37.32666666666667,21.828999999999997
2023-02-06 16:02:00,98.84725,73.4156,215.9033012875,37.15125,21.937375
2023-02-06 16:03:00,107.40225000000001,78.211875,258.0075,36.9825,22.24725
2023-02-06 16:04:00,62.41311111111111,63.773244444444444,112.17685186222222,37.19222222222223,22.106111111111108
2023-02-06 16:05:00,28.290625,38.08535,47.151041667499996,36.89375,22.16925
2023-02-06 16:06:00,28.34225,39.0389,47.2370833325,36.79,22.328875
2023-02-06 16:07:00,43.350375,65.6405,72.42483333375,36.54625,22.7095
2023-02-06 16:08:00,58.36833333333334,68.98562222222222,106.83018519333334,36.55777777777777,22.518555555555555
2023-02-06 16:09:00,74.915375,76.981225,154.80625000375,36.8,22.299125
2023-02-06 16:10:00,33.38675,46.4391,55.64458333375,36.44,22.267625
2023-02-06 16:11:00,47.377125,50.322575,79.36354167125,36.21375,22.474125
2023-02-06 16:12:00,80.13933333333334,66.3595111111111,170.23757835555554,36.36666666666667,22.633111111111113
2023-02-06 16:13:00,79.26416666666667,66.5859,162.74367521166667,36.27166666666667,23.166
2023-02-06 16:14:00,41.639375,52.245975,70.39062500375,35.62375,23.4255
2023-02-06 16:15:00,48.40225,61.928175,80.67041666625,35.13625,24.070125
2023-02-06 16:16:00,36.653875,60.779025,62.039841665,34.698750000000004,23.97325
2023-02-06 16:17:00,41.76311111111111,61.95126666666667,69.60518518555556,34.49333333333333,24.743444444444446
2023-02-06 16:18:00,50.64425,62.5924,84.40708333375,34.50875,28.705750000000002
2023-02-06 16:19:00,40.635555555555555,49.83493333333334,67.72592592444444,35.32666666666667,28.07611111111111
2023-02-06 16:20:00,46.123375,51.814025,79.25291666625,36.0075,27.496625
2023-02-06 16:21:00,90.14685714285714,76.2844,197.16717948571429,36.53857142857143,27.121999999999996
2023-02-06 16:22:00,78.7784,72.69188,162.59466665999997,37.025999999999996,26.6582
2023-02-06 16:23:00,81.49633333333333,74.3284,171.65444444444444,37.33666666666667,26.373666666666665
2023-02-06 16:24:00,106.716375,81.54115,250.23375000000001,37.095,26.34425
2023-02-06 16:25:00,74.443375,73.92905,148.1445833125,36.82875,26.54175
2023-02-06 16:26:00,95.02044444444444,75.07457777777778,216.7348148111111,36.81777777777778,26.720333333333333
2023-02-06 16:27:00,89.798125,76.475925,199.3270833375,37.16125,26.597625
2023-02-06 16:28:00,106.29599999999999,89.695225,250.42096155,37.51,26.416375
2023-02-06 16:29:00,72.732375,68.40335,146.55020832875,37.9625,25.62025
2023-02-06 16:30:00,51.367000000000004,57.9632,85.6116666675,38.32125,25.399125
2023-02-06 16:31:00,56.374625,59.303875,94.02750000374999,38.6725,25.13325
2023-02-06 16:32:00,52.49455555555556,54.333733333333335,87.49092592555556,38.61222222222222,24.778888888888886
2023-02-06 16:33:00,78.602875,67.515,162.595208325,37.980000000000004,25.610500000000002
2023-02-06 16:34:00,80.42777777777778,66.85575555555556,168.0925925888889,36.98777777777778,26.595444444444446
2023-02-06 16:35:00,58.837875,59.499475000000004,101.06708332875,36.55375,27.27475
2023-02-06 16:36:00,43.055375,52.804249999999996,71.7589583325,35.8625,28.5695
2023-02-06 16:37:00,67.77555555555556,66.22911111111111,127.45518518888889,36.096666666666664,28.678333333333335
2023-02-06 16:38:00,40.0685,52.2419,66.780833335,36.4475,28.361
2023-02-06 16:39:00,43.61833333333333,56.05066666666667,72.69722222333333,36.41,28.45266666666667
2023-02-06 16:40:00,53.793375,58.961574999999996,89.655625,36.17,28.832125
2023-02-06 16:41:00,70.1585,65.310425,133.8616666625,36.1325,28.995874999999998
2023-02-06 16:42:00,75.1735,70.534575,156.21658652874999,36.144999999999996,28.74325
2023-02-06 16:44:00,125.19285714285715,95.17377142857143,297.0886447,35.87428571428571,29.067285714285713
2023-02-06 16:45:00,67.32322222222223,63.00533333333333,125.0514814711111,35.59222222222222,29.26488888888889
2023-02-06 16:46:00,50.725375,53.028375,84.54229166875,35.4125,29.31025
2023-02-06 16:47:00,122.81599999999999,88.9006,285.9148718,35.415,29.389499999999998
2023-02-06 16:48:00,133.495,96.65125,310.38076920000003,35.1775,29.598
2023-02-06 16:49:00,93.03575000000001,70.92985,210.1191666875,34.92375,29.846375
2023-02-06 16:50:00,122.18912499999999,88.02855,297.824647425,34.6175,30.25275
2023-02-06 16:51:00,44.89666666666667,47.84995555555556,78.61555555666666,34.45,30.71688888888889
2023-02-06 16:52:00,35.824714285714286,47.708171428571426,59.70785714428571,34.097142857142856,31.477
2023-02-06 16:53:00,60.784875,69.556575,120.77458334125001,34.025,31.706625000000003
2023-02-06 16:54:00,59.99575,61.569575,102.51312499625,33.73125,32.122375
2023-02-06 16:55:00,55.28066666666667,55.583400000000005,94.21462963666666,33.49777777777778,32.013333333333335
2023-02-06 16:56:00,53.306625,49.874325,92.024375,33.41875,31.88725
2023-02-06 16:57:00,41.447625,49.20195,69.079375,33.3525,32.0185
2023-02-06 16:58:00,46.142222222222216,50.79482222222222,76.90370370555556,33.30111111111111,31.923999999999996
2023-02-06 16:59:00,43.542125,47.445625,72.5702083325,33.34,31.386625
2023-02-06 17:00:00,40.688,46.43211428571429,67.81333333285714,33.441428571428574,31.47957142857143
2023-02-06 17:01:00,64.796875,65.212625,118.07479168,33.5075,31.938875
2023-02-06 17:02:00,55.15775,55.514125,96.11312500375,33.56125,31.427
2023-02-06 17:03:00,48.92177777777778,54.29026666666667,83.06240740777778,33.653333333333336,31.280777777777775
2023-02-06 17:04:00,43.604285714285716,57.53474285714286,72.67380952428572,33.455714285714286,31.269714285714286
2023-02-06 17:05:00,54.840625,55.67305,91.56124999625,33.25375,31.673000000000002
2023-02-06 17:06:00,65.01075,62.417175,116.7024999875,33.30625,32.3015
2023-02-06 17:07:00,45.415375,50.950125,77.09791666625,33.395,31.453
2023-02-06 17:08:00,39.862,50.074000000000005,66.436666665,33.050000000000004,31.745500000000003
2023-02-06 17:09:00,41.713125,55.025125,69.52187499875001,32.93125,32.12925
2023-02-06 17:10:00,38.95733333333333,50.39275555555556,64.92888888666667,32.812222222222225,32.263555555555556
2023-02-06 17:11:00,63.410375,71.602225,111.94958333375,32.82125,32.57825
2023-02-06 17:12:00,71.14511111111112,63.80946666666667,144.28814815444446,32.83222222222222,32.25611111111111
2023-02-06 17:13:00,90.897,72.26528571428572,198.9544688714286,32.80285714285714,32.477
2023-02-06 17:14:00,64.524,59.11144444444445,115.08,32.77777777777778,32.355444444444444
2023-02-06 17:15:00,57.938125,59.784725,99.83354166625,32.89625,32.182249999999996
2023-02-06 17:16:00,39.632555555555555,46.281533333333336,66.05425926000001,32.95333333333333,31.88444444444444
2023-02-06 17:17:00,35.754125,43.92075,59.5902083325,33.04125,31.656875
2023-02-06 17:18:00,50.378750000000004,53.8067,87.14020833375,33.167500000000004,31.649124999999998
2023-02-06 17:19:00,83.98744444444444,71.99206666666666,179.95814814444444,33.21888888888889,31.727777777777778
2023-02-06 17:20:00,90.484,74.405825,201.6133333375,33.25875,31.535
2023-02-06 17:21:00,92.50311111111111,73.37575555555556,208.3437037,33.27666666666667,31.56988888888889
2023-02-06 17:22:00,76.33875,64.487275,154.56479168375,33.41875,31.372625
2023-02-06 17:23:00,81.929,70.306375,173.0966666625,33.46,31.359125
2023-02-06 17:24:00,87.78966666666666,72.44846666666666,190.23558402888887,33.441111111111105,31.34188888888889
2023-02-06 17:25:00,88.87414285714286,75.7954,196.24714285714285,33.410000000000004,31.577285714285715
2023-02-06 17:26:00,103.37222222222222,89.20486666666666,233.28746438888888,33.31444444444444,31.728333333333335
2023-02-06 17:27:00,89.414625,74.250975,196.79179487125,33.15625,31.93225
2023-02-06 17:28:00,96.60688888888889,77.7658888888889,222.02296297777778,33.096666666666664,32.09766666666667
2023-02-06 17:29:00,86.715375,70.71795,189.05125,32.805,32.660624999999996
2023-02-06 17:30:00,53.9925,58.63965,90.11875000125,32.56875,33.283375
2023-02-06 17:31:00,60.548875,62.922475,112.43687500875001,32.635,33.230374999999995
2023-02-06 17:32:00,40.34711111111111,52.07346666666667,67.24518518444444,32.70444444444445,33.065111111111115
2023-02-06 17:33:00,45.30475,52.6983,75.50791666625,32.675,33.17525
2023-02-06 17:34:00,34.99122222222222,44.98115555555555,58.31870370444445,32.65222222222222,33.602444444444444
2023-02-06 17:35:00,42.38425,51.541,71.53374999625001,32.3575,33.792375
2023-02-06 17:36:00,66.14322222222222,66.88111111111111,120.75407405555555,32.05777777777777,34.04988888888889
2023-02-06 17:37:00,46.2045,51.02755,77.00750000000001,31.9225,34.2965
2023-02-06 17:38:00,73.204375,68.07327500000001,144.014583325,31.85375,34.504
2023-02-06 17:39:00,73.956625,65.253375,154.057435905,31.6925,34.661625
2023-02-06 17:40:00,76.86342857142857,78.00754285714287,161.40490843285716,31.62142857142857,34.674142857142854
2023-02-06 17:41:00,73.28222222222222,66.39935555555556,144.68185184444442,31.485555555555557,34.71655555555556
2023-02-06 17:42:00,109.069,92.67405,247.675192325,31.485,34.962375
2023-02-06 17:43:00,64.83866666666667,64.29484444444444,116.12888887777778,31.529999999999998,34.723222222222226
2023-02-06 17:44:00,82.29775000000001,74.36915,175.34166668,31.59125,34.75725
2023-02-06 17:45:00,104.297375,84.31215,247.6579166875,31.708750000000002,34.776
2023-02-06 17:46:00,107.409625,82.9837,249.8971474375,31.7875,34.671375
2023-02-06 17:47:00,64.7305,62.083025,119.648124995,31.845,34.595
2023-02-06 17:48:00,65.357375,63.5052,122.774166675,31.91375,34.67175
2023-02-06 17:49:00,67.93288888888888,62.29537777777778,133.38055557444443,31.97888888888889,34.856
2023-02-06 17:50:00,88.618125,76.467775,193.97339744125,31.9725,34.858125
2023-02-06 17:51:00,149.93633333333332,105.04846666666667,323.02794873333335,32.053333333333335,34.75633333333334
2023-02-06 17:52:00,91.52071428571428,77.59305714285713,200.86082417571427,31.971428571428568,34.66357142857143
2023-02-06 17:53:00,94.59925,73.272975,212.54822114125,31.903750000000002,34.787
2023-02-06 17:54:00,62.937555555555555,61.255799999999994,114.12907408888888,31.766666666666666,34.992
2023-02-06 17:55:00,65.608125,71.264,123.00770833,31.677500000000002,35.19425
2023-02-06 17:56:00,80.49333333333334,76.99073333333334,168.31111112222223,31.637777777777778,34.824
2023-02-06 17:57:00,70.077375,70.35935,135.98770834125,31.50125,34.949
2023-02-06 17:58:00,55.65925,59.8866,94.3308333375,31.505,34.966125
2023-02-06 17:59:00,84.17755555555556,74.23784444444443,182.41259259222224,31.464444444444446,35.10788888888889
2023-02-06 18:00:00,96.037375,86.43115,220.1245833375,31.4125,35.206
2023-02-06 18:01:00,50.22633333333333,58.0936,83.77259259666667,31.32222222222222,35.294999999999995
2023-02-06 18:02:00,52.606,62.8206,87.67666666625,31.32,35.332125
2023-02-06 18:03:00,57.922555555555554,61.01673333333333,103.96370370444444,31.325555555555557,35.23222222222222
2023-02-06 18:04:00,80.682625,70.412325,165.78463140875,31.34125,35.407375
2023-02-06 18:05:00,51.330125,58.061,85.5502083325,31.341250000000002,35.390375
2023-02-06 18:06:00,49.125,55.07628888888889,81.875,31.29111111111111,35.47244444444445
2023-02-06 18:07:00,41.08414285714286,47.47065714285714,68.47357143,31.282857142857143,35.611285714285714
2023-02-06 18:08:00,34.89288888888889,43.44171111111111,58.15481481444445,31.224444444444444,35.94211111111111
2023-02-06 18:09:00,41.47185714285714,47.68488571428571,69.11976190571428,31.177142857142858,36.156285714285715
2023-02-06 18:10:00,32.405875,41.4187,54.00979166625,31.0475,36.470375000000004
2023-02-06 18:11:00,41.297666666666665,46.904555555555554,68.82944444555557,31.023333333333337,36.772
2023-02-06 18:12:00,54.06625,55.016975,90.7908333375,30.98875,37.035625
2023-02-06 18:13:00,53.055875,56.769225,88.42645833375,31.05125,37.064750000000004
2023-02-06 18:14:00,49.09877777777778,55.942,81.83129629555555,31.016666666666666,37.15244444444445
2023-02-06 18:15:00,60.5415,64.2876,105.95083333,31.1075,37.141125
2023-02-06 18:16:00,127.45733333333332,95.82266666666668,302.04153845,31.021666666666665,37.24366666666666
2023-02-06 18:17:00,120.3675,91.60640000000001,290.95833335,31.115000000000002,37.318
2023-02-06 18:18:00,86.87844444444444,92.68582222222223,189.59481481111112,31.15222222222222,37.154333333333334
2023-02-06 18:19:00,96.7717142857143,78.72008571428572,222.57238097142857,31.187142857142856,37.00714285714286
2023-02-06 18:20:00,83.286,70.78722499999999,181.88083334125,31.21875,37.006375
2023-02-06 18:21:00,39.131875,45.929725000000005,65.2197916675,31.17,36.97425
2023-02-06 18:22:00,46.912499999999994,50.192175,78.18750000125,31.18375,37.214625
2023-02-06 18:23:00,55.209375,54.878425,94.11395833,31.15625,37.32625
2023-02-06 18:24:00,55.03483333333333,55.007466666666666,93.43499999333334,31.131666666666664,37.54333333333333
2023-02-06 18:25:00,59.86955555555556,57.04315555555556,106.89962964444445,31.16222222222222,37.785222222222224
2023-02-06 18:26:00,57.643125,61.9893,101.04208332875,31.1375,37.746125
2023-02-06 18:27:00,50.52788888888889,57.735,87.69148148222222,31.081111111111113,37.733555555555554
2023-02-06 18:28:00,38.918,48.27285,64.8633333325,30.8825,38.042875
2023-02-06 18:29:00,43.63144444444444,51.39973333333333,72.71907407333333,30.811111111111114,38.403999999999996
2023-02-06 18:30:00,45.651375,51.1661,78.0852083275,30.732499999999998,38.619749999999996
2023-02-06 18:31:00,100.986,82.46209999999999,236.62,30.67,38.791125
2023-02-06 18:32:00,89.01555555555555,77.88542222222222,197.82555555222223,30.654444444444444,38.58255555555556
2023-02-06 18:33:00,42.111375,56.117225,70.185625,30.445,38.60825
2023-02-06 18:34:00,48.158875,62.816525,80.2647916675,30.35875,38.7625
2023-02-06 18:35:00,48.89555555555555,72.54626666666667,81.49259259444445,30.328888888888887,38.85444444444445
2023-02-06 18:36:00,42.425222222222224,56.00357777777778,70.70870370444445,30.255555555555556,39.08488888888889
2023-02-06 18:37:00,41.278,58.146575,68.79666666625,30.18375,39.01275
2023-02-06 18:38:00,33.32775,48.651825,55.54625,30.075,39.09675
2023-02-06 18:39:00,38.151,50.479171428571426,63.584999999999994,30.037142857142857,39.24442857142857
2023-02-06 18:40:00,35.422250000000005,48.8678,59.037083332499996,30.064999999999998,39.20875
2023-02-06 18:41:00,31.005444444444443,40.699688888888886,51.67574074111111,30.09111111111111,39.132222222222225
2023-02-06 18:42:00,30.134375,41.626525,50.223958333750005,30.1275,39.129374999999996
2023-02-06 18:43:00,33.15075,45.359225,55.25125000125,30.1925,39.022
2023-02-06 18:44:00,46.824,66.20013333333333,78.04000000222223,30.317777777777778,38.964
2023-02-06 18:45:00,41.521375,71.634825,72.79803333375,30.37375,38.337375
2023-02-06 18:46:00,42.693999999999996,65.79806666666667,71.66915555555556,30.256666666666668,38.446555555555555
2023-02-06 18:47:00,39.1245,53.509225,65.2075,30.24,38.3335
2023-02-06 18:48:00,37.92975,51.039775,63.21625,30.182499999999997,38.55925
2023-02-06 18:49:00,36.004875,54.5565,60.008125,30.151249999999997,38.50575
2023-02-06 18:50:00,42.3695,56.7896,70.61583333375,30.1,38.57775
2023-02-06 18:51:00,51.839,61.10584,86.398333336,29.992,38.8578
2023-02-06 18:52:00,58.01433333333333,66.61306666666667,100.49861111666667,30.02333333333333,39.14
2023-02-06 18:53:00,58.8305,68.8027,102.98854167625001,30.07125,39.32025
2023-02-06 18:54:00,41.907333333333334,56.123111111111115,69.84555555444445,30.049999999999997,38.90122222222222
2023-02-06 18:55:00,36.145,51.553225,60.24166666625,30.0675,39.261125
2023-02-06 18:56:00,33.9856,56.626599999999996,58.046506668000006,29.958,39.7988
2023-02-06 18:57:00,35.830333333333336,61.24493333333334,61.30873333333333,29.928888888888892,39.955333333333336
2023-02-06 18:58:00,35.98275,62.400875,62.613033333749996,29.9225,40.091375
2023-02-06 18:59:00,36.521125,60.990925,62.76401666625,29.855,40.355375
2023-02-07 16:30:00,39.213,55.057725000000005,65.355,34.28,32.78975
2023-02-07 16:31:00,40.36022222222223,53.163755555555554,67.26703703777778,34.41,32.489000000000004
2023-02-07 16:32:00,37.612625,43.3258,62.687708333749995,34.72625,31.7335
2023-02-07 16:33:00,43.91988888888889,51.9648,73.19981481555556,34.68333333333333,32.434888888888885
2023-02-07 16:34:00,38.90325,47.054425,64.83874999875,34.54875,32.48525
2023-02-07 16:35:00,41.343555555555554,61.339111111111116,70.53764444444444,34.81333333333333,32.48711111111111
2023-02-07 16:36:00,43.3135,69.401725,74.37837499875,34.93625,32.873125
2023-02-07 16:37:00,53.498375,125.131425,115.34825000875,35.165,32.085125
2023-02-07 16:38:00,41.49714285714286,59.11351428571429,69.16190476285713,35.12,31.762142857142855
2023-02-07 16:39:00,39.7735,51.51655,66.28916666625,35.1375,31.92
2023-02-07 16:40:00,41.92044444444444,53.80488888888889,69.8674074088889,34.92888888888889,32.37855555555555
2023-02-07 16:42:00,44.877,62.250099999999996,74.795,34.711666666666666,32.04933333333333
2023-02-07 16:43:00,44.79833333333333,52.848622222222225,74.66388888777777,34.49666666666667,32.508
2023-02-07 16:44:00,39.5965,46.26795,65.9941666675,34.238749999999996,32.56825
2023-02-07 16:45:00,38.93766666666667,52.58782222222222,64.89611111222221,34.28,32.76288888888889
2023-02-07 16:46:00,40.311875,53.0243,67.18645833375,34.46625,32.344875
2023-02-07 16:47:00,39.81775,57.889849999999996,66.36291666625,34.32625,32.565
2023-02-07 16:48:00,37.659333333333336,49.30971111111111,62.76555555555555,34.29555555555556,32.687222222222225
2023-02-07 16:49:00,42.812,53.245514285714286,71.35333333428572,34.29857142857143,32.30157142857143
2023-02-07 16:50:00,42.693999999999996,51.32728888888889,71.15666666555555,34.30444444444444,32.032999999999994
2023-02-07 16:51:00,54.958625000000005,54.511675,94.191666675,34.5225,31.624625
2023-02-07 16:52:00,47.893375,53.6274,79.822291665,34.6625,32.21225
2023-02-07 16:53:00,47.170625,54.430175,78.617708335,34.63375,32.669624999999996
2023-02-07 16:54:00,65.3205,67.23790000000001,117.73499998333334,34.669999999999995,32.74616666666666
2023-02-07 16:55:00,64.1995,65.6894,114.8666666675,34.785,32.8545
2023-02-07 16:56:00,49.34625,57.572,82.24375,34.84,32.441125
2023-02-07 16:57:00,44.42466666666667,57.44522222222221,74.0411111111111,34.84,32.436777777777785
2023-02-07 16:58:00,39.58175,48.77815,65.96958333375,34.93125,32.09375
2023-02-07 16:59:00,51.3965,53.411425,86.72229167500001,35.16625,31.906625
2023-02-07 17:00:00,50.04277777777778,62.08166666666667,83.4046296288889,35.138888888888886,31.879111111111108
2023-02-07 17:01:00,51.684125,65.2004,86.14020833375,34.9875,32.01825
2023-02-07 17:02:00,43.76255555555556,58.97017777777777,72.93759259333333,34.824444444444445,32.217666666666666
2023-02-07 17:03:00,42.0745,52.20115,70.12416666625,34.74625,32.280125
2023-02-07 17:04:00,46.787125,54.711349999999996,77.97854166625,34.68875,32.408375
2023-02-07 17:05:00,45.46044444444445,53.02973333333333,75.76740740555556,34.525555555555556,32.61
2023-02-07 17:06:00,47.2665,58.3707,78.7775,34.3975,33.494625
2023-02-07 17:07:00,54.14,60.62191111111112,90.23333333333333,34.29666666666667,33.59122222222223
2023-02-07 17:08:00,49.928875,56.557325,83.21479166625,34.44625,33.679125
2023-02-07 17:09:00,47.98925,54.51575,79.9820833325,34.4525,33.39
2023-02-07 17:10:00,47.263222222222225,66.34502222222221,78.77203703666666,34.52111111111111,32.730333333333334
2023-02-07 17:11:00,47.486111111111114,65.56262222222223,79.1435185188889,34.486666666666665,32.742
2023-02-07 17:12:00,45.09825,56.972975,75.16375,34.38375,32.879
2023-02-07 17:13:00,46.72566666666667,54.38806666666667,77.87611111222222,34.27777777777778,33.269111111111116
2023-02-07 17:14:00,60.806999999999995,65.94476666666667,106.22944443833335,33.973333333333336,33.4015
2023-02-07 17:16:00,43.3725,53.24435,72.2875,33.4775,33.923249999999996
2023-02-07 17:17:00,40.769125,50.0903,67.948541665,33.56,33.654125
2023-02-07 17:18:00,50.16733333333333,64.37453333333332,83.61222222333333,33.62555555555556,33.56055555555556
2023-02-07 17:19:00,46.116,68.63155,76.85999999875,33.65375,33.85975
2023-02-07 17:20:00,45.503875,62.22565,75.83979166625,33.510000000000005,33.71775
2023-02-07 17:21:00,54.973375,58.032475,91.9624999975,33.394999999999996,33.947875
2023-02-07 17:22:00,42.779222222222224,50.96868888888889,71.29870370444445,33.25666666666667,33.70066666666666
2023-02-07 17:23:00,43.350375,54.075649999999996,72.250625,33.18875,33.61625
2023-02-07 17:24:00,43.438874999999996,56.47175,72.39812499875,33.09125,34.177
2023-02-07 17:25:00,46.536375,83.623475,83.98395000000001,33.15625,34.041625
2023-02-07 17:26:00,60.81355555555555,93.34144444444445,107.85812593333334,33.15555555555555,34.73811111111111
2023-02-07 17:27:00,44.09525,69.51175,73.49208333375,32.845,35.19775
2023-02-07 17:28:00,46.285625,75.98285,77.43624166625,32.74625,35.38625
2023-02-07 17:29:00,51.78,76.96175555555556,86.30000000000001,32.61666666666667,35.33633333333333
2023-02-07 17:30:00,47.78275,73.207775,79.63791666624999,32.635,35.264625
2023-02-07 17:31:00,49.269222222222226,63.44724444444445,82.11537037,32.721111111111114,34.99633333333333
2023-02-07 17:32:00,57.93075,69.0309,98.33,32.7575,34.94525
2023-02-07 17:34:00,49.55766666666667,72.67666666666666,82.59611111,32.87,35.10733333333334
2023-02-07 17:35:00,59.02388888888889,82.26106666666666,99.52814814888889,32.849999999999994,35.071555555555555
2023-02-07 17:36:00,54.848,88.99025,93.40545833375,32.7575,35.311
2023-02-07 17:37:00,40.680625,57.885775,67.8010416675,32.441250000000004,35.83375
2023-02-07 17:38:00,39.25888888888889,56.55415555555555,65.43148148111112,32.31333333333333,36.14055555555555
2023-02-07 17:39:00,46.447875,62.123775,77.413125,32.27875,36.366875
2023-02-07 17:40:00,51.005625,66.6511,86.0944916675,32.24,36.649625
2023-02-07 17:41:00,34.736374999999995,55.7464,58.220799998749996,31.995,36.919125
2023-02-07 17:42:00,41.16,104.58844444444445,99.93070370000001,31.901111111111113,37.01411111111111
2023-02-07 17:43:00,34.2275,72.083075,72.083075,31.75375,37.042375
2023-02-07 17:44:00,39.65877777777777,79.93197777777777,79.93197777777777,31.63666666666667,37.14033333333333
2023-02-07 17:45:00,37.332375,61.960775,63.110208332499994,31.564999999999998,37.278999999999996
2023-02-07 17:46:00,43.474111111111114,91.15724444444443,90.30863703333334,31.52111111111111,37.42211111111111
2023-02-07 17:47:00,54.9955,87.401,98.8585666675,31.427500000000002,37.35875
2023-02-07 17:48:00,59.49425,68.2811,103.2958333325,31.2325,37.18575
2023-02-07 17:49:00,37.28566666666667,73.19826666666667,74.07743703666667,31.186666666666667,37.246
2023-02-07 17:50:00,36.44,96.027775,95.5828083375,31.173750000000002,37.185625
2023-02-07 17:51:00,31.949444444444445,68.62702222222222,68.62702222222222,31.150000000000002,37.16211111111111
2023-02-07 17:52:00,29.293625,52.18485,52.41779166625,31.08,37.343
2023-02-07 17:53:00,31.254555555555555,63.47622222222222,63.47622222222222,30.76777777777778,37.905
2023-02-07 17:54:00,30.001625,53.52145,54.09375,30.41125,38.7145
2023-02-07 17:55:00,32.767250000000004,59.964025,60.0205,30.345,39.275999999999996
2023-02-07 17:56:00,36.07288888888889,63.34582222222222,64.04442222222222,30.34333333333333,39.30111111111111
2023-02-07 17:57:00,42.214625,85.7384,85.2398166625,30.34125,39.19625
2023-02-07 17:58:00,36.367888888888885,80.51515555555555,80.51515555555555,30.353333333333335,39.45988888888889
2023-02-07 17:59:00,36.373625000000004,79.3977,79.0791333375,30.395,39.655499999999996
2023-02-07 18:00:00,40.577375,96.924275,94.9280916625,30.39,39.668
2023-02-07 18:01:00,33.659625,56.6592,57.63574166625,30.4325,39.13
2023-02-07 18:02:00,36.56455555555556,56.594,60.94092592555555,30.506666666666668,39.162000000000006
2023-02-07 18:03:00,46.528999999999996,62.400875,77.5483333325,30.560000000000002,39.086625
2023-02-07 18:04:00,33.254,48.22304444444444,55.42333333333333,30.583333333333332,38.839666666666666
2023-02-07 18:05:00,35.577125,50.48965,59.29520833375,30.64125,39.121
2023-02-07 18:06:00,34.8765,54.9314,58.1275,30.65,39.056125
2023-02-07 18:07:00,36.91855555555556,59.691,63.11026666666666,30.612222222222222,39.345333333333336
2023-02-07 18:08:00,33.621111111111105,63.41826666666667,63.41826666666667,30.606666666666666,39.40288888888889
2023-02-07 18:09:00,43.0775,69.100175,72.2379666675,30.59,39.51875
2023-02-07 18:10:00,42.826750000000004,67.926575,71.37791666625,30.5625,39.553625
2023-02-07 18:11:00,41.04855555555556,77.11026666666666,77.53519259222223,30.567777777777778,39.53644444444444
2023-02-07 18:12:00,53.373000000000005,78.03665000000001,93.6285083325,30.583750000000002,39.501875
2023-02-07 18:13:00,43.45444444444444,66.7,72.42407407333333,30.557777777777776,39.49122222222222
2023-02-07 18:14:00,37.789625,62.017825,65.3447666675,30.53875,40.2035
2023-02-07 18:15:00,35.80575,57.193025,59.70975,30.5425,39.333875
2023-02-07 18:16:00,30.815333333333335,48.17957777777778,51.358888889999996,47.13444444444445,39.547666666666665
2023-02-07 18:17:00,38.202625,57.429375,63.6710416675,30.3425,39.9225
2023-02-07 18:18:00,42.24822222222222,61.219577777777786,70.41370370444444,30.487777777777776,39.745666666666665
2023-02-07 18:19:00,41.005125,57.95505,68.34187500125,30.53625,39.660375
2023-02-07 18:20:00,44.903222222222226,57.98131111111112,74.83870370333334,30.58888888888889,39.45177777777778
2023-02-07 18:21:00,36.18925,61.390275,62.262675,30.605,39.392875
2023-02-07 18:22:00,36.609625,53.42365,61.016041666250004,30.564999999999998,39.263374999999996
2023-02-07 18:23:00,41.396,54.01497777777777,68.99333333333334,30.47222222222222,39.394888888888886
2023-02-07 18:24:00,46.2045,59.548375,77.00749999875,30.44875,39.46425
2023-02-07 18:25:00,43.188125,59.24275,71.9802083325,30.42125,39.442750000000004
2023-02-07 18:26:00,48.79066666666667,62.29175555555556,81.31777777777778,30.397777777777776,39.51466666666667
2023-02-07 18:27:00,44.59675,62.677974999999996,74.32791666625,30.41,39.527375
2023-02-07 18:28:00,39.839875,60.139250000000004,67.32224166625,30.43125,39.46025
2023-02-07 18:29:00,39.4785,75.39605,75.39605,30.40625,39.56425
2023-02-07 18:30:00,38.682,85.83619999999999,83.93853333749999,30.381249999999998,39.80675
2023-02-07 18:31:00,39.67025,101.80205,99.47715,30.345,39.91475
2023-02-07 18:32:00,37.951875,78.334125,78.334125,30.34375,40.000625
2023-02-07 18:33:00,40.163555555555554,81.36275555555557,81.23413333333333,30.321111111111108,39.97566666666667
2023-02-07 18:34:00,39.220375,61.418800000000005,65.36729166625,30.32375,40.046375
2023-02-07 18:35:00,31.136555555555553,46.96251111111111,52.02207407444444,30.29222222222222,39.98155555555556
2023-02-07 18:36:00,44.346000000000004,61.23135,74.310483335,30.2625,40.13175
2023-02-07 18:37:00,32.31,55.171825,55.9868666675,30.2025,39.991875
2023-02-07 18:38:00,40.002125,65.620125,67.2188666675,30.228749999999998,39.841125
2023-02-07 18:39:00,39.53422222222222,55.398666666666664,65.89037037,30.22666666666667,39.736555555555555
2023-02-07 18:40:00,42.966875,68.814925,71.64805,30.255,39.872625
2023-02-07 18:41:00,44.397625,69.57695,74.3739916675,30.29,39.865375
2023-02-07 18:42:00,41.78933333333333,66.75433333333334,70.40943703666667,30.29222222222222,40.010999999999996
2023-02-07 18:43:00,49.37575,82.7392,85.6044,30.3175,39.96725
2023-02-07 18:44:00,38.718875,56.6755,64.53145833375,40.43875,39.95125
2023-02-07 18:45:00,36.7055,55.400025,61.1758333325,30.3325,39.724375
2023-02-07 18:46:00,33.608,47.62175555555555,56.013333333333335,30.32222222222222,39.78933333333333
2023-02-07 18:47:00,37.63475,48.228025,62.724583332499996,30.2075,39.936125
2023-02-07 18:48:00,47.492666666666665,58.94482222222223,79.32574073666666,30.226666666666663,39.99055555555556
2023-02-07 18:49:00,36.151555555555554,54.92415555555556,60.25259259333333,30.253333333333337,39.90833333333333
2023-02-07 18:50:00,36.978375,49.124525,61.630625,30.22,39.604375000000005
2023-02-07 18:51:00,42.775125,54.544275,71.291875,30.25875,39.64225
2023-02-07 18:52:00,37.433166666666665,47.73766666666668,62.38861111166667,30.215,39.594
2023-02-07 18:53:00,42.0745,55.6486,70.12416666749999,30.23875,39.7715
2023-02-07 18:54:00,43.62325,56.614375,72.70541666625,30.3,39.639625
2023-02-07 18:55:00,31.979599999999998,44.74064,53.299333334,30.242,39.875
2023-02-07 18:56:00,33.70633333333333,51.776444444444444,56.17722222222223,30.29111111111111,39.99033333333333
2023-02-07 18:57:00,36.358875,48.99005,60.598124998749995,30.26375,39.677375
2023-02-07 18:58:00,32.23625,48.317675,53.72708333375,30.195,39.76525
2023-02-07 18:59:00,29.353444444444442,42.18842222222222,48.922407407777776,30.06666666666667,39.55544444444445
2023-02-07 19:00:00,33.42444444444445,48.175955555555554,55.70740740777777,30.026666666666667,40.07833333333333
2023-02-07 19:01:00,32.32475,48.97375,53.87458333375,29.9625,40.27775
2023-02-07 19:02:00,35.732,54.46685,59.5533333325,29.94875,40.624625
2023-02-07 19:03:00,38.040375,56.288375,63.40062500125,29.9175,40.7125
2023-02-07 19:04:00,36.25644444444444,52.89933333333333,60.42740740777778,29.73,41.02044444444444
2023-02-07 19:05:00,40.311875,62.09525,67.4508916675,29.56375,41.360375
2023-02-07 19:06:00,41.241125,56.92815,68.73520833375,29.5775,41.409375
2023-02-07 19:07:00,48.22688888888889,57.25324444444444,80.37814814666666,29.563333333333333,41.120222222222225
2023-02-07 19:08:00,39.131875,50.6445,65.21979166625,29.365000000000002,41.503750000000004
2023-02-07 19:09:00,41.580375000000004,53.47255,69.30062500125,29.353749999999998,41.568875
2023-02-07 19:10:00,47.31285714285714,57.46954285714286,78.85476190571428,29.344285714285714,41.73571428571428
2023-02-07 19:11:00,35.311625,55.3063,58.8527083325,29.30875,41.891375
2023-02-07 19:12:00,35.075625,47.5149,58.45937499875,29.31,41.9845
2023-02-07 19:13:00,39.7322,51.25412,66.220333332,29.356,41.9716
2023-02-07 19:14:00,37.148,48.0854,61.91333333,29.31,42.157
2023-02-07 19:15:00,35.41733333333334,50.09573333333333,59.028888886666664,29.276666666666667,42.21866666666667
2023-02-07 19:16:00,35.0535,55.078100000000006,58.687516665000004,29.2425,42.30175
2023-02-07 19:17:00,37.325,48.3136,62.208333329999995,29.24333333333333,42.321333333333335
2023-02-07 19:18:00,37.443,49.7806,62.405,29.22,42.394
2023-02-07 19:19:00,38.7115,58.68855,64.5191666675,29.445,42.35825
2023-02-07 19:20:00,34.91442857142857,49.85045714285714,58.19071428571429,29.49285714285714,42.073
2023-02-07 19:21:00,33.276125,43.59475,55.4602083325,29.475,42.175
2023-02-07 19:22:00,37.75111111111111,49.671933333333335,62.91851851888888,29.49888888888889,42.10422222222222
2023-02-07 19:23:00,38.5522,50.84988,64.25366666400001,29.53,42.312200000000004
2023-02-07 19:24:00,38.395428571428575,52.82637142857143,63.99238095285715,29.542857142857144,41.98614285714286
2023-02-07 19:25:00,34.89944444444445,52.873977777777775,58.16574074,29.584444444444443,41.897333333333336
2023-02-07 19:26:00,33.954625,50.599675,56.59104166625,29.59125,41.82275
2023-02-07 19:27:00,38.90488888888889,51.64966666666666,64.84148148222222,29.532222222222224,42.38111111111111
2023-02-07 19:28:00,45.135125,62.3479,75.22520833125,29.55375,42.66975
2023-02-07 19:29:00,43.748625,65.79535,72.91437499874999,29.572499999999998,42.810875
2023-02-08 16:30:00,32.92622222222222,37.01226666666667,54.87703703666667,38.583333333333336,21.64022222222222
2023-02-08 16:31:00,34.470875,37.09105,57.4514583325,39.26,21.066125
2023-02-08 16:32:00,26.36575,34.6542,43.94291666625,38.54125,21.730125
2023-02-08 16:33:00,36.54488888888889,40.74677777777778,60.90814814888889,38.62777777777777,21.805666666666667
2023-02-08 16:34:00,60.46775,61.439175,106.72125000375,38.22125,22.471625
2023-02-08 16:35:00,40.798625,45.946025,67.99770833375,37.69375,22.974
2023-02-08 16:36:00,39.972625,44.796875,66.6210416675,37.17375,23.831
2023-02-08 16:37:00,37.553625000000004,49.605375,62.58937500125,37.525,23.811125
2023-02-08 16:38:00,36.226124999999996,46.7651,60.37687499875,37.41375,23.297
2023-02-08 16:39:00,37.60033333333334,74.86448888888889,74.86448888888889,37.46111111111111,24.049444444444443
2023-02-08 16:40:00,31.52825,48.757774999999995,54.27361666625,37.35625,23.8145
2023-02-08 16:41:00,79.73944444444444,81.29031111111111,171.8913926,37.10888888888889,23.908333333333335
2023-02-08 16:43:00,71.1674,99.99112,143.800853346,36.495999999999995,24.136000000000003
2023-02-08 16:44:00,33.717571428571425,46.53457142857143,56.19595238142857,36.559999999999995,24.219285714285714
2023-02-08 16:45:00,34.2275,43.166875000000005,57.045833335,37.10875,24.17725
2023-02-08 16:46:00,50.356625,50.836025,84.587500005,37.0875,24.378875
2023-02-08 16:47:00,57.37844444444444,51.65328888888889,106.79388889333333,36.99777777777778,24.866555555555557
2023-02-08 16:48:00,45.4965,44.71945,80.125625,37.315,24.496125
2023-02-08 16:49:00,73.12114285714286,58.862028571428574,147.76380950428572,37.075714285714284,24.632857142857144
2023-02-08 16:50:00,29.750875,41.86695,49.5847916675,37.07875,24.319625
2023-02-08 16:51:00,26.48375,36.223075,44.139583332499996,37.5075,23.996
2023-02-08 16:52:00,27.124555555555556,35.46557777777778,45.20759259222222,37.95222222222222,24.059
2023-02-08 16:53:00,28.659374999999997,42.555625,48.32449166625,38.34625,23.721625
2023-02-08 16:54:00,32.015,53.02248888888889,54.690266666666666,38.49111111111111,23.548444444444446
2023-02-08 16:55:00,31.785555555555554,48.2484,53.01176296333333,38.257777777777775,23.915333333333333
2023-02-08 16:56:00,35.650875,42.702325,59.418125,37.54875,24.894375
2023-02-08 16:57:00,35.86475,45.554825,59.77458333125,37.07625,25.620375
2023-02-08 16:58:00,46.80433333333334,60.067711111111116,78.00722222222221,37.00888888888889,25.673111111111112
2023-02-08 16:59:00,38.25425,54.82545,63.75708333375,36.910000000000004,25.872375
2023-02-08 17:00:00,34.493,48.692575,57.48833333375,36.86125,25.953
2023-02-08 17:01:00,67.22488888888888,73.35764444444445,136.12195157777776,36.54555555555555,26.26811111111111
2023-02-08 17:02:00,118.096,92.3888,293.6533333,36.16,26.689
2023-02-08 17:03:00,48.501285714285714,56.4962,80.83547619142857,36.27142857142857,26.765571428571427
2023-02-08 17:04:00,47.01575,50.6445,78.35958333375,36.29625,26.774125
2023-02-08 17:05:00,36.639125,47.559725,61.06520833125,36.573750000000004,26.881
2023-02-08 17:06:00,42.966875,47.37635,72.64000000375,36.7925,26.738
2023-02-08 17:07:00,52.097125,61.162075,88.7833333375,36.49125,27.00525
2023-02-08 17:08:00,39.30477777777778,46.67635555555555,65.50796296222222,36.282222222222224,27.785222222222224
2023-02-08 17:09:00,39.825125,43.1791,66.3752083325,36.47875,27.856375
2023-02-08 17:10:00,48.84311111111111,48.53093333333333,81.40518518555557,36.32222222222222,27.961333333333332
2023-02-08 17:11:00,37.568375,44.18155,62.61395833375,35.769999999999996,28.661125
2023-02-08 17:12:00,36.912,43.517325,61.52,35.52625,29.2685
2023-02-08 17:13:00,37.39875,45.48555,62.33124999875,35.46,29.31075
2023-02-08 17:14:00,37.384,46.382955555555554,62.306666666666665,35.62222222222223,29.116666666666667
2023-02-08 17:15:00,32.53125,40.7667,54.21875000125,35.79,28.710375
2023-02-08 17:16:00,32.218222222222224,41.895022222222224,53.697037038888894,35.76888888888889,27.849
2023-02-08 17:17:00,32.132999999999996,42.058475,53.55499999875,35.525,28.32875
2023-02-08 17:18:00,42.052375,48.448075,70.0872916675,35.5675,28.738125
2023-02-08 17:19:00,50.23288888888889,57.006933333333336,83.85999999444444,35.68666666666667,27.84777777777778
2023-02-08 17:20:00,43.933,75.3227,78.6532833325,35.8775,27.798
2023-02-08 17:21:00,56.709777777777774,60.078577777777774,99.11296295222222,35.91333333333333,28.692444444444448
2023-02-08 17:22:00,43.851875,65.921675,73.0864583325,36.0075,28.856625
2023-02-08 17:23:00,45.10644444444444,56.28611111111111,75.17740740777778,35.99444444444444,27.741333333333333
2023-02-08 17:24:00,64.74525,62.1197,120.02083333,35.9275,28.8115
2023-02-08 17:25:00,49.685500000000005,53.607025,82.80916666625001,35.76375,30.2775
2023-02-08 17:26:00,41.85325,48.806675,69.755416665,35.29625,31.284875
2023-02-08 17:27:00,40.34875,46.36575,67.2479166675,34.87,32.06575
2023-02-08 17:28:00,37.774875,58.62335,63.35470833375,34.88875,31.8755
2023-02-08 17:29:00,37.332375,72.42945,72.42945,34.8275,31.864625
2023-02-08 17:30:00,56.109125,60.8972,94.55208333375,34.86125,32.00225
2023-02-08 17:31:00,64.015125,63.933075,115.0879166575,34.801249999999996,32.109125
2023-02-08 17:32:00,50.954,55.8279,84.9233333325,34.677499999999995,32.409125
2023-02-08 17:33:00,48.394875,57.1319,80.70333333,34.585,33.336125
2023-02-08 17:34:00,45.00975,55.139224999999996,75.0162500025,34.38375,33.647124999999996
2023-02-08 17:35:00,58.417500000000004,65.11075,105.80333333,34.31125,33.97075
2023-02-08 17:36:00,61.3085,58.83525,109.55229167499999,34.26375,33.708625
2023-02-08 17:37:00,52.57322222222222,54.90242222222222,87.62203703777777,34.242222222222225,33.508111111111106
2023-02-08 17:38:00,47.318125,49.124525,78.86354166875,34.2225,33.511875
2023-02-08 17:39:00,50.70325,50.819725,84.5260416675,34.09125,33.843375
2023-02-08 17:40:00,66.95775,58.24845,126.47833332875,34.09125,33.830375
2023-02-08 17:41:00,83.77275,66.36585,179.2425,34.0375,33.906375
2023-02-08 17:42:00,53.911375,54.8499,90.37687499625,33.90875,33.9475
2023-02-08 17:43:00,66.31366666666666,60.96602222222222,126.38796297111111,33.784444444444446,34.23455555555555
2023-02-08 17:44:00,75.36525,69.0146,151.217500025,33.78125,34.228875
2023-02-08 17:45:00,63.56525,61.86705,113.12520834625,33.71625,34.31325
2023-02-08 17:46:00,86.27533333333332,69.31886666666666,187.58444444444444,33.64333333333334,34.37811111111111
2023-02-08 17:47:00,74.18525,68.733425,152.02833334625,33.54,34.553125
2023-02-08 17:48:00,93.50283333333334,74.7196,210.75004273333334,33.47,34.69233333333333
2023-02-08 17:49:00,122.993,88.1834,302.3023077,33.48,34.528
2023-02-08 17:50:00,93.85542857142858,79.7074,212.64117217142856,33.40714285714286,35.31842857142857
2023-02-08 17:51:00,110.426,83.25265,268.08666665,33.465,35.46375
2023-02-08 17:52:00,98.884125,79.149125,229.61375,33.4425,35.076125
2023-02-08 17:53:00,82.54260000000001,65.46772,175.14200002,33.382,35.1708
2023-02-08 17:55:00,58.660875,57.85725,100.2475,32.96375,35.579625
2023-02-08 17:56:00,56.13125,58.016175,99.67375000375,32.9125,35.48675
2023-02-08 17:57:00,64.398625,60.444874999999996,118.979999995,32.88625,35.732375
2023-02-08 17:58:00,60.419285714285714,62.08011428571428,104.41738095285714,32.910000000000004,35.769
2023-02-08 17:59:00,65.8928,62.11644,122.69733333399999,32.886,35.8152
2023-02-08 18:00:00,39.90625,52.8939,66.51041666500001,32.8775,35.95975
2023-02-08 18:01:00,41.536125,49.44645,69.226875,32.82875,35.820375
2023-02-08 18:02:00,44.677875,49.466825,74.463125,32.805,35.929125
2023-02-08 18:03:00,40.03057142857143,48.453314285714285,66.71761904857144,32.81285714285714,36.084714285714284
2023-02-08 18:04:00,35.909,48.281,59.84833333,32.77,36.155
2023-02-08 18:06:00,57.050666666666665,61.2069,104.72166667333333,32.67333333333333,36.53716666666667
2023-02-08 18:07:00,77.681,82.24612499999999,162.767291675,32.5625,36.608625
2023-02-08 18:08:00,68.676125,74.30395,130.403333345,32.5075,36.82925
2023-02-08 18:09:00,43.61833333333333,57.318444444444445,72.69722222333333,32.486666666666665,36.76177777777778
2023-02-08 18:10:00,69.4505,66.6837,135.88541665,32.45625,36.769875
2023-02-08 18:11:00,47.30911111111111,60.39008888888889,78.84851851888888,32.437777777777775,36.77777777777778
2023-02-08 18:12:00,46.669125,58.6804,77.781875,32.39375,37.125375
2023-02-08 18:13:00,53.137,59.017266666666664,88.56166666666667,32.42111111111111,37.135777777777776
2023-02-08 18:14:00,51.760333333333335,57.47963333333333,86.26722222000001,32.40333333333333,37.027166666666666
2023-02-08 18:15:00,69.185,62.335675,133.14437500375,32.415,37.017875000000004
2023-02-08 18:16:00,110.48499999999999,81.05704,266.71820512,32.426,37.1844
2023-02-08 18:17:00,67.304375,58.6315,125.27375001624999,32.4875,37.14675
2023-02-08 18:18:00,46.905125,50.9868,78.17520833374999,32.55,36.861
2023-02-08 18:19:00,56.51475,52.95095,94.37166667125,32.58,36.743875
2023-02-08 18:20:00,57.038375,57.0993,98.5143749925,32.60125,36.656625
2023-02-08 18:21:00,45.769375,51.015325000000004,76.28229166625,32.585,36.654125
2023-02-08 18:22:00,49.75925,50.9379,82.93208333125,32.59875,36.63575
2023-02-08 18:23:00,55.516666666666666,54.51122222222222,94.18888888999999,32.59444444444445,36.61955555555556
2023-02-08 18:24:00,62.304125,57.172650000000004,110.75250000375,32.58375,36.685125
2023-02-08 18:25:00,66.286625,59.279425,124.27375001625,32.5825,36.7775
2023-02-08 18:26:00,45.798875,52.2908,76.33145833375,32.573750000000004,36.699625
2023-02-08 18:27:00,52.067625,55.375575,86.77937499875,32.58875,36.750125
2023-02-08 18:28:00,47.096875,51.838475,78.49479166625,32.54375,36.847875
2023-02-08 18:29:00,54.235875,54.226425,99.18208333,32.53125,37.048875
2023-02-08 18:30:00,78.248875,67.84915,160.8295833375,32.575,37.0885
2023-02-08 18:31:00,66.58244444444443,60.48426666666666,133.14722222555554,32.56444444444444,37.18044444444445
2023-02-08 18:32:00,51.74628571428571,51.4758,95.56238095285714,32.42714285714286,37.035714285714285
2023-02-08 18:33:00,107.72380000000001,87.12716,259.07933334,32.498000000000005,37.1986
2023-02-08 18:34:00,89.1565,78.83535,197.18833335,32.5825,36.9255
2023-02-08 18:35:00,77.75966666666666,74.97677777777777,159.19888890000001,32.59,36.90533333333334
2023-02-08 18:36:00,75.225125,74.43435,150.75041665,32.5525,37.0195
2023-02-08 18:37:00,66.48575,62.115625,128.62500000375002,32.515,36.8995
2023-02-08 18:38:00,52.10028571428571,53.29674285714286,86.83380952428571,32.45285714285715,36.82742857142858
2023-02-08 18:39:00,47.95975,49.695025,84.1287499975,32.3425,36.929375
2023-02-08 18:40:00,85.8584,67.59976,186.19466666,32.263999999999996,37.2394
2023-02-08 18:41:00,60.97557142857143,57.576657142857144,103.94928571857143,32.205714285714286,37.25114285714286
2023-02-08 18:42:00,54.1105,51.9811,90.18416666499999,32.183749999999996,37.375875
2023-02-08 18:43:00,57.765222222222214,58.970177777777785,106.12740740999999,32.105555555555554,37.59888888888889
2023-02-08 18:44:00,40.1865,47.3193,66.97749999999999,31.916249999999998,38.20225
2023-02-08 18:45:00,72.201375,65.025175,144.36666667125,31.89875,38.166375
2023-02-08 18:46:00,43.792875,58.91675,72.98812500125,31.872500000000002,38.135999999999996
2023-02-08 18:47:00,48.980777777777774,65.65317777777778,81.63462963,31.81555555555556,38.54477777777778
2023-02-08 18:48:00,49.324125,60.4897,82.20687499875,31.855,38.045625
2023-02-08 18:49:00,87.86271428571429,76.154,192.8757142857143,31.90142857142857,38.137142857142855
2023-02-08 18:50:00,70.9845,71.71225,139.04833333,32.03875,37.847375
2023-02-08 18:51:00,61.928,61.13626666666667,109.37981481777778,31.976666666666663,37.92777777777778
2023-02-08 18:52:00,59.99575,62.61685,104.04562499625,31.975,38.19325
2023-02-08 18:53:00,49.43475,65.766825,82.39125,31.84625,38.246874999999996
2023-02-08 18:54:00,50.7475,56.3169,91.3316666675,31.7575,38.474
2023-02-08 18:55:00,75.05222222222223,70.09039999999999,152.84703703666665,31.714444444444446,38.55611111111111
2023-02-08 18:56:00,39.735571428571426,47.00028571428572,66.22595238142857,31.62142857142857,38.45157142857143
2023-02-08 18:57:00,42.36622222222222,49.80233333333334,70.61037037,31.53111111111111,38.59733333333333
2023-02-08 18:58:00,41.0715,49.165275,68.4525,31.4025,38.74875
2023-02-08 18:59:00,46.411,54.911025,77.5566666675,31.36375,38.9765
2023-02-08 19:00:00,60.8955,65.5101,104.34895834125,31.4225,38.8645
2023-02-08 19:01:00,61.05985714285714,69.70851428571429,103.77119046714286,31.294285714285714,38.92557142857142
2023-02-08 19:02:00,51.727555555555554,65.7546,86.21259259222222,31.278888888888886,38.87877777777778
2023-02-08 19:03:00,47.214875,67.184925,78.69145833375,31.3025,39.080375
2023-02-08 19:04:00,43.29875,56.826275,72.16458333375,31.27,38.9145
2023-02-08 19:05:00,40.046375,51.341325,66.74395833375,31.1675,39.058375
2023-02-08 19:06:00,42.989,55.0129,71.64833333375,31.06,39.167
2023-02-08 19:07:00,50.526250000000005,66.12950000000001,84.2104166675,30.965,39.033375
2023-02-08 19:08:00,48.96275,77.295,83.4597,30.92,39.028
2023-02-08 19:09:00,53.464777777777776,99.3978,99.1206,30.914444444444445,39.024
2023-02-08 19:10:00,44.2575,68.64785,74.659683335,30.97625,38.967875
2023-02-08 19:11:00,40.70275,55.237025,67.8379166675,30.98125,38.698625
2023-02-08 19:12:00,39.751375,56.08055,66.25229166625,30.9675,38.839999999999996
2023-02-08 19:13:00,41.683625,57.763525,69.47270833249999,31.055,38.720124999999996
2023-02-08 19:14:00,41.713125,58.782275,69.52187500125001,31.08625,38.94225
2023-02-08 19:15:00,39.44057142857143,59.21131428571429,65.73428571714285,31.115714285714287,39.03814285714286
2023-02-08 19:16:00,39.65128571428571,59.672371428571424,66.08547618857143,31.122857142857146,38.98128571428572
2023-02-08 19:17:00,47.288624999999996,68.757875,78.814375,31.205000000000002,38.5925
2023-02-08 19:18:00,39.49325,60.933875,65.82208333375,31.2675,36.091
2023-02-08 19:19:00,41.26114285714285,56.6266,68.76857142857143,31.21857142857143,35.01042857142857
2023-02-08 19:20:00,47.702444444444446,63.7986,79.50407407444445,31.266666666666666,35.20344444444444
2023-02-08 19:21:00,41.904875000000004,63.3911,69.841458335,31.27625,35.475375
2023-02-08 19:22:00,41.13377777777778,68.67048888888888,69.53007407333332,31.245555555555555,34.656222222222226
2023-02-08 19:23:00,40.08325,67.225675,68.59195833375,31.2,34.720625
2023-02-08 19:24:00,40.52575,57.98765,67.54291666625,31.205,35.13975
2023-02-08 19:25:00,38.01988888888889,54.75391111111111,63.36648148,31.13111111111111,35.47811111111111
2023-02-08 19:26:00,40.14716666666667,76.48543333333333,76.94348888833333,31.123333333333335,35.76616666666667
2023-12-21 09:00:20,144.749887688572,280.311274328424,319.038375145056,23.37,33.67969
2023-12-21 09:00:28,156.612703471572,309.384947918424,328.163618055056,23.45,33.54199
2023-12-21 09:00:36,196.242342859634,389.278457458424,358.647956045872,23.36,33.26855
2023-12-21 09:00:44,195.851247984572,386.914744158424,358.347113834286,23.36,33.16113
2023-12-21 09:00:52,205.237212120572,405.588055591291,369.485069489114,23.44,33.39648
2023-12-21 09:01:00,180.729416876572,356.895585248424,346.714936058902,23.5,33.29199
2023-12-21 09:01:25,186.074202009572,366.586786141291,350.826309238133,23.61,33.5293
2023-12-21 09:03:36,79.0481387365724,151.725270808424,163.493795788575,23.21,32.55859
2023-12-21 09:03:45,113.593701181572,220.272956508424,278.645670605241,23.39,32.41406
2023-12-21 09:05:35,161.175324926572,315.530602498424,331.673326866594,23.54,31.53027
2023-12-21 09:05:45,160.653882474572,314.112374518424,331.272217288133,23.51,31.93945
2023-12-21 09:05:55,141.621232976572,291.420726838424,316.631717674286,23.54,31.96582
2023-12-21 09:06:03,139.926545007572,290.947984178424,315.328111544286,23.57,31.90723
2023-12-21 09:06:11,148.008903013572,293.784440138424,321.54531001044,23.56,32.08789
2023-12-21 09:06:19,151.659000177572,297.802752748424,324.353077059671,23.68,32.09668
2023-12-21 09:06:27,174.341746839572,344.604299725557,341.801343722748,23.76,32.39258
2023-12-21 09:06:35,192.983327534634,384.787425825557,356.141021180487,23.84,32.51953
2023-12-21 09:06:43,209.930207224634,434.898124148424,406.12265518553,23.95,32.44238
2023-12-21 09:06:51,230.396810429572,480.754162168424,463.44270271053,24.03,32.23047
2023-12-21 09:06:59,209.278404159634,443.171120698424,416.46390087303,24.1,31.87305
2023-12-21 09:07:07,200.413869439572,435.843609468424,407.30451183553,24.16,31.34375
2023-12-21 09:07:15,207.322994964634,446.007576658424,420.00947082303,24.2,31.31055
2023-12-21 09:07:23,225.834188974572,449.080403948424,423.85050493553,24.22,31.13086
2023-12-21 09:07:31,234.959431884572,463.971821375557,442.464776719447,24.17,31.1875
2023-12-21 09:08:04,82.0464328355724,155.743583418424,173.488109451908,24.08,31.32617
2023-12-21 09:10:15,174.472107452572,347.440732048424,341.901621117363,24.56,31.23926
2023-12-21 09:10:24,156.743064084572,330.422019925557,328.263895449671,24.73,31.48145
2023-12-21 09:10:32,131.713826388572,323.330880025557,309.010635683517,24.77,31.33887
2023-12-21 09:10:40,139.014020716572,337.985878848424,314.626169781979,24.78,31.29004
2023-12-21 09:11:16,150.225033434572,329.240163275557,323.250025718902,24.89,31.33496
2023-12-21 09:11:24,146.053493818572,355.004614608424,320.04114909121,25.1,31.21582
2023-12-21 09:11:32,149.051787917572,404.642593908424,368.30324238553,25.06,30.8252
2023-12-21 09:11:40,155.700179180572,415.752046418424,382.19005802303,25.02,31.0166
2023-12-21 09:11:48,169.909485997572,419.061268675557,386.326585844446,25.0,31.52441
2023-12-21 09:11:56,160.002079409572,388.805714798424,348.50714349803,24.96,31.67969
2023-12-21 09:12:04,176.297156034572,429.934326218424,399.91790777303,24.87,31.81836
2023-12-21 09:12:13,174.211386226572,426.861475291291,396.076844114114,24.8,31.67969
2023-12-21 09:12:21,163.391455347572,416.224765441291,382.780956801614,24.72,31.91699
2023-12-21 09:12:29,167.823716189572,413.151985425557,378.939981781946,24.56,31.92969
2023-12-21 09:12:38,158.828833892572,406.060845525557,370.076056906946,24.7,31.67285
2023-12-21 09:15:21,110.595407082572,308.203091268424,268.651356941908,24.8,30.45605
2023-12-21 09:15:29,106.684588692572,301.348322698424,255.615295641908,24.74,30.52441
2023-12-21 09:15:37,104.207737045572,280.547645658424,247.359123485241,24.71,30.63184
2023-12-21 09:15:45,105.902425014572,286.693300238424,253.008083381908,24.6,31.21777
2023-12-21 09:15:53,129.628056580572,334.913051558424,307.406197369671,24.49,31.61035
2023-12-21 09:16:01,150.876836499572,405.115336568424,368.89417071053,24.41,31.19238
2023-12-21 09:17:25,155.309097341572,398.260567998424,360.32570999803,23.67,32.07129
2023-12-21 09:17:33,115.158028537572,366.823181108424,321.02897638553,23.68,32.08496
2023-12-21 09:17:41,113.724061794572,365.641324458424,319.55165557303,23.8,32.08105
2023-12-21 09:17:49,111.377570760572,346.258875398424,296.258875398424,23.7,32.00098
2023-12-21 09:17:57,111.899013212572,350.986301998424,301.23287749803,23.73,32.07617
2023-12-21 09:18:34,111.768652599572,297.802752748424,272.562175331908,23.66,32.68848
2023-12-21 09:19:04,124.935074512572,368.241432725557,322.801790906946,23.68,33.39063
2023-12-21 09:19:12,135.494284165572,343.186048108424,311.918680127363,23.83,33.25586
2023-12-21 09:19:20,130.801302097572,343.186048108424,308.30869392121,23.94,33.14355
2023-12-21 09:19:29,127.281565546572,348.386217368424,305.601204266594,24.06,32.91016
2023-12-21 09:19:37,121.154616735572,345.077018748424,300.888166719671,24.16,32.84473
2023-12-21 09:19:46,117.634880184572,338.458621508424,292.116267281908,24.18,32.91895
2023-12-21 09:19:54,178.904368294572,414.097447108424,380.12180888553,24.14,33.00098
2023-12-21 09:20:03,213.841025614634,473.663022268424,454.57877783553,24.12,32.92676
2023-12-21 09:20:11,225.834188974572,502.736695858424,490.92086982303,24.02,32.75
2023-12-21 09:20:20,211.233813354634,493.281842658424,479.10230332303,24.05,32.88574
2023-12-21 09:20:28,166.389749446572,440.807407398424,413.50925924803,24.1,32.47754
2023-12-21 09:20:36,155.309097341572,404.406198941291,368.007748676614,24.15,32.27539
2023-12-21 09:20:44,142.012314815572,379.350861598424,336.68857699803,24.18,32.18066
2023-12-21 09:20:52,130.149499032572,348.149869675557,307.807306948133,24.13,31.83887
2023-12-21 09:21:00,121.154616735572,330.185624958424,300.888166719671,24.09,32.32031
2023-12-21 09:22:02,130.801302097572,376.987148298424,333.73393537303,24.42,31.30176
2023-12-21 09:22:10,247.213329506572,522.591863941291,515.739829926614,24.36,31.15234
2023-12-21 09:22:18,169.518404158572,397.315059041291,359.143823801614,24.32,31.24707
2023-12-21 09:22:26,140.187266233572,334.203937568424,315.528666333517,24.3,30.99023
2023-12-21 09:22:34,136.667529682572,330.894738948424,312.821176678902,24.27,30.83105
2023-12-21 09:22:43,131.844187001572,312.694146538424,309.110913078133,24.43,30.45508
2023-12-21 09:22:52,131.844187001572,315.294231168424,309.110913078133,24.65,30.23926
2023-12-21 09:23:00,146.183854431572,328.294654318424,320.141426485825,24.74,30.17285
2023-12-21 09:23:10,153.875130598572,353.586362991291,326.057792768133,24.79,29.84863
2023-12-21 09:23:18,178.643647068572,418.824873708424,386.03109213553,24.74,29.80859
2023-12-21 09:23:26,220.359056264634,559.465815058424,561.83226882303,24.68,30.01172
2023-12-21 09:23:34,238.348794786511,614.540334948424,550.0,24.82,30.02051
2023-12-21 09:23:42,258.554689801511,654.959808741291,541.0,24.95,29.93164
2023-12-21 09:23:50,247.082981929634,618.558647558424,540.0,25.06,29.63672
2023-12-21 09:23:59,210.190915414572,500.372982558424,487.96622819803,25.06,29.47852
2023-12-21 09:24:07,186.074202009572,433.479896168424,404.34987021053,25.0,29.38965
2023-12-21 09:24:16,149.964312208572,367.532295098424,323.049470929671,25.07,29.09082
2023-12-21 09:24:24,121.676059187572,325.930941018424,301.289276298133,25.17,28.80664
2023-12-21 09:24:32,104.598818884572,287.875156888424,248.662729615241,25.13,29.02148
2023-12-21 09:24:40,106.684588692572,288.584270878424,255.615295641908,25.14,29.07129
2023-12-21 09:24:49,110.204325243572,288.820642208424,267.347750811908,25.18,29.0498
2023-12-21 09:24:58,119.590289379572,325.694593325557,298.634297931908,25.12,29.19043
2023-12-21 09:26:01,114.766946698572,330.422019925557,282.556488995241,24.23,31.04688
2023-12-21 09:26:10,136.146087230572,328.294654318424,312.42006710044,24.17,31.0791
2023-12-21 09:26:18,146.966018109572,374.859782691291,331.074728364114,24.22,30.99707
2023-12-21 09:26:26,139.796184394572,385.496492541291,344.370615676614,24.23,31.04688
2023-12-21 09:26:34,137.710414586572,393.060422375557,353.825527969446,24.24,31.07129
2023-12-21 09:26:42,130.670941484572,363.041216191291,316.301520239114,24.2,31.34766
2023-12-21 09:26:50,128.715532289572,350.040793041291,306.704255607363,24.16,31.48926
2023-12-21 09:26:58,124.152910834572,358.077441898424,310.09680237303,24.08,31.36328
2023-12-21 09:27:06,120.893895509572,349.568074018424,300.68761193044,23.98,31.44043
2023-12-21 09:27:14,112.941898116572,330.185624958424,280.185624958424,23.85,31.25
2023-12-21 09:27:23,105.641703788572,344.131509791291,294.131509791291,23.74,31.23047
2023-12-21 09:27:31,102.252327850572,319.076172448424,269.076172448424,23.58,31.41309
2023-12-21 09:29:32,97.8200670085724,336.567650868424,286.567650868424,23.4,32.125
2023-12-21 09:29:40,119.459928766572,279.129417678424,298.199762555241,23.44,32.36914
2023-12-21 09:29:48,114.636586085572,407.951768891291,372.439711114114,23.38,32.41309
2023-12-21 09:31:00,115.027667924572,446.243971625557,420.304964531946,23.7,32.03809
2023-12-21 09:31:08,95.6039365875724,252.655828718424,218.679788625241,23.73,32.04004
2023-12-21 09:31:16,92.4752818755724,240.600890888424,208.250939585241,23.63,31.8877
2023-12-21 09:31:25,94.1699698445724,229.964181038424,213.899899481908,23.69,32.27832
2023-12-21 09:31:33,98.2111488475724,242.255490198424,227.370496158575,23.7,31.91602
2023-12-21 09:31:41,99.3843943645724,245.564688818424,231.281314548575,23.58,32.04102
2023-12-21 09:31:49,100.948721720572,268.019965168424,236.495739068575,23.49,32.38574
2023-12-21 09:31:57,99.3843943645724,266.365365858424,231.281314548575,23.42,32.69434
2023-12-21 09:32:06,97.1682639435724,267.783593838424,223.894213145241,23.33,32.3252
2023-12-21 09:33:36,155.178736728572,425.443270948424,394.30408868553,24.09,31.29102
2023-12-21 09:33:44,149.312509143572,393.296770068424,354.12096258553,24.22,30.86426
2023-12-21 09:33:52,152.571524468572,342.713305448424,325.055018821979,24.26,30.60059
2023-12-21 09:34:22,170.561289062572,380.532718248424,338.893299278902,24.33,30.59375
2023-12-21 09:34:30,216.057142999572,430.170697548424,400.21337193553,24.42,30.85352
2023-12-21 09:34:38,183.336629136572,362.568497168424,348.72048395121,24.54,30.80176
2023-12-21 09:34:46,149.833951595572,302.293808018424,322.949193535056,24.64,30.54102
2023-12-21 09:34:55,151.398278951572,316.712459148424,324.15252227044,24.7,30.30273
2023-12-21 09:35:03,148.399984852572,312.930517868424,321.846142194286,24.7,30.23047
2023-12-21 09:35:11,146.835657496572,320.021657768424,320.642813458902,24.72,30.25684
2023-12-21 09:35:19,123.631468382572,300.639208708424,302.793437217363,24.78,30.38184
2023-12-21 09:35:27,129.106614128572,307.021234618424,307.00508779121,24.77,30.1748
2023-12-21 09:35:35,127.803007998572,300.166466048424,306.002313845056,24.83,30.44629
2023-12-21 09:35:43,124.152910834572,293.548068808424,303.194546795825,24.92,30.4873
2023-12-21 09:35:51,115.809831602572,274.401991078424,286.032772008575,24.99,30.16504
2023-12-21 09:35:59,112.681176890572,282.911358958424,275.603922968575,25.03,29.76758
2023-12-21 09:36:07,111.377570760572,299.220980728424,271.258569201908,25.12,29.60352
2023-12-21 09:36:44,115.809831602572,363.750353818424,317.18794227303,25.47,29.60156
2023-12-21 09:36:53,115.288389150572,466.571882368424,445.71485296053,25.44,29.32129
2023-12-21 09:37:02,105.641703788572,425.679618641291,394.599523301614,25.55,29.37695
2023-12-21 09:37:10,104.338097658572,398.969705625557,361.212132031946,25.68,29.31348
2023-12-21 09:37:18,107.988194822572,411.733733808424,377.16716726053,25.86,29.2627
2023-12-21 09:37:26,115.158028537572,435.607261775557,407.009077219447,25.92,28.8291
2023-12-21 09:37:35,119.199207540572,381.714574898424,339.64321862303,26.04,28.8252
2023-12-21 09:37:44,125.065435125572,384.551030858424,343.18878857303,26.19,28.5791
2023-12-21 09:37:51,127.020844320572,340.349592148424,305.400649477363,26.26,28.51074
2023-12-21 09:38:00,135.885366004572,382.660060218424,340.82507527303,26.23,28.41113
2023-12-21 09:38:08,142.403396654572,437.025466118424,408.78183264803,26.17,28.39551
2023-12-21 09:38:16,145.662411979572,478.154101175557,460.192626469446,26.15,28.3584
2023-12-21 09:38:24,139.144381329572,472.953884641291,453.692355801614,26.15,28.41895
2023-12-21 09:38:32,128.585171676572,441.989264048424,414.98658006053,26.13,28.59961
2023-12-21 09:38:40,124.283271447572,405.351707898424,369.18963487303,26.16,28.62598
2023-12-21 09:38:48,127.672647385572,391.169428098424,351.46178512303,26.11,28.73242
2023-12-21 09:38:56,134.321038648572,395.187740708424,356.48467588553,26.08,28.83984
2023-12-21 09:39:05,143.837363397572,415.279303758424,381.59912969803,26.07,28.69336
2023-12-21 09:39:13,146.966018109572,386.678349191291,345.847936489114,26.0,28.56738
2023-12-21 09:39:21,152.962606307572,393.060422375557,353.825527969446,25.93,28.30762
2023-12-21 09:39:29,148.791066691572,364.459467808424,322.146974378133,25.97,28.60156
2023-12-21 09:39:37,140.578348072572,336.331303175557,315.829498517363,25.97,28.39453
2023-12-21 09:39:45,128.976253515572,301.348322698424,306.904810396594,25.94,28.5752
2023-12-21 09:39:53,133.017432518572,315.294231168424,310.013409629671,25.85,28.58203
2023-12-21 09:40:01,134.972841713572,348.622588698424,311.517570548902,25.9,28.64648
2023-12-21 09:40:09,135.103202326572,343.895162098424,311.617847943517,25.9,28.71875
2023-12-21 09:40:17,135.233562939572,357.368327908424,311.718125338133,25.89,28.82813
2023-12-21 09:40:25,127.542286772572,360.441155198424,313.05144399803,25.82,28.55664
2023-12-21 09:40:34,122.718944091572,344.367904758424,302.091495455056,25.76,28.6123
2023-12-21 09:40:42,122.327862252572,346.731618058424,301.79066327121,25.72,28.53711
2023-12-21 09:40:51,117.504519571572,332.312943291291,291.681731905241,25.62,28.89551
2023-12-21 09:40:59,115.288389150572,320.730771758424,284.294630501908,25.56,28.97754
2023-12-21 09:41:07,115.158028537572,316.003345158424,283.860095125241,25.61,28.97949
2023-12-21 09:41:15,120.372453057572,336.331303175557,300.286502351979,25.68,28.76562
2023-12-21 09:41:25,123.240386543572,354.295500618424,305.36937577303,25.78,28.77246
2023-12-21 09:41:33,133.147793131572,370.132356091291,325.165445114114,26.04,28.61816
2023-12-21 09:41:41,138.101496425572,381.005460908424,338.75682613553,26.14,28.49121
2023-12-21 09:41:50,139.274741942572,369.896008398424,324.87001049803,26.26,28.41406
2023-12-21 09:41:58,179.686531972572,436.079980798424,407.59997599803,26.42,28.375
2023-12-21 09:42:06,210.190915414572,471.062961275557,451.328701594446,26.51,28.46582
2023-12-21 09:42:14,216.317864225572,474.135741291291,455.169676614114,26.53,28.37012
2023-12-21 09:42:22,192.722580236511,466.571882368424,445.71485296053,26.55,27.81055
2023-12-21 09:42:30,177.731122777572,420.715844348424,388.39480543553,26.38,27.60449
2023-12-21 09:42:38,140.969429911572,350.277188008424,316.13033070121,26.24,27.9502
2023-12-21 09:42:46,135.755005391572,335.858513241291,312.119234916594,26.06,28.26758
2023-12-21 09:42:55,135.755005391572,325.458198358424,312.119234916594,26.04,28.64258
2023-12-21 09:43:04,134.581759874572,346.495223091291,311.216738365056,26.06,28.76562
2023-12-21 09:43:12,136.146087230572,377.223495991291,334.029369989114,26.17,28.71191
2023-12-21 09:43:20,135.363923552572,386.205630168424,345.25703771053,26.15,28.46777
2023-12-21 09:43:28,125.847598803572,352.168158648424,304.498152925825,26.21,28.3252
2023-12-21 09:43:36,124.152910834572,376.278034308424,332.84754288553,26.18,28.50586
2023-12-21 09:43:44,127.933368611572,403.224342291291,366.530427864114,26.24,28.5332
2023-12-21 09:43:52,162.609291669572,460.189856458424,437.73732057303,26.35,28.37012
2023-12-21 09:44:01,262.465508191511,631.795465675557,541.0,26.25,28.32813
2023-12-21 09:45:22,119.981371218572,341.767796491291,299.937904061908,25.86,28.95996
2023-12-21 09:45:30,118.677765088572,424.497761991291,393.122202489114,25.84,29.11621
2023-12-21 09:45:38,119.329568153572,456.171543848424,432.71442981053,25.86,29.10547
2023-12-21 09:45:46,118.547404475572,408.188163858424,372.73520482303,25.8,29.23535
2023-12-21 09:45:55,120.893895509572,376.514429275557,333.143036594446,25.76,29.41504
2023-12-21 09:46:03,129.497695967572,426.861475291291,396.076844114114,25.79,29.78223
2023-12-21 09:46:11,136.015726617572,464.444540398424,443.05567549803,25.88,29.30176
2023-12-21 09:46:19,137.319332747572,493.990956648424,479.98869581053,25.88,29.49609
2023-12-21 09:46:28,142.403396654572,521.410007291291,514.262509114114,25.85,29.54297
2023-12-21 09:46:36,150.485754660572,505.336804125557,494.171005156946,25.83,29.6748
2023-12-21 09:47:34,168.084437415572,501.082096548424,488.85262068553,26.41,28.50781
2023-12-21 09:47:42,173.559583161572,417.170274398424,383.96284299803,26.42,28.55762
2023-12-21 09:47:50,168.996961706572,399.206053318424,361.50756664803,26.44,28.49805
2023-12-21 09:47:58,168.475519254572,404.169851248424,367.71231406053,26.4,28.55664
2023-12-21 09:48:06,156.351982245572,368.477780418424,327.963063265825,26.37,28.6875
2023-12-21 09:48:14,159.089555118572,370.841493718424,330.068888552748,26.32,28.41699
2023-12-21 09:48:22,158.828833892572,361.386640518424,329.868333763517,26.34,28.33301
2023-12-21 09:48:32,163.130734121572,363.750353818424,333.177487785825,26.34,28.37012
2023-12-21 09:48:41,191.810068981572,398.260567998424,360.32570999803,26.34,28.43066
2023-12-21 09:48:49,190.506462851572,399.678772341291,362.098465426614,26.29,28.71973
2023-12-21 09:48:57,189.333217334572,397.551454008424,359.43931751053,26.3,28.58691
2023-12-21 09:49:05,164.564700864572,377.696285925557,334.620357406947,26.28,28.35352
2023-12-21 09:49:13,154.266212437572,356.659213918424,326.358624951979,26.21,28.38574
2023-12-21 09:49:21,146.966018109572,322.621742398424,320.743090853517,26.22,28.38672
2023-12-21 09:49:58,122.588583478572,277.238447038424,301.99121806044,26.05,28.15625
2023-12-21 09:50:06,115.549110376572,269.438193148424,285.163701255241,25.92,28.24609
2023-12-21 09:50:14,109.813243404572,265.656251868424,266.044144681908,25.82,28.48242
2023-12-21 09:50:22,100.948721720572,257.383255318424,236.495739068575,25.72,28.63477
2023-12-21 09:51:31,102.382688463572,253.128571378424,241.275628211908,25.99,28.53027
2023-12-21 09:51:39,142.794478493572,303.948407328424,317.534214225825,25.96,28.6377
2023-12-21 09:51:47,146.053493818572,300.639208708424,320.04114909121,25.95,28.75879
2023-12-21 09:51:55,146.835657496572,295.911782108424,320.642813458902,25.96,28.75879
2023-12-21 09:52:03,141.099790524572,283.384101618424,316.230608095825,26.06,28.7041
2023-12-21 09:52:11,149.833951595572,314.821488508424,322.949193535056,26.07,28.77832
2023-12-21 09:52:20,163.000373508572,358.313789591291,333.077210391209,26.03,28.88574
2023-12-21 09:52:28,163.652176573572,414.570189768424,380.71273721053,26.04,28.84961
2023-12-21 09:52:36,177.209680325572,455.462429858424,431.82803732303,26.01,28.78711
2023-12-21 09:52:44,165.346864542572,459.007999808424,436.25999976053,25.98,28.67578
2023-12-21 09:52:52,148.139263626572,443.407468391291,416.759335489114,26.17,28.5293
2023-12-21 09:53:00,139.144381329572,409.842763168424,374.80345396053,26.45,28.25488
2023-12-21 09:54:01,108.509637274572,397.315059041291,359.143823801614,26.46,29.2666
2023-12-21 09:54:09,99.9058368165724,319.312520141291,269.312520141291,26.52,29.71973
2023-12-21 09:54:17,95.8646578135724,249.583001428424,219.548859378575,26.62,28.93555
2023-12-21 09:54:56,95.8646578135724,295.911782108424,245.911782108424,26.24,29.94531
2023-12-21 09:55:05,97.6897063955724,260.219711278424,225.632354651908,26.66,28.9375
2023-12-21 09:55:13,100.427279268572,261.637939258424,234.757597561908,26.77,29.90723
2023-12-21 09:55:21,98.0807882345724,255.965027338424,226.935960781908,26.67,28.88965
2023-12-21 09:55:29,109.031079726572,289.057013538424,263.436932421908,26.6,28.44727
2023-12-21 09:55:37,114.245504246572,306.312120628424,280.818347488575,26.57,28.51758
2023-12-21 09:55:46,119.199207540572,334.203937568424,297.330691801908,26.52,28.50293
2023-12-21 09:55:54,123.892189608572,376.041639341291,332.552049176614,26.49,28.41602
2023-12-21 09:56:02,117.765240797572,361.386640518424,314.23330064803,26.5,28.22168
2023-12-21 09:56:10,110.073964630572,376.987148298424,333.73393537303,26.53,28.23535
2023-12-21 09:56:18,106.163146240572,361.859359541291,314.824199426614,26.65,28.19434
2023-12-21 09:56:26,108.770358500572,473.663022268424,454.57877783553,26.83,28.24121
2023-12-21 09:59:46,93.7788880055724,247.928402118424,212.596293351908,27.49,28.49121
2023-12-21 09:59:55,88.5644634855724,236.818949608424,195.214878285241,27.5,28.41797
2023-12-21 10:00:03,88.4341028725724,233.037008328424,194.780342908575,27.27,28.75781
2023-12-21 10:00:11,93.7788880055724,248.401144778424,212.596293351908,26.8,28.375
2023-12-21 10:00:20,94.3003304575724,253.364942708424,214.334434858575,26.72,28.36914
2023-12-21 10:00:29,93.7788880055724,245.801060148424,212.596293351908,26.65,28.35254
2023-12-21 10:01:31,116.331274054572,270.620049798424,287.770913515241,26.81,28.375
2023-12-21 10:01:39,116.461634667572,296.857267428424,288.205448891908,26.9,28.63672
2023-12-21 10:01:47,122.849304704572,285.511443588424,302.191772849671,27.0,28.10645
2023-12-21 10:01:56,126.108320029572,287.166042898424,304.698707715056,26.86,28.26855
2023-12-21 10:02:04,115.027667924572,294.729925458424,283.425559748575,27.04,27.91406
2023-12-21 10:02:12,125.847598803572,319.312520141291,304.498152925825,27.05,28.42676
2023-12-21 10:02:20,125.717238190572,342.240586425557,304.39787553121,26.89,29.36719
2023-12-21 10:02:28,129.888777806572,357.131932941291,308.914916176614,26.82,28.74121
2023-12-21 10:02:36,129.497695967572,394.951345741291,356.189182176614,27.04,28.35352
2023-12-21 10:02:44,114.766946698572,378.405352641291,335.506690801614,26.9,28.03906
2023-12-21 10:02:52,109.552522178572,372.496069391291,328.120086739114,26.68,28.24512
2023-12-21 10:03:00,109.813243404572,353.586362991291,304.482953739114,27.13,27.73633
2023-12-21 10:03:08,110.334685856572,323.330880025557,273.330880025557,27.54,27.38281
2023-12-21 10:03:16,112.029373825572,286.929671568424,273.431246085241,27.9,27.06348
2023-12-21 10:03:24,121.024256122572,303.002922008424,300.787889325056,28.08,26.6709
2023-12-21 10:03:33,133.669235583572,382.423712525557,340.529640656946,28.14,26.83301
2023-12-21 10:03:41,164.955782703572,495.881950925557,482.352438656947,28.42,26.53125
2023-12-21 10:03:49,227.007434491572,626.831644108424,553.0,28.72,26.05957
2023-12-21 10:04:08,234.307628819572,571.993495548424,577.49186943553,28.82,25.5752
2023-12-21 10:04:16,199.762066374572,467.280996358424,446.60124544803,28.8,25.41406
2023-12-21 10:04:25,138.231857038572,343.895162098424,314.024505414286,28.9,25.28516
2023-12-21 10:04:33,129.497695967572,348.386217368424,307.305919975056,29.08,25.18457
2023-12-21 10:04:42,159.350276344572,451.207745918424,426.50968239803,29.3,25.39355
2023-12-21 10:04:50,188.290332430572,500.136587591291,487.670734489114,29.58,24.80762
2023-12-21 10:04:58,189.985020399572,506.991379798424,496.23922474803,29.79,24.37695
2023-12-21 10:05:06,186.856352651511,492.572728668424,478.21591083553,29.9,24.19824
2023-12-21 10:05:14,125.065435125572,328.294654318424,303.896488558133,29.92,24.10156
2023-12-21 10:05:22,108.639997887572,289.529756198424,262.133326291908,30.03,24.0459
2023-12-21 10:05:30,103.164852141572,267.074479848424,243.882840471908,29.8,24.08301
2023-12-21 10:05:38,115.549110376572,291.657098168424,285.163701255241,29.85,23.93848
2023-12-21 10:05:47,120.372453057572,298.039124078424,300.286502351979,29.85,24.17188
2023-12-21 10:05:55,126.629762481572,316.712459148424,305.099817293517,29.85,23.88965
2023-12-21 10:06:03,120.633174283572,288.820642208424,300.48705714121,29.59,23.99805
2023-12-21 10:06:11,110.725767695572,274.638362408424,269.085892318575,29.54,23.9707
2023-12-21 10:06:19,115.679470989572,295.439039448424,285.598236631908,29.27,24.27539
2023-12-21 10:06:28,143.707002784572,334.913051558424,318.236155988133,29.16,24.51465
2023-12-21 10:06:36,153.744769985572,349.568074018424,325.957515373517,28.94,24.78516
2023-12-21 10:06:44,159.610997570572,363.277611158424,330.46999813121,28.45,25.07617
2023-12-21 10:06:53,152.571524468572,337.276764858424,325.055018821979,28.33,25.11914
2023-12-21 10:07:01,139.274741942572,300.639208708424,314.82672457121,28.69,24.74707
2023-12-21 10:07:09,130.410220258572,279.602160338424,308.007861737363,29.15,24.34277
2023-12-21 10:07:17,109.813243404572,240.837262218424,266.044144681908,29.6,23.99902
2023-12-21 10:07:25,99.9058368165724,227.127725078424,233.019456055241,29.48,24.47168
2023-12-21 10:07:33,104.989900723572,231.855151678424,249.966335745241,29.43,24.43164
2023-12-21 10:07:41,106.423867466572,240.128148228424,254.746224888575,29.54,24.06934
2023-12-21 10:07:49,108.900719113572,243.673718178424,263.002397045241,29.57,23.84961
2023-12-21 10:07:57,105.120261336572,241.310004878424,250.400871121908,29.61,23.68066
2023-12-21 10:08:05,103.816655206572,230.673295028424,246.055517355241,29.8,23.71484
2023-12-21 10:08:13,112.811537503572,233.982493648424,276.038458345241,29.74,23.625
2023-12-21 10:08:21,110.595407082572,233.509750988424,268.651356941908,29.77,23.47949
2023-12-21 10:08:29,118.938486314572,257.383255318424,296.461621048575,29.7,23.79492
2023-12-21 10:08:37,120.763534896572,269.674564478424,300.587334535825,29.86,23.50977
2023-12-21 10:08:45,120.502813670572,274.874733738424,300.386779746594,29.74,23.9082
2023-12-21 10:08:53,128.063729224572,285.038700928424,306.202868634286,29.7,24.07812
2023-12-21 10:09:02,124.674353286572,279.365789008424,303.595656374286,29.89,24.125
2023-12-21 10:09:10,123.892189608572,288.584270878424,302.993992006594,29.58,24.36621
2023-12-21 10:09:18,130.410220258572,297.566381418424,308.007861737363,29.76,24.53516
2023-12-21 10:09:26,122.588583478572,287.875156888424,301.99121806044,29.86,24.09863
2023-12-21 10:09:34,123.501107769572,302.530179348424,302.693159822748,30.2,23.83398
2023-12-21 10:09:43,125.326156351572,295.911782108424,304.097043347363,30.17,23.40234
2023-12-21 10:09:51,112.550816277572,254.074056698424,275.169387591908,30.22,23.29395
2023-12-21 10:09:59,115.679470989572,263.056167238424,285.598236631908,30.14,23.31445
2023-12-21 10:10:08,106.945309918572,235.164350298424,256.484366395241,30.21,23.1084
2023-12-21 10:10:16,95.9950184265724,221.927555818424,219.983394755241,30.25,23.38184
2023-12-21 10:10:25,99.7754762035724,237.528063598424,232.584920678575,30.28,23.49316
2023-12-21 10:10:33,99.7754762035724,238.473548918424,232.584920678575,30.36,23.47363
2023-12-21 10:10:42,107.075670531572,260.219711278424,256.918901771908,30.55,23.28613
2023-12-21 10:10:51,110.725767695572,263.528909898424,269.085892318575,30.29,23.33496
2023-12-21 10:10:59,106.163146240572,250.292115418424,253.877154135241,30.04,23.8125
2023-12-21 10:11:08,109.291800952572,258.092369308424,264.306003175241,30.04,23.88672
2023-12-21 10:11:16,111.247210147572,251.237600738424,270.824033825241,29.95,23.75977
2023-12-21 10:11:24,113.854422407572,256.201398668424,279.514741358575,29.99,23.78613
2023-12-21 10:11:32,116.461634667572,260.928825268424,288.205448891908,30.08,23.87695
2023-12-21 10:11:40,113.854422407572,252.655828718424,279.514741358575,30.33,23.52148
2023-12-21 10:11:48,106.032785627572,249.583001428424,253.442618758575,30.61,23.16602
2023-12-21 10:11:56,106.684588692572,246.273802808424,255.615295641908,31.04,22.83105
2023-12-21 10:12:04,103.816655206572,242.964604188424,246.055517355241,31.36,22.48926
2023-12-21 10:12:12,108.118555435572,251.946714728424,260.395184785241,31.64,22.19531
2023-12-21 10:12:20,109.682882791572,262.347053248424,265.609609305241,31.98,21.82813
2023-12-21 10:12:28,107.336391757572,264.001652558424,257.787972525241,32.12,21.71191
2023-12-21 10:12:36,101.339803559572,263.765281228424,237.799345198575,32.21,21.46875
2023-12-21 10:12:44,101.339803559572,253.837685368424,237.799345198575,31.84,21.69824
2023-12-21 10:12:52,104.989900723572,248.401144778424,249.966335745241,31.22,22.45801
2023-12-21 10:13:00,103.295212754572,236.582578278424,244.317375848575,31.04,22.55957
2023-12-21 10:13:08,100.166558042572,220.272956508424,233.888526808575,30.93,22.67773
2023-12-21 10:14:03,112.811537503572,240.364519558424,276.038458345241,31.7,22.48145
2023-12-21 10:14:11,123.370747156572,299.220980728424,302.592882428133,31.83,21.93164
2023-12-21 10:14:19,112.941898116572,267.310851178424,276.472993721908,31.71,21.81543
2023-12-21 10:14:28,117.374158958572,273.692877088424,291.247196528575,31.57,22.09277
2023-12-21 10:14:36,118.677765088572,287.166042898424,295.592550295241,31.57,22.46289
2023-12-21 10:14:45,115.027667924572,276.765704378424,283.425559748575,31.32,22.56152
2023-12-21 10:14:53,109.291800952572,281.493130978424,264.306003175241,31.03,22.85547
2023-12-21 10:15:01,105.120261336572,271.092792458424,250.400871121908,30.9,22.88574
2023-12-21 10:15:09,126.238680642572,297.802752748424,304.798985109671,30.9,22.73828
2023-12-21 10:15:17,135.755005391572,309.857690578424,312.119234916594,30.84,22.90723
2023-12-21 10:17:49,141.099790524572,315.294231168424,316.230608095825,31.96,21.32129
2023-12-21 10:17:57,115.158028537572,255.728656008424,283.860095125241,32.29,21.10156
2023-12-21 10:18:05,116.591995280572,301.821065358424,288.639984268575,31.9,21.44141
2023-12-21 10:18:14,128.063729224572,320.258029098424,306.202868634286,31.72,21.59375
2023-12-21 10:18:22,147.748181787572,342.240586425557,321.34475522121,31.77,21.71973
2023-12-21 10:18:31,149.703590982572,350.277188008424,322.84891614044,31.55,21.93164
2023-12-21 10:18:39,146.183854431572,329.712882298424,320.141426485825,31.35,21.94629
2023-12-21 10:18:47,143.967724010572,318.603453425557,318.436710777363,30.71,22.18652
2023-12-21 10:18:56,142.403396654572,304.421149988424,317.233382041979,30.45,22.82617
2023-12-21 10:19:04,151.137557725572,308.203091268424,323.95196748121,30.76,22.79199
2023-12-21 10:19:12,138.362217651572,309.857690578424,314.124782808902,30.81,22.56055
2023-12-21 10:19:21,128.976253515572,320.494376791291,306.904810396594,31.01,22.17676
2023-12-21 10:19:30,113.854422407572,308.203091268424,279.514741358575,31.34,21.69922
2023-12-21 10:19:38,105.250621949572,277.947561028424,250.835406498575,31.26,21.68262
2023-12-21 10:19:46,99.9058368165724,235.873464288424,233.019456055241,30.99,21.87988
2023-12-21 10:19:54,95.6039365875724,228.782324388424,218.679788625241,31.2,21.85254
2023-12-21 10:20:02,101.991606624572,238.237177588424,239.972022081908,31.44,21.7041
2023-12-21 10:20:10,109.422161565572,267.547222508424,264.740538551908,31.65,21.47949
2023-12-21 10:20:56,116.070552828572,287.875156888424,286.901842761908,33.3,20.23242
2023-12-21 10:21:41,93.1270849405724,238.000806258424,210.423616468575,33.83,19.05176
2023-12-21 10:21:49,89.4769877765724,236.109835618424,198.256625921908,34.41,18.5918
2023-12-21 10:21:57,87.9126604205724,223.582155128424,193.042201401908,34.43,18.38086
2023-12-21 10:22:05,89.0859059375724,227.127725078424,196.953019791908,34.47,18.35742
2023-12-21 10:22:13,87.6519391945724,224.054897788424,192.173130648575,34.46,18.43164
2023-12-21 10:22:21,87.7822998075724,219.327471188424,192.607666025241,34.27,18.62305
2023-12-21 10:22:29,84.5232844825724,214.363673258424,181.744281608575,33.99,18.74805
2023-12-21 10:22:37,88.4341028725724,223.582155128424,194.780342908575,33.99,18.90918
2023-12-21 10:22:45,93.1270849405724,241.782747538424,210.423616468575,33.36,19.24316
2023-12-21 10:22:53,106.293506853572,278.656675018424,254.311689511908,33.03,19.74902
2023-12-21 10:23:01,130.019138419572,352.640901308424,307.707029553517,33.02,19.97168
2023-12-21 10:24:12,115.027667924572,289.057013538424,283.425559748575,31.91,21.08398
2023-12-21 10:24:20,120.502813670572,279.838531668424,300.386779746594,31.09,21.9707
2023-12-21 10:29:41,126.108320029572,328.531025648424,304.698707715056,31.04,22.18945
2023-12-21 10:31:11,201.978196795572,489.972667675557,474.965834594446,29.0,25.27832
2023-12-21 10:31:20,283.453579920572,635.341035625557,558.0,28.76,25.46094
2023-12-21 10:31:28,285.017907276572,607.449195048424,559.0,28.57,25.91602
2023-12-21 10:32:12,272.372927815572,556.392987768424,557.99123471053,27.87,26.20605
2023-12-21 10:32:20,195.851247984572,422.843186318424,391.05398289803,27.75,26.26074
2023-12-21 10:32:28,195.590539794634,398.969705625557,361.212132031946,27.81,26.49609
2023-12-21 10:32:36,223.618071589634,451.207745918424,426.50968239803,27.92,26.58789
2023-12-21 10:32:44,217.100040939634,438.207322768424,410.25915346053,28.01,26.53223
2023-12-21 10:32:52,246.561526441572,498.954730941291,486.193413676614,28.02,26.64258
2023-12-21 10:33:00,242.520360474634,493.518237625557,479.397797031947,27.89,26.57324
2023-12-21 10:33:09,274.197963361511,548.592710241291,548.240887801614,28.03,26.52051
2023-12-21 10:33:18,298.314676766511,611.940250318424,556.0,28.1,26.31738
2023-12-21 10:33:26,230.527158006511,503.918552508424,492.39819063553,28.24,26.05664
2023-12-21 10:33:34,191.027918339634,429.225188591291,399.031485739114,28.48,25.95898
2023-12-21 10:33:43,141.230151137572,331.131086641291,316.33088549044,28.56,25.92773
2023-12-21 10:33:51,145.010608914572,346.022504068424,319.238929934286,29.05,25.4043
2023-12-21 10:34:00,163.130734121572,384.078288198424,342.59786024803,29.05,25.1709
2023-12-21 10:34:08,155.700179180572,370.841493718424,327.461676292748,29.41,24.83594
2023-12-21 10:34:16,149.573230369572,351.695439625557,322.748638745825,29.81,24.43945
2023-12-21 10:34:24,135.233562939572,318.839801118424,311.718125338133,29.78,24.04492
2023-12-21 10:35:35,186.204549586511,367.059576075557,350.926576605009,28.84,26.69043
2023-12-21 10:37:55,149.442869756572,372.023350368424,327.52918796053,29.93,24.56934
2023-12-21 10:38:03,148.791066691572,377.459890958424,334.32486369803,30.23,24.26563
2023-12-21 10:38:11,196.372690436572,445.771181691291,419.713977114114,30.46,23.99512
2023-12-21 10:38:19,194.286933664634,445.298462668424,419.12307833553,30.31,24.08594
2023-12-21 10:38:27,188.029611204572,430.170697548424,400.21337193553,29.91,24.34668
2023-12-21 10:38:35,151.007197112572,357.368327908424,323.851690086594,29.57,24.68457
2023-12-21 10:38:43,162.087849217572,357.368327908424,332.375268628902,29.52,24.6582
2023-12-21 10:38:52,197.154854114572,410.551877158424,375.68984644803,29.85,24.31934
2023-12-21 10:39:00,201.847823146511,400.624281298424,363.28035162303,29.84,23.92578
2023-12-21 10:39:08,199.370984535572,398.260567998424,361.054603488902,29.93,23.97949
2023-12-21 10:39:16,162.218209830572,343.422443075557,332.475546023517,29.92,23.86816
2023-12-21 10:39:25,136.146087230572,294.966296788424,312.42006710044,30.03,23.77637
2023-12-21 10:39:34,111.116849534572,248.873887438424,270.389498448575,30.22,23.50293
2023-12-21 10:39:42,105.250621949572,247.455659458424,250.835406498575,30.43,23.42773
2023-12-21 10:39:50,107.336391757572,265.656251868424,257.787972525241,30.65,23.0332
2023-12-21 10:39:59,119.068846927572,307.730348608424,296.896156425241,30.91,22.8125
2023-12-21 10:40:07,126.369041255572,324.512736675557,304.899262504286,31.26,22.41016
2023-12-21 10:40:15,130.540580871572,349.804445348424,308.108139131979,31.59,22.06934
2023-12-21 10:40:23,135.494284165572,365.404929491291,319.256161864114,31.96,21.60547
2023-12-21 10:40:32,142.794478493572,380.059999225557,337.574999031946,32.42,21.24414
2023-12-21 10:40:41,139.405102555572,365.641324458424,319.55165557303,32.84,20.85547
2023-12-21 10:40:49,125.977959416572,307.493977278424,304.59843032044,33.14,20.6084
2023-12-21 10:40:58,111.116849534572,261.401567928424,270.389498448575,33.6,20.29395
2023-12-21 10:41:06,110.856128308572,255.965027338424,269.520427695241,34.0,19.94043
2023-12-21 10:41:14,152.180442629572,326.876449975557,324.754186638133,34.33,19.33398
2023-12-21 10:41:22,177.470401551572,371.314212741291,344.208001193517,34.66,19.06152
2023-12-21 10:41:31,200.935311891572,418.588478741291,385.735598426614,34.95,18.88672
2023-12-21 10:41:40,215.926782386572,447.898547298424,422.37318412303,35.21,18.4873
2023-12-21 10:41:48,227.919945746511,484.063384425557,467.579230531947,35.44,17.94824
2023-12-21 10:41:56,220.228682615572,481.936018818424,464.92002352303,35.68,17.7959
2023-12-21 10:42:04,208.365853796511,451.207745918424,426.50968239803,35.95,17.54395
2023-12-21 10:42:12,155.439457954572,347.677079741291,327.261121503517,36.17,17.39063
2023-12-21 10:42:21,132.887071905572,297.330010088424,309.913132235056,36.44,17.21289
2023-12-21 10:42:30,137.449693360572,313.639631858424,313.422841046594,36.58,17.00586
2023-12-21 10:42:39,158.828833892572,359.495646241291,329.868333763517,36.89,16.96777
2023-12-21 10:42:48,174.341746839572,403.933479918424,367.41684989803,37.22,16.8418
2023-12-21 10:42:56,185.292038331572,424.261414298424,392.82676787303,37.08,16.63672
2023-12-21 10:43:05,189.202856721572,426.861475291291,396.076844114114,35.8,17.10156
2023-12-21 10:43:13,171.473813353572,405.824450558424,369.78056319803,35.44,17.53711
2023-12-21 10:43:21,167.302273737572,371.787002675557,336.386364413517,35.41,17.93457
2023-12-21 10:43:29,134.321038648572,295.675410778424,311.016183575825,35.47,17.96191
2023-12-21 10:43:37,123.240386543572,264.947137878424,302.492605033517,35.55,17.81543
2023-12-21 10:43:45,125.586877577572,276.056590388424,304.297598136594,35.17,18.02441
2023-12-21 10:43:53,110.725767695572,250.528486748424,269.085892318575,34.93,18.40039
2023-12-21 10:44:01,116.461634667572,255.728656008424,288.205448891908,34.58,18.52344
2023-12-21 10:44:09,117.243798345572,265.892623198424,290.812661151908,34.37,18.9248
2023-12-21 10:44:17,125.065435125572,281.729502308424,303.896488558133,34.14,19.27539
2023-12-21 10:44:26,123.110025930572,290.711612848424,302.392327638902,33.95,19.52832
2023-12-21 10:44:34,118.156322636572,269.201821818424,293.854408788575,33.78,19.71973
2023-12-21 10:44:43,120.111731831572,254.546799358424,300.085947562748,32.59,20.64551
2023-12-21 10:44:51,112.681176890572,229.727809708424,275.603922968575,32.2,21.17188
2023-12-21 10:45:00,115.158028537572,228.545953058424,283.860095125241,31.98,21.4209
2023-12-21 10:45:08,112.290095051572,228.309581728424,274.300316838575,32.13,21.42773
2023-12-21 10:45:16,114.506225472572,234.927978968424,281.687418241908,32.11,21.50098
2023-12-21 10:45:24,113.593701181572,243.437346848424,278.645670605241,31.68,21.86426
2023-12-21 10:45:32,119.068846927572,257.855997978424,296.896156425241,31.4,22.05957
2023-12-21 10:45:41,128.585171676572,279.838531668424,306.603978212748,31.14,22.36719
2023-12-21 10:45:49,133.538874970572,288.111528218424,310.414519208133,30.94,22.875
2023-12-21 10:45:57,143.055199719572,304.657521318424,317.734769015056,30.93,22.92383
2023-12-21 10:46:05,137.319332747572,309.621319248424,313.322563651979,30.89,23.02051
2023-12-21 10:46:13,136.406808456572,321.203514418424,312.620621889671,31.53,22.18945
2023-12-21 10:46:21,128.715532289572,310.330433238424,306.704255607363,31.63,22.07129
2023-12-21 10:46:29,131.453105162572,321.676233441291,308.810080894286,30.95,22.65332
2023-12-21 10:46:37,130.670941484572,325.930941018424,308.208416526594,30.51,23.16113
2023-12-21 10:46:45,142.924839106572,364.223072841291,317.778841051614,30.28,23.69043
2023-12-21 10:46:53,162.218209830572,409.842763168424,374.80345396053,30.08,24.09863
2023-12-21 10:47:03,168.866601093572,435.843609468424,407.30451183553,29.89,24.3584
2023-12-21 10:47:11,175.775713582572,449.553146608424,424.44143326053,29.7,24.13867
2023-12-21 10:47:19,164.173619025572,412.442847798424,378.05355974803,29.5,24.22656
2023-12-21 10:47:27,152.310803242572,402.515275575557,365.644094469446,29.29,24.32617
2023-12-21 10:47:35,140.056905620572,367.532295098424,321.91536887303,29.06,24.81641
2023-12-21 10:48:17,139.926545007572,355.241009575557,315.328111544286,28.21,26.32324
2023-12-21 10:48:25,155.960900406572,403.224342291291,366.530427864114,28.02,27.09473
2023-12-21 10:48:33,152.832245694572,391.642170758424,352.05271344803,27.94,27.30957
2023-12-21 10:48:41,154.918015502572,375.096177658424,331.37022207303,28.32,26.1582
2023-12-21 10:48:49,144.358805849572,337.513159825557,318.737542961209,28.5,25.76465
2023-12-21 10:48:57,133.538874970572,303.712035998424,310.414519208133,28.84,25.46582
2023-12-21 10:49:05,125.195795738572,285.511443588424,303.996765952748,29.28,24.97559
2023-12-21 10:49:14,114.766946698572,277.947561028424,282.556488995241,29.62,24.51563
2023-12-21 10:49:22,114.897307311572,274.874733738424,282.991024371908,29.9,24.64063
2023-12-21 10:49:30,115.027667924572,266.838108518424,283.425559748575,30.31,24.38086
2023-12-21 10:49:39,127.411926159572,279.365789008424,305.70148166121,30.61,23.55957
2023-12-21 10:49:47,135.885366004572,288.111528218424,312.21951231121,31.02,23.11328
2023-12-21 10:49:56,138.362217651572,288.347899548424,314.124782808902,31.06,22.93066
2023-12-21 10:50:05,127.933368611572,289.057013538424,306.102591239671,30.52,23.21094
2023-12-21 10:50:13,111.377570760572,269.910935808424,271.258569201908,30.04,23.71484
2023-12-21 10:50:22,113.593701181572,270.620049798424,278.645670605241,29.96,24.26367
2023-12-21 10:50:30,132.626350679572,294.020811468424,309.712577445825,29.82,24.53906
2023-12-21 10:50:38,147.748181787572,310.094061908424,321.34475522121,29.45,24.78809
2023-12-21 10:50:46,156.612703471572,315.530602498424,328.163618055056,29.4,24.57715
2023-12-21 10:50:54,140.969429911572,287.638785558424,316.13033070121,29.82,24.29297
2023-12-21 10:51:03,134.321038648572,271.092792458424,311.016183575825,29.92,23.99121
2023-12-21 10:51:11,128.845892902572,265.656251868424,306.804533001979,30.3,23.66699
2023-12-21 10:51:19,136.406808456572,291.893469498424,312.620621889671,30.85,23.25293
2023-12-21 10:51:27,152.701885081572,329.712882298424,325.155296216594,31.14,22.83594
2023-12-21 10:51:35,238.348794786511,473.663022268424,454.57877783553,31.36,22.78516
2023-12-21 10:51:43,270.417518620572,537.483281368424,534.35410171053,31.08,22.64844
2023-12-21 10:51:51,263.638766744572,523.064653875557,516.330817344447,30.9,22.93457
2023-12-21 10:51:59,257.381457320572,510.300578418424,500.37572302303,30.59,23.10352
2023-12-21 10:52:07,178.513286455572,361.859359541291,345.01022035044,30.42,23.36621
2023-12-21 11:00:12,135.624644778572,306.784863288424,312.018957521979,29.87,24.60254
2023-12-21 11:00:20,114.245504246572,300.875580038424,280.818347488575,29.65,24.94727
2023-12-21 11:00:28,118.417043862572,324.749084368424,294.723479541908,29.61,24.77246
2023-12-21 11:01:09,153.614409372572,368.950499441291,325.857237978902,29.66,24.65234
2023-12-21 11:01:20,120.111731831572,281.729502308424,300.085947562748,29.7,24.93652
2023-12-21 11:01:28,137.840775199572,331.131086641291,313.72367323044,29.83,24.8584
2023-12-21 11:01:36,154.005491211572,366.114067118424,326.158070162748,29.88,24.68945
2023-12-21 11:01:44,154.526933663572,376.278034308424,332.84754288553,30.04,24.5752
2023-12-21 11:01:52,146.574936270572,354.531871948424,320.442258669671,30.08,24.42969
2023-12-21 11:02:01,140.708708685572,337.985878848424,315.929775911979,30.1,24.55371
2023-12-21 11:02:10,137.580053973572,335.858513241291,313.52311844121,29.94,24.50781
2023-12-21 11:02:18,137.710414586572,329.003768308424,313.623395835825,29.96,24.57129
2023-12-21 11:02:26,127.542286772572,303.948407328424,305.801759055825,30.31,24.2207
2023-12-21 11:02:34,121.806419800572,285.511443588424,301.389553692748,30.47,23.94629
2023-12-21 11:02:42,121.284977348572,285.275072258424,300.988444114286,30.4,23.81934
2023-12-21 11:02:50,119.851010605572,289.529756198424,299.503368685241,30.45,23.68652
2023-12-21 11:03:02,123.110025930572,292.129840828424,302.392327638902,30.78,23.32324
2023-12-21 11:03:10,121.024256122572,287.166042898424,300.787889325056,31.33,22.69727
2023-12-21 11:03:18,112.811537503572,279.602160338424,276.038458345241,31.63,22.55176
2023-12-21 11:03:26,106.163146240572,264.001652558424,253.877154135241,31.89,22.3916
2023-12-21 11:03:34,104.729179497572,263.292538568424,249.097264991908,32.0,22.16309
2023-12-21 11:03:43,106.032785627572,246.982916798424,253.442618758575,31.79,22.04199
2023-12-21 11:03:51,106.423867466572,238.237177588424,254.746224888575,31.53,22.46094
2023-12-21 11:03:59,106.814949305572,242.728232858424,256.049831018575,31.47,23.00098
2023-12-21 11:04:08,108.639997887572,238.473548918424,262.133326291908,31.73,22.74219
2023-12-21 11:04:15,108.509637274572,247.455659458424,261.698790915241,31.86,22.52637
2023-12-21 11:04:24,105.250621949572,242.019118868424,250.835406498575,32.01,22.43555
2023-12-21 11:04:33,109.943604017572,252.655828718424,266.478680058575,32.02,22.22559
2023-12-21 11:04:41,109.552522178572,248.637516108424,265.175073928575,31.92,22.25781
2023-12-21 11:04:49,108.379276661572,250.764858078424,261.264255538575,31.83,22.09277
2023-12-21 11:04:57,109.422161565572,244.382832168424,264.740538551908,31.68,22.19629
2023-12-21 11:05:05,106.423867466572,233.037008328424,254.746224888575,31.57,22.05566
2023-12-21 11:05:13,109.422161565572,236.582578278424,264.740538551908,31.69,22.04883
2023-12-21 11:05:22,110.725767695572,236.346206948424,269.085892318575,31.91,21.8623
2023-12-21 11:05:30,118.156322636572,255.965027338424,293.854408788575,32.22,21.7041
2023-12-21 11:05:38,130.670941484572,278.420303688424,308.208416526594,32.51,21.4707
2023-12-21 11:05:46,132.104908227572,290.238870188424,309.311467867363,32.76,21.27246
2023-12-21 11:05:54,135.103202326572,300.875580038424,311.617847943517,33.04,20.91406
2023-12-21 11:06:02,116.331274054572,272.983763098424,287.770913515241,33.25,20.65137
2023-12-21 11:06:10,110.073964630572,258.092369308424,266.913215435241,33.34,20.66699
2023-12-21 11:06:19,110.334685856572,259.746968618424,267.782286188575,33.51,20.53809
2023-12-21 11:06:28,106.684588692572,254.546799358424,255.615295641908,33.71,20.37402
2023-12-21 11:06:36,106.293506853572,253.128571378424,254.311689511908,33.73,20.04004
2023-12-21 11:06:44,102.252327850572,244.619203498424,240.841092835241,33.7,19.98926
2023-12-21 11:06:52,122.849304704572,263.528909898424,302.191772849671,33.65,19.76367
2023-12-21 11:07:00,134.842481100572,280.547645658424,311.417293154286,33.75,19.49512
2023-12-21 11:07:08,166.780831285572,329.003768308424,335.985254835056,33.69,19.47949
2023-12-21 11:07:16,185.813493819634,366.350438448424,350.625764476641,33.53,19.56055
2023-12-21 11:07:25,194.808363080572,383.132779241291,357.544894677363,33.3,19.83594
2023-12-21 11:07:34,199.110263309572,390.933056768424,360.854048699671,33.31,19.81055
2023-12-21 11:07:42,186.595644461572,367.532295098424,351.227418816594,33.18,19.97852
2023-12-21 11:07:51,178.513286455572,352.877296275557,345.01022035044,32.97,20.15527
2023-12-21 11:07:59,164.825422090572,347.440732048424,334.481093915825,33.01,20.10742
2023-12-21 11:08:11,164.434340251572,352.404506341291,334.180261731979,33.11,20.0625
2023-12-21 11:08:19,148.269624239572,321.676233441291,321.745864799671,32.83,20.39648
2023-12-21 11:08:27,147.096378722572,324.512736675557,320.843368248133,32.78,20.66602
2023-12-21 11:08:35,158.177030827572,344.367904758424,329.36694679044,33.0,20.35449
2023-12-21 11:08:43,163.261094734572,354.768219641291,333.27776518044,33.2,19.9668
2023-12-21 11:08:51,163.652176573572,364.932210468424,333.578597364286,33.3,19.82324
2023-12-21 11:08:59,139.665823781572,318.130687128424,315.127556755056,33.39,19.5166
2023-12-21 11:09:07,121.284977348572,283.856844278424,300.988444114286,33.13,19.62988
2023-12-21 11:09:15,119.199207540572,288.584270878424,297.330691801908,32.71,19.90918
2023-12-21 11:09:23,114.766946698572,275.111105068424,282.556488995241,32.66,20.11621
2023-12-21 11:09:32,112.811537503572,267.074479848424,276.038458345241,32.66,20.20313
2023-12-21 11:10:16,110.595407082572,256.437769998424,268.651356941908,32.98,20.03223
2023-12-21 11:10:24,118.156322636572,303.475664668424,293.854408788575,33.13,19.92676
2023-12-21 11:10:32,119.720649992572,288.584270878424,299.068833308575,33.12,19.90234
2023-12-21 11:10:40,122.588583478572,285.747814918424,301.99121806044,33.35,19.94922
2023-12-21 11:13:26,119.981371218572,265.419880538424,299.937904061908,32.35,20.51074
2023-12-21 11:13:34,110.334685856572,238.000806258424,267.782286188575,32.29,20.60742
2023-12-21 11:13:42,107.857834209572,246.746545468424,259.526114031908,32.4,20.43945
2023-12-21 11:13:54,109.422161565572,240.600890888424,264.740538551908,32.62,20.3125
2023-12-21 11:14:02,111.377570760572,245.801060148424,271.258569201908,32.52,20.22168
2023-12-21 11:14:11,113.724061794572,245.801060148424,279.080205981908,32.46,20.49121
2023-12-21 11:14:20,117.765240797572,261.637939258424,292.550802658575,32.46,20.58984
2023-12-21 11:14:28,117.765240797572,266.128994528424,292.550802658575,32.31,20.64551
2023-12-21 11:14:36,116.461634667572,260.692453938424,288.205448891908,32.42,20.53906
2023-12-21 11:14:44,114.115143633572,257.619626648424,280.383812111908,32.47,20.44238
2023-12-21 11:14:56,112.681176890572,266.601737188424,275.603922968575,32.65,20.38867
2023-12-21 11:15:57,116.591995280572,278.656675018424,288.639984268575,32.46,20.60254
2023-12-21 11:16:05,112.811537503572,264.238023888424,276.038458345241,32.43,20.77441
2023-12-21 11:16:44,112.029373825572,261.401567928424,273.431246085241,33.41,20.58398
2023-12-21 11:16:52,110.856128308572,265.419880538424,269.520427695241,33.41,20.58398
2023-12-21 11:17:01,109.682882791572,274.638362408424,265.609609305241,32.91,21.08105
2023-12-21 11:17:09,107.336391757572,267.783593838424,257.787972525241,32.72,21.50586
2023-12-21 11:17:18,106.814949305572,271.565535118424,256.049831018575,32.8,21.5332
2023-12-21 11:17:26,110.725767695572,283.147730288424,269.085892318575,32.98,20.83691
2023-12-21 11:17:34,110.986488921572,276.292961718424,269.954963071908,33.2,20.42578
2023-12-21 11:17:42,109.161440339572,261.874310588424,263.871467798575,33.16,20.12695
2023-12-21 11:17:50,105.772064401572,241.782747538424,252.573548005241,33.73,19.79199
2023-12-21 11:17:58,99.1236731385724,230.909666358424,230.412243795241,34.29,19.40625
2023-12-21 11:18:07,96.7771821045724,236.818949608424,222.590607015241,34.91,19.03418
2023-12-21 11:18:16,96.3861002655724,244.146460838424,221.287000885241,35.41,18.56934
2023-12-21 11:18:24,98.8629519125724,253.601314038424,229.543173041908,35.71,18.05859
2023-12-21 11:18:32,100.948721720572,264.710766548424,236.495739068575,35.69,17.98242
2023-12-21 11:18:40,101.470164172572,261.165196598424,238.233880575241,36.08,17.69824
2023-12-21 11:18:49,101.730885398572,290.002498858424,240.002498858424,36.33,17.37109
2023-12-21 11:18:58,104.077376432572,372.496069391291,328.120086739114,36.32,17.20801
2023-12-21 11:19:06,106.163146240572,494.227304341291,480.284130426614,36.61,16.89453
2023-12-21 11:20:05,107.988194822572,539.846994668424,537.30874333553,35.94,17.45605
2023-12-21 11:20:14,100.036197429572,416.461160408424,383.07645051053,35.83,17.65234
2023-12-21 11:20:23,102.252327850572,514.318867391291,505.398584239114,35.65,17.71973
2023-12-21 11:20:31,105.511343175572,572.938980868424,578.67372608553,35.53,17.88867
2023-12-21 11:20:39,104.729179497572,550.247356825557,550.309196031946,35.24,17.96484
2023-12-21 11:20:48,98.3415094605724,389.514852425557,349.393565531946,35.1,18.14648
2023-12-21 11:20:56,94.4306910705724,325.458198358424,275.458198358424,35.05,18.28125
2023-12-21 11:21:04,92.6056424885724,281.965873638424,231.965873638424,35.01,18.59082
2023-12-21 11:21:12,94.4306910705724,330.894738948424,280.894738948424,34.95,18.72559
2023-12-21 11:21:20,97.4289851695724,391.169428098424,351.46178512303,34.9,18.74805
2023-12-21 11:21:28,98.8629519125724,415.515698725557,381.894623406946,35.21,18.4248
2023-12-21 11:21:36,98.2111488475724,419.061268675557,386.326585844446,35.35,18.30566
2023-12-21 11:21:44,95.9950184265724,385.496492541291,344.370615676614,35.35,18.40527
2023-12-21 11:21:52,97.1682639435724,362.332149475557,315.415186844446,35.28,18.32813
2023-12-21 11:22:00,96.1253790395724,337.749507518424,287.749507518424,35.26,18.31445
2023-12-21 11:22:08,96.6468214915724,337.985878848424,287.985878848424,34.76,18.96582
2023-12-21 11:22:16,97.6897063955724,305.603006638424,255.603006638424,34.51,19.44043
2023-12-21 11:22:25,98.3415094605724,286.220557578424,236.220557578424,34.27,19.61719
2023-12-21 11:22:33,101.600524785572,275.347476398424,238.668415951908,34.19,19.36426
2023-12-21 11:22:41,99.3843943645724,255.728656008424,231.281314548575,33.7,19.59277
2023-12-21 11:22:49,99.5147549775724,251.001229408424,231.715849925241,33.59,20.13281
2023-12-21 11:22:57,100.557639881572,266.128994528424,235.192132938575,33.52,20.36621
2023-12-21 11:23:05,101.470164172572,280.311274328424,238.233880575241,33.19,20.4873
2023-12-21 11:23:13,103.686294593572,291.420726838424,245.620981978575,32.66,21.02051
2023-12-21 11:23:21,103.686294593572,294.257182798424,245.620981978575,32.45,21.1709
2023-12-21 11:23:29,101.209442946572,264.001652558424,237.364809821908,32.11,21.51367
2023-12-21 11:23:37,101.209442946572,248.401144778424,237.364809821908,32.0,21.8291
2023-12-21 11:23:45,104.598818884572,257.855997978424,248.662729615241,32.16,21.97363
2023-12-21 11:23:54,110.856128308572,278.656675018424,269.520427695241,32.34,21.12891
2023-12-21 11:24:01,110.856128308572,286.929671568424,269.520427695241,32.82,20.4209
2023-12-21 11:24:09,106.423867466572,281.729502308424,254.746224888575,33.04,19.92285
2023-12-21 11:24:18,101.730885398572,267.074479848424,239.102951328575,33.36,19.60254
2023-12-21 11:24:26,95.8646578135724,237.291692268424,219.548859378575,33.9,19.24121
2023-12-21 11:24:34,95.7342972005724,228.309581728424,219.114324001908,34.39,18.76465
2023-12-21 11:24:42,98.0807882345724,223.345783798424,226.935960781908,34.82,18.39648
2023-12-21 11:24:50,106.945309918572,241.073633548424,256.484366395241,35.26,18.07813
2023-12-21 11:24:58,108.639997887572,247.692030788424,262.133326291908,35.63,17.75586
2023-12-21 11:25:06,109.161440339572,256.201398668424,263.871467798575,36.11,17.27539
2023-12-21 11:25:14,106.554228079572,252.892200048424,255.180760265241,36.53,16.79199
2023-12-21 11:25:22,100.036197429572,244.855574828424,233.453991431908,36.98,16.4707
2023-12-21 11:25:30,99.7754762035724,260.692453938424,232.584920678575,37.39,16.17188
2023-12-21 11:25:38,98.7325912995724,267.547222508424,229.108637665241,37.52,15.97656
2023-12-21 11:25:46,102.643409689572,284.802329598424,242.144698965241,37.4,15.98437
2023-12-21 11:25:54,111.247210147572,312.694146538424,270.824033825241,37.08,16.33691
2023-12-21 11:26:02,122.458222865572,318.839801118424,301.890940665825,36.83,16.46484
2023-12-21 11:26:10,135.755005391572,359.968436175557,312.460545219446,36.04,17.50977
2023-12-21 11:26:18,143.055199719572,385.969282475557,344.961603094446,35.99,17.80762
2023-12-21 11:26:26,152.571524468572,411.497338841291,376.871673551614,35.68,17.96973
2023-12-21 11:26:34,148.269624239572,386.442001498424,345.55250187303,35.96,17.60645
2023-12-21 11:26:42,170.691649675572,472.953884641291,453.692355801614,35.78,17.52539
2023-12-21 11:26:50,163.261094734572,453.807830548424,429.75978818553,35.61,17.49414
2023-12-21 11:26:58,159.480636957572,463.262683748424,441.57835468553,35.42,17.61133
2023-12-21 11:27:06,142.403396654572,413.388333118424,379.23541639803,34.98,17.99219
2023-12-21 11:27:17,115.809831602572,317.894315798424,286.032772008575,34.57,18.21191
2023-12-21 11:27:25,105.380982562572,286.220557578424,251.269941875241,34.47,18.32031
2023-12-21 11:27:33,109.161440339572,295.439039448424,263.871467798575,34.1,18.61621
2023-12-21 11:27:41,113.593701181572,300.402837378424,278.645670605241,33.98,18.77246
2023-12-21 11:27:50,112.290095051572,291.893469498424,274.300316838575,33.98,18.89648
2023-12-21 11:27:58,108.509637274572,262.583424578424,261.698790915241,34.16,18.79199
2023-12-21 11:28:06,105.641703788572,242.491861528424,252.139012628575,34.34,18.6748
2023-12-21 11:28:14,103.425573367572,238.473548918424,244.751911225241,34.45,18.41895
2023-12-21 11:28:22,102.252327850572,237.055320938424,240.841092835241,34.63,18.37598
2023-12-21 11:28:46,114.115143633572,259.510597288424,280.383812111908,34.41,18.74023
2023-12-21 11:28:55,122.067141026572,286.220557578424,301.590108481979,34.37,18.8877
2023-12-21 11:29:03,114.897307311572,287.402414228424,282.991024371908,34.66,18.50195
2023-12-21 11:29:12,108.509637274572,265.892623198424,261.698790915241,35.01,18.06738
2023-12-21 11:29:20,102.773770302572,250.055744088424,242.579234341908,35.43,17.54883
2023-12-21 11:29:28,99.7754762035724,243.200975518424,232.584920678575,35.78,17.15039
2023-12-21 11:29:36,97.8200670085724,242.019118868424,226.066890028575,36.08,17.03711
2023-12-21 11:29:44,101.730885398572,244.619203498424,239.102951328575,36.47,16.96387
2023-12-21 11:29:52,103.034491528572,252.655828718424,243.448305095241,36.76,16.8623
2023-12-21 11:30:00,104.207737045572,257.383255318424,247.359123485241,37.16,16.67676
2023-12-21 11:30:09,105.250621949572,261.637939258424,250.835406498575,37.41,16.39844
2023-12-21 11:30:17,102.252327850572,260.456082608424,240.841092835241,37.6,16.22949
2023-12-21 11:30:25,101.209442946572,272.747391768424,237.364809821908,37.68,15.84473
2023-12-21 11:30:33,100.557639881572,289.293384868424,239.293384868424,37.51,16.13867
2023-12-21 11:30:41,98.9933125255724,275.111105068424,229.977708418575,37.45,16.01172
2023-12-21 11:30:49,99.5147549775724,272.983763098424,231.715849925241,37.48,15.9502
2023-12-21 11:30:57,101.209442946572,271.565535118424,237.364809821908,37.7,15.88281
2023-12-21 11:31:05,101.079082333572,270.383678468424,236.930274445241,37.73,15.60742
2023-12-21 11:31:13,106.814949305572,287.402414228424,256.049831018575,37.58,15.60254
2023-12-21 11:31:21,118.938486314572,293.075326148424,296.461621048575,37.31,15.91895
2023-12-21 11:31:29,127.281565546572,300.875580038424,305.601204266594,37.11,16.0625
2023-12-21 11:31:37,133.929956809572,297.802752748424,310.715351391979,36.71,16.18555
2023-12-21 11:31:45,133.929956809572,303.002922008424,310.715351391979,36.57,16.31836
2023-12-21 11:31:53,124.022550221572,302.766550678424,303.09426940121,36.42,16.46289
2023-12-21 11:32:01,118.938486314572,298.511866738424,296.461621048575,36.26,16.61914
2023-12-21 11:32:09,115.418749763572,297.802752748424,284.729165878575,35.77,16.91309
2023-12-21 11:32:17,113.984783020572,291.184355508424,279.949276735241,35.11,17.56152
2023-12-21 11:32:25,115.940192215572,311.512289888424,286.467307385241,34.97,17.91699
2023-12-21 11:32:33,116.722355893572,326.167312348424,289.074519645241,34.93,17.8291
2023-12-21 11:32:41,118.677765088572,326.640055008424,295.592550295241,34.17,18.39551
2023-12-21 11:32:49,120.893895509572,339.876873125557,300.68761193044,34.09,18.60352
2023-12-21 11:32:57,120.502813670572,301.821065358424,300.386779746594,34.15,18.53125
2023-12-21 11:33:05,134.451399261572,304.893892648424,311.11646097044,34.05,18.78809
2023-12-21 11:33:14,134.451399261572,290.711612848424,311.11646097044,34.22,18.6582
2023-12-21 11:33:27,129.888777806572,286.693300238424,307.606752158902,33.93,18.95703
2023-12-21 11:33:35,136.797890295572,285.984186248424,312.921454073517,33.43,19.3457
2023-12-21 11:33:43,134.321038648572,283.147730288424,311.016183575825,32.97,19.91992
2023-12-21 11:33:52,156.091261019572,305.839377968424,327.762508476594,32.6,20.36133
2023-12-21 11:34:00,159.350276344572,312.457775208424,330.269443341979,32.23,20.72852
2023-12-21 11:34:08,161.044964313572,315.530602498424,331.573049471979,32.04,21.13965
2023-12-21 11:34:16,160.653882474572,318.603453425557,331.272217288133,32.07,21.35156
2023-12-21 11:34:24,149.703590982572,312.694146538424,322.84891614044,32.31,20.80566
2023-12-21 11:34:32,152.962606307572,311.985032548424,325.355851005825,32.49,20.58008
2023-12-21 11:34:40,137.580053973572,302.530179348424,313.52311844121,33.13,20.01465
2023-12-21 11:34:48,120.893895509572,277.002075708424,300.68761193044,33.53,19.49805
2023-12-21 11:34:56,110.986488921572,269.674564478424,269.954963071908,33.59,19.52539
2023-12-21 11:35:04,107.336391757572,268.019965168424,257.787972525241,33.81,19.21191
2023-12-21 11:35:12,116.852716506572,277.947561028424,289.509055021908,33.85,19.07715
2023-12-21 11:35:20,127.020844320572,298.275495408424,305.400649477363,33.99,18.86035
2023-12-21 11:35:28,131.453105162572,299.220980728424,308.810080894286,33.93,19.03125
2023-12-21 11:35:36,135.755005391572,309.148576588424,312.119234916594,33.9,19.00488
2023-12-21 11:35:45,128.715532289572,289.766127528424,306.704255607363,33.67,18.90918
2023-12-21 11:35:53,114.375864859572,261.401567928424,281.252882865241,33.36,19.16797
2023-12-22 09:15:02,129.236974741572,337.749507518424,307.105365185825,24.0,34.62305
2023-12-22 09:15:10,129.888777806572,345.786156375557,307.606752158902,24.03,34.48047
2023-12-22 09:15:19,129.758417193572,359.968436175557,312.460545219446,24.07,34.49512
2023-12-22 09:15:27,134.972841713572,360.913897858424,313.64237232303,24.1,34.31543
2023-12-22 09:15:36,190.506462851572,449.553146608424,424.44143326053,24.11,34.14746
2023-12-22 09:15:44,230.527158006511,515.028005018424,506.28500627303,24.14,33.9082
2023-12-22 09:15:52,263.508406131572,579.557378108424,586.94672263553,24.11,33.76074
2023-12-22 09:16:01,231.700416559572,551.665561168424,552.08195146053,24.18,33.93555
2023-12-22 09:16:09,246.561526441572,568.920668258424,573.65083532303,24.32,33.36523
2023-12-22 09:16:17,201.326393730572,479.572305518424,461.96538189803,24.62,32.92676
2023-12-22 09:16:26,177.209680325572,418.352131048424,385.44016381053,24.92,32.33105
2023-12-22 09:16:34,139.405102555572,336.567650868424,314.927001965825,25.23,31.94043
2023-12-22 09:16:42,125.195795738572,314.821488508424,303.996765952748,25.48,31.8623
2023-12-22 09:16:50,124.804713899572,316.948830478424,303.695933768902,25.67,31.41406
2023-12-22 09:16:58,127.672647385572,322.621742398424,305.90203645044,25.93,31.05566
2023-12-22 09:17:07,125.977959416572,329.476510968424,304.59843032044,26.0,30.88965
2023-12-22 09:17:15,124.543992673572,339.167735498424,303.495378979671,26.2,30.90332
2023-12-22 09:17:24,129.497695967572,352.404506341291,307.305919975056,26.33,29.02637
2023-12-22 09:17:32,128.454811063572,351.222649691291,306.503700818133,26.17,30.02539
2023-12-22 09:17:40,132.104908227572,380.532718248424,338.16589781053,25.97,30.55957
2023-12-22 09:17:48,134.060317422572,385.260144848424,344.07518106053,25.99,29.97754
2023-12-22 09:17:56,132.365629453572,377.932633618424,334.91579202303,26.09,29.59473
2023-12-22 09:18:05,135.624644778572,377.696285925557,334.620357406947,26.22,29.62793
2023-12-22 09:18:13,137.580053973572,377.932633618424,334.91579202303,26.42,30.55371
2023-12-22 09:18:21,138.883660103572,380.296346918424,337.87043364803,26.49,29.90137
2023-12-22 09:18:29,138.883660103572,386.205630168424,345.25703771053,26.53,29.53906
2023-12-22 09:18:38,133.799596196572,380.296346918424,337.87043364803,26.88,29.26953
2023-12-22 09:18:46,136.667529682572,401.806137948424,364.75767243553,27.11,29.2959
2023-12-22 09:18:54,138.231857038572,410.079134498424,375.09891812303,27.37,28.9834
2023-12-22 09:19:02,139.926545007572,419.061268675557,386.326585844446,27.35,29.22656
2023-12-22 09:19:11,141.881954202572,444.116606018424,417.64575752303,27.27,29.19727
2023-12-22 09:19:19,141.360511750572,435.370866808424,406.71358351053,27.29,29.00293
2023-12-22 09:19:27,139.405102555572,423.079557648424,391.34944706053,27.64,28.54883
2023-12-22 09:19:35,140.447987459572,414.806561098424,381.00820137303,27.91,28.0166
2023-12-22 09:19:44,140.447987459572,411.970128775557,377.462660969446,28.09,27.49023
2023-12-22 09:19:52,141.230151137572,414.333842075557,380.417302594446,28.23,27.15625
2023-12-22 09:20:00,141.490872363572,419.297616368424,386.62202046053,28.31,26.69629
2023-12-22 09:20:08,140.839069298572,423.552300308424,391.94037538553,28.38,26.61523
2023-12-22 09:20:17,139.535463168572,412.442847798424,378.05355974803,28.32,26.68457
2023-12-22 09:20:25,138.492578264572,396.369597358424,357.96199669803,28.01,26.66602
2023-12-22 09:20:33,135.885366004572,396.605992325557,358.257490406946,28.02,27.02148
2023-12-22 09:20:42,134.060317422572,386.442001498424,345.55250187303,27.83,26.66797
2023-12-22 09:20:50,138.231857038572,377.223495991291,334.029369989114,27.77,27.16504
2023-12-22 09:20:58,136.276447843572,384.787425825557,343.484282281946,27.77,27.25098
2023-12-22 09:21:07,133.669235583572,382.896431548424,341.12053943553,27.65,27.75586
2023-12-22 09:21:15,127.542286772572,386.914744158424,346.14343019803,27.5,27.69824
2023-12-22 09:21:24,126.499401868572,382.896431548424,341.12053943553,27.43,27.81641
2023-12-22 09:21:32,124.935074512572,364.223072841291,317.778841051614,27.56,27.67773
2023-12-22 09:21:41,124.804713899572,347.204360718424,303.695933768902,27.65,28.15918
2023-12-22 09:21:49,126.108320029572,371.787002675557,327.233753344446,27.74,27.33496
2023-12-22 09:21:57,124.022550221572,388.096600808424,347.62075101053,27.82,27.27832
2023-12-22 09:22:05,124.674353286572,399.442424648424,361.80303081053,27.84,27.14453
2023-12-22 09:22:14,121.676059187572,403.933479918424,367.41684989803,27.92,27.04004
2023-12-22 09:22:22,125.847598803572,421.661329668424,389.57666208553,28.28,26.55957
2023-12-22 09:22:31,123.631468382572,409.842763168424,374.80345396053,28.47,26.2168
2023-12-22 09:22:39,124.674353286572,421.897700998424,389.87212624803,28.51,26.24219
2023-12-22 09:22:47,127.542286772572,407.242702175557,371.553377719446,28.59,25.86816
2023-12-22 09:22:56,176.557877260572,469.171966998424,448.96495874803,28.71,25.76367
2023-12-22 09:23:04,177.861483390572,507.700517425557,497.125646781946,28.83,26.0166
2023-12-22 09:23:13,177.600762164572,502.736695858424,490.92086982303,29.09,25.68848
2023-12-22 09:23:22,125.717238190572,444.116606018424,417.64575752303,28.94,25.97363
2023-12-22 09:23:30,125.326156351572,408.188163858424,372.73520482303,28.83,26.16406
2023-12-22 09:23:38,132.104908227572,440.571036068424,413.21379508553,28.88,26.16602
2023-12-22 09:23:47,130.279859645572,454.280573208424,430.35071651053,28.85,25.54004
2023-12-22 09:23:55,123.110025930572,443.880258325557,417.350322906946,28.65,25.60156
2023-12-22 09:24:05,113.332979955572,370.605146025557,325.756432531946,28.44,26.42285
2023-12-22 09:24:13,101.730885398572,298.275495408424,248.275495408424,28.23,26.42187
2023-12-22 09:24:21,99.9058368165724,271.092792458424,233.019456055241,27.85,26.87695
2023-12-22 09:24:29,101.339803559572,281.729502308424,237.799345198575,27.52,27.99316
2023-12-22 09:24:38,106.032785627572,294.966296788424,253.442618758575,27.32,28.74902
2023-12-22 09:24:46,111.638291986572,313.639631858424,272.127639955241,27.12,29.28418
2023-12-22 09:24:54,118.938486314572,326.876449975557,296.461621048575,26.89,29.17188
2023-12-22 09:25:02,124.022550221572,361.623011848424,314.52876481053,26.59,29.03125
2023-12-22 09:25:11,123.370747156572,371.787002675557,327.233753344446,26.39,29.0918
2023-12-22 09:25:19,118.156322636572,354.295500618424,305.36937577303,25.98,29.27148
2023-12-22 09:25:37,112.941898116572,319.312520141291,276.472993721908,26.0,29.29688
2023-12-22 09:25:49,115.288389150572,305.839377968424,284.294630501908,26.62,28.82617
2023-12-22 09:25:58,125.847598803572,316.948830478424,304.498152925825,26.81,28.59473
2023-12-22 09:26:07,132.235268840572,379.114490268424,336.39311283553,26.66,28.73047
2023-12-22 09:26:15,139.014020716572,486.663445418424,470.82930677303,26.71,28.39258
2023-12-22 09:26:23,147.487460561572,618.085904898424,540.0,26.66,28.1709
2023-12-22 09:26:32,145.140969527572,641.013923908424,540.0,26.79,27.97168
2023-12-22 09:26:40,137.188972134572,576.484550818424,583.10568852303,27.01,27.7168
2023-12-22 09:26:48,124.413632060572,463.735426408424,442.16928301053,27.0,28.04492
2023-12-22 09:26:56,119.199207540572,387.151139125557,346.438923906947,26.95,28.21387
2023-12-22 09:27:07,124.283271447572,373.205207018424,329.00650877303,27.06,28.06152
2023-12-22 09:27:16,127.151204933572,367.768642791291,322.210803489114,27.11,28.11328
2023-12-22 09:27:24,129.888777806572,367.059576075557,321.324470094446,26.76,28.95703
2023-12-22 09:27:32,128.976253515572,382.660060218424,340.82507527303,26.59,29.37207
2023-12-22 09:27:41,133.799596196572,389.751200118424,349.68900014803,26.43,29.76367
2023-12-22 09:27:49,138.753299490572,399.915167308424,362.39395913553,26.39,29.79688
2023-12-22 09:27:58,137.319332747572,392.114913418424,352.64364177303,26.44,29.92188
2023-12-22 09:28:06,141.360511750572,386.205630168424,345.25703771053,26.35,29.87988
2023-12-22 09:28:14,134.712120487572,375.568920318424,331.96115039803,26.37,30.2832
2023-12-22 09:28:23,137.058611521572,378.405352641291,335.506690801614,26.46,30.53125
2023-12-22 09:28:32,139.144381329572,377.932633618424,334.91579202303,26.37,30.3916
2023-12-22 09:28:40,134.581759874572,360.441155198424,313.05144399803,26.41,29.99219
2023-12-22 09:28:48,134.060317422572,348.149869675557,310.815628786594,26.53,30.46387
2023-12-22 09:28:57,133.538874970572,338.458621508424,310.414519208133,26.55,30.73242
2023-12-22 09:29:05,141.621232976572,369.896008398424,324.87001049803,26.52,30.5
2023-12-22 09:29:14,147.226739335572,394.242279025557,355.302848781946,26.48,29.93652
2023-12-22 09:29:24,149.573230369572,402.278880608424,365.34860076053,26.35,29.53906
2023-12-22 09:29:33,142.533757267572,402.751623268424,365.93952908553,26.38,29.45605
2023-12-22 09:29:42,136.537169069572,358.077441898424,312.720899284286,26.37,29.64941
2023-12-22 09:29:51,134.190678035572,364.459467808424,318.07433476053,26.41,29.72559
2023-12-22 09:29:59,134.712120487572,367.295923768424,321.61990471053,26.27,30.14258
2023-12-22 09:30:07,133.929956809572,366.586786141291,320.733482676614,26.29,30.27734
2023-12-22 09:30:16,133.278153744572,388.332995775557,347.916244719446,26.22,29.77441
2023-12-22 09:30:24,129.367335354572,378.878142575557,336.097678219446,26.15,30.12207
2023-12-22 09:30:33,132.495990066572,419.533987698424,386.91748462303,26.22,29.88379
2023-12-22 09:30:41,131.583465775572,410.788272125557,375.985340156946,26.18,29.7959
2023-12-22 09:30:49,131.844187001572,392.824027408424,353.53003426053,26.19,29.74707
2023-12-22 09:30:57,132.756711292572,380.059999225557,337.574999031946,26.16,29.70898
2023-12-22 09:31:05,128.194089837572,356.895585248424,308.61948156053,26.3,29.85156
2023-12-22 09:31:14,128.454811063572,362.095754508424,315.11969313553,26.27,30.3125
2023-12-22 09:31:23,135.233562939572,390.696709075557,350.870886344446,26.28,30.14258
2023-12-22 09:31:31,137.840775199572,395.187740708424,356.48467588553,26.33,30.13379
2023-12-22 09:31:39,140.839069298572,373.677926041291,329.597407551614,26.49,29.86426
2023-12-22 09:32:04,140.187266233572,365.641324458424,319.55165557303,26.45,28.98535
2023-12-22 09:32:13,129.367335354572,350.513582975557,307.20564258044,26.33,29.09961
2023-12-22 09:32:21,115.549110376572,320.967166725557,285.163701255241,26.21,29.73633
2023-12-22 09:32:33,108.509637274572,326.403660041291,276.403660041291,26.28,29.72852
2023-12-22 09:32:42,139.014020716572,379.350861598424,336.68857699803,26.24,29.39746
2023-12-22 09:32:51,200.413869439572,471.772027991291,452.215034989114,26.24,29.27539
2023-12-22 09:32:59,239.000597851511,541.974360275557,539.967950344446,26.18,29.23535
2023-12-22 09:33:08,273.024730880572,579.793773075557,587.242216344446,26.23,29.64063
2023-12-22 09:33:16,286.973316471572,596.576113868424,544.0,26.23,29.48242
2023-12-22 09:33:24,275.762316789634,562.065923325557,565.082404156946,26.37,29.5166
2023-12-22 09:33:32,221.141206906572,460.426251425557,438.032814281946,26.44,29.10645
2023-12-22 09:33:41,180.338322001511,381.950922591291,346.414093847316,26.56,29.12598
2023-12-22 09:33:49,154.526933663572,342.476934118424,326.55917974121,26.75,29.61328
2023-12-22 09:33:59,154.135851824572,335.149446525557,326.258347557363,26.74,28.74805
2023-12-22 09:34:07,147.226739335572,356.186471258424,320.943645642748,26.73,28.05371
2023-12-22 09:34:16,140.839069298572,345.786156375557,316.030053306594,26.74,28.63867
2023-12-22 09:34:25,132.756711292572,357.368327908424,309.81285484044,26.93,28.49219
2023-12-22 09:34:33,129.888777806572,349.331726325557,307.606752158902,27.11,27.93066
2023-12-22 09:34:42,132.104908227572,365.404929491291,319.256161864114,27.25,28.12207
2023-12-22 09:34:51,131.974547614572,364.459467808424,318.07433476053,27.82,27.63281
2023-12-22 09:35:00,126.629762481572,329.240163275557,305.099817293517,28.32,27.08887
2023-12-22 09:35:09,121.154616735572,308.912205258424,300.888166719671,28.87,26.70508
2023-12-22 09:35:17,116.852716506572,298.511866738424,289.509055021908,29.29,26.10352
2023-12-22 09:35:26,114.897307311572,298.275495408424,282.991024371908,29.79,25.55566
2023-12-22 09:35:34,115.679470989572,311.512289888424,285.598236631908,30.27,25.05469
2023-12-22 09:35:43,117.113437732572,313.166889198424,290.378125775241,30.4,24.69336
2023-12-22 09:35:52,118.547404475572,306.784863288424,295.158014918575,30.59,24.05176
2023-12-22 09:36:00,119.459928766572,318.130687128424,298.199762555241,30.7,23.61426
2023-12-22 09:36:09,118.938486314572,309.384947918424,296.461621048575,30.93,23.4043
2023-12-22 09:36:18,117.374158958572,308.203091268424,291.247196528575,31.12,23.17969
2023-12-22 09:36:26,114.245504246572,286.220557578424,280.818347488575,31.31,22.85742
2023-12-22 09:36:34,112.811537503572,280.074902998424,276.038458345241,31.48,22.71777
2023-12-22 09:36:43,110.725767695572,270.856421128424,269.085892318575,31.64,22.28125
2023-12-22 09:36:52,109.291800952572,268.019965168424,264.306003175241,31.97,21.92676
2023-12-22 09:37:00,109.943604017572,266.838108518424,266.478680058575,32.17,21.92383
2023-12-22 09:37:09,110.334685856572,276.765704378424,267.782286188575,32.63,21.6123
2023-12-22 09:37:17,110.986488921572,288.584270878424,269.954963071908,32.88,21.31445
2023-12-22 09:37:26,112.420455664572,300.875580038424,274.734852215241,33.09,20.96582
2023-12-22 09:37:35,111.638291986572,310.330433238424,272.127639955241,33.5,20.89746
2023-12-22 09:37:43,113.724061794572,308.439462598424,279.080205981908,33.84,20.5293
2023-12-22 09:37:51,113.463340568572,303.002922008424,278.211135228575,34.08,20.2793
2023-12-22 09:38:00,112.550816277572,285.984186248424,275.169387591908,33.93,20.29688
2023-12-22 09:38:09,146.966018109572,334.203937568424,320.743090853517,33.24,21.12109
2023-12-22 09:38:17,148.921427304572,329.476510968424,322.247251772748,32.49,21.3457
2023-12-22 09:38:26,148.399984852572,334.913051558424,321.846142194286,31.99,21.8291
2023-12-22 09:38:34,117.765240797572,288.347899548424,292.550802658575,31.65,22.13379
2023-12-22 09:38:43,109.422161565572,271.092792458424,264.740538551908,31.63,22.08301
2023-12-22 09:38:52,108.639997887572,263.765281228424,262.133326291908,31.51,22.34863
2023-12-22 09:39:01,109.682882791572,267.547222508424,265.609609305241,31.32,22.51172
2023-12-22 09:39:10,112.550816277572,285.511443588424,275.169387591908,31.4,22.91113
2023-12-22 09:39:19,111.638291986572,288.347899548424,272.127639955241,31.07,22.7832
2023-12-22 09:39:27,108.770358500572,280.311274328424,262.567861668575,30.81,23.05371
2023-12-22 09:39:35,107.466752370572,282.438616298424,258.222507901908,30.64,23.36426
2023-12-22 09:39:44,105.772064401572,283.620472948424,252.573548005241,30.52,23.46973
2023-12-22 09:39:52,107.336391757572,300.166466048424,257.787972525241,30.45,23.1582
2023-12-22 09:40:00,108.379276661572,306.075749298424,261.264255538575,30.34,23.0791
2023-12-22 09:40:09,109.943604017572,296.857267428424,266.478680058575,30.16,23.14258
2023-12-22 09:40:17,109.031079726572,297.330010088424,263.436932421908,29.87,23.80371
2023-12-22 09:40:26,107.336391757572,291.893469498424,257.787972525241,29.81,24.08301
2023-12-22 09:40:34,108.379276661572,304.893892648424,261.264255538575,29.92,24.11426
2023-12-22 09:40:42,108.509637274572,327.349168998424,277.349168998424,30.36,23.44824
2023-12-22 09:40:51,108.509637274572,322.621742398424,272.621742398424,30.28,23.39551
2023-12-22 09:40:59,108.770358500572,312.694146538424,262.694146538424,29.96,23.73535
2023-12-22 09:41:07,107.075670531572,282.911358958424,256.918901771908,29.91,23.8916
2023-12-22 09:41:16,107.075670531572,287.875156888424,256.918901771908,29.87,23.7793
2023-12-22 09:41:25,111.507931373572,317.657944468424,271.693104578575,29.81,23.58008
2023-12-22 09:41:33,110.595407082572,315.530602498424,268.651356941908,29.56,24.14453
2023-12-22 09:41:41,109.682882791572,320.967166725557,270.967166725557,29.43,24.28516
2023-12-22 09:41:50,109.161440339572,306.075749298424,263.871467798575,29.32,24.37695
2023-12-22 09:41:58,102.121967237572,279.838531668424,240.406557458575,29.44,24.95996
2023-12-22 09:42:06,101.600524785572,288.820642208424,238.820642208424,29.37,24.69824
2023-12-22 09:42:17,104.598818884572,294.966296788424,248.662729615241,29.56,24.47559
2023-12-22 09:42:30,111.116849534572,318.603453425557,270.389498448575,30.18,24.36133
2023-12-22 09:42:39,122.718944091572,372.259721698424,327.82465212303,30.31,24.09766
2023-12-22 09:42:48,128.454811063572,411.970128775557,377.462660969446,30.37,23.84277
2023-12-22 09:42:56,121.806419800572,434.189010158424,405.23626269803,30.13,23.9043
2023-12-22 09:43:05,112.550816277572,382.423712525557,340.529640656946,30.1,23.75488
2023-12-22 09:43:13,110.073964630572,359.022927218424,311.27865902303,29.8,23.5918
2023-12-22 09:43:21,110.725767695572,312.694146538424,269.085892318575,29.68,24.11426
2023-12-22 09:43:30,113.332979955572,293.548068808424,277.776599851908,29.56,24.24219
2023-12-22 09:43:38,114.897307311572,314.821488508424,282.991024371908,29.32,24.16797
2023-12-22 09:43:46,113.854422407572,310.803175898424,279.514741358575,29.15,23.96289
2023-12-22 09:43:55,106.423867466572,291.893469498424,254.746224888575,29.02,24.25
2023-12-22 09:44:03,104.598818884572,289.529756198424,248.662729615241,28.77,24.56738
2023-12-22 09:44:11,103.425573367572,280.547645658424,244.751911225241,28.8,25.03516
2023-12-22 09:44:20,105.380982562572,291.420726838424,251.269941875241,28.97,24.88477
2023-12-22 09:44:28,107.988194822572,311.275918558424,261.275918558424,29.2,24.99609
2023-12-22 09:44:36,110.725767695572,310.330433238424,269.085892318575,29.55,25.00195
2023-12-22 09:44:45,111.899013212572,321.912628408424,272.996710708575,29.5,25.09863
2023-12-22 09:44:53,111.507931373572,322.621742398424,272.621742398424,29.42,25.00781
2023-12-22 09:45:01,112.811537503572,332.549338258424,282.549338258424,29.5,24.88867
2023-12-22 09:45:09,113.724061794572,332.076595598424,282.076595598424,29.48,25.36719
2023-12-22 09:45:17,119.199207540572,341.767796491291,297.330691801908,29.4,25.49805
2023-12-22 09:45:26,123.501107769572,339.876873125557,302.693159822748,29.33,24.96582
2023-12-22 09:45:34,123.892189608572,342.713305448424,302.993992006594,29.21,25.48633
2023-12-22 09:45:42,123.761828995572,355.713728598424,307.14216074803,29.41,25.52246
2023-12-22 09:45:51,119.981371218572,346.731618058424,299.937904061908,29.58,25.80176
2023-12-22 09:45:59,120.372453057572,390.696709075557,350.870886344446,29.72,25.50293
2023-12-22 09:46:07,123.501107769572,412.442847798424,378.05355974803,29.66,24.8125
2023-12-22 09:46:15,122.588583478572,408.188163858424,372.73520482303,30.04,24.23047
2023-12-22 09:46:24,121.676059187572,408.424558825557,373.030698531946,30.17,23.95508
2023-12-22 09:46:33,118.156322636572,370.132356091291,325.165445114114,30.11,23.95215
2023-12-22 09:46:41,118.808125701572,359.022927218424,311.27865902303,30.11,23.66992
2023-12-22 09:46:50,116.200913441572,335.858513241291,287.336378138575,30.04,23.73926
2023-12-22 09:46:58,115.418749763572,305.603006638424,284.729165878575,29.74,23.89551
2023-12-22 09:47:07,114.115143633572,292.366212158424,280.383812111908,29.87,24.02539
2023-12-22 09:47:17,115.418749763572,308.203091268424,284.729165878575,30.13,23.80566
2023-12-22 09:47:27,117.113437732572,318.603453425557,290.378125775241,30.75,23.37012
2023-12-22 09:47:35,131.974547614572,353.350015298424,309.211190472748,31.16,23.02246
2023-12-22 09:47:44,149.703590982572,393.060422375557,353.825527969446,31.5,22.62012
2023-12-22 09:47:52,176.297156034572,461.135318141291,438.919147676614,31.61,22.28027
2023-12-22 09:48:01,177.600762164572,472.953884641291,453.692355801614,31.62,22.26855
2023-12-22 09:48:09,170.300567836572,458.298885818424,435.37360727303,31.58,22.53711
2023-12-22 09:48:18,145.662411979572,404.878988875557,368.598736094446,31.74,22.28613
2023-12-22 09:48:26,132.235268840572,398.733310658424,360.91663832303,31.8,22.0918
2023-12-22 09:48:34,130.149499032572,393.296770068424,354.12096258553,31.73,22.16211
2023-12-22 09:48:43,125.456516964572,390.223919141291,350.279898926614,31.71,21.67969
2023-12-22 09:48:51,117.113437732572,350.986301998424,301.23287749803,31.23,22.1748
2023-12-22 09:49:00,111.377570760572,318.130687128424,271.258569201908,30.93,22.67773
2023-12-22 09:49:09,111.899013212572,310.803175898424,272.996710708575,30.73,23.0
2023-12-22 09:49:18,116.591995280572,337.985878848424,288.639984268575,30.39,23.64746
2023-12-22 09:49:27,118.547404475572,348.622588698424,298.622588698424,30.41,23.70996
2023-12-22 09:49:35,123.761828995572,373.677926041291,329.597407551614,30.6,23.4248
2023-12-22 09:49:44,124.022550221572,375.096177658424,331.37022207303,30.67,23.3291
2023-12-22 09:49:52,129.758417193572,410.788272125557,375.985340156946,30.34,23.53418
2023-12-22 09:50:01,129.758417193572,440.571036068424,413.21379508553,29.99,23.56445
2023-12-22 09:50:10,127.933368611572,425.443270948424,394.30408868553,29.84,23.67969
2023-12-22 09:50:18,123.761828995572,395.424135675557,356.780169594446,29.85,23.87695
2023-12-22 09:50:26,124.152910834572,380.059999225557,337.574999031946,29.78,23.99609
2023-12-22 09:50:36,123.761828995572,352.640901308424,303.30112663553,29.55,24.15527
2023-12-22 09:50:45,122.588583478572,350.277188008424,301.99121806044,29.35,24.41504
2023-12-22 09:50:53,120.763534896572,337.276764858424,300.587334535825,29.25,24.45898
2023-12-22 09:51:03,118.808125701572,324.276341708424,296.027085671908,29.24,24.53223
2023-12-22 09:51:12,118.808125701572,317.185201808424,296.027085671908,29.04,24.66797
2023-12-22 09:51:21,118.156322636572,302.057436688424,293.854408788575,28.92,24.82129
2023-12-22 09:51:29,116.852716506572,283.856844278424,289.509055021908,28.97,24.87305
2023-12-22 09:51:38,115.418749763572,287.638785558424,284.729165878575,28.89,24.69629
2023-12-22 09:51:46,113.854422407572,284.329586938424,279.514741358575,28.9,24.48926
2023-12-22 09:51:55,113.202619342572,292.129840828424,277.342064475241,28.81,24.45996
2023-12-22 09:52:05,111.899013212572,289.529756198424,272.996710708575,28.82,24.52148
2023-12-22 09:52:13,113.332979955572,300.402837378424,277.776599851908,28.79,24.48242
2023-12-22 09:52:22,113.854422407572,300.402837378424,279.514741358575,28.8,24.60547
2023-12-22 09:52:31,114.115143633572,301.821065358424,280.383812111908,28.76,24.75
2023-12-22 09:52:40,114.636586085572,301.348322698424,282.121953618575,28.74,24.83496
2023-12-22 09:52:49,119.981371218572,316.948830478424,299.937904061908,28.75,24.95898
2023-12-22 09:52:57,124.283271447572,333.967589875557,303.29482419044,28.73,24.99414
2023-12-22 09:53:06,127.151204933572,350.040793041291,305.500926871979,28.77,25.08203
2023-12-22 09:53:15,123.892189608572,340.113220818424,302.993992006594,28.76,25.22852
2023-12-22 09:53:24,120.111731831572,334.440308898424,300.085947562748,28.79,25.14453
2023-12-22 09:53:33,119.329568153572,321.439885748424,297.765227178575,28.81,25.09668
2023-12-22 09:53:41,120.893895509572,326.640055008424,300.68761193044,28.82,25.1582
2023-12-22 09:53:50,122.458222865572,330.658367618424,301.890940665825,28.82,25.21973
2023-12-22 09:53:58,124.283271447572,340.113220818424,303.29482419044,28.8,25.26758
2023-12-22 09:54:07,124.674353286572,344.131509791291,303.595656374286,28.72,25.41016
2023-12-22 09:54:16,124.413632060572,353.586362991291,304.482953739114,28.71,25.50684
2023-12-22 09:54:24,123.761828995572,331.603876575557,302.893714611979,28.68,25.49316
2023-12-22 09:54:33,120.763534896572,327.349168998424,300.587334535825,28.66,25.32129
2023-12-22 09:54:42,118.677765088572,324.039946741291,295.592550295241,28.59,25.21875
2023-12-22 09:54:50,117.765240797572,329.476510968424,292.550802658575,28.54,25.33887
2023-12-22 09:54:59,117.504519571572,332.549338258424,291.681731905241,28.54,25.44824
2023-12-22 09:55:08,116.722355893572,325.458198358424,289.074519645241,28.56,25.53613
2023-12-22 09:55:17,118.417043862572,330.658367618424,294.723479541908,28.56,25.4873
2023-12-22 09:55:25,117.765240797572,311.275918558424,292.550802658575,28.49,25.38477
2023-12-22 09:55:34,117.113437732572,305.130263978424,290.378125775241,28.44,25.3584
2023-12-22 09:55:42,115.549110376572,317.657944468424,285.163701255241,28.4,25.62402
2023-12-22 09:55:51,114.375864859572,314.585117178424,281.252882865241,28.23,25.56641
2023-12-22 09:55:59,113.984783020572,320.258029098424,279.949276735241,28.28,25.70313
2023-12-22 09:56:08,114.115143633572,299.930094718424,280.383812111908,28.07,25.52051
2023-12-22 09:56:17,111.768652599572,287.402414228424,272.562175331908,28.02,25.7373
2023-12-22 09:56:25,109.552522178572,279.602160338424,265.175073928575,28.01,25.7373
2023-12-22 09:56:34,107.075670531572,265.892623198424,256.918901771908,28.08,25.76465
2023-12-22 09:56:43,106.684588692572,266.128994528424,255.615295641908,28.04,25.65332
2023-12-22 09:56:51,109.813243404572,275.347476398424,266.044144681908,28.03,25.66504
2023-12-22 09:57:00,110.073964630572,281.729502308424,266.913215435241,27.99,25.72363
2023-12-22 09:57:09,110.465046469572,285.275072258424,268.216821565241,27.99,25.75977
2023-12-22 09:57:18,107.988194822572,281.965873638424,259.960649408575,28.11,25.78027
2023-12-22 09:57:26,109.682882791572,287.402414228424,265.609609305241,28.48,25.34766
2023-12-22 09:57:35,109.682882791572,299.220980728424,265.609609305241,28.5,25.23828
2023-12-22 09:57:43,110.465046469572,316.239716488424,268.216821565241,28.82,25.03516
2023-12-22 09:57:52,112.290095051572,334.676656591291,284.676656591291,28.96,24.94531
2023-12-22 09:58:00,124.283271447572,348.149869675557,303.29482419044,29.14,24.74707
2023-12-22 09:58:09,137.188972134572,355.477357268424,313.222286257363,29.18,24.56543
2023-12-22 09:58:18,140.578348072572,362.568497168424,315.829498517363,29.35,24.53809
2023-12-22 09:58:26,146.314215044572,366.586786141291,320.733482676614,29.35,24.47656
2023-12-22 09:58:34,137.319332747572,362.095754508424,315.11969313553,29.09,24.51172
2023-12-22 09:58:43,138.101496425572,376.514429275557,333.143036594446,28.73,24.79785
2023-12-22 09:58:52,135.755005391572,385.496492541291,344.370615676614,28.46,24.69824
2023-12-22 09:59:00,126.238680642572,355.713728598424,307.14216074803,28.83,24.57129
2023-12-22 09:59:09,121.936780413572,349.804445348424,301.489831087363,29.1,24.40137
2023-12-22 09:59:17,118.677765088572,324.985455698424,295.592550295241,29.61,23.74121
2023-12-22 09:59:25,117.504519571572,316.712459148424,291.681731905241,29.93,23.30371
2023-12-22 09:59:34,113.332979955572,314.112374518424,277.776599851908,30.09,23.16406
2023-12-22 09:59:42,110.986488921572,320.967166725557,270.967166725557,30.1,23.33691
2023-12-22 09:59:51,112.290095051572,341.295077468424,291.295077468424,30.07,23.13867
2023-12-22 10:00:01,116.070552828572,360.677502891291,313.346878614114,30.08,23.12695
2023-12-22 10:00:09,119.329568153572,352.877296275557,303.596620344446,30.05,22.97852
2023-12-22 10:00:18,116.461634667572,339.640478158424,289.640478158424,30.09,23.04199
2023-12-22 10:00:26,115.158028537572,316.948830478424,283.860095125241,29.85,23.07813
2023-12-22 10:00:34,111.377570760572,301.584694028424,271.258569201908,30.05,23.07617
2023-12-22 10:00:43,109.161440339572,289.529756198424,263.871467798575,30.19,22.91309
2023-12-22 10:00:51,109.943604017572,281.256759648424,266.478680058575,29.98,22.96191
2023-12-22 10:01:00,113.072258729572,287.166042898424,276.907529098575,30.06,23.29785
2023-12-22 10:01:08,120.633174283572,318.839801118424,300.48705714121,30.22,23.31836
2023-12-22 10:01:17,126.890483707572,342.004191458424,305.300372082748,30.3,23.51953
2023-12-22 10:01:26,126.760123094572,353.586362991291,305.200094688133,30.4,23.85742
2023-12-22 10:01:34,124.283271447572,355.713728598424,307.14216074803,29.97,24.20313
2023-12-22 10:01:43,116.852716506572,349.095331358424,299.095331358424,29.49,24.64355
2023-12-22 10:01:51,113.202619342572,361.150292825557,313.937866031946,29.68,24.70312
2023-12-22 10:01:59,116.852716506572,394.242279025557,355.302848781946,30.05,24.625
2023-12-22 10:02:07,119.590289379572,392.824027408424,353.53003426053,30.11,24.14844
2023-12-22 10:02:16,124.283271447572,394.005884058424,355.00735507303,30.13,24.23535
2023-12-22 10:02:24,124.674353286572,355.241009575557,306.551261969446,30.26,24.19434
2023-12-22 10:02:33,124.022550221572,339.167735498424,303.09426940121,30.49,23.87402
2023-12-22 10:02:41,124.543992673572,332.549338258424,303.495378979671,30.55,23.54492
2023-12-22 10:02:50,122.979665317572,333.731194908424,302.292050244286,30.78,23.54395
2023-12-22 10:02:58,122.327862252572,336.804022198424,301.79066327121,30.75,23.3584
2023-12-22 10:03:07,119.329568153572,337.985878848424,297.765227178575,30.73,23.07422
2023-12-22 10:03:15,117.374158958572,343.658790768424,293.658790768424,30.82,22.59766
2023-12-22 10:03:23,115.809831602572,344.131509791291,294.131509791291,30.66,22.61523
2023-12-22 10:03:32,110.073964630572,307.493977278424,266.913215435241,31.02,22.42383
2023-12-22 10:03:40,113.072258729572,303.002922008424,276.907529098575,31.47,22.08789
2023-12-22 10:03:48,112.420455664572,292.366212158424,274.734852215241,31.97,21.51953
2023-12-22 10:03:56,114.766946698572,281.256759648424,282.556488995241,32.36,20.90723
2023-12-22 10:04:04,118.286683249572,281.256759648424,294.288944165241,32.25,21.16211
2023-12-22 10:04:13,126.369041255572,300.166466048424,304.899262504286,32.13,21.07031
2023-12-22 10:04:21,126.238680642572,293.784440138424,304.798985109671,32.64,20.79687
2023-12-22 10:04:30,131.192383936572,306.784863288424,308.609526105056,32.93,20.43848
2023-12-22 10:04:39,127.672647385572,297.566381418424,305.90203645044,32.95,20.41406
2023-12-22 10:04:49,122.979665317572,306.075749298424,302.292050244286,32.28,21.2998
2023-12-22 10:04:57,127.020844320572,371.550607708424,326.93825963553,31.63,21.86133
2023-12-22 10:05:05,124.413632060572,411.497338841291,376.871673551614,31.33,22.2168
2023-12-22 10:05:14,131.713826388572,467.280996358424,446.60124544803,31.06,22.40039
2023-12-22 10:05:22,134.712120487572,503.209438518424,491.51179814803,31.55,21.98047
2023-12-22 10:05:30,137.449693360572,476.972244525557,458.715305656946,31.83,21.58691
2023-12-22 10:05:38,131.844187001572,442.225611741291,415.282014676614,31.73,21.27344
2023-12-22 10:05:47,125.065435125572,366.823181108424,321.02897638553,31.45,21.28516
2023-12-22 10:05:56,114.375864859572,313.876003188424,281.252882865241,31.38,21.65234
2023-12-22 10:06:04,109.422161565572,286.693300238424,264.740538551908,31.58,21.79688
2023-12-22 10:06:12,112.029373825572,285.038700928424,273.431246085241,32.02,21.33594
2023-12-22 10:06:20,116.852716506572,303.475664668424,289.509055021908,32.48,20.97461
2023-12-22 10:06:29,120.502813670572,313.166889198424,300.386779746594,32.53,20.95215
2023-12-22 10:06:38,119.981371218572,302.293808018424,299.937904061908,32.12,21.2168
2023-12-22 10:06:46,117.113437732572,300.402837378424,290.378125775241,31.76,21.73145
2023-12-22 10:06:55,116.461634667572,300.875580038424,288.205448891908,31.07,22.84473
2023-12-22 10:07:04,115.288389150572,311.039547228424,284.294630501908,31.05,23.07813
2023-12-22 10:07:12,116.331274054572,318.603453425557,287.770913515241,31.56,22.66016
2023-12-22 10:07:21,118.417043862572,326.640055008424,294.723479541908,31.78,22.42383
2023-12-22 10:07:30,118.808125701572,317.185201808424,296.027085671908,31.87,22.42871
2023-12-22 10:07:38,120.242092444572,321.439885748424,300.186224957363,32.04,22.43652
2023-12-22 10:07:48,119.720649992572,310.094061908424,299.068833308575,32.21,22.29688
2023-12-22 10:07:56,124.413632060572,314.112374518424,303.395101585056,32.49,21.96387
2023-12-22 10:08:05,130.149499032572,304.184778658424,307.807306948133,32.86,21.47461
2023-12-22 10:08:14,133.538874970572,313.876003188424,310.414519208133,33.13,21.20313
2023-12-22 10:08:23,128.194089837572,302.530179348424,306.303146028902,33.42,21.06738
2023-12-22 10:08:32,123.631468382572,294.257182798424,302.793437217363,33.61,20.62988
2023-12-22 10:08:40,120.111731831572,281.965873638424,300.085947562748,33.8,20.41504
2023-12-22 10:08:50,121.024256122572,289.529756198424,300.787889325056,33.99,20.69727
2023-12-22 10:08:59,123.240386543572,316.712459148424,302.492605033517,33.95,20.79395
2023-12-22 10:09:08,132.626350679572,361.150292825557,313.937866031946,33.18,20.93262
2023-12-22 10:09:16,141.099790524572,382.896431548424,341.12053943553,32.65,21.36523
2023-12-22 10:09:24,147.748181787572,387.623858148424,347.02982268553,32.12,22.15625
2023-12-22 10:09:33,149.182148530572,399.442424648424,361.80303081053,31.5,22.91602
2023-12-22 10:09:41,146.966018109572,412.679195491291,378.348994364114,30.95,23.30664
2023-12-22 10:09:50,146.835657496572,406.533564548424,370.66695568553,30.66,23.58691
2023-12-22 10:09:59,144.880248301572,405.824450558424,369.78056319803,30.56,23.32324
2023-12-22 10:10:08,139.665823781572,374.150715975557,330.188394969446,30.37,23.35059
2023-12-22 10:10:16,132.756711292572,350.986301998424,309.81285484044,29.9,23.92871
2023-12-22 10:10:25,124.674353286572,319.312520141291,303.595656374286,29.63,24.49121
2023-12-22 10:10:33,127.803007998572,327.349168998424,306.002313845056,29.64,24.65137
2023-12-22 10:10:42,130.019138419572,332.076595598424,307.707029553517,29.66,24.65332
2023-12-22 10:10:51,129.888777806572,336.567650868424,307.606752158902,29.4,24.79883
2023-12-22 10:11:00,127.933368611572,323.803599048424,306.102591239671,29.14,25.20117
2023-12-22 10:11:08,125.717238190572,322.385371068424,304.39787553121,28.96,25.1543
2023-12-22 10:11:17,124.935074512572,321.912628408424,303.796211163517,29.06,25.0498
2023-12-22 10:11:25,128.976253515572,326.640055008424,306.904810396594,29.14,25.20117
2023-12-22 10:11:34,136.015726617572,340.822334808424,312.319789705825,29.02,25.35352
2023-12-22 10:11:43,147.357099948572,361.623011848424,321.043923037363,29.17,25.53418
2023-12-22 10:11:51,158.437752053572,379.350861598424,336.68857699803,29.33,25.07715
2023-12-22 10:12:00,161.436046152572,384.551030858424,343.18878857303,29.32,25.08887
2023-12-22 10:12:08,164.564700864572,388.332995775557,347.916244719446,29.42,25.19141
2023-12-22 10:12:16,160.393161248572,379.350861598424,336.68857699803,29.23,25.02246
2023-12-22 10:12:25,160.262800635572,381.478203568424,339.34775446053,29.07,25.62598
2023-12-22 10:12:35,156.482342858572,389.278457458424,349.09807182303,28.94,25.97363
2023-12-22 10:12:44,151.007197112572,397.315059041291,359.143823801614,28.77,26.26953
2023-12-22 10:12:52,148.660706078572,389.751200118424,349.68900014803,28.56,26.44141
2023-12-22 10:13:00,150.094672821572,391.642170758424,352.05271344803,28.52,26.72168
2023-12-22 10:13:09,149.182148530572,394.005884058424,355.00735507303,28.46,26.9375
2023-12-22 10:13:21,149.051787917572,408.660906518424,373.32613314803,28.4,26.87305
2023-12-22 10:13:29,151.137557725572,439.625550748424,412.03193843553,28.36,26.6377
2023-12-22 10:13:37,149.442869756572,424.025042968424,392.53130371053,28.44,26.47168
2023-12-22 10:13:45,145.271330140572,409.370020508424,374.21252563553,28.35,26.40527
2023-12-22 10:13:54,137.971135812572,378.405352641291,335.506690801614,28.38,26.3457
2023-12-22 10:14:02,130.279859645572,344.840647418424,307.907584342748,28.32,26.7334
2023-12-22 10:14:10,133.147793131572,347.677079741291,310.113687024286,28.21,26.87402
2023-12-22 10:14:19,143.837363397572,372.259721698424,327.82465212303,28.26,26.91406
2023-12-22 10:14:27,155.830539793572,384.787425825557,343.484282281946,28.23,26.97266
2023-12-22 10:14:35,160.523521861572,391.642170758424,352.05271344803,28.07,27.21973
2023-12-22 10:14:44,163.912897799572,407.242702175557,371.553377719446,27.96,27.2373
2023-12-22 10:14:52,160.914603700572,397.078711348424,358.84838918553,27.82,27.37598
2023-12-22 10:15:01,162.218209830572,406.060845525557,370.076056906946,27.79,27.42285
2023-12-22 10:15:09,162.348570443572,405.824450558424,369.78056319803,27.75,27.48145
2023-12-22 10:15:17,154.918015502572,388.569343468424,348.21167933553,27.71,27.52832
2023-12-22 10:15:26,156.743064084572,385.969282475557,344.961603094446,27.6,27.67969
2023-12-22 10:15:34,153.744769985572,377.223495991291,334.029369989114,27.58,27.55664
2023-12-22 10:15:42,145.271330140572,358.550184558424,319.439484723517,27.8,27.16699
2023-12-22 10:15:51,137.971135812572,348.386217368424,313.823950625056,27.83,26.98535
2023-12-22 10:15:59,138.492578264572,342.949653141291,314.225060203517,28.04,26.69238
2023-12-22 10:16:08,144.098084623572,347.204360718424,318.536988171979,28.17,26.40625
2023-12-22 10:16:17,148.008903013572,364.459467808424,321.54531001044,28.23,25.93359
2023-12-22 10:16:25,147.878542400572,354.531871948424,321.445032615825,28.25,25.81152
2023-12-22 10:16:34,139.926545007572,343.186048108424,315.328111544286,28.19,25.72363
2023-12-22 10:16:42,137.319332747572,331.131086641291,313.322563651979,28.26,25.83691
2023-12-22 10:16:51,140.708708685572,328.058306625557,315.929775911979,28.23,25.7373
2023-12-22 10:16:59,138.883660103572,337.040369891291,314.525892387363,28.09,25.80371
2023-12-22 10:17:08,134.972841713572,345.313366441291,311.517570548902,27.99,25.8457
2023-12-22 10:17:16,125.326156351572,332.076595598424,304.097043347363,28.17,25.75879
2023-12-22 10:17:25,118.156322636572,317.657944468424,293.854408788575,28.13,25.73242
2023-12-22 10:17:34,118.286683249572,299.457352058424,294.288944165241,28.01,26.60547
2023-12-22 10:17:43,119.981371218572,293.784440138424,299.937904061908,27.89,27.17285
2023-12-22 10:17:51,120.633174283572,288.820642208424,300.48705714121,27.82,26.61816
2023-12-22 10:18:00,135.494284165572,299.930094718424,311.918680127363,27.74,26.99219
2023-12-22 10:18:08,155.569818567572,312.221403878424,327.361398898133,27.64,26.9375
2023-12-22 10:18:17,170.691649675572,336.567650868424,338.993576673517,27.72,27.05176
2023-12-22 10:18:25,163.261094734572,322.385371068424,333.27776518044,27.88,27.13477
2023-12-22 10:18:33,142.794478493572,308.439462598424,317.534214225825,28.05,26.50977
2023-12-22 10:18:42,136.537169069572,308.439462598424,312.720899284286,28.02,26.71582
2023-12-22 10:18:51,136.015726617572,313.876003188424,312.319789705825,27.9,27.22168
2023-12-22 10:18:59,152.050082016572,327.112797668424,324.653909243517,27.85,27.18164
2023-12-22 10:19:07,147.096378722572,312.930517868424,320.843368248133,28.15,27.12695
2023-12-22 10:19:15,131.713826388572,287.402414228424,309.010635683517,28.22,26.62891
2023-12-22 10:19:24,125.456516964572,276.765704378424,304.197320741979,28.3,26.13281
2023-12-22 10:19:33,119.329568153572,288.111528218424,297.765227178575,28.56,25.95215
2023-12-22 10:19:42,132.235268840572,335.622165548424,309.411745261979,28.82,25.89355
2023-12-22 10:19:51,150.616115273572,402.278880608424,365.34860076053,28.86,25.16016
2023-12-22 10:20:00,152.310803242572,419.061268675557,386.326585844446,29.17,24.50391
2023-12-22 10:20:09,139.796184394572,368.477780418424,323.09722552303,29.42,25.33887
2023-12-22 10:20:20,131.844187001572,343.186048108424,309.110913078133,29.26,26.29883
2023-12-22 10:20:28,125.065435125572,355.241009575557,306.551261969446,29.05,25.14648
2023-12-22 10:20:36,128.976253515572,380.532718248424,338.16589781053,28.97,25.12988
2023-12-22 10:20:45,132.495990066572,394.478626718424,355.59828339803,28.83,26.69043
2023-12-22 10:20:53,127.281565546572,363.986725148424,317.48340643553,28.7,25.32324
2023-12-22 10:21:01,124.804713899572,348.386217368424,303.695933768902,29.0,25.4873
2023-12-22 10:21:10,119.068846927572,328.767373341291,296.896156425241,29.23,25.25488
2023-12-22 10:21:18,110.465046469572,307.493977278424,268.216821565241,29.08,26.20215
2023-12-22 10:21:26,112.811537503572,338.458621508424,288.458621508424,29.12,26.38867
2023-12-22 10:21:34,113.984783020572,349.568074018424,299.568074018424,29.0,26.25977
2023-12-22 10:21:43,113.332979955572,348.386217368424,298.386217368424,28.74,25.45996
2023-12-22 10:21:51,111.247210147572,326.876449975557,276.876449975557,28.55,25.6582
2023-12-22 10:21:59,107.336391757572,279.129417678424,257.787972525241,28.35,25.79297
2023-12-22 10:22:07,106.423867466572,275.111105068424,254.746224888575,28.53,25.70605
2023-12-22 10:22:16,107.597112983572,269.910935808424,258.657043278575,28.77,26.02539
2023-12-22 10:22:24,113.724061794572,278.420303688424,279.080205981908,28.68,25.71387
2023-12-22 10:22:32,119.199207540572,290.002498858424,297.330691801908,28.61,26.31055
2023-12-22 10:22:41,131.062023323572,325.221803391291,308.50924871044,28.44,26.19043
2023-12-22 10:22:50,137.971135812572,366.823181108424,321.02897638553,28.47,25.66602
2023-12-22 10:22:58,136.797890295572,387.623858148424,347.02982268553,28.61,25.51465
2023-12-22 10:23:06,131.974547614572,390.460314108424,350.57539263553,28.63,25.77246
2023-12-22 10:23:16,128.845892902572,393.296770068424,354.12096258553,28.78,25.76953
2023-12-22 10:23:25,136.146087230572,389.751200118424,349.68900014803,28.91,25.39648
2023-12-22 10:23:33,137.840775199572,387.387486818424,346.73435852303,29.08,25.14844
2023-12-22 10:23:42,145.271330140572,394.242279025557,355.302848781946,29.01,25.45117
2023-12-22 10:23:51,141.230151137572,388.332995775557,347.916244719446,28.93,26.12012
2023-12-22 10:23:59,141.881954202572,399.206053318424,361.50756664803,28.85,25.90723
2023-12-22 10:24:08,135.233562939572,384.314635891291,342.893294864114,28.79,25.54883
2023-12-22 10:24:17,128.194089837572,371.077865048424,326.34733131053,28.86,25.84668
2023-12-22 10:24:25,126.629762481572,353.113643968424,305.099817293517,29.23,25.54883
2023-12-22 10:24:34,124.935074512572,333.731194908424,303.796211163517,29.49,25.26855
2023-12-22 10:24:43,128.194089837572,333.022080918424,306.303146028902,29.39,25.52148
2023-12-22 10:24:51,127.020844320572,333.731194908424,305.400649477363,29.36,25.37207
2023-12-22 10:25:01,124.152910834572,324.039946741291,303.194546795825,29.37,24.83301
2023-12-22 10:25:09,121.415337961572,317.185201808424,301.088721508902,29.55,24.59766
2023-12-22 10:25:17,121.154616735572,326.876449975557,300.888166719671,29.83,24.1582
2023-12-22 10:25:26,117.634880184572,360.441155198424,313.05144399803,29.95,23.99316
2023-12-22 10:25:34,123.370747156572,400.387909968424,362.98488746053,30.18,23.5625
2023-12-22 10:25:42,121.415337961572,417.406622091291,384.258277614114,30.47,23.24609
2023-12-22 10:25:50,118.025962023572,363.986725148424,317.48340643553,30.47,23.03516
2023-12-22 10:25:59,115.549110376572,342.713305448424,292.713305448424,30.56,23.13867
2023-12-22 10:26:07,125.586877577572,359.022927218424,311.27865902303,30.65,22.95898
2023-12-22 10:26:15,143.967724010572,403.933479918424,367.41684989803,30.66,22.77539
2023-12-22 10:26:24,154.657294276572,455.226034891291,431.532543614114,30.58,22.80762
2023-12-22 10:26:32,154.005491211572,457.826143158424,434.78267894803,30.59,23.05469
2023-12-22 10:26:40,144.749887688572,445.062114975557,418.827643719447,30.63,23.04395
2023-12-22 10:26:49,129.888777806572,423.315905341291,391.644881676614,30.79,23.17578
2023-12-22 10:26:57,127.542286772572,394.005884058424,355.00735507303,31.18,22.5791
2023-12-22 10:27:05,125.847598803572,371.077865048424,326.34733131053,31.45,22.62988
2023-12-22 10:27:14,124.804713899572,343.186048108424,303.695933768902,31.67,22.75195
2023-12-22 10:27:22,126.760123094572,339.404083191291,305.200094688133,32.01,23.26172
2023-12-22 10:27:31,130.670941484572,368.241432725557,322.801790906946,32.33,22.35254
2023-12-22 10:27:40,129.628056580572,367.059576075557,321.324470094446,32.65,22.39258
2023-12-22 10:27:48,130.801302097572,386.914744158424,346.14343019803,32.69,21.50391
2023-12-22 10:27:56,140.317626846572,394.242279025557,355.302848781946,32.51,21.69336
2023-12-22 10:28:04,149.312509143572,408.897277848424,373.62159731053,32.57,21.26367
2023-12-22 10:28:13,152.701885081572,447.898547298424,422.37318412303,32.68,21.07031
2023-12-22 10:28:21,151.007197112572,447.189433308424,421.48679163553,32.69,21.28125
2023-12-22 10:28:29,134.060317422572,424.734156958424,393.41769619803,32.57,20.78027
2023-12-22 10:28:38,130.410220258572,413.624704448424,379.53088056053,32.48,22.27246
2023-12-22 10:28:46,130.019138419572,410.788272125557,375.985340156946,32.35,22.625
2023-12-22 10:28:54,126.369041255572,379.114490268424,336.39311283553,32.43,22.11035
2023-12-22 10:29:02,123.370747156572,380.769065941291,338.461332426614,32.32,21.85742
2023-12-22 10:29:10,119.459928766572,359.968436175557,312.460545219446,32.38,21.55078
2023-12-22 10:29:19,118.286683249572,329.240163275557,294.288944165241,32.26,21.97754
2023-12-22 10:29:27,116.461634667572,316.476087818424,288.205448891908,32.59,21.4375
2023-12-22 10:29:36,116.591995280572,319.548915108424,288.639984268575,32.74,21.45703
2023-12-22 10:29:45,116.852716506572,301.821065358424,289.509055021908,32.65,21.46484
2023-12-22 10:29:53,119.068846927572,294.966296788424,296.896156425241,32.33,21.37598
2023-12-22 10:30:02,119.851010605572,281.020388318424,299.503368685241,32.03,22.22559
2023-12-22 10:30:12,123.761828995572,313.166889198424,302.893714611979,31.83,22.70996
2023-12-22 10:30:21,133.929956809572,348.149869675557,310.715351391979,31.64,21.93555
2023-12-22 10:30:30,144.489166462572,358.786579525557,318.837820355825,31.63,22.16992
2023-12-22 10:30:38,139.926545007572,346.258875398424,315.328111544286,31.58,22.37695
2023-12-22 10:30:48,134.581759874572,370.132356091291,325.165445114114,31.54,21.86914
2023-12-22 10:30:56,127.672647385572,398.733310658424,360.91663832303,31.28,22.54785
2023-12-22 10:31:05,153.875130598572,469.881104625557,449.851380781946,30.9,22.47852
2023-12-22 10:31:15,160.653882474572,493.281842658424,479.10230332303,31.11,22.48926
2023-12-22 10:31:24,159.480636957572,494.227304341291,480.284130426614,31.24,22.16309
2023-12-22 10:31:32,149.703590982572,469.408314691291,449.260393364114,31.25,22.11426
2023-12-22 10:31:41,150.616115273572,446.007576658424,420.00947082303,31.52,22.02832
2023-12-22 10:31:49,147.878542400572,407.951768891291,372.439711114114,31.63,22.67578
2023-12-22 10:31:57,150.094672821572,407.479049868424,371.84881233553,31.85,22.94629
2023-12-22 10:32:06,136.406808456572,380.296346918424,337.87043364803,31.87,22.21777
2023-12-22 10:32:14,130.149499032572,366.114067118424,320.14258389803,31.92,22.13477
2023-12-22 10:32:22,125.586877577572,375.332572625557,331.665715781946,31.93,22.24609
2023-12-22 10:32:30,124.543992673572,347.913474708424,303.495378979671,31.95,20.96289
2023-12-22 10:32:39,124.283271447572,359.968436175557,312.460545219446,31.84,20.64941
2023-12-22 10:32:47,125.717238190572,347.913474708424,304.39787553121,32.13,21.23047
2023-12-22 10:32:55,128.585171676572,373.205207018424,329.00650877303,32.14,21.15625
2023-12-22 10:33:04,130.410220258572,461.608108075557,439.510135094446,32.31,20.88086
2023-12-22 10:33:12,135.233562939572,536.537796048424,533.17224506053,32.69,20.61328
2023-12-22 10:33:20,134.972841713572,658.032683305557,554.0,32.55,20.39648
2023-12-22 10:33:28,133.147793131572,641.959385591291,560.0,32.22,20.01074
2023-12-22 10:33:37,128.585171676572,568.920668258424,573.65083532303,32.39,19.91895
2023-12-22 10:33:45,132.626350679572,506.991379798424,496.23922474803,32.28,20.01367
2023-12-22 10:33:53,133.408514357572,388.805714798424,348.50714349803,31.97,20.51855
2023-12-22 10:34:02,130.410220258572,346.731618058424,308.007861737363,32.1,20.25293
2023-12-22 10:34:11,123.892189608572,320.730771758424,302.993992006594,32.06,20.44922
2023-12-22 10:34:19,122.979665317572,390.223919141291,350.279898926614,32.08,20.64746
2023-12-22 10:34:27,145.662411979572,493.045447691291,478.806809614114,32.13,20.40234
2023-12-22 10:34:36,152.180442629572,522.119144918424,515.14893114803,32.13,20.58789
2023-12-22 10:34:44,166.520110059572,544.338073575557,542.922591969446,31.85,20.52539
2023-12-22 10:34:53,163.912897799572,520.228150641291,512.785188301614,31.76,20.84277
2023-12-22 10:35:01,162.348570443572,551.665561168424,552.08195146053,31.77,20.62109
2023-12-22 10:35:10,154.005491211572,561.829528358424,564.78691044803,31.86,20.36523
2023-12-22 10:35:18,147.748181787572,539.846994668424,537.30874333553,32.05,20.57227
2023-12-22 10:35:26,144.098084623572,488.790811025557,473.488513781946,31.98,20.43262
2023-12-22 10:35:34,143.707002784572,428.043331941291,397.554164926614,31.95,20.40625
2023-12-22 10:35:43,148.399984852572,482.881527775557,466.101909719446,32.14,20.55078
2023-12-22 10:35:51,159.610997570572,516.446232998424,508.05779124803,32.29,20.43457
2023-12-22 10:35:59,160.262800635572,568.211554268424,572.76444283553,32.09,20.4502
2023-12-22 10:36:08,156.612703471572,543.156216925557,541.445271156946,31.86,20.76074
2023-12-22 10:36:17,156.091261019572,487.845302068424,472.30662758553,31.8,20.40039
2023-12-22 10:36:25,135.363923552572,380.059999225557,337.574999031946,32.18,20.02148
2023-12-22 10:36:33,125.065435125572,363.750353818424,317.18794227303,32.37,19.73242
2023-12-22 10:36:42,121.806419800572,344.840647418424,301.389553692748,32.49,19.47852
2023-12-22 10:36:50,108.639997887572,338.458621508424,288.458621508424,32.32,19.59473
2023-12-22 10:36:59,106.684588692572,317.421573138424,267.421573138424,32.91,19.18652
2023-12-22 10:37:07,107.857834209572,321.676233441291,271.676233441291,33.28,18.85547
2023-12-22 10:37:16,108.900719113572,315.530602498424,265.530602498424,33.49,18.67773
2023-12-22 10:37:25,110.204325243572,330.185624958424,280.185624958424,33.79,18.4541
2023-12-22 10:37:34,108.509637274572,320.021657768424,270.021657768424,33.99,18.26367
2023-12-22 10:37:43,105.250621949572,287.166042898424,250.835406498575,34.18,18.11035
2023-12-22 10:37:51,108.509637274572,308.912205258424,261.698790915241,34.02,18.20313
2023-12-22 10:38:00,122.458222865572,368.714151748424,323.39268968553,33.61,18.54688
2023-12-22 10:38:09,131.713826388572,405.351707898424,369.18963487303,33.21,18.93945
2023-12-22 10:38:18,136.928250908572,416.461160408424,383.07645051053,32.95,18.8916
2023-12-22 10:38:27,129.106614128572,367.532295098424,321.91536887303,32.88,18.97461
2023-12-22 10:38:36,119.068846927572,312.694146538424,296.896156425241,33.04,19.01855
2023-12-22 10:38:44,120.893895509572,303.948407328424,300.68761193044,33.38,19.10742
2023-12-22 10:38:53,120.633174283572,312.694146538424,300.48705714121,33.16,19.07324
2023-12-22 10:39:03,131.062023323572,323.330880025557,308.50924871044,32.96,19.07715
2023-12-22 10:39:14,134.712120487572,325.458198358424,311.317015759671,32.67,19.21387
2023-12-22 10:39:23,141.230151137572,326.876449975557,316.33088549044,32.53,19.99902
2023-12-22 10:39:53,124.543992673572,291.420726838424,303.495378979671,32.54,19.61621
2023-12-22 10:40:01,127.542286772572,307.730348608424,305.801759055825,32.95,18.8916
2023-12-22 10:40:09,128.194089837572,306.548491958424,306.303146028902,32.7,19.04199
2023-12-22 10:40:18,114.897307311572,289.057013538424,282.991024371908,32.5,19.20703
2023-12-22 10:40:26,109.552522178572,279.129417678424,265.175073928575,32.88,19.0
2023-12-22 10:40:35,104.989900723572,271.801906448424,249.966335745241,32.84,19.04785
2023-12-22 10:40:43,103.164852141572,271.329163788424,243.882840471908,32.84,19.19629
2023-12-22 10:40:51,103.295212754572,267.310851178424,244.317375848575,33.06,19.13086
2023-12-22 10:41:00,104.729179497572,270.620049798424,249.097264991908,33.25,18.80469
2023-12-22 10:41:08,104.468458271572,271.801906448424,248.228194238575,33.2,18.70313
2023-12-22 10:41:16,105.380982562572,271.565535118424,251.269941875241,33.6,18.5459
2023-12-22 10:41:24,104.729179497572,293.075326148424,249.097264991908,33.49,18.56641
2023-12-22 10:41:32,104.468458271572,297.093638758424,248.228194238575,33.59,18.57031
2023-12-22 10:41:42,104.598818884572,320.494376791291,270.494376791291,33.69,18.46289
2023-12-22 10:41:51,103.947015819572,320.730771758424,270.730771758424,33.41,19.03418
2023-12-22 10:41:59,104.989900723572,333.967589875557,283.967589875557,33.01,19.26563
2023-12-22 10:42:07,106.032785627572,335.858513241291,285.858513241291,32.8,19.49219
2023-12-22 10:42:16,107.988194822572,347.677079741291,297.677079741291,32.95,19.21289
2023-12-22 10:42:25,109.552522178572,349.568074018424,299.568074018424,33.05,18.99414
2023-12-22 10:42:33,109.813243404572,320.730771758424,270.730771758424,33.19,18.80176
2023-12-22 10:42:42,113.072258729572,328.767373341291,278.767373341291,33.21,18.51855
2023-12-22 10:42:50,114.766946698572,353.586362991291,304.482953739114,32.97,18.32227
2023-12-22 10:42:58,112.681176890572,365.168581798424,318.96072724803,32.72,18.62109
2023-12-22 10:43:06,111.507931373572,388.332995775557,347.916244719446,32.75,18.56055
2023-12-22 10:43:14,105.902425014572,335.385794218424,285.385794218424,32.81,18.43945
2023-12-22 10:43:23,104.077376432572,330.185624958424,280.185624958424,32.8,19.19434
2023-12-22 10:43:35,104.077376432572,315.294231168424,265.294231168424,33.08,19.20605
2023-12-22 10:43:44,109.943604017572,317.185201808424,267.185201808424,33.07,19.3418
2023-12-22 10:43:52,113.593701181572,320.967166725557,278.645670605241,33.04,19.37793
2023-12-22 10:44:01,117.765240797572,333.494799941291,292.550802658575,33.75,18.93652
2023-12-22 10:44:09,116.722355893572,335.149446525557,289.074519645241,34.0,18.86035
2023-12-22 10:44:19,119.851010605572,335.622165548424,299.503368685241,34.06,18.52734
2023-12-22 10:44:27,116.852716506572,324.276341708424,289.509055021908,34.1,18.65332
2023-12-22 10:44:35,115.158028537572,307.493977278424,283.860095125241,34.25,18.57227
2023-12-22 10:44:44,117.765240797572,302.293808018424,292.550802658575,34.39,18.26758
2023-12-22 10:44:52,118.156322636572,291.420726838424,293.854408788575,34.28,18.74707
2023-12-22 10:45:00,123.240386543572,294.729925458424,302.492605033517,34.43,18.53027
2023-12-22 10:45:08,122.849304704572,287.638785558424,302.191772849671,34.85,18.43457
2023-12-22 10:45:17,120.893895509572,289.293384868424,300.68761193044,34.92,17.99023
2023-12-22 10:45:25,119.851010605572,288.111528218424,299.503368685241,35.05,17.7207
2023-12-22 10:45:33,116.461634667572,275.820219058424,288.205448891908,35.08,17.21191
2023-12-22 10:45:42,116.070552828572,270.147307138424,286.901842761908,34.96,17.18262
2023-12-22 10:45:50,112.420455664572,262.110681918424,274.734852215241,35.25,17.15527
2023-12-22 10:45:59,112.029373825572,263.528909898424,273.431246085241,35.62,17.00781
2023-12-22 10:46:07,112.420455664572,280.311274328424,274.734852215241,35.86,16.8916
2023-12-22 10:46:16,113.724061794572,288.347899548424,279.080205981908,36.02,16.76074
2023-12-22 10:46:24,113.854422407572,287.638785558424,279.514741358575,36.23,16.61816
2023-12-22 10:46:32,112.811537503572,285.275072258424,276.038458345241,36.36,16.49805
2023-12-22 10:46:41,112.029373825572,279.129417678424,273.431246085241,36.16,16.32813
2023-12-22 10:46:49,111.507931373572,274.874733738424,271.693104578575,36.06,16.46191
2023-12-22 10:46:58,112.550816277572,289.057013538424,275.169387591908,35.62,17.08301
2023-12-22 10:47:07,113.854422407572,289.766127528424,279.514741358575,35.33,17.10938
2023-12-22 10:47:15,113.984783020572,294.966296788424,279.949276735241,35.13,17.4873
2023-12-22 10:47:24,116.070552828572,291.657098168424,286.901842761908,34.81,17.88574
2023-12-22 10:47:33,114.766946698572,286.456928908424,282.556488995241,34.04,18.53906
2023-12-22 10:47:41,117.634880184572,294.729925458424,292.116267281908,33.88,18.37109
2023-12-22 10:47:52,120.111731831572,298.984609398424,300.085947562748,33.51,18.54199
2023-12-22 10:48:01,117.765240797572,299.457352058424,292.550802658575,33.0,19.26465
2023-12-22 10:48:09,116.591995280572,307.493977278424,288.639984268575,32.58,19.32129
2023-12-22 10:48:18,113.332979955572,289.766127528424,277.776599851908,32.7,19.38867
2023-12-22 10:48:26,120.763534896572,285.511443588424,300.587334535825,32.56,19.66699
2023-12-22 10:48:34,139.405102555572,307.493977278424,314.927001965825,32.82,19.46777
2023-12-22 10:48:43,141.360511750572,306.075749298424,316.431162885056,32.54,19.65332
2023-12-22 10:48:53,137.971135812572,327.585516691291,313.823950625056,32.35,19.84375
2023-12-22 10:49:02,130.670941484572,359.022927218424,311.27865902303,32.88,19.06152
2023-12-22 10:49:11,127.803007998572,364.695862775557,318.369828469446,33.39,18.37598
2023-12-22 10:49:19,129.628056580572,363.750353818424,317.18794227303,33.13,17.7334
2023-12-22 10:49:29,121.936780413572,327.821911658424,301.489831087363,32.49,18.89648
2023-12-22 10:49:41,112.941898116572,375.332572625557,331.665715781946,32.93,19.07617
2023-12-22 10:49:52,113.463340568572,390.933056768424,351.16632096053,33.01,19.22852
2023-12-22 10:50:03,112.681176890572,374.150715975557,330.188394969446,32.64,19.18945
2023-12-22 10:50:13,105.511343175572,341.058729775557,291.058729775557,32.76,19.44043
2023-12-22 10:50:21,103.816655206572,324.985455698424,274.985455698424,32.96,19.39941
2023-12-22 10:50:31,103.686294593572,283.384101618424,245.620981978575,32.96,19.44922
2023-12-22 10:50:39,107.466752370572,278.656675018424,258.222507901908,32.37,20.04199
2023-12-22 10:50:47,110.465046469572,290.002498858424,268.216821565241,32.28,20.45898
2023-12-22 10:50:56,111.116849534572,297.330010088424,270.389498448575,32.07,20.60938
2023-12-22 10:51:04,114.506225472572,297.566381418424,281.687418241908,32.4,20.15527
2023-12-22 10:51:13,114.897307311572,291.893469498424,282.991024371908,32.17,20.12012
2023-12-22 10:51:21,122.718944091572,290.947984178424,302.091495455056,32.19,20.39258
2023-12-22 10:51:30,126.760123094572,301.348322698424,305.200094688133,32.31,20.39844
2023-12-22 10:51:38,133.278153744572,319.312520141291,310.213964418902,32.5,20.2832
2023-12-22 10:51:46,141.751593589572,335.385794218424,316.731995068902,32.63,19.94238
2023-12-22 10:51:55,135.755005391572,330.422019925557,312.119234916594,32.62,19.9541
2023-12-22 10:52:03,138.231857038572,332.076595598424,314.024505414286,32.66,19.96875
2023-12-22 10:52:12,136.406808456572,332.785733225557,312.620621889671,32.67,20.01855
2023-12-22 10:52:20,145.792772592572,344.604299725557,319.840594301979,32.69,19.99414
2023-12-22 10:52:28,145.532051366572,348.858936391291,319.640039512748,32.79,19.75098
2023-12-22 10:52:37,141.621232976572,340.113220818424,316.631717674286,33.06,19.47852
2023-12-22 10:52:45,136.015726617572,335.385794218424,312.319789705825,33.35,19.24219
2023-12-22 10:52:53,130.410220258572,323.330880025557,308.007861737363,33.68,18.9834
2023-12-22 10:53:02,133.669235583572,324.985455698424,310.514796602748,33.95,18.88281
2023-12-22 10:53:10,135.363923552572,316.239716488424,311.818402732748,33.97,18.54883
2023-12-22 10:53:19,144.749887688572,326.403660041291,319.038375145056,34.1,18.44238
2023-12-22 10:53:27,143.446281558572,314.348745848424,318.035601198902,34.08,18.08105
2023-12-22 10:53:36,145.662411979572,308.912205258424,319.740316907363,33.88,18.27148
2023-12-22 10:53:45,142.273036041572,311.985032548424,317.133104647363,33.88,18.55762
2023-12-22 10:53:53,142.403396654572,324.749084368424,317.233382041979,33.88,18.27148
2023-12-22 10:54:01,141.490872363572,332.076595598424,316.531440279671,33.76,18.2666
2023-12-22 10:54:10,136.406808456572,332.785733225557,312.620621889671,33.79,18.24316
2023-12-22 10:54:18,130.410220258572,314.348745848424,308.007861737363,34.09,17.95801
2023-12-22 10:54:26,124.152910834572,300.639208708424,303.194546795825,34.48,17.66211
2023-12-22 10:54:35,121.936780413572,291.184355508424,301.489831087363,34.86,17.48926
2023-12-22 10:54:44,122.458222865572,299.457352058424,301.890940665825,34.89,17.03027
2023-12-22 10:54:53,123.240386543572,298.511866738424,302.492605033517,34.99,16.90918
2023-12-22 10:55:01,120.502813670572,289.057013538424,300.386779746594,35.47,16.41699
2023-12-22 10:55:10,117.895601410572,275.583847728424,292.985338035241,35.55,16.21973
2023-12-22 10:55:19,112.420455664572,254.783170688424,274.734852215241,35.61,16.17188
2023-12-22 10:55:28,113.202619342572,250.764858078424,277.342064475241,36.01,16.03613
2023-12-22 10:55:37,118.417043862572,264.238023888424,294.723479541908,36.09,15.96484
2023-12-22 10:55:46,138.231857038572,303.239293338424,314.024505414286,36.45,15.83984
2023-12-22 10:55:55,144.228445236572,326.640055008424,318.637265566594,36.65,15.65918
2023-12-22 10:56:03,148.269624239572,338.931364168424,321.745864799671,36.73,15.48633
2023-12-22 10:56:12,134.581759874572,320.021657768424,311.216738365056,36.94,15.28125
2023-12-22 10:56:21,133.147793131572,298.039124078424,310.113687024286,37.13,15.2373
2023-12-22 10:56:30,142.794478493572,306.312120628424,317.534214225825,37.22,15.12793
2023-12-22 10:56:38,147.096378722572,316.948830478424,320.843368248133,37.34,14.85645
2023-12-22 10:56:47,151.789360790572,330.185624958424,324.453354454286,37.54,14.7373
2023-12-22 10:56:55,154.787654889572,336.331303175557,326.75973453044,37.81,14.58301
2023-12-22 10:57:04,141.621232976572,308.203091268424,316.631717674286,37.96,14.46191
2023-12-22 10:57:12,138.883660103572,310.094061908424,314.525892387363,38.2,14.25684
2023-12-22 10:57:21,134.581759874572,310.803175898424,311.216738365056,38.31,14.24707
2023-12-22 10:57:29,134.060317422572,317.185201808424,310.815628786594,38.14,14.24219
2023-12-22 10:57:38,135.885366004572,315.766973828424,312.21951231121,37.46,14.57227
2023-12-22 10:57:46,137.971135812572,322.385371068424,313.823950625056,36.71,15.08594
2023-12-22 10:57:54,138.622938877572,328.294654318424,314.325337598133,36.42,15.38867
2023-12-22 10:58:02,136.015726617572,343.186048108424,312.319789705825,36.22,15.33203
2023-12-22 10:58:11,133.538874970572,338.222226541291,310.414519208133,35.89,15.57031
2023-12-22 10:58:19,129.888777806572,315.766973828424,307.606752158902,35.48,15.83105
2023-12-22 10:58:27,124.413632060572,297.566381418424,303.395101585056,35.41,16.08984
2023-12-22 10:58:36,117.634880184572,271.565535118424,292.116267281908,35.18,16.34375
2023-12-22 10:58:44,116.200913441572,271.329163788424,287.336378138575,35.46,16.22852
2023-12-22 10:58:53,116.722355893572,267.074479848424,289.074519645241,35.31,16.24902
2023-12-22 10:59:01,124.152910834572,276.529333048424,303.194546795825,35.16,16.47949
2023-12-22 10:59:10,145.662411979572,293.784440138424,319.740316907363,35.01,16.84863
2023-12-22 10:59:18,146.314215044572,301.584694028424,320.24170388044,34.91,16.90625
2023-12-22 10:59:29,142.664117880572,309.148576588424,317.43393683121,34.79,16.91504
2023-12-22 10:59:38,128.194089837572,304.184778658424,306.303146028902,34.79,16.88965
2023-12-22 10:59:46,132.104908227572,308.203091268424,309.311467867363,34.6,16.91992
2023-12-22 10:59:55,153.353688146572,331.840224268424,325.656683189671,34.45,17.23828
2023-12-22 11:00:03,156.482342858572,340.585939841291,328.06334066044,34.24,16.90723
2023-12-22 11:00:11,167.823716189572,331.367481608424,336.787473991979,34.32,17.13379
2023-12-22 11:00:19,152.441163855572,314.821488508424,324.954741427363,34.44,16.97656
2023-12-22 11:00:27,137.058611521572,289.293384868424,313.122008862748,34.99,16.62305
2023-12-22 11:00:36,120.372453057572,266.601737188424,300.286502351979,35.25,16.3457
2023-12-22 11:00:45,116.200913441572,265.656251868424,287.336378138575,35.1,16.30371
2023-12-22 11:00:56,120.502813670572,266.365365858424,300.386779746594,35.25,16.23438
2023-12-23 06:20:57,194.156560015572,545.992649248424,544.99081156053,16.58,72.36328
2023-12-23 06:21:05,230.266449816572,573.884489825557,579.855612281946,16.61,72.36914
2023-12-23 06:22:11,230.918252881572,569.866129941291,574.832662426614,17.23,70.31543
2023-12-23 06:30:18,236.002329824634,613.122106968424,558.0,18.63,64.97852
2023-12-23 06:30:26,241.738183760572,647.159602125557,550.0,18.57,65.15918
2023-12-23 06:30:35,249.038391124634,643.377637208424,559.0,18.47,65.3457
2023-12-23 06:30:43,279.933843369572,657.323522041291,547.0,18.4,65.64258
2023-12-23 06:31:25,278.369529049634,664.414661941291,554.0,18.19,66.74609
2023-12-23 06:34:53,248.908017475572,617.140395941291,544.0,18.35,65.28027
2023-12-23 06:36:21,267.810306360572,628.958962441291,557.0,18.12,63.70996
2023-12-23 06:37:22,260.249390806572,638.886605575557,558.0,17.56,64.8916
2023-12-23 06:37:30,256.077851190572,648.814154161291,549.0,17.49,65.17773
2023-12-23 06:37:39,257.381457320572,654.487113355557,551.0,17.42,65.43848
2023-12-23 06:37:47,262.595881840572,663.232805291291,555.0,17.37,65.50391
2023-12-23 06:40:52,267.549585134572,667.251165175557,560.0,16.75,67.81445
2023-12-23 06:41:01,262.856603066572,658.741773658424,544.0,16.74,68.13086
2023-12-23 06:41:09,258.163634034634,636.995587661291,546.0,16.72,68.41113
2023-12-23 06:41:32,259.597587741572,649.050525491291,552.0,16.61,68.89941
2023-12-23 06:41:41,259.597587741572,655.196203708424,555.0,16.55,69.19531
2023-12-23 06:47:38,275.371221914572,657.087150711291,552.0,16.27,73.63965
2023-12-23 06:47:46,275.892664366572,659.923630308424,543.0,16.2,73.24219
2023-12-23 06:49:34,265.072720451511,669.851249805557,541.0,15.81,72.93066
2023-12-23 06:49:42,262.465508191511,663.469200258424,557.0,15.8,72.82227
2023-12-23 06:49:50,264.551291035572,667.251165175557,546.0,15.75,72.58008
2023-12-23 06:49:58,269.113912490572,665.123823205557,559.0,15.74,72.4248
2023-12-23 06:50:06,273.285452106572,666.778375241291,540.0,15.7,72.30176
2023-12-23 06:54:58,272.112206589572,656.614455325557,547.0,15.72,70.31152
2023-12-23 07:05:05,243.041789890572,631.559070708424,556.0,14.57,73.75488
2023-12-23 07:05:13,239.391692726572,616.667676918424,542.0,14.63,73.3457
2023-12-23 07:05:21,243.823966604634,631.559070708424,553.0,14.61,73.15527
2023-12-23 07:06:38,257.772539159572,661.578253255557,554.0,14.59,72.37891
2023-12-23 07:07:14,246.170431566511,639.832067258424,546.0,14.56,72.24512
2023-12-23 07:07:23,251.384856086511,669.142088541291,541.0,14.57,73.12305
2023-12-23 07:09:56,270.678239846572,652.359724111291,541.0,14.45,75.18555
2023-12-23 07:10:04,269.765715555572,663.705595225557,553.0,14.47,75.53906
2023-12-23 07:10:12,268.462109425572,662.996433961291,550.0,14.45,75.75684
2023-12-23 07:11:11,271.851498399634,658.269007361291,556.0,14.79,76.16699
2023-12-23 07:24:33,264.551291035572,669.142088541291,548.0,16.15,73.37207
2023-12-23 07:24:41,265.333467749634,658.505378691291,552.0,16.17,73.04785
2023-12-23 07:24:49,261.683357549572,647.632297511291,549.0,16.16,72.65918
2023-12-23 07:24:58,257.511830969634,640.777528941291,549.0,16.12,72.21777
2023-12-23 07:31:12,266.245979004572,644.559493858424,550.0,16.58,70.77637
2023-12-23 07:31:20,259.336866515572,625.886182425557,558.0,16.6,69.81543
2023-12-23 07:32:22,257.251083671511,630.140819091291,554.0,16.66,68.75488
2023-12-23 07:34:46,231.178961071511,664.651056908424,557.0,16.97,69.6377
2023-12-23 07:35:28,232.612940850572,659.450864011291,555.0,17.17,69.1377
2023-12-23 07:38:56,266.637073879634,669.614878475557,545.0,18.47,67.46191
2023-12-23 07:39:04,265.854897165572,658.741773658424,556.0,18.43,67.56348
2023-12-23 07:40:00,262.335160614572,638.886605575557,543.0,18.59,68.37891
2023-12-23 07:40:08,260.770846294634,633.922784008424,540.0,18.64,68.15039
2023-12-23 07:40:17,259.076145289572,651.177867461291,554.0,18.66,68.10645
2023-12-23 07:40:25,260.119043229634,653.305256705557,542.0,18.7,67.94629
2023-12-23 07:40:34,257.381457320572,643.141242241291,556.0,18.72,67.79492
2023-12-23 07:40:45,260.249390806572,641.723014261291,552.0,18.75,67.64648
2023-12-23 07:40:54,256.599280606511,632.977322325557,545.0,18.8,67.5127
2023-12-23 07:41:02,257.902886736511,645.741350508424,542.0,18.81,67.39551
2023-12-23 07:41:10,256.077851190572,639.122976905557,541.0,18.82,67.19531
2023-12-23 07:41:19,258.163634034634,649.286920458424,545.0,18.84,66.98535
2023-12-23 07:41:29,255.295674476511,625.413392491291,559.0,18.85,66.81055
2023-12-23 07:42:02,254.513523834572,601.776259491291,547.0,19.05,65.88086
2023-12-23 07:42:10,252.427754026572,626.831644108424,558.0,19.16,65.31738
2023-12-23 07:42:18,267.810306360572,625.649787458424,540.0,19.21,64.93262
2023-12-23 07:44:11,169.518404158572,363.750353818424,338.091080121979,20.19,62.39062
2023-12-23 07:47:48,164.434340251572,337.040369891291,334.180261731979,20.79,59.58105
2023-12-23 07:49:37,158.437752053572,348.622588698424,329.567501579671,20.86,58.83887
2023-12-23 07:49:45,248.256214410572,592.794196225557,560.0,20.76,59.05371
2023-12-23 07:53:21,110.073964630572,275.820219058424,266.913215435241,20.97,59.52051
2023-12-23 08:01:32,253.340265281511,572.466238208424,578.08279776053,21.53,58.76074
2023-12-23 08:01:41,252.297406449634,583.575690718424,591.96961339803,21.5,59.10254
2023-12-23 08:01:50,261.292275710572,600.121683818424,560.0,21.46,58.82227
2023-12-23 08:01:58,276.544467431572,626.831644108424,557.0,21.48,59.24219
2023-12-23 08:03:42,309.525702520572,654.723437411291,545.0,21.84,57.43945
2023-12-23 08:03:51,240.043495791572,555.211131118424,556.51391389803,21.84,57.47559
2023-12-23 08:03:59,246.040083989572,562.065923325557,565.082404156946,21.85,57.34473
2023-12-23 08:04:07,247.213329506572,562.774990041291,565.968737551614,21.84,57.41602
2023-12-23 08:04:15,247.474037696511,558.283958408424,560.35494801053,21.82,57.45996
2023-12-23 08:04:23,249.038391124634,560.647671708424,563.30958963553,21.82,57.63965
2023-12-23 08:04:31,252.558114639572,564.665984318424,568.33248039803,21.82,57.73535
2023-12-23 08:04:39,253.470638930572,565.611493275557,569.514366594446,21.69,57.7793
2023-12-23 08:04:48,249.950902379572,571.284381558424,576.60547694803,21.77,57.93164
2023-12-23 08:04:56,241.607810111511,574.593556541291,580.741945676614,21.76,58.18164
2023-12-23 08:05:04,242.650708051572,571.993495548424,577.49186943553,21.78,58.25684
2023-12-23 08:05:12,242.129265599572,575.775413191291,582.219266489114,21.74,58.66895
2023-12-23 08:05:20,245.779375799634,568.447925598424,573.05990699803,21.79,58.78223
2023-12-23 08:05:28,257.251083671511,581.684696441291,589.605870551614,21.77,58.78125
2023-12-23 08:05:36,262.856603066572,594.921514558424,548.0,21.78,58.78125
2023-12-23 08:05:44,266.767421456572,596.812485198424,541.0,21.77,58.57715
2023-12-23 08:05:53,267.158503295572,588.066769625557,597.583462031946,21.59,58.3623
2023-12-23 08:06:01,265.724523516511,582.866553091291,591.083191364114,21.77,58.32617
2023-12-23 08:06:22,262.595881840572,581.448348748424,589.31043593553,21.7,58.61523
2023-12-23 08:06:30,263.378058554634,588.775836341291,598.469795426614,21.69,58.68555
2023-12-23 08:06:38,267.810306360572,610.049256041291,547.0,21.68,58.64746
2023-12-23 08:06:46,271.199695334634,619.740504208424,547.0,21.69,58.64844
2023-12-23 08:06:54,272.372927815572,639.122976905557,555.0,21.65,58.78711
2023-12-23 08:07:03,277.848073561572,646.450440861291,557.0,21.66,59.35059
2023-12-23 08:07:12,283.453579920572,661.341881925557,551.0,21.65,59.18164
2023-12-23 08:08:16,274.197963361511,667.487536505557,543.0,21.38,58.75293
2023-12-23 08:08:32,267.028129646511,666.778375241291,559.0,21.4,58.57617
2023-12-23 08:08:40,271.199695334634,653.777952091291,541.0,21.35,58.49805
2023-12-23 08:08:49,268.462109425572,648.577830105557,551.0,21.26,58.35449
2023-12-23 08:08:57,273.024730880572,640.541157611291,546.0,21.29,58.41895
2023-12-23 08:09:07,273.806907594634,644.323098891291,543.0,21.36,58.4043
2023-12-23 08:09:16,283.192858694572,649.050525491291,545.0,21.44,58.24805
2023-12-23 08:09:24,295.968211804634,654.723437411291,559.0,21.52,58.11426
2023-12-23 08:09:32,295.577116929572,646.686812191291,551.0,21.55,58.19043
2023-12-23 08:09:40,301.704065740572,647.159602125557,556.0,21.53,58.08008
2023-12-23 08:09:49,301.964786966572,646.923207158424,545.0,21.55,58.22559
2023-12-23 08:10:00,298.053968576572,645.977745475557,550.0,21.57,58.0
2023-12-23 08:10:08,284.757186050572,654.487113355557,544.0,21.51,58.38867
2023-12-23 08:10:16,275.762316789634,666.778375241291,542.0,21.45,58.6543
2023-12-23 08:10:24,271.330042911572,667.014770208424,542.0,21.39,59.06348
2023-12-23 08:18:25,258.424342224572,626.595249141291,560.0,22.21,56.2666
2023-12-23 08:18:34,266.897782069572,648.577830105557,545.0,22.15,56.12891
2023-12-23 08:18:43,247.604411345572,593.030543918424,541.0,22.27,56.14258
2023-12-23 08:18:51,233.916546980572,561.356785698424,564.19598212303,22.29,55.95312
2023-12-23 08:18:59,229.223551876511,549.065500175557,548.831875219446,22.33,55.91113
2023-12-23 08:19:07,228.571748811511,540.792503625557,538.490629531946,22.36,55.85352
2023-12-23 08:19:15,228.050319395572,538.665138018424,535.83142252303,22.39,55.88184
2023-12-23 08:19:24,230.136102239634,541.974360275557,539.967950344446,22.44,56.00781
2023-12-23 08:19:32,235.220153110572,558.520353375557,560.650441719446,22.51,55.87305
2023-12-23 08:19:40,236.784480466572,578.139126491291,585.173908114114,22.54,55.85254
2023-12-23 08:19:48,236.132677401572,576.248203125557,582.810253906946,22.51,55.72949
2023-12-23 08:19:56,236.784480466572,583.575690718424,591.96961339803,22.51,55.62207
2023-12-23 08:20:04,242.911416241511,579.793773075557,587.242216344446,22.52,55.71973
2023-12-23 08:20:12,250.341997254634,581.684696441291,589.605870551614,22.59,55.62109
2023-12-23 08:20:20,252.558114639572,593.266915248424,550.0,22.66,55.48535
2023-12-23 08:20:29,254.513523834572,591.848687268424,557.0,22.68,55.05664
2023-12-23 08:20:37,249.950902379572,586.412123041291,595.515153801614,22.72,54.78613
2023-12-23 08:20:45,242.389986825572,574.593556541291,580.741945676614,22.82,54.71387
2023-12-23 08:20:53,240.304203981511,559.229420091291,561.536775114114,22.88,54.6377
2023-12-23 08:21:01,233.655825754572,549.301847868424,549.12730983553,22.93,54.54785
2023-12-23 08:21:09,233.264743915572,548.119991218424,547.64998902303,22.99,54.38574
2023-12-23 08:21:17,234.959431884572,551.192818508424,551.49102313553,22.94,54.24902
2023-12-23 08:21:25,235.350526759634,551.665561168424,552.08195146053,22.86,54.44336
2023-12-23 08:21:33,239.652400916511,557.338496725557,559.173120906946,22.82,54.49707
2023-12-23 08:21:41,244.215022371511,565.375098308424,569.21887288553,22.83,54.71484
2023-12-23 08:21:49,247.474037696511,570.575267568424,575.71908446053,22.89,54.79297
2023-12-23 08:21:58,249.429446891511,575.302694168424,581.62836771053,23.01,54.08984
2023-12-23 08:22:06,252.167032800572,571.047986591291,576.309983239114,23.08,54.21875
2023-12-23 08:22:14,254.513523834572,569.629782248424,574.53722781053,23.15,53.96289
2023-12-23 08:22:22,251.906311574572,565.847840968424,569.80980121053,23.17,53.83398
2023-12-23 08:22:30,250.863426670572,567.975206575557,572.469008219446,23.28,53.75098
2023-12-23 08:22:38,251.906311574572,568.684273291291,573.355341614114,23.32,53.47852
2023-12-23 08:22:46,267.810306360572,573.175352198424,578.96919024803,23.31,53.29785
2023-12-23 08:23:28,48.4133946815724,87.6686403784241,87.6686403784241,23.69,52.5625
2023-12-23 08:23:36,117.504519571572,244.855574828424,291.681731905241,23.76,51.99219
2023-12-23 08:23:45,179.165089520572,382.660060218424,345.511607323517,23.82,51.63965
2023-12-23 08:23:53,240.043495791572,517.628089648424,509.53511206053,23.93,51.5791
2023-12-23 08:24:02,248.777643826511,535.119568068424,531.39946008553,24.07,51.59668
2023-12-23 08:24:10,248.386588059634,541.737965308424,539.67245663553,24.09,51.38184
2023-12-23 08:24:18,249.559820540572,552.847417818424,553.55927227303,24.12,51.25293
2023-12-23 08:24:26,252.688462216511,566.793349925557,570.991687406946,24.17,51.15039
2023-12-23 08:24:35,258.815437099634,575.775413191291,582.219266489114,24.17,50.92188
2023-12-23 08:24:43,258.945784676572,584.993918698424,593.74239837303,24.19,50.7793
2023-12-23 08:24:52,257.902886736511,594.921514558424,558.0,24.17,50.75293
2023-12-23 08:25:01,254.904618709634,616.667676918424,546.0,24.22,50.70996
2023-12-23 08:25:10,254.252815644634,645.977745475557,556.0,24.27,50.8125
2023-12-23 08:25:19,259.597587741572,663.941966555557,560.0,24.32,50.60156
2023-12-23 08:25:27,258.554689801511,656.850826655557,543.0,24.37,50.54688
2023-12-23 08:25:36,253.470638930572,623.286074158424,557.0,24.42,50.47949
2023-12-23 08:25:45,249.299099314572,596.339766175557,560.0,24.45,50.36328
2023-12-23 08:26:41,264.160209196572,615.722191598424,552.0,24.32,50.80566
2023-12-23 08:26:51,284.105382985572,667.960231891291,558.0,24.31,50.81836
2023-12-23 08:27:08,282.671403206511,644.559493858424,541.0,24.5,50.64648
2023-12-23 08:27:17,283.453579920572,632.504532391291,545.0,24.53,50.2041
2023-12-23 08:27:25,275.110513724634,616.904048248424,541.0,24.52,50.16602
2023-12-23 08:27:34,270.156797394572,602.012654458424,545.0,24.56,50.31543
2023-12-23 08:27:43,267.419224521572,594.212400568424,549.0,24.61,50.26074
2023-12-23 08:27:51,258.815437099634,586.412123041291,595.515153801614,24.61,50.16504
2023-12-23 08:28:00,260.510098996511,591.139549641291,549.0,24.69,50.17383
2023-12-23 08:28:08,256.860027904634,586.884912975557,596.106141219446,24.73,49.87598
2023-12-23 08:28:16,255.556421774634,581.684696441291,589.605870551614,24.73,50.09277
2023-12-23 08:28:24,256.338572416572,584.048409741291,592.560512176614,24.71,50.10352
2023-12-23 08:28:33,254.383163221572,576.484550818424,583.10568852303,24.75,49.55371
2023-12-23 08:28:41,247.734784994634,561.829528358424,564.78691044803,24.86,49.39648
2023-12-23 08:28:50,243.823966604634,555.211131118424,556.51391389803,24.98,49.01074
2023-12-23 08:28:58,234.177268206572,542.919821958424,541.14977744803,25.08,48.81738
2023-12-23 08:29:06,273.285452106572,593.030543918424,545.0,25.18,48.88867
2023-12-23 08:29:14,287.885827726511,608.867399391291,541.0,25.29,48.61035
2023-12-23 08:29:22,285.669710341572,610.758393668424,558.0,25.34,48.30176
2023-12-23 08:29:31,287.885827726511,613.594825991291,560.0,25.38,48.16016
2023-12-23 08:29:39,260.901193871572,589.957692991291,599.947116239114,25.32,47.97266
2023-12-23 08:29:48,263.638766744572,639.122976905557,554.0,25.33,47.9873
2023-12-23 08:29:56,270.417518620572,647.395973455557,547.0,25.29,48.04297
2023-12-23 08:30:05,263.247684905572,648.814154161291,553.0,25.3,48.42969
2023-12-23 08:30:13,256.208224839634,642.432175525557,554.0,25.24,49.04004
2023-12-23 08:30:21,284.626812401511,661.578253255557,553.0,25.19,50.15527
2023-12-23 08:31:56,313.957950326511,647.395973455557,540.0,24.03,51.0625
2023-12-23 08:32:04,231.700416559572,567.975206575557,572.469008219446,23.99,51.19043
2023-12-23 08:32:13,231.178961071511,567.502416641291,571.878020801614,24.02,51.20605
2023-12-23 08:32:21,228.180693044634,556.392987768424,557.99123471053,23.96,51.37891
2023-12-23 08:32:29,223.618071589634,540.083365998424,537.60420749803,23.91,51.56543
2023-12-23 08:32:37,221.010859329634,534.646825408424,530.80853176053,23.94,51.62891
2023-12-23 08:32:45,218.925076485572,541.265222648424,539.08152831053,23.98,51.60937
2023-12-23 08:33:35,216.578585451572,530.628512798424,525.78564099803,24.2,50.79199
2023-12-23 08:33:43,324.908254854572,655.432598675557,560.0,24.22,50.8916
2023-12-23 08:33:51,306.397060844634,614.067615925557,555.0,24.16,51.01563
2023-12-23 08:33:59,287.364398310572,590.903201948424,555.0,24.15,51.10059
2023-12-23 08:34:38,267.679932711511,572.229843241291,577.787304051614,24.12,50.7832
2023-12-23 08:34:47,260.901193871572,561.829528358424,564.78691044803,24.06,51.24609
2023-12-23 08:34:57,261.031554484572,567.502416641291,571.878020801614,23.98,51.21289
2023-12-23 08:35:05,259.206492866511,569.629782248424,574.53722781053,24.01,51.03516
2023-12-23 08:35:13,260.119043229634,583.102948058424,591.37868507303,24.06,50.93262
2023-12-23 08:35:21,264.029861619634,588.303117318424,597.87889664803,24.09,50.87695
2023-12-23 08:35:30,258.424342224572,589.957692991291,599.947116239114,24.15,50.73828
2023-12-23 08:35:38,264.160209196572,606.267338398424,543.0,24.12,50.62695
2023-12-23 08:35:46,277.196270496572,621.158755825557,552.0,24.17,50.7168
2023-12-23 08:35:55,281.237449499572,637.941120255557,547.0,24.2,50.76855
2023-12-23 08:36:03,289.710889344572,646.450440861291,541.0,24.25,50.57031
2023-12-23 08:36:11,291.927019765572,658.978168625557,558.0,24.23,50.53027
2023-12-23 08:36:19,291.796646116511,656.141665391291,541.0,24.18,50.74219
2023-12-23 08:37:02,268.462109425572,637.231958991291,553.0,24.04,50.94238
2023-12-23 08:37:10,263.508406131572,621.158755825557,540.0,23.98,51.05664
2023-12-23 08:37:18,277.456978686511,624.940697105557,541.0,24.03,50.9541
2023-12-23 08:37:26,281.107088886572,621.395127155557,549.0,24.01,51.15527
2023-12-23 08:37:34,292.709196479634,643.377637208424,557.0,23.99,51.18945
2023-12-23 08:37:42,296.098559381572,655.668970005557,546.0,23.97,51.4043
2023-12-23 08:37:51,303.007671870572,669.142088541291,558.0,23.97,51.37988
2023-12-23 08:41:09,294.012802609634,656.850826655557,554.0,24.54,50.10742
2023-12-23 08:41:18,287.755480149572,645.268584211291,555.0,24.44,50.41016
2023-12-23 08:41:26,288.016201375572,651.650633758424,553.0,24.29,50.94629
2023-12-23 08:41:36,288.146575024634,663.705595225557,558.0,24.28,51.1377
2023-12-23 08:41:44,287.103677084572,662.287343608424,550.0,24.27,51.25781
2023-12-23 08:42:10,282.671403206511,667.723860561291,554.0,24.17,51.49121
2023-12-23 08:42:18,281.758891951572,639.832067258424,559.0,24.25,51.56934
2023-12-23 08:42:27,279.673135179634,632.268161061291,553.0,24.19,51.71777
2023-12-23 08:42:35,270.808600459572,620.213246868424,557.0,24.16,51.91992
2023-12-23 08:42:44,263.247684905572,620.449618198424,549.0,24.32,51.66113
2023-12-23 08:43:36,260.249390806572,658.269007361291,545.0,24.02,51.87793
2023-12-23 08:43:45,257.381457320572,619.504109241291,547.0,24.21,52.04492
2023-12-23 08:43:53,256.729654255572,602.012654458424,547.0,24.31,51.82813
2023-12-23 08:44:01,253.470638930572,590.903201948424,558.0,24.31,51.65918
2023-12-23 08:47:02,254.383163221572,598.939827168424,546.0,24.55,49.65137
2023-12-23 08:47:10,246.300805215572,651.650633758424,555.0,24.52,50.2627
2023-12-23 08:47:19,243.302511116572,641.250318875557,541.0,24.53,50.45605
2023-12-23 08:47:27,244.997199085572,567.266068948424,571.58258618553,24.59,50.29492
2023-12-23 08:47:35,242.781068664572,572.938980868424,578.67372608553,24.59,50.22168
2023-12-23 08:47:43,247.604411345572,573.411699891291,579.264624864114,24.54,50.40918
2023-12-23 08:47:51,247.343690119572,568.211554268424,572.76444283553,24.49,50.51172
2023-12-23 08:47:59,249.429446891511,580.266492098424,587.83311512303,24.44,50.59082
2023-12-23 08:48:07,251.124147896572,575.066346475557,581.332933094446,24.4,50.4668
2023-12-23 08:48:15,247.474037696511,573.411699891291,579.264624864114,24.41,49.96094
2023-12-23 08:48:23,243.172163539634,556.865706791291,558.582133489114,24.43,50.2041
2023-12-23 08:48:32,236.654132889634,546.465391908424,545.58173988553,24.43,50.80664
2023-12-23 08:48:40,236.784480466572,542.447079298424,540.55884912303,24.34,50.64062
2023-12-23 08:48:48,243.563219306511,544.338073575557,542.922591969446,24.3,51.11621
2023-12-23 08:48:56,247.474037696511,554.501993491291,555.627491864114,24.3,51.24902
2023-12-23 08:49:05,249.820541766572,552.611070125557,553.263837656946,24.34,51.03711
2023-12-23 08:49:13,247.604411345572,572.938980868424,578.67372608553,24.42,50.87793
2023-12-23 08:49:22,241.868557409634,593.739657908424,540.0,24.27,50.71582
2023-12-23 08:49:30,240.695298856572,593.266915248424,559.0,24.1,50.96191
2023-12-23 08:49:38,236.654132889634,594.685119591291,556.0,24.29,50.86328
2023-12-23 08:49:47,238.870250274572,578.139126491291,585.173908114114,24.21,50.85352
2023-12-23 08:49:56,237.305935954634,571.047986591291,576.309983239114,24.31,50.78027
2023-12-23 08:51:31,239.782774565572,565.375098308424,569.21887288553,24.66,49.97656
2023-12-23 08:51:39,253.731360156572,574.829951508424,581.03743938553,24.64,49.81836
2023-12-23 08:51:47,244.866825436511,564.665984318424,568.33248039803,24.58,49.88379
2023-12-23 08:51:55,242.129265599572,558.283958408424,560.35494801053,24.53,49.79395
2023-12-23 08:52:04,241.216754344634,563.484127668424,566.85515958553,24.47,50.08691
2023-12-23 08:52:12,250.472344831572,580.030120768424,587.53765096053,24.41,50.80371
2023-12-23 08:52:20,257.120736094572,635.577406955557,549.0,24.33,50.90332
2023-12-23 08:52:57,266.245979004572,663.232805291291,557.0,24.08,51.41699
2023-12-23 08:53:37,261.031554484572,643.614032175557,560.0,23.93,51.51953
2023-12-23 08:53:46,260.770846294634,615.722191598424,545.0,23.98,51.16504
2023-12-23 08:53:54,254.252815644634,597.285227858424,545.0,23.94,51.33887
2023-12-23 08:54:02,270.938948036511,623.522469125557,559.0,23.93,51.54395
2023-12-23 08:54:11,288.928725666572,642.432175525557,549.0,23.85,51.36621
2023-12-23 08:54:19,303.659474935572,637.231958991291,540.0,23.86,51.37891
2023-12-23 08:54:28,301.964786966572,634.868245691291,550.0,23.83,51.45996
2023-12-23 08:54:37,299.357574706572,633.686389041291,553.0,23.84,51.59277
2023-12-23 08:54:45,297.532526124572,649.759686755557,553.0,23.9,51.50391
2023-12-23 08:55:01,273.676533945572,669.378483508424,546.0,24.0,51.625
2023-12-23 08:55:09,257.251083671511,665.596518591291,555.0,24.06,51.61914
2023-12-23 08:55:17,253.731360156572,652.359724111291,553.0,24.06,51.43848
2023-12-23 08:55:25,252.297406449634,641.959385591291,557.0,24.13,50.91699
2023-12-23 08:55:33,245.127572734634,621.158755825557,552.0,24.1,50.97266
2023-12-23 08:55:41,236.523759240572,603.430906075557,551.0,24.09,50.82812
2023-12-23 08:55:49,227.919945746511,595.394257218424,544.0,24.08,51.1875
2023-12-23 08:55:57,228.441401234572,614.540334948424,547.0,24.09,51.09375
2023-12-23 08:56:05,233.134370266511,654.487113355557,548.0,24.18,51.03125
2023-12-23 08:56:30,239.261345149634,667.487536505557,543.0,24.16,50.47559
2023-12-23 08:56:38,236.393385591511,636.522892275557,551.0,24.19,50.62305
2023-12-23 08:56:47,236.523759240572,621.158755825557,551.0,24.14,50.81055
2023-12-23 08:59:38,236.393385591511,619.740504208424,540.0,24.88,49.09766
2023-12-23 08:59:46,218.533994646572,576.484550818424,583.10568852303,24.86,48.62402
2023-12-23 08:59:54,219.967961389572,545.047140291291,543.808925364114,24.91,48.5332
2023-12-23 09:00:02,221.662662394634,536.301424718424,532.87678089803,25.04,48.07715
2023-12-23 09:01:10,219.967961389572,518.809946298424,511.01243287303,25.01,47.85645
2023-12-23 09:01:18,246.431178864634,589.248626275557,599.060782844446,24.97,47.33301
2023-12-23 09:01:27,251.254508509572,595.866976241291,549.0,25.19,47.00684
2023-12-23 09:01:35,240.695298856572,559.229420091291,561.536775114114,25.36,46.68555
2023-12-23 09:01:43,221.141206906572,511.955154091291,502.443942614114,25.4,46.375
2023-12-23 09:01:51,206.019388834634,471.062961275557,451.328701594446,25.46,46.15234
2023-12-23 09:01:59,200.413869439572,458.298885818424,435.37360727303,25.51,46.10937
2023-12-23 09:02:08,203.281802925572,474.372136258424,455.46517032303,25.5,46.10742
2023-12-23 09:02:16,203.672884764572,478.154101175557,460.192626469446,25.63,46.13281
2023-12-23 09:05:02,234.046920629634,512.900663048424,503.62582881053,25.02,48.00195
2023-12-23 09:05:11,244.606117246572,545.519930225557,544.399912781946,24.98,48.1416
2023-12-23 09:05:19,243.302511116572,536.774143741291,533.467679676614,24.96,48.08105
2023-12-23 09:05:27,235.350526759634,531.337650425557,526.672063031946,24.93,47.88379
2023-12-23 09:05:35,228.311040621572,523.064653875557,516.330817344447,24.97,48.09375
2023-12-23 09:05:43,227.528889979634,520.228150641291,512.785188301614,25.0,47.86719
2023-12-23 09:05:51,229.223551876511,533.937711418424,529.92213927303,24.98,47.58691
2023-12-23 09:06:30,249.429446891511,549.774566891291,549.718208614114,25.05,47.53516
2023-12-23 09:06:38,211.494521544572,502.973090825557,491.216363531947,25.03,47.7627
2023-12-23 09:06:46,215.274979321572,512.900663048424,503.62582881053,24.94,47.69141
2023-12-23 09:06:54,216.057142999572,527.792080475557,522.240100594446,24.81,47.95508
2023-12-23 09:07:02,218.273273420572,533.701363725557,529.626704656947,24.83,48.1377
2023-12-23 09:07:10,225.703828361572,542.919821958424,541.14977744803,24.96,47.93457
2023-12-23 09:07:18,224.921677719634,547.883643525557,547.354554406946,25.02,47.74902
2023-12-23 09:07:26,224.269874654634,541.265222648424,539.08152831053,25.06,47.8252
2023-12-23 09:08:26,235.480874336572,529.919398808424,524.89924851053,25.15,47.11035
2023-12-23 09:08:34,244.997199085572,587.121260668424,596.40157583553,25.2,46.88672
2023-12-23 09:08:43,245.257920311572,591.612339575557,551.0,25.25,46.71094
2023-12-23 09:08:51,242.129265599572,599.412546191291,551.0,25.31,46.54785
2023-12-23 09:09:00,232.743314499634,582.393834068424,590.49229258553,25.36,46.50488
2023-12-23 09:09:08,232.482567201511,565.847840968424,569.80980121053,25.51,46.4834
2023-12-23 09:09:17,233.525465141572,573.411699891291,579.264624864114,25.66,46.02637
2023-12-23 09:09:26,227.268142681511,565.138703341291,568.923379176614,25.74,45.87793
2023-12-23 09:09:34,229.484299174634,570.811638898424,576.01454862303,25.78,45.58008
2023-12-23 09:09:42,229.614646751572,562.302271018424,565.37783877303,25.8,45.43652
2023-12-23 09:09:50,228.050319395572,550.956423541291,551.195529426614,25.72,45.47754
2023-12-23 09:09:58,228.702122460572,536.774143741291,533.467679676614,25.77,45.55469
2023-12-23 09:14:54,219.055450134634,534.883220375557,531.104025469447,25.05,47.8125
2023-12-23 09:15:02,222.053718161511,505.573151818424,494.46643977303,25.3,47.17383
2023-12-23 09:15:11,236.002329824634,573.648094858424,579.56011857303,25.44,46.75488
2023-12-23 09:15:19,243.823966604634,617.376790908424,555.0,25.64,46.35254
2023-12-23 09:15:59,241.738183760572,658.978168625557,550.0,25.96,45.64648
2023-12-23 09:16:07,238.609542084634,619.504109241291,553.0,26.04,45.4375
2023-12-23 09:17:22,248.777643826511,581.448348748424,589.31043593553,26.02,44.58691
2023-12-23 09:17:30,242.259613176511,539.610646975557,537.013308719446,26.2,44.71387
2023-12-23 09:17:39,260.640472645572,549.538219198424,549.42277399803,26.31,44.33789
2023-12-23 09:17:49,258.424342224572,548.119991218424,547.64998902303,26.45,43.87891
2023-12-23 09:17:57,261.292275710572,553.556531808424,554.44566476053,26.38,44.06641
2023-12-23 09:18:05,260.640472645572,565.375098308424,569.21887288553,26.31,43.90137
2023-12-23 09:18:14,239.000597851511,572.466238208424,578.08279776053,26.1,44.1709
2023-12-23 09:18:23,233.004022689572,578.848264118424,586.06033014803,26.06,44.22852
2023-12-23 09:18:31,219.576879550572,556.865706791291,558.582133489114,26.19,43.96289
2023-12-23 09:18:40,213.319570126572,526.846571518424,521.05821439803,26.22,43.92969
2023-12-23 09:18:48,210.712357866572,506.755008468424,495.94376058553,26.08,43.95117
2023-12-23 09:18:56,209.669459926511,521.646402258424,514.55800282303,26.0,44.16211
2023-12-23 09:19:04,212.667767061572,539.846994668424,537.30874333553,26.05,44.0459
2023-12-23 09:19:12,213.971373191572,552.374675158424,552.96834394803,26.31,43.52637
2023-12-23 09:19:22,218.794702836511,575.066346475557,581.332933094446,26.44,43.0166
2023-12-23 09:19:30,220.489403841572,580.266492098424,587.83311512303,26.29,43.3291
2023-12-23 09:19:38,220.228682615572,576.957269841291,583.696587301614,26.2,43.47754
2023-12-23 09:19:47,218.012552194572,563.011385008424,566.26423126053,26.28,43.40137
2023-12-23 09:19:55,213.189222549634,542.683426991291,540.854283739114,26.13,43.81152
2023-12-23 09:20:04,210.712357866572,530.155793775557,525.194742219446,26.05,43.74316
2023-12-23 09:20:16,209.017656861511,510.536949748424,500.67118718553,26.02,43.98242
2023-12-23 09:20:24,216.448237874634,516.209861668424,507.76232708553,25.97,44.23145
2023-12-23 09:20:32,217.230388516572,501.791234175557,489.739042719446,25.92,44.43164
2023-12-23 09:20:40,223.618071589634,529.919398808424,524.89924851053,25.87,44.51172
2023-12-23 09:20:48,234.437976396511,541.028851318424,538.78606414803,25.9,43.9834
2023-12-23 09:20:56,232.743314499634,529.919398808424,524.89924851053,26.06,43.44043
2023-12-23 09:21:04,226.616339616511,506.991379798424,496.23922474803,26.11,43.27637
2023-12-23 09:21:12,212.928475251511,493.518237625557,479.397797031947,26.07,43.70801
2023-12-23 09:21:20,214.492828679634,511.955154091291,502.443942614114,26.21,43.47949
2023-12-23 09:21:28,211.233813354634,524.010115558424,517.51264444803,26.3,43.05176
2023-12-23 09:21:36,213.189222549634,557.102101758424,558.87762719803,26.07,43.11523
2023-12-23 09:21:44,211.364160931572,563.956846691291,567.446058364114,26.13,43.1084
2023-12-23 09:21:52,210.582010289634,556.629359098424,558.28669887303,26.18,42.95508
2023-12-23 09:23:16,214.753536869572,550.720075848424,550.90009481053,26.09,44.1709
2023-12-23 09:23:24,203.803232341511,486.190702758424,470.23837844803,26.16,44.03125
2023-12-23 09:24:00,200.544217016511,483.117875468424,466.39734433553,26.58,42.43652
2023-12-23 09:24:08,191.810068981572,459.007999808424,436.25999976053,26.67,42.28711
2023-12-23 09:24:59,195.720887371572,474.372136258424,455.46517032303,27.49,41.45117
2023-12-23 09:25:08,251.384856086511,624.467930808424,548.0,27.9,40.90527
2023-12-23 09:25:57,224.400222231572,654.014347058424,553.0,29.79,37.08984
2023-12-23 09:26:06,227.789598169572,606.267338398424,550.0,30.01,36.67871
2023-12-23 09:26:15,225.443107135572,546.938134568424,546.17266821053,30.21,36.40137
2023-12-23 09:26:23,227.789598169572,527.082942848424,521.35367856053,30.47,35.99316
2023-12-23 09:26:31,226.355631426572,546.228996941291,545.286246176614,30.77,35.66113
2023-12-23 09:26:40,224.530582844572,567.502416641291,571.878020801614,31.05,35.32617
2023-12-23 09:26:48,220.619764454572,589.012231308424,598.76528913553,31.29,35.0752
2023-12-23 09:26:57,217.230388516572,607.449195048424,557.0,31.5,34.56348
2023-12-23 09:27:05,215.274979321572,595.630628548424,558.0,31.69,34.31934
2023-12-23 09:27:12,214.492828679634,576.720922148424,583.40115268553,31.87,33.73047
2023-12-23 09:27:20,215.144631744634,560.884066675557,563.605083344446,32.05,33.2998
2023-12-23 09:29:03,218.403647069634,559.465815058424,561.83226882303,32.67,31.63184
2023-12-23 09:29:11,230.396810429572,580.975629725557,588.719537156946,31.84,32.26367
2023-12-23 09:30:18,196.372690436572,518.573574968424,510.71696871053,32.46,31.62891
2023-12-23 09:30:26,195.720887371572,511.009692408424,501.26211551053,32.45,31.53027
2023-12-23 09:30:34,196.111969210572,488.081673398424,472.60209174803,32.54,31.1416
2023-12-23 09:32:36,199.631705761572,474.844878918424,456.05609864803,32.48,30.36035
2023-12-23 09:32:44,211.494521544572,521.410007291291,514.262509114114,31.68,31.29199
2023-12-23 09:32:52,195.981595561511,469.408314691291,449.260393364114,31.58,31.75195
2023-12-23 09:33:00,193.895838789572,473.663022268424,454.57877783553,31.58,31.76465
2023-12-23 09:33:08,194.677989431511,479.099562858424,461.37445357303,31.47,31.79395
2023-12-23 09:33:16,194.156560015572,463.262683748424,441.57835468553,31.2,32.14453
2023-12-23 09:33:24,194.286933664634,457.589748191291,434.487185239114,31.28,32.34668
2023-12-23 09:33:32,192.201150820572,459.953461491291,437.441826864114,31.36,32.11914
2023-12-23 09:33:40,192.331524469634,460.662599118424,438.32824889803,31.47,32.15039
2023-12-23 09:33:48,189.724312209634,472.244817925557,452.806022406946,31.55,32.08301
2023-12-23 09:33:56,187.899250591572,465.862744741291,444.828430926614,31.55,31.93457
2023-12-23 09:34:04,187.638529365572,459.953461491291,437.441826864114,31.47,32.06445
2023-12-23 09:34:12,186.856352651511,461.135318141291,438.919147676614,31.5,32.12891
2023-12-23 09:34:20,189.202856721572,505.336804125557,494.171005156946,31.52,32.16602
2023-12-23 09:34:28,189.593938560572,551.429213475557,551.786516844446,31.56,32.1084
2023-12-23 09:34:36,191.549347755572,596.339766175557,540.0,31.64,31.94141
2023-12-23 09:34:44,192.592232659572,639.595672291291,558.0,31.67,31.80859
2023-12-23 09:34:52,194.938736729634,602.012654458424,557.0,31.69,31.66211
2023-12-23 09:35:00,196.763772275572,595.157909525557,550.0,31.71,31.66309
2023-12-23 09:35:08,197.545948989634,614.540334948424,543.0,31.72,31.62695
2023-12-23 09:35:16,199.501358184634,612.885759275557,551.0,31.69,31.45215
2023-12-23 09:35:24,197.415575340572,622.576983805557,540.0,31.65,31.62207
2023-12-23 09:35:32,196.111969210572,596.339766175557,543.0,31.56,31.84961
2023-12-23 09:35:40,196.111969210572,573.175352198424,578.96919024803,31.24,32.02344
2023-12-23 09:35:48,195.981595561511,566.556954958424,570.69619369803,31.23,32.34277
2023-12-23 09:35:56,197.415575340572,588.303117318424,597.87889664803,31.09,32.14844
2023-12-23 09:36:36,198.849555119634,554.738388458424,555.92298557303,30.77,32.46973
2023-12-23 09:36:44,198.067378405572,538.665138018424,535.83142252303,30.49,32.70801
2023-12-23 09:36:52,195.851247984572,515.500724041291,506.875905051614,30.57,32.83691
2023-12-23 09:37:00,197.415575340572,488.554416058424,473.19302007303,30.56,33.03125
2023-12-23 09:37:08,193.374383301511,498.009269258424,485.01158657303,30.77,32.99805
2023-12-23 09:37:16,198.067378405572,493.281842658424,479.10230332303,30.67,32.99121
2023-12-23 09:37:24,219.967961389572,503.209438518424,491.51179814803,30.56,33.37598
2023-12-23 09:37:32,229.614646751572,511.955154091291,502.443942614114,30.48,33.54199
2023-12-23 09:37:40,247.995493184572,518.337227275557,510.421534094446,30.47,33.63867
2023-12-23 09:37:48,256.338572416572,519.755431618424,512.19428952303,30.35,33.72754
2023-12-23 09:37:57,233.264743915572,529.683003841291,524.603754801614,30.23,33.58398
2023-12-23 09:38:05,238.348794786511,515.973513975557,507.466892469446,30.2,33.60645
2023-12-23 09:38:13,239.261345149634,515.500724041291,506.875905051614,30.19,33.74023
2023-12-23 09:38:21,225.703828361572,508.409584141291,498.011980176614,30.16,33.87305
2023-12-23 09:38:29,220.228682615572,477.681311241291,459.601639051614,30.05,33.68066
2023-12-23 09:38:37,206.149736411572,459.007999808424,436.25999976053,30.22,33.42383
2023-12-23 09:38:45,185.813493819634,426.152408575557,395.190510719447,30.35,33.26172
2023-12-23 09:38:53,182.815186684572,400.860628991291,363.575786239114,30.37,33.16504
2023-12-23 09:39:01,174.732828678572,385.496492541291,344.370615676614,30.52,33.13965
2023-12-23 09:39:09,173.038140709572,380.769065941291,340.798569776594,30.67,33.01465
2023-12-23 09:39:17,172.907780096572,376.514429275557,340.698292381979,30.75,32.7627
2023-12-23 09:39:25,172.777419483572,372.259721698424,340.598014987363,30.47,32.8291
2023-12-23 09:39:33,184.379514040572,389.987571448424,349.98446431053,30.58,32.65234
2023-12-23 09:39:41,193.895838789572,408.897277848424,373.62159731053,30.63,32.65625
2023-12-23 09:39:49,209.148030510572,461.371713108424,439.21464138553,30.59,32.83789
2023-12-23 09:39:57,217.751844004634,502.500300891291,490.625376114114,30.65,32.86621
2023-12-29 15:28:48,155.830539793572,559.229420091291,561.536775114114,32.77,26.26855
2023-12-29 15:28:57,96.5164608785724,416.697555375557,383.371944219446,32.74,26.37695
2023-12-29 15:29:05,93.7788880055724,378.641747608424,335.80218451053,32.7,26.43652
2023-12-29 15:30:11,94.9521335225724,355.950076291291,307.437595364114,32.36,27.18262
2023-12-29 15:30:47,108.379276661572,443.643863358424,417.05482919803,32.59,27.18359
2023-12-29 15:30:56,98.9933125255724,368.950499441291,323.688124301614,32.78,27.31836
2023-12-29 15:31:04,89.9984302285724,320.494376791291,270.494376791291,32.8,27.35645
2023-12-29 15:31:12,92.8663637145724,329.240163275557,279.240163275557,32.79,27.25781
2023-12-29 15:31:20,93.7788880055724,331.367481608424,281.367481608424,32.68,27.02832
2023-12-29 15:31:28,94.6914122965724,338.458621508424,288.458621508424,32.72,27.25293
2023-12-29 15:31:36,97.2986245565724,399.442424648424,361.80303081053,32.74,27.20508
2023-12-29 15:33:23,96.9075427175724,492.099986008424,477.62498251053,33.1,26.74414
2023-12-29 15:33:31,109.813243404572,531.573998118424,526.96749764803,32.78,27.13281
2023-12-29 15:34:09,105.902425014572,579.793773075557,587.242216344446,32.88,26.74414
2023-12-29 15:43:30,106.423867466572,541.974360275557,539.967950344446,33.93,25.73926
2023-12-29 15:43:38,111.247210147572,621.158755825557,547.0,34.02,25.36133
2023-12-29 15:44:10,135.363923552572,536.537796048424,533.17224506053,34.34,24.82031
2023-12-29 15:44:18,114.375864859572,390.460314108424,350.57539263553,34.26,24.81641
2023-12-29 15:44:26,93.7788880055724,513.609800675557,504.512250844446,33.99,25.24805
2023-12-29 15:44:34,94.3003304575724,616.194934258424,559.0,33.66,25.6875
2023-12-29 15:46:28,130.019138419572,590.194087958424,560.0,33.56,25.84277
2023-12-29 15:46:36,109.552522178572,456.171543848424,432.71442981053,33.5,25.92578
2023-12-29 15:46:44,107.466752370572,425.916013608424,394.89501701053,33.28,26.27246
2023-12-29 15:46:52,111.899013212572,492.336380975557,477.920476219446,33.02,26.60352
2023-12-29 15:47:00,109.813243404572,490.445386698424,475.55673337303,32.83,26.95117
2023-12-29 15:47:08,118.156322636572,519.046293991291,511.307867489114,32.74,26.9707
2023-12-29 15:47:16,119.720649992572,509.591440791291,499.489300989114,32.63,27.0625
2023-12-29 15:47:24,117.504519571572,515.973513975557,507.466892469446,32.66,26.97754
2023-12-29 15:47:32,108.118555435572,472.481165618424,453.10145702303,32.74,26.95801
2023-12-29 15:47:40,99.5147549775724,423.552300308424,391.94037538553,32.67,26.92871
2023-12-29 15:47:48,95.6039365875724,369.659637068424,324.57454633553,32.69,26.94336
2023-12-29 15:47:56,94.4306910705724,290.002498858424,240.002498858424,32.63,26.97559
2023-12-29 15:48:04,98.8629519125724,264.947137878424,229.543173041908,32.56,27.55176
2023-12-29 15:48:12,105.902425014572,267.074479848424,253.008083381908,32.5,27.61035
2023-12-29 15:48:20,110.334685856572,323.803599048424,273.803599048424,32.45,27.45898
2023-12-29 15:48:28,112.681176890572,366.350438448424,320.43804806053,32.39,27.67773
2023-12-29 15:48:36,131.974547614572,462.317174791291,440.396468489114,32.36,28.00879
2023-12-29 15:48:44,147.487460561572,533.701363725557,529.626704656947,32.33,27.84668
2023-12-29 15:48:53,147.357099948572,532.046717141291,527.558396426614,32.37,27.63965
2023-12-29 15:49:42,110.725767695572,408.188163858424,372.73520482303,32.81,26.96191
2023-12-29 15:49:50,106.814949305572,392.114913418424,352.64364177303,32.74,27.18066
2023-12-29 15:49:58,101.600524785572,369.896008398424,324.87001049803,32.89,27.06543
2023-12-29 15:50:07,99.9058368165724,327.112797668424,277.112797668424,32.97,27.19336
2023-12-29 15:50:15,104.077376432572,383.841916868424,342.30239608553,32.81,27.45605
2023-12-29 15:50:23,106.554228079572,388.805714798424,348.50714349803,32.94,27.37793
2023-12-29 15:50:31,112.681176890572,443.643863358424,417.05482919803,32.87,27.48438
2023-12-29 15:50:40,118.025962023572,523.537372898424,516.92171612303,33.0,27.36816
2023-12-29 15:50:48,116.461634667572,530.155793775557,525.194742219446,33.02,27.2832
2023-12-29 15:50:57,118.938486314572,649.523315425557,550.0,33.23,27.06055
2023-12-29 15:51:13,123.761828995572,659.450864011291,544.0,33.39,26.43945
2023-12-29 15:51:30,121.154616735572,542.447079298424,540.55884912303,33.64,26.23145
2023-12-29 15:52:20,170.822010288572,467.517391325557,446.896739156946,33.73,26.0752
2023-12-29 15:52:28,164.564700864572,339.167735498424,334.280539126594,33.73,26.1123
2023-12-29 15:52:36,163.261094734572,329.949229991291,333.27776518044,33.71,26.09863
2023-12-29 15:52:44,147.487460561572,317.185201808424,321.144200431979,33.54,26.2373
2023-12-29 15:52:52,142.273036041572,295.202668118424,317.133104647363,33.5,26.34668
2023-12-29 15:53:00,133.799596196572,273.692877088424,310.615073997363,33.33,26.52246
2023-12-29 15:53:08,127.933368611572,249.819372758424,306.102591239671,33.16,26.77246
2023-12-29 15:53:16,120.111731831572,233.982493648424,300.085947562748,33.0,26.97266
2023-12-29 15:53:24,118.677765088572,242.964604188424,295.592550295241,32.86,27.11328
2023-12-29 15:53:32,116.070552828572,241.546376208424,286.901842761908,32.77,27.35449
2023-12-29 15:53:40,114.636586085572,260.219711278424,282.121953618575,32.72,27.77148
2023-12-29 15:53:48,112.420455664572,277.002075708424,274.734852215241,32.65,28.03906
2023-12-29 15:53:57,112.029373825572,267.783593838424,273.431246085241,32.58,28.1582
2023-12-29 15:54:05,106.293506853572,242.019118868424,254.311689511908,32.76,27.60156
2023-12-29 15:54:13,100.818361107572,204.436077398424,236.061203691908,32.66,27.76855
2023-12-29 15:54:21,93.5181667795724,179.380716418424,211.727222598575,32.69,27.74512
2023-12-29 15:54:29,86.6090542905724,168.980377898424,188.696847635241,32.82,27.74121
2023-12-29 15:54:37,80.6124660925724,164.489322628424,168.708220308575,32.92,27.47559
2023-12-29 15:54:45,80.7428267055724,166.853035928424,169.142755685241,33.04,27.50781
2023-12-29 15:54:53,79.1784993495724,175.598775138424,163.928331165241,33.03,27.43262
2023-12-29 15:55:01,79.3088599625724,187.653712968424,164.362866541908,32.97,27.31738
2023-12-29 15:55:09,81.6553509965724,227.127725078424,184.751816718949,33.01,27.46777
2023-12-29 15:55:17,94.4306910705724,392.351284748424,352.93910593553,32.87,27.22461
2023-12-29 15:55:25,103.947015819572,476.263106898424,457.82888362303,32.79,27.5293
2023-12-29 15:55:33,104.077376432572,475.317597941291,456.646997426614,32.64,28.23633
2023-12-29 15:55:41,100.427279268572,403.460737258424,366.82592157303,32.57,28.46582
2023-12-29 15:55:49,90.2591514545724,239.891776898424,200.863838181908,32.46,28.06445
2023-12-29 15:55:57,85.3054481605724,185.053628338424,184.351493868575,32.52,27.8584
2023-12-29 15:56:05,86.2179724515724,179.380716418424,187.393241505241,32.57,27.7627
2023-12-29 15:56:13,85.9572512255724,170.162234548424,186.524170751908,32.33,27.88477
2023-12-29 15:56:21,84.7840057085724,162.125609328424,182.613352361908,32.21,28.01172
2023-12-29 15:56:29,84.3929238695724,171.580462528424,181.309746231908,32.16,28.13184
2023-12-29 15:56:38,86.0876118385724,198.054051488424,186.958706128575,32.04,28.09961
2023-12-29 15:56:46,90.1287908415724,238.000806258424,200.429302805241,32.0,28.12207
2023-12-29 15:56:55,92.8663637145724,264.947137878424,214.947137878424,31.94,28.22949
2023-12-29 15:57:04,96.6468214915724,287.166042898424,237.166042898424,31.88,28.28809
2023-12-29 15:57:13,98.3415094605724,282.674987628424,232.674987628424,31.78,28.4541
2023-12-29 15:57:21,97.5593457825724,283.856844278424,233.856844278424,31.78,28.4043
2023-12-29 15:57:30,95.8646578135724,251.001229408424,219.548859378575,31.7,28.60937
2023-12-29 15:57:38,98.0807882345724,240.600890888424,226.935960781908,31.65,29.03711
2023-12-29 15:57:48,94.3003304575724,220.509327838424,214.334434858575,31.55,29.11621
2023-12-29 15:57:56,93.6485273925724,225.236754438424,212.161757975241,31.58,29.04492
2023-12-29 15:58:04,90.1287908415724,204.908820058424,200.429302805241,31.58,28.9707
2023-12-29 15:58:13,88.6948240985724,193.090253558424,195.649413661908,31.68,28.94043
2023-12-29 15:58:21,87.9126604205724,170.398605878424,193.042201401908,31.64,29.01172
2023-12-29 15:58:29,84.7840057085724,169.925863218424,182.613352361908,31.59,29.06934
2023-12-29 15:58:37,84.5232844825724,174.653289818424,181.744281608575,31.35,29.39941
2023-12-29 15:58:45,82.4375146745724,178.907973758424,174.791715581908,31.2,29.74609
2023-12-29 15:58:53,81.1339085445724,174.889661148424,170.446361815241,31.33,29.69238
2023-12-29 15:59:02,81.3946297705724,173.471433168424,171.315432568575,31.41,29.5752
2023-12-29 15:59:10,85.9572512255724,174.653289818424,186.524170751908,31.54,29.49805
2023-12-29 15:59:19,93.6485273925724,190.017426268424,212.161757975241,31.48,29.38281
2023-12-29 15:59:27,96.7771821045724,217.436500548424,222.590607015241,31.56,29.32617
2023-12-29 15:59:36,124.935074512572,244.619203498424,303.796211163517,31.57,29.46289
2023-12-29 15:59:44,150.616115273572,293.548068808424,323.550857902748,31.56,29.52441
2023-12-29 15:59:52,184.249140391511,357.368327908424,349.422415685778,31.6,29.48926
2023-12-29 16:00:01,190.376115274634,368.241432725557,354.13547328818,31.59,29.45117
2023-12-29 16:00:10,146.966018109572,284.565958268424,320.743090853517,31.53,29.74316
2023-12-29 16:00:18,108.248916048572,222.636669808424,260.829720161908,31.44,29.95898
2023-12-29 16:00:27,95.3432153615724,227.600467738424,217.810717871908,31.49,30.10938
2023-12-29 16:00:35,96.6468214915724,227.364096408424,222.156071638575,31.65,29.80078
2023-12-29 16:00:45,95.4735759745724,225.945868428424,218.245253248575,31.63,29.87305
2023-12-29 16:00:53,97.0379033305724,242.728232858424,223.459677768575,31.51,29.69336
2023-12-29 16:01:01,97.0379033305724,240.128148228424,223.459677768575,31.61,29.74805
2023-12-29 16:01:10,97.4289851695724,236.346206948424,224.763283898575,31.62,29.75
2023-12-29 16:01:18,95.0824941355724,210.345360648424,216.941647118575,31.57,29.38965
2023-12-29 16:01:26,94.0396092315724,199.708650798424,213.465364105241,31.68,29.29785
2023-12-29 16:01:34,97.9504276215724,188.835569618424,226.501425405241,31.64,29.2207
2023-12-29 16:01:51,84.9143663215724,160.943752678424,183.047887738575,31.77,29.19238
2023-12-29 16:02:02,89.8680696155724,169.689491888424,199.560232051908,31.85,28.96387
2023-12-29 16:02:18,149.442869756572,287.638785558424,322.64836135121,31.86,28.86523
2023-12-29 16:02:34,120.502813670572,229.491438378424,300.386779746594,31.86,29.00098
2023-12-29 16:02:42,102.382688463572,194.272110208424,241.275628211908,31.89,28.78125
2023-12-29 16:03:06,98.8629519125724,227.600467738424,229.543173041908,31.83,29.01172
2023-12-29 16:03:23,171.473813353572,511.009692408424,501.26211551053,31.57,29.75879
2023-12-29 16:03:31,234.307628819572,560.884066675557,563.605083344446,31.52,29.86523
2023-12-29 16:03:39,238.479168435572,580.030120768424,587.53765096053,31.42,30.06836
2023-12-29 16:03:48,232.091511434634,543.628935948424,542.03616993553,31.37,30.0166
2023-12-29 16:03:57,158.437752053572,309.148576588424,329.567501579671,31.25,30.2041
2023-12-29 16:04:06,92.6056424885724,207.508904688424,208.685474961908,31.19,30.25
2023-12-29 16:04:14,90.3895120675724,201.363250108424,201.298373558575,31.08,30.43945
2023-12-29 16:04:22,87.6519391945724,195.926709518424,192.173130648575,31.11,30.37988
2023-12-29 16:04:30,86.4786936775724,186.235484988424,188.262312258575,31.1,30.4043
2023-12-29 16:04:38,85.9572512255724,180.798944398424,186.524170751908,31.11,30.47852
2023-12-29 16:04:47,86.8697755165724,182.926286368424,189.565918388575,31.2,30.3125
2023-12-29 16:04:56,87.6519391945724,178.671602428424,192.173130648575,31.09,30.31641
2023-12-29 16:05:04,88.3037422595724,177.017003118424,194.345807531908,31.07,30.38965
2023-12-29 16:05:12,87.0001361295724,180.562573068424,190.000453765241,31.05,30.24121
2023-12-29 16:05:20,83.8714814175724,168.744006568424,179.571604725241,31.02,30.17676
2023-12-29 16:05:28,82.8285965135724,169.689491888424,176.095321711908,30.95,30.35645
2023-12-29 16:05:39,82.0464328355724,173.944175828424,173.488109451908,30.88,30.57422
2023-12-29 16:05:47,83.0893177395724,177.962488438424,176.964392465241,30.85,30.75586
2023-12-29 16:05:55,89.4769877765724,199.945022128424,198.256625921908,30.83,30.72949
2023-12-29 16:06:03,92.9967243275724,204.672448728424,209.989081091908,30.82,30.63086
2023-12-29 16:06:11,95.0824941355724,207.272533358424,216.941647118575,30.83,30.61914
2023-12-29 16:06:19,94.9521335225724,194.272110208424,216.507111741908,30.83,30.59473
2023-12-29 16:06:27,106.163146240572,205.145191388424,253.877154135241,30.83,30.58301
2023-12-29 16:06:35,107.466752370572,207.508904688424,258.222507901908,30.93,30.63867
2023-12-29 16:06:43,121.415337961572,234.218864978424,301.088721508902,31.02,30.39844
2023-12-29 16:06:51,123.370747156572,238.709920248424,302.592882428133,31.1,30.3916
2023-12-29 16:06:59,122.327862252572,236.582578278424,301.79066327121,31.19,30.5332
2023-12-29 16:07:08,125.847598803572,244.146460838424,304.498152925825,31.15,30.35742
2023-12-29 16:07:16,111.638291986572,225.709497098424,272.127639955241,31.16,30.39551
2023-12-29 16:07:24,129.888777806572,263.056167238424,307.606752158902,31.23,30.30176
2023-12-29 16:07:32,115.549110376572,252.892200048424,285.163701255241,31.17,30.24902
2023-12-29 16:07:40,113.332979955572,249.583001428424,277.776599851908,31.15,30.25977
2023-12-29 16:07:48,107.727473596572,252.419457388424,259.091578655241,31.1,30.4043
2023-12-29 16:07:56,102.382688463572,226.891353748424,241.275628211908,31.0,30.50781
2023-12-29 16:08:04,105.772064401572,240.128148228424,252.573548005241,31.01,30.45996
2023-12-29 16:08:12,108.639997887572,253.364942708424,262.133326291908,31.04,30.42383
2023-12-29 16:08:20,104.729179497572,246.510174138424,249.097264991908,30.99,30.40918
2023-12-29 16:08:28,98.3415094605724,230.909666358424,227.805031535241,30.96,30.43164
2023-12-29 16:08:37,93.5181667795724,211.054474638424,211.727222598575,31.01,30.42285
2023-12-29 16:08:45,92.7360031015724,212.709073948424,209.120010338575,30.94,30.44238
2023-12-29 16:08:55,92.3449212625724,222.400298478424,207.816404208575,31.02,30.39844
2023-12-29 16:09:03,90.6502332935724,226.418611088424,202.167444311908,31.05,30.41309
2023-12-29 16:09:12,91.4323969715724,231.146037688424,204.774656571908,31.06,30.38867
2023-12-29 16:09:20,91.0413151325724,234.927978968424,203.471050441908,31.04,30.47363
2023-12-29 16:09:28,91.0413151325724,238.000806258424,203.471050441908,31.01,30.54492
2023-12-29 16:09:36,91.1716757455724,239.182662908424,203.905585818575,31.04,30.43652
2023-12-29 16:09:44,90.5198726805724,222.163927148424,201.732908935241,31.06,30.38867
2023-12-29 16:09:52,92.2145606495724,223.109412468424,207.381868831908,31.08,30.26758
2023-12-29 16:10:00,90.7805939065724,223.109412468424,202.601979688575,31.06,30.25391
2023-12-29 16:10:08,90.1287908415724,222.873041138424,200.429302805241,31.11,30.07324
2023-12-29 16:10:16,87.6519391945724,222.636669808424,192.173130648575,31.17,30.10156
2023-12-29 16:10:25,87.1304967425724,215.781901238424,190.434989141908,31.11,30.28125
2023-12-29 16:10:33,85.3054481605724,216.963757888424,184.351493868575,31.2,30.37402
2023-12-29 16:10:41,84.1322026435724,225.473125768424,183.648750512283,31.16,30.53125
2023-12-29 16:10:49,85.0447269345724,224.527640448424,183.482423115241,31.2,30.48437
2023-12-29 16:10:57,81.9160722225724,215.781901238424,177.187934158949,31.18,30.29883
2023-12-29 16:11:05,80.4821054795724,207.981647348424,171.987764898949,31.16,30.22363
2023-12-29 16:11:13,79.8303024145724,193.326624888424,166.101008048575,31.16,30.25977
2023-12-29 16:11:21,79.1784993495724,181.271687058424,163.928331165241,31.07,30.34082
2023-12-29 16:11:29,80.2213842535724,190.962911588424,167.404614178575,31.07,30.47559
2023-12-29 16:11:37,91.1716757455724,219.327471188424,203.905585818575,31.08,30.58691
2023-12-29 16:11:45,95.9950184265724,244.146460838424,219.983394755241,31.0,30.45898
2023-12-29 16:11:53,114.375864859572,302.530179348424,281.252882865241,30.96,30.56641
2023-12-29 16:12:01,116.070552828572,311.512289888424,286.901842761908,30.93,30.65039
2023-12-29 16:12:09,109.813243404572,333.731194908424,283.731194908424,30.97,30.46875
2023-12-29 16:12:18,111.116849534572,388.096600808424,347.62075101053,30.88,30.36523
2023-12-29 16:12:25,98.4718700735724,352.168158648424,302.71019831053,30.81,30.75293
2023-12-29 16:12:33,100.036197429572,345.786156375557,295.786156375557,30.87,30.76953
2023-12-29 16:12:41,98.7325912995724,317.894315798424,267.894315798424,30.81,30.9375
2023-12-29 16:12:50,94.5610516835724,267.074479848424,217.074479848424,30.76,31.00781
2023-12-29 16:12:58,91.8234788105724,256.201398668424,206.201398668424,30.77,31.0332
2023-12-29 16:13:06,91.3020363585724,242.964604188424,204.340121195241,30.71,31.0293
2023-12-29 16:13:14,91.4323969715724,229.727809708424,204.774656571908,30.65,31.12305
2023-12-29 16:13:22,96.2557396525724,251.001229408424,220.852465508575,30.63,31.10937
2023-12-29 16:13:30,101.730885398572,278.893046348424,239.102951328575,30.58,31.11816
2023-12-29 16:13:38,103.164852141572,297.802752748424,247.802752748424,30.56,31.1543
2023-12-29 16:13:46,99.9058368165724,297.330010088424,247.330010088424,30.58,31.11816
2023-12-29 16:13:54,91.4323969715724,274.165619748424,224.165619748424,30.57,31.04395
2023-12-29 16:14:02,84.9143663215724,258.801483298424,208.801483298424,30.55,31.3125
2023-12-29 16:14:10,86.2179724515724,245.328317488424,196.885544992283,30.48,31.52832
2023-12-29 16:14:18,89.4769877765724,238.473548918424,198.256625921908,30.41,31.16797
2023-12-29 16:14:26,93.7788880055724,236.818949608424,212.596293351908,30.31,31.16211
2023-12-29 16:14:34,92.2145606495724,221.691184488424,207.381868831908,30.22,31.6084
2023-12-29 16:14:42,91.3020363585724,210.818103308424,204.340121195241,30.18,31.59375
2023-12-29 16:14:50,89.7377090025724,209.872617988424,199.125696675241,30.19,31.52051
2023-12-29 16:14:59,87.0001361295724,209.872617988424,190.000453765241,30.22,31.53516
2023-12-29 16:15:07,85.1750875475724,214.127301928424,183.916958491908,30.25,31.57422
2023-12-29 16:15:15,81.7857116095724,201.363250108424,172.619038698575,29.97,31.95898
2023-12-29 16:15:23,79.3088599625724,190.490168928424,164.362866541908,29.94,32.0791
2023-12-29 16:15:31,81.2642691575724,203.726963408424,170.880897191908,30.03,32.02441
2023-12-29 16:15:39,79.9606630275724,196.399452178424,166.535543425241,29.95,31.86035
2023-12-29 16:15:47,80.0910236405724,195.453966858424,166.970078801908,30.02,31.81543
2023-12-29 16:15:55,80.4821054795724,193.326624888424,168.273684931908,30.1,31.69824
2023-12-29 16:16:03,77.7445326065724,176.071517798424,159.148442021908,30.15,31.58008
2023-12-29 16:16:11,81.2642691575724,188.362826958424,170.880897191908,30.16,31.73926
2023-12-29 16:16:19,81.6553509965724,190.726540258424,172.184503321908,30.21,31.57129
2023-12-29 16:16:27,80.8731873185724,193.090253558424,169.577291061908,30.25,31.58594
2023-12-29 16:16:35,84.0018420305724,197.817680158424,180.006140101908,30.32,31.32129
2023-12-29 16:16:43,83.3500389655724,192.381139568424,177.833463218575,30.36,31.39746
2023-12-29 16:16:51,84.3929238695724,198.526794148424,181.309746231908,30.43,31.26758
2023-12-29 16:16:59,85.5661693865724,197.344937498424,185.220564621908,30.42,31.29102
2023-12-29 16:17:08,124.283271447572,270.620049798424,303.29482419044,30.42,31.26758
2023-12-29 16:17:16,123.631468382572,259.037854628424,302.793437217363,30.41,31.25391
2023-12-29 16:17:24,132.756711292572,275.583847728424,309.81285484044,30.37,31.22656
2023-12-29 16:17:32,138.101496425572,285.984186248424,313.924228019671,30.35,31.07813
2023-12-29 16:17:40,105.511343175572,232.800636998424,251.704477251908,30.35,31.15137
2023-12-29 16:17:48,107.597112983572,246.273802808424,258.657043278575,30.36,31.20117
2023-12-29 16:17:56,101.209442946572,247.692030788424,237.364809821908,30.34,31.92383
2023-12-29 16:18:04,103.686294593572,293.075326148424,245.620981978575,30.28,32.15234
2023-12-29 16:18:13,106.423867466572,326.876449975557,276.876449975557,30.25,31.85645
2023-12-29 16:18:21,110.204325243572,368.477780418424,323.09722552303,30.3,31.78613
2023-12-29 16:18:29,104.338097658572,361.623011848424,314.52876481053,30.33,31.84961
2023-12-29 16:18:37,97.1682639435724,347.440732048424,297.440732048424,30.36,31.75391
2023-12-29 16:18:45,93.7788880055724,328.531025648424,278.531025648424,30.29,31.17188
2023-12-29 16:18:53,90.7805939065724,310.094061908424,260.094061908424,30.28,31.0
2023-12-29 16:19:01,91.5627575845724,277.002075708424,227.002075708424,30.24,31.07031
2023-12-29 16:19:09,90.1287908415724,250.292115418424,200.429302805241,30.23,30.95996
2023-12-29 16:19:17,88.1733816465724,222.636669808424,193.911272155241,30.19,30.99316
2023-12-29 16:19:25,88.9555453245724,210.345360648424,196.518484415241,30.27,31.01074
2023-12-29 16:19:33,88.0430210335724,211.763588628424,193.476736778575,30.29,31.12305
2023-12-29 16:19:43,89.9984302285724,226.182239758424,199.994767428575,30.26,31.36719
2023-12-29 16:19:51,92.9967243275724,238.237177588424,209.989081091908,30.27,31.51367
2023-12-29 16:19:59,101.209442946572,259.274225958424,237.364809821908,30.3,31.39355
2023-12-29 16:20:07,106.032785627572,275.583847728424,253.442618758575,30.33,31.37109
2023-12-29 16:20:15,109.161440339572,290.238870188424,263.871467798575,30.31,31.40625
2023-12-29 16:20:23,106.814949305572,311.275918558424,261.275918558424,30.38,31.3252
2023-12-29 16:20:31,101.470164172572,302.293808018424,252.293808018424,30.35,31.2373
2023-12-29 16:20:39,93.7788880055724,283.856844278424,233.856844278424,30.19,31.18945
2023-12-29 16:20:48,90.5198726805724,249.819372758424,201.732908935241,30.17,31.28613
2023-12-29 16:20:56,87.0001361295724,227.600467738424,190.000453765241,30.16,31.44531
2023-12-29 16:21:04,87.3912179685724,243.200975518424,195.467317012283,30.24,31.42676
2023-12-29 16:21:12,88.1733816465724,242.255490198424,194.836993465616,30.28,31.34277
2023-12-29 16:21:20,85.6965299995724,247.928402118424,198.618934745616,30.26,31.44043
2023-12-29 16:21:28,84.0018420305724,232.800636998424,188.533757998949,30.3,31.40527
2023-12-29 16:21:36,82.6982359005724,209.872617988424,175.660786335241,30.29,31.34375
2023-12-29 16:21:44,82.8285965135724,207.981647348424,176.095321711908,30.24,31.51172
2023-12-29 16:21:52,83.0893177395724,196.163080848424,176.964392465241,30.16,31.66602
2023-12-29 16:22:00,84.5232844825724,200.181393458424,181.744281608575,30.14,31.75
2023-12-29 16:22:08,83.7411208045724,202.545106758424,179.137069348575,30.15,31.75098
2023-12-29 16:22:16,84.2625632565724,206.327048038424,180.875210855241,30.15,31.76367
2023-12-29 16:22:24,86.2179724515724,208.927132668424,187.393241505241,30.14,31.77539
2023-12-29 16:22:32,86.4786936775724,201.835992768424,188.262312258575,30.06,31.74512
2023-12-29 16:22:40,88.4341028725724,219.327471188424,194.780342908575,29.97,32.0459
2023-12-29 16:22:48,89.7377090025724,236.109835618424,199.125696675241,29.95,32.10547
2023-12-29 16:22:56,90.9109545195724,256.674141328424,206.674141328424,29.95,32.00684
2023-12-29 16:23:04,93.7788880055724,275.820219058424,225.820219058424,29.94,31.77344
2023-12-29 16:23:13,95.2128547485724,259.510597288424,217.376182495241,29.9,31.80664
2023-12-29 16:23:21,97.1682639435724,253.601314038424,223.894213145241,29.93,31.88379
2023-12-29 16:23:29,100.427279268572,257.383255318424,234.757597561908,30.0,31.90039
2023-12-29 16:23:37,101.339803559572,258.801483298424,237.799345198575,30.03,32.03711
2023-12-29 16:23:45,100.688000494572,272.274649108424,235.626668315241,30.01,32.02344
2023-12-29 16:23:53,97.9504276215724,279.365789008424,229.365789008424,30.04,32.0625
2023-12-29 16:24:01,92.7360031015724,272.038277778424,222.038277778424,30.04,31.97559
2023-12-29 16:24:09,90.2591514545724,271.801906448424,221.801906448424,30.05,32.49219
2023-12-29 16:24:17,87.9126604205724,261.165196598424,211.165196598424,30.13,32.32617
2023-12-29 16:24:25,89.0859059375724,251.001229408424,201.001229408424,30.19,31.90137
2023-12-29 16:24:33,91.3020363585724,236.109835618424,204.340121195241,30.21,31.70605
2023-12-29 16:24:41,91.4323969715724,218.618357198424,204.774656571908,30.27,31.68555
2023-12-29 16:24:49,88.6948240985724,196.872194838424,195.649413661908,30.26,31.57422
2023-12-29 16:24:57,85.9572512255724,193.799367548424,186.524170751908,30.37,31.59473
2023-12-29 16:25:05,83.7411208045724,184.817257008424,179.137069348575,30.49,31.29688
2023-12-29 16:25:13,83.2196783525724,185.289999668424,177.398927841908,30.48,31.25879
2023-12-29 16:25:22,84.9143663215724,202.072364098424,183.047887738575,30.5,31.14941
2023-12-29 16:25:30,90.6502332935724,224.527640448424,202.167444311908,30.56,31.30176
2023-12-29 16:25:38,97.0379033305724,267.310851178424,223.459677768575,30.55,31.14063
2023-12-29 16:25:46,102.121967237572,287.875156888424,240.406557458575,30.59,31.0459
2023-12-29 16:25:54,101.079082333572,280.074902998424,236.930274445241,30.65,30.90234
2023-12-29 16:26:02,97.6897063955724,274.401991078424,225.632354651908,30.6,31.03418
2023-12-29 16:26:10,90.9109545195724,243.673718178424,203.036515065241,30.61,31.12012
2023-12-29 16:26:18,87.9126604205724,250.292115418424,200.292115418424,30.56,31.22754
2023-12-29 16:26:26,90.5198726805724,276.765704378424,226.765704378424,30.53,31.11426
2023-12-29 16:26:34,91.5627575845724,266.601737188424,216.601737188424,30.62,31.09668
2023-12-29 16:26:42,92.3449212625724,260.928825268424,210.928825268424,30.65,31.0498
2023-12-29 16:26:50,92.3449212625724,244.146460838424,207.816404208575,30.67,30.98926
2023-12-29 16:26:59,93.7788880055724,235.873464288424,212.596293351908,30.78,30.84863
2023-12-29 16:27:07,94.9521335225724,250.528486748424,216.507111741908,30.74,30.65039
2023-12-29 16:27:15,93.9092486185724,237.291692268424,213.030828728575,30.7,30.92969
2023-12-29 16:27:23,92.3449212625724,229.255067048424,207.816404208575,30.64,30.77832
2023-12-29 16:27:31,89.7377090025724,216.727386558424,199.125696675241,30.59,30.94727
2023-12-29 16:27:39,95.7342972005724,236.818949608424,219.114324001908,30.64,31.01172
2023-12-29 16:27:47,98.4718700735724,251.473972068424,228.239566911908,30.66,30.92676
2023-12-29 16:27:55,101.339803559572,260.219711278424,237.799345198575,30.65,30.7793
2023-12-29 16:28:03,101.470164172572,261.874310588424,238.233880575241,30.61,30.75195
2023-12-29 16:28:12,143.576642171572,282.202244968424,318.135878593517,30.59,30.88574
2023-12-29 16:28:20,191.549347755572,374.623434998424,355.037959811979,30.57,31.2168
2023-12-29 16:28:28,190.767171041511,371.787002675557,354.436285416547,30.56,31.55859
2023-12-29 16:28:37,155.960900406572,306.784863288424,327.662231081979,30.57,31.3877
2023-12-29 16:28:45,84.9143663215724,206.563419368424,183.047887738575,30.59,31.52441
2023-12-29 16:28:53,88.4341028725724,224.527640448424,194.780342908575,30.55,31.3125
2023-12-29 16:29:02,87.1304967425724,215.545529908424,190.434989141908,30.47,31.50293
2023-12-29 16:29:11,99.3843943645724,248.637516108424,231.281314548575,30.39,32.13574
2023-12-29 16:29:19,104.468458271572,268.492707828424,248.228194238575,30.37,32.19629
2023-12-29 16:29:27,102.904130915572,268.019965168424,243.013769718575,30.44,32.02832
2023-12-29 16:29:35,96.3861002655724,271.801906448424,221.801906448424,30.41,32.08789
2023-12-29 16:29:43,90.5198726805724,241.782747538424,201.732908935241,30.42,31.86816
2023-12-29 16:29:51,89.4769877765724,259.037854628424,209.037854628424,30.45,31.82227
2023-12-29 16:30:00,91.4323969715724,264.238023888424,214.238023888424,30.5,31.75098
2023-12-29 16:30:08,89.9984302285724,257.855997978424,207.855997978424,30.45,31.71094
2023-12-29 16:30:16,88.4341028725724,240.128148228424,194.780342908575,30.35,31.4209
2023-12-29 16:30:25,84.6536450955724,212.236331288424,182.178816985241,30.26,31.39063
2023-12-29 16:30:33,80.0910236405724,190.490168928424,166.970078801908,30.19,31.52051
2023-12-29 16:30:41,80.0910236405724,175.835146468424,166.970078801908,30.15,32.30371
2023-12-29 16:30:49,81.1339085445724,179.144345088424,170.446361815241,30.06,32.05176
2023-12-29 16:30:58,81.5249903835724,185.999113658424,171.749967945241,29.96,32.49805
2023-12-29 16:31:06,84.5232844825724,200.417764788424,181.744281608575,29.63,32.27832
2023-12-29 16:31:14,85.9572512255724,222.400298478424,186.524170751908,29.58,32.58105
2023-12-29 16:31:23,89.8680696155724,232.091523008424,199.560232051908,29.45,32.90234
2023-12-29 16:31:31,95.9950184265724,231.855151678424,219.983394755241,29.39,33.01953
2023-12-29 16:31:39,94.9521335225724,222.636669808424,216.507111741908,29.33,33.16309
2023-12-29 16:32:00,83.0893177395724,214.600044588424,176.964392465241,29.3,33.71094
2023-12-29 16:32:08,82.6982359005724,222.400298478424,181.600198985616,29.28,33.88086
2023-12-29 16:32:17,90.9109545195724,255.492284678424,205.492284678424,29.25,33.64648
2023-12-29 16:32:25,96.7771821045724,264.238023888424,222.590607015241,29.26,33.43848
2023-12-29 16:32:33,99.7754762035724,269.201821818424,232.584920678575,29.26,33.39063
2023-12-29 16:32:41,98.0807882345724,240.600890888424,226.935960781908,29.21,33.5332
2023-12-29 16:32:50,90.7805939065724,203.254220748424,202.601979688575,29.19,33.67871
2023-12-29 16:32:59,86.4786936775724,199.945022128424,188.262312258575,29.12,33.74609
2023-12-29 16:33:07,88.3037422595724,228.073210398424,194.345807531908,29.04,34.0459
2023-12-29 16:33:15,88.0430210335724,266.601737188424,216.601737188424,28.98,34.44531
2023-12-29 16:33:23,90.2591514545724,278.183932358424,228.183932358424,28.98,34.11523
2023-12-29 16:33:32,88.5644634855724,267.547222508424,217.547222508424,29.01,34.09277
2023-12-29 16:33:41,85.5661693865724,242.964604188424,195.309736125616,28.99,34.33594
2023-12-29 16:33:49,84.3929238695724,219.327471188424,181.309746231908,28.95,34.20996
2023-12-29 16:33:57,85.3054481605724,216.491015228424,184.351493868575,28.89,34.33984
2023-12-29 16:34:05,86.3483330645724,215.072787248424,187.827776881908,28.86,34.44824
2023-12-29 16:34:13,88.3037422595724,209.872617988424,194.345807531908,28.84,34.04297
2023-12-29 16:34:21,100.427279268572,216.018272568424,234.757597561908,28.88,34.26563
2023-12-29 16:34:29,143.446281558572,279.602160338424,318.035601198902,28.81,34.37109
2023-12-29 16:34:37,151.528639564572,294.729925458424,324.252799665056,28.81,34.50586
2023-12-29 16:34:45,158.046670214572,307.730348608424,329.266669395825,28.76,34.52637
2023-12-29 16:34:53,138.362217651572,270.620049798424,314.124782808902,28.74,34.64648
2023-12-29 16:35:04,108.639997887572,233.982493648424,262.133326291908,28.72,34.88965
2023-12-29 16:35:12,102.121967237572,233.273379658424,240.406557458575,28.75,34.7334
2023-12-29 16:35:21,108.639997887572,241.310004878424,262.133326291908,28.78,34.55273
2023-12-29 16:35:29,111.377570760572,239.182662908424,271.258569201908,28.82,34.53027
2023-12-29 16:35:37,118.547404475572,262.347053248424,295.158014918575,28.8,34.27344
2023-12-29 16:35:45,108.118555435572,235.873464288424,260.395184785241,28.81,34.48145
2023-12-29 16:35:54,104.338097658572,220.745699168424,247.793658861908,28.77,34.30664
2023-12-29 16:36:02,99.9058368165724,208.218018678424,233.019456055241,28.75,34.25684
2023-12-29 16:36:10,93.6485273925724,186.471856318424,212.161757975241,28.63,34.74805
2023-12-29 16:36:18,91.1716757455724,182.453543708424,203.905585818575,28.53,34.91113
2023-12-29 16:36:26,90.1287908415724,177.726117108424,200.429302805241,28.5,35.21484
2023-12-29 16:36:38,88.6948240985724,183.635400358424,195.649413661908,28.47,35.46875
2023-12-29 16:36:46,85.9572512255724,184.817257008424,186.524170751908,28.51,35.52051
2023-12-29 16:36:55,89.8680696155724,198.290422818424,199.560232051908,28.55,35.19434
2023-12-29 16:37:03,94.3003304575724,206.563419368424,214.334434858575,28.57,35.21973
2023-12-29 16:37:11,107.857834209572,229.964181038424,259.526114031908,28.56,35.21875
2023-12-29 16:37:19,107.988194822572,241.310004878424,259.960649408575,28.57,35.00098
2023-12-29 16:37:27,109.552522178572,254.783170688424,265.175073928575,28.66,34.82324
2023-12-29 16:37:35,112.550816277572,270.620049798424,275.169387591908,28.69,34.60742
2023-12-29 16:37:43,113.984783020572,252.183086058424,279.949276735241,28.65,34.48145
2023-12-29 16:37:51,121.676059187572,251.001229408424,301.289276298133,28.65,34.81152
2023-12-29 16:43:19,110.986488921572,240.364519558424,269.954963071908,28.56,35.16992
2023-12-29 16:43:32,91.3020363585724,255.019542018424,205.019542018424,28.51,35.20215
2023-12-29 16:55:10,89.7377090025724,244.146460838424,199.125696675241,28.67,36.30176
2023-12-29 16:55:18,92.4752818755724,240.364519558424,208.250939585241,28.55,36.42578
2023-12-29 16:55:26,92.0842000365724,240.128148228424,206.947333455241,28.49,36.59277
2023-12-29 16:55:34,94.6914122965724,238.473548918424,215.638040988575,28.38,37.25488
2023-12-29 16:55:42,95.2128547485724,232.327894338424,217.376182495241,28.35,37.26465
2023-12-29 16:55:50,95.6039365875724,226.891353748424,218.679788625241,28.29,36.57715
2023-12-29 16:55:58,93.7788880055724,206.799790698424,212.596293351908,28.24,36.74414
2023-12-29 16:56:06,91.1716757455724,203.726963408424,203.905585818575,28.19,36.6416
2023-12-29 16:56:14,87.3912179685724,191.435654248424,191.304059895241,28.11,36.78223
2023-12-29 16:56:22,86.4786936775724,183.162657698424,188.262312258575,28.04,36.60547
2023-12-29 16:56:30,85.4358087735724,175.598775138424,184.786029245241,27.98,36.64941
2023-12-29 16:56:38,85.3054481605724,174.416918488424,184.351493868575,27.97,36.94043
2023-12-29 17:03:06,83.6107601915724,179.853459078424,178.702533971908,28.42,36.41602
2023-12-29 17:03:14,96.9075427175724,399.678772341291,362.098465426614,28.45,36.15039
2023-12-29 17:03:22,99.7754762035724,431.825296858424,402.28162107303,28.35,36.33691
2023-12-29 17:03:30,98.3415094605724,379.114490268424,336.39311283553,28.3,36.1748
2023-12-29 17:04:28,97.6897063955724,253.601314038424,225.632354651908,28.07,36.40039
2023-12-29 17:04:36,104.989900723572,268.729079158424,249.966335745241,28.05,36.28906
2023-12-29 17:04:45,112.941898116572,295.202668118424,276.472993721908,28.08,36.14453
2023-12-29 17:04:53,106.945309918572,263.056167238424,256.484366395241,28.03,36.32422
2023-12-29 17:05:01,102.773770302572,259.274225958424,242.579234341908,27.89,36.47168
2023-12-29 17:05:09,95.6039365875724,237.055320938424,218.679788625241,27.88,36.55469
2023-12-29 17:05:17,91.8234788105724,237.528063598424,206.078262701908,27.86,36.51758
2023-12-29 17:05:25,88.4341028725724,226.891353748424,194.780342908575,27.82,36.63574
2023-12-29 17:05:33,87.5215785815724,228.309581728424,191.738595271908,27.81,36.7207
2023-12-29 17:05:41,118.025962023572,284.329586938424,293.419873411908,27.93,36.62012
2023-12-29 17:06:29,122.067141026572,318.603453425557,301.590108481979,28.17,35.81055
2023-12-29 17:06:38,86.4786936775724,301.584694028424,251.584694028424,28.13,36.4668
2023-12-29 17:06:47,81.3946297705724,208.454390008424,172.302926672283,28.11,36.09766
2023-12-29 17:06:55,81.5249903835724,189.071940948424,171.749967945241,28.03,36.32422
2024-03-01 17:25:00,36.47608712,109.92131273285713,106.08327977571427,33.16571428571429,20.238419999999998
2024-03-01 17:26:00,39.93995483714286,121.60480991285715,114.34502054142857,33.114285714285714,20.31222142857143
2024-03-01 17:27:00,52.249721292857146,146.93030954285715,131.28687302857142,33.15,20.368584285714284
2024-03-01 17:28:00,59.66165328857143,161.04505465714286,140.69670311428573,33.12428571428571,20.160435714285715
2024-03-01 17:29:00,73.61644653,168.86219223333333,163.66502796666666,33.026666666666664,20.27132333333333
2024-03-01 17:30:00,45.37785469285715,153.6162414285714,135.74416095714284,33.19,20.26953
2024-03-01 17:31:00,84.39292387142858,184.04060835714287,197.3309466285714,33.19285714285714,20.205637142857142
2024-03-01 17:32:00,79.62545002142858,193.32662487142858,172.10143404285714,33.31285714285714,20.032227142857145
2024-03-01 17:33:00,70.33260061142857,181.7106623857143,175.06904528571428,33.36142857142857,20.08231
2024-03-01 17:34:00,60.42829784833333,156.29511653333336,139.91691618333334,33.276666666666664,20.311036666666666
2024-03-01 17:35:00,100.49245740666667,222.04574146666667,208.20654011666667,33.11333333333334,20.295735
2024-03-01 17:36:00,47.95713253666667,200.33897434999997,168.27767611666667,33.22833333333333,20.245279999999998
2024-03-01 17:37:00,45.806182420000006,153.31233544285715,135.5415569857143,33.26571428571429,20.417827142857142
2024-03-01 17:38:00,43.36657666714286,130.08041044285713,120.05360695714286,33.269999999999996,20.908205714285714
2024-03-01 17:39:00,46.78388701666666,126.98507158333332,117.99004773333333,33.42666666666667,20.787110000000002
2024-03-01 17:40:00,48.28303406857143,167.4270805857143,144.95138707142857,33.45428571428572,21.049522857142854
2024-03-01 17:41:00,48.82309946428571,168.74400657142857,145.82933772857143,33.31428571428571,20.72991
2024-03-01 17:42:00,38.301135702857145,102.52626683857143,100.85487745285715,32.93,21.792827142857142
2024-03-01 17:43:00,39.418512382857145,103.47175214428572,102.30133850142856,32.84571428571429,21.657925714285714
2024-03-01 17:44:00,69.03209830333334,198.01465626666666,166.27855465000002,33.025,21.565103333333337
2024-03-01 17:45:00,47.29601799857143,164.3542533,142.90283555714285,33.145714285714284,21.293805714285718
2024-03-01 17:46:00,40.92697090857143,116.20203664285714,110.80135777142857,33.04571428571428,21.257252857142856
2024-03-01 17:47:00,54.074769874285714,156.55399941428573,137.7026662857143,33.042857142857144,21.700892857142858
2024-03-01 17:48:00,51.28132816857143,158.1748314,138.7832209142857,32.98571428571428,21.683872857142855
2024-03-01 17:49:00,49.90323026,126.36600384285714,121.78916894285715,32.980000000000004,21.469865714285714
2024-03-01 17:50:00,85.28682521571429,199.6073487857143,211.3048941142857,33.13142857142857,21.59388857142857
2024-03-01 17:51:00,63.03551010499999,243.55553251666666,199.55748210000002,33.041666666666664,21.74755833333333
2024-03-01 17:52:00,53.70231098142857,164.05034730000003,142.70023154285715,33.01428571428571,21.54603857142857
2024-03-01 17:53:00,69.36420748428571,248.63751611428572,203.2444214857143,33.09142857142857,21.536830000000002
2024-03-01 17:54:00,54.07476987571429,196.87219482857145,164.58146324285715,32.972857142857144,21.646342857142855
2024-03-01 17:55:00,45.22887113428572,146.28873021428572,130.85915348571427,32.92714285714286,21.593052857142855
2024-03-01 17:56:00,39.939954836666665,118.79086548333333,112.52724366666666,32.718333333333334,21.511556666666667
2024-03-01 17:57:00,49.12106658,136.0909956857143,124.0606638,32.73142857142857,21.641881428571427
2024-03-01 17:58:00,53.236737362499994,147.64786535000002,131.7652436,32.739999999999995,21.506347499999997
2024-03-01 17:59:00,43.785592916666666,123.2031303,115.46875358333334,32.718333333333334,21.262041666666665
2024-03-01 18:00:00,47.92919812,137.37415434285714,124.91610291428572,32.68,21.483957142857143
2024-03-01 18:01:00,49.25142719571428,195.0825262,164.8992794857143,32.537142857142854,22.63071857142857
2024-03-01 18:02:00,54.14926165285714,264.4743986,225.82080235714284,32.62571428571429,21.47796
2024-03-01 18:03:00,40.964216795714286,114.37860064285714,109.58573378571428,32.56142857142857,21.24344285714286
2024-03-01 18:04:00,42.32989940833333,135.33685858333334,123.55790574999999,32.553333333333335,21.017251666666667
2024-03-01 18:05:00,49.47490253,142.8782296,128.5854864,32.63,21.142298571428572
2024-03-01 18:06:00,48.63687001571429,132.7142624142857,121.80950825714285,32.667142857142856,21.098215714285715
2024-03-01 18:07:00,50.99888017333333,133.20951661666666,122.13967776666668,32.81,21.189941666666666
2024-03-01 18:08:00,58.54427660571428,137.9481989857143,125.29879932857143,32.89142857142857,21.368304285714284
2024-03-01 18:09:00,46.45798548571429,112.62269935714286,108.4151329142857,32.932857142857145,21.571987142857143
2024-03-01 18:10:00,48.56237824,143.28343758571427,128.8556250714286,32.90428571428571,22.196428571428573
2024-03-01 18:11:00,59.065719058571425,145.3770122142857,130.2513415,32.92142857142857,22.90959857142857
2024-03-01 18:12:00,49.77286964428571,113.87209065714285,109.24806044285715,32.941428571428574,23.396485714285713
2024-03-01 18:13:00,45.60133002857143,103.91072747857143,102.50012815000001,32.69714285714286,23.257114285714287
2024-03-01 18:14:00,45.71306769857143,104.85621280714285,102.68022062142857,32.472857142857144,23.72209714285714
2024-03-01 18:15:00,46.5883461,121.84118121428571,114.56078748571429,32.37428571428571,24.519669999999998
2024-03-01 18:16:00,53.348475029999996,138.7923823142857,125.8615882,32.462857142857146,24.173270000000002
2024-03-01 18:17:00,53.19949147142857,153.37987011428572,135.58658008571427,32.54714285714286,24.60002714285714
2024-03-01 18:18:00,61.775357513333326,134.23379236666668,122.82252825,32.71,24.622883333333334
2024-03-01 18:19:00,58.89811255714285,165.3672732714286,143.57818218571427,32.747142857142855,24.767857142857142
2024-03-01 18:20:00,53.29260619428572,169.48688787142856,146.32459191428572,32.792857142857144,24.913225714285716
2024-03-01 18:21:00,64.93194664285714,172.86362117142858,150.56936504285713,32.785714285714285,25.130162857142857
2024-03-01 18:22:00,63.200012785714286,156.45269741428572,139.42253252857142,32.8,25.466517142857146
2024-03-01 18:23:00,91.30203635857143,191.9083969,211.76493751428572,32.78857142857143,25.804687142857144
2024-03-01 18:24:00,50.98336105428571,113.66948668571429,109.11299112857144,32.60857142857143,26.189592857142856
2024-03-01 18:25:00,48.78585357714286,133.89611904285715,122.59741268571429,32.58571428571428,26.623885714285713
2024-03-01 18:26:00,62.02676726714286,191.23305025714285,160.8220335,32.74,26.85002714285714
2024-03-01 18:27:00,61.03975119571429,190.7940749,160.5293833,32.79714285714285,26.876534285714285
2024-03-01 18:28:00,53.59057331142857,161.787936,141.19195732857142,32.72,27.120955714285714
2024-03-01 18:29:00,62.00814432428571,166.31275860000002,144.20850574285714,32.752857142857145,27.43498857142857
2024-03-01 18:30:00,70.87266600857143,186.20171764285715,157.46781175714287,32.682857142857145,27.729071428571427
2024-03-01 18:31:00,66.68250344857142,181.6093603857143,154.40624025714285,32.745714285714286,27.716657142857144
2024-03-01 18:32:00,61.98952137857143,156.55399941428573,137.7026662857143,32.93571428571429,27.73353857142857
2024-03-01 18:33:00,90.24052851857142,212.67530661428572,205.73681332857146,32.778571428571425,27.88671857142857
2024-03-01 18:34:00,68.33994552571428,161.14635667142858,147.58952822857142,32.544285714285714,28.23883857142857
2024-03-01 18:35:00,64.07529118714287,150.07067148571429,135.93213,32.339999999999996,28.90681
2024-03-01 18:36:00,94.00236334142856,197.37870484285713,213.34121114285716,32.31285714285714,29.17787428571429
2024-03-01 18:37:00,73.33089470714286,154.02144941428574,145.82885207142857,32.402857142857144,29.160854285714287
2024-03-01 18:38:00,55.76945784428572,121.73987924285714,114.49325281428571,32.45428571428572,29.06543
2024-03-01 18:39:00,81.33876093,185.1886976857143,183.4060316142857,32.14,29.725165714285716
2024-03-01 18:40:00,66.3705691225,154.4435411,141.51278035,31.77,30.1748075
2024-03-01 18:41:00,66.58938872142858,171.1414872,147.42765815714284,31.615714285714287,30.71066
2024-03-01 18:42:00,85.02610398714286,202.81524541428573,187.44860808571428,31.62857142857143,31.017578571428572
2024-03-01 18:43:00,51.56067233857143,152.3330828,134.88872187142857,31.631428571428568,30.942522857142855
2024-03-01 18:44:00,51.560672339999996,160.53854467142858,140.35902978571428,31.707142857142856,30.910435714285715
2024-03-01 18:45:00,67.93024074142856,202.1736661,168.1157774,31.704285714285714,30.941824285714286
2024-03-01 18:46:00,63.40486517666667,197.7388897,165.1592598,31.573333333333334,31.133139999999997
2024-03-01 18:47:00,60.350702242857146,156.99297472857143,137.9953165,31.475714285714286,31.247908571428574
2024-03-01 18:48:00,49.02795185714286,122.51652788571428,115.01101860000001,31.571428571428573,31.15108857142857
2024-03-01 18:49:00,55.75083489857143,140.14307562857144,126.76205041428571,31.704285714285714,31.112444285714286
2024-03-01 18:50:00,63.64696345857143,140.75088761428572,127.16725840000001,31.687142857142856,31.111328571428572
2024-03-01 18:51:00,68.04197841,153.61624144285716,137.5129367857143,31.48428571428571,31.429545714285716
2024-03-01 18:52:00,56.66335919,158.34366807142857,138.89577868571428,31.422857142857143,31.46051857142857
2024-03-01 18:53:00,61.91502959857143,144.26269024285713,129.50846015714285,31.551428571428573,31.193637142857142
2024-03-01 18:54:00,59.38230911857143,138.049501,125.36633401428571,31.73,30.904995714285715
2024-03-01 18:55:00,51.20683639,117.72156662857142,111.81437775714286,31.767142857142858,30.84947
2024-03-01 18:56:00,101.91711484285715,209.062202,225.43954715714287,31.424285714285713,31.57143
2024-03-01 18:57:00,59.06571905714286,147.8082601857143,131.87217345714285,31.304285714285715,31.679129999999997
2024-03-01 18:58:00,50.927492217142856,120.01774524285715,113.3451635,31.388571428571428,31.60574857142857
2024-03-01 18:59:00,56.77509685857143,139.63656564285716,126.4243771,31.56142857142857,31.523018571428572
2024-03-01 19:00:00,52.10073773285715,122.41522587142858,114.9434839,31.568571428571428,31.46205142857143
2024-03-01 19:01:00,52.007623012857145,133.55844572857143,122.37229715714285,31.665714285714284,31.458147142857143
2024-03-01 19:02:00,64.67122541857142,172.12073984285715,148.08049325714288,31.86285714285714,31.36606857142857
2024-03-01 19:03:00,53.62781920142857,149.93560217142857,133.29040145714285,32.004285714285714,31.011438571428574
2024-03-01 19:04:00,54.64897733666667,147.54937731666666,131.69958484999998,31.948333333333334,31.2098
2024-03-01 19:05:00,68.41443730571429,176.5780278,155.886761,31.84857142857143,31.204937142857144
2024-03-01 19:06:00,80.22138425285713,193.4616942142857,184.92511408571428,31.68857142857143,31.22754
2024-03-01 19:07:00,70.20223999714285,189.00440628571428,161.5133197857143,31.705714285714286,31.09682
2024-03-01 19:08:00,72.58597692142857,190.05119361428572,164.3449411714286,31.78,30.96819285714286
2024-03-01 19:09:00,68.93587975571428,174.3493838142857,152.1872355428571,31.62142857142857,31.59737857142857
2024-03-01 19:10:00,67.1108311757143,162.86849065714287,141.9123271,31.584285714285716,31.73549
2024-03-01 19:11:00,71.74794440999999,173.77533917142858,150.9172759142857,31.64428571428571,31.97698
2024-03-01 19:12:00,60.87214469571428,156.89167272857142,137.9277818142857,31.69,32.98381571428571
2024-03-01 19:13:00,56.253654407142854,143.11460091428572,128.74306729999998,31.565714285714286,32.15248285714286
2024-03-01 19:14:00,52.60355724285714,136.8001096857143,124.53340645714286,31.514285714285712,31.80259571428571
2024-03-01 19:15:00,58.320801268333334,154.87688851666667,136.58459236666667,31.413333333333338,31.870443333333338
2024-03-01 19:16:00,58.46978482714286,162.66588665714286,141.77725777142857,31.40857142857143,31.88658
2024-03-01 19:17:00,53.38572092,154.6967960857143,136.46453072857142,31.342857142857145,31.754045714285716
2024-03-01 19:18:00,55.63909722857142,158.85017801428572,139.2334520142857,31.37857142857143,31.58747142857143
2024-03-01 19:19:00,57.762112928571426,194.06950622857144,162.71300414285716,31.482857142857142,31.38365285714286
2024-03-01 19:20:00,53.29260619714285,186.6406929857143,157.7604619857143,31.404285714285713,31.33803
2024-03-01 19:21:00,53.851294540000005,161.078822,140.71921468571426,31.454285714285714,31.243025714285714
2024-03-01 19:22:00,51.65378706142857,213.01297995714285,176.66422155714287,31.46857142857143,31.256138571428572
2024-03-01 19:23:00,48.432017627142855,156.41893004285717,137.61262005714283,31.55857142857143,31.026647142857144
2024-03-01 19:24:00,48.13094668666667,140.06428518333334,126.70952348333333,31.301666666666666,31.440265
2024-03-01 19:25:00,48.782749751666664,136.16415824999999,124.10943885,31.136666666666667,31.584473333333335
2024-03-01 19:26:00,54.670704105714286,177.6248151,151.74987674285714,31.21,31.653042857142857
2024-03-01 19:27:00,50.45571095166667,145.22505923333333,130.15003948333333,31.235,31.462076666666665
2024-03-01 19:28:00,53.29260619571429,165.80624859999998,143.87083239999998,31.33285714285714,31.443638571428572
2024-03-01 19:29:00,53.25536030714285,155.3046080857143,136.86973872857143,31.228571428571428,31.552315714285715
2024-03-01 19:30:00,57.70624409428571,166.9205705857143,144.61371374285713,31.25142857142857,31.70507857142857
2024-03-01 19:31:00,53.345371205,164.80448438333335,143.2029896,31.213333333333335,31.63460333333333
2024-03-01 19:32:00,55.52735956285714,167.8660559,145.24403727142857,31.375714285714285,31.522321428571427
2024-03-01 19:33:00,72.12040330285714,203.7944980857143,169.68298497142857,31.37,31.514927142857143
2024-03-01 19:34:00,56.32814618285715,181.0015484,154.00103227142858,31.398571428571426,31.455217142857144
2024-03-01 19:35:00,55.08040889,156.31762807142857,137.5450853857143,31.467142857142857,31.30901
2024-03-01 19:36:00,54.55896643571428,174.24808181428574,149.49872121428572,31.414285714285715,31.461774285714284
2024-03-01 19:37:00,52.67804902142857,166.88680324285716,144.59120218571428,31.490000000000002,31.53027142857143
2024-03-01 19:38:00,52.21557922666667,209.7544323333333,173.16962155,31.493333333333336,31.506673333333335
2024-03-01 19:39:00,52.361458961428575,184.78348967142855,156.52232644285712,31.48,31.314870000000003
2024-03-01 19:40:00,49.47490253,141.49376895714286,127.6625126142857,31.514285714285712,31.11355857142857
2024-03-01 19:41:00,48.91621418857143,131.02589577142857,120.6839305,31.542857142857144,31.098074285714286
2024-03-01 19:42:00,55.97431023571429,148.78751284285713,132.5250085857143,31.352857142857143,31.40304142857143
2024-03-01 19:43:00,56.64473624714286,197.8514474714286,166.5088556714286,31.192857142857143,31.709821428571427
2024-03-01 19:44:00,52.175229512857136,187.2822723,158.9449731,31.135714285714283,31.987165714285712
2024-03-01 19:45:00,47.31464094428571,134.8416043857143,123.22773625714285,30.89428571428571,31.992884285714286
2024-03-01 19:46:00,46.74043348,137.07024835,124.71349888333334,30.82166666666667,31.840985
2024-03-01 19:47:00,47.81746045142857,161.34896064285712,140.8993071142857,30.787142857142857,31.873048571428573
2024-03-01 19:48:00,48.99070596714286,156.1487914,137.4325276142857,30.75714285714286,32.17606142857143
2024-03-01 19:49:00,47.445001555714285,161.68663401428572,141.12442267142856,30.66,32.03766714285714
2024-03-01 19:50:00,50.25706620857142,161.48402998571427,140.98935334285713,30.66142857142857,31.95340285714286
2024-03-01 19:51:00,56.38401502,177.96248842857145,151.97499231428569,30.775714285714287,31.810545714285716
2024-03-01 19:52:00,68.65653558714286,225.7094971142857,193.5757085142857,30.798571428571428,31.61593142857143
2024-03-01 19:53:00,48.897591244285714,142.03404627142856,128.0226975142857,30.642857142857142,31.76450857142857
2024-03-01 19:54:00,46.68146082285715,133.3220743857143,122.21471627142857,30.68142857142857,31.863701428571428
2024-03-01 19:55:00,48.04093578714286,137.00271367142858,124.66847577142858,30.78142857142857,31.78124857142857
2024-03-01 19:56:00,54.52172054857142,150.8135528,133.87570188571428,31.107142857142858,31.291294285714287
2024-03-01 19:57:00,62.73443916714286,232.56426568571428,188.4463662714286,31.175714285714285,31.320451428571427
2024-03-01 19:58:00,66.66388050142857,206.0231420285714,170.68209470000002,30.975714285714286,31.464702857142857
2024-03-01 19:59:00,53.460212698571425,177.42221114285715,151.6148074142857,30.867142857142856,31.45368285714286
2024-03-01 20:00:00,53.77680275857143,203.05161675714285,168.70107782857144,30.882857142857144,31.45145142857143
2024-03-01 20:01:00,59.90375157,205.0776567285714,170.05177114285715,30.922857142857143,31.452427142857143
2024-03-01 20:02:00,75.8822381342857,253.73638337142856,205.39162052857142,31.122857142857146,31.334542857142857
2024-03-01 20:03:00,49.95909909285714,155.77735072857143,137.1849005,31.197142857142858,31.12193
2024-03-01 20:04:00,52.100737734285715,174.2143144714286,149.47620965714285,31.25714285714286,31.069614285714287
2024-03-02 17:01:00,36.029136447142854,87.19589771999999,87.19589771999999,34.175714285714285,20.839844285714285
2024-03-02 17:02:00,35.30284160285714,88.07384837428572,88.07384837428572,34.27428571428572,20.849888571428572
2024-03-02 17:03:00,43.720412612857146,110.6304267157143,105.63114150142857,34.32714285714285,19.94740714285714
2024-03-02 17:04:00,168.83401419749998,336.035809475,327.509438125,34.644999999999996,19.2690425
2024-03-02 17:05:00,101.76812941857143,211.3246166857143,215.21347238571428,34.69142857142857,19.55147857142857
2024-03-02 17:06:00,46.45798548571429,115.93189798571429,110.62126531428571,34.72714285714286,19.483398571428573
2024-03-02 17:07:00,53.42296681,242.82953147142857,206.90400355714286,34.83857142857143,19.797292857142857
2024-03-02 17:08:00,43.73903555857142,167.9673579,145.31157195714286,34.778571428571425,19.214147142857144
2024-03-02 17:09:00,53.23673736285714,169.38558587142856,146.25705725714286,34.94571428571429,19.00223142857143
2024-03-02 17:10:00,56.66335919,121.84118123714286,120.77274416571429,35.05571428571428,18.74734857142857
2024-03-02 17:11:00,51.33719700142857,137.91443165714287,125.27628778571429,35.14142857142857,18.852122857142856
2024-03-02 17:12:00,81.09666264714285,229.82911170000003,208.8443366,35.25,18.904714285714284
2024-03-02 17:13:00,155.7374269142857,425.6458681857143,409.6866160285714,35.222857142857144,18.802175714285713
2024-03-02 17:14:00,40.72211851714286,104.88998013428571,102.71589509142858,35.315714285714286,18.768554285714288
2024-03-02 17:15:00,45.638575918571426,150.77978548571429,133.85319032857143,35.621428571428574,18.67606
2024-03-02 17:16:00,55.396998950000004,169.8920958857143,146.5947305857143,35.62,18.56222285714286
2024-03-02 17:17:00,51.877262398571425,163.57760464285712,142.38506975714284,35.53,18.430247142857144
2024-03-02 17:18:00,49.43455281833334,139.1581951,126.1054634,35.69833333333333,18.770345000000002
2024-03-02 17:19:00,45.00539579857143,159.5930593857143,139.72870624285716,35.60142857142857,19.043388571428572
2024-03-02 17:20:00,50.33155798714286,136.4962037,124.33080245714287,35.245714285714286,19.179965714285714
2024-03-02 17:21:00,44.14874034285714,126.94004848571429,117.96003234285715,35.497142857142855,18.87235
2024-03-02 17:22:00,49.45627958285714,144.76920025714284,129.8461335142857,35.61714285714286,18.992467142857144
2024-03-02 17:23:00,45.78755947714286,132.03891575714286,121.35927717142856,35.18571428571429,19.069197142857142
2024-03-02 17:24:00,58.07870298857142,143.2834376,132.3056779,35.28142857142857,18.998189999999997
2024-03-02 17:25:00,45.22887113428572,114.95264532,108.76959630571427,35.23285714285714,18.902064285714285
2024-03-02 17:26:00,45.50821530571428,116.57347730000001,111.04898487142857,35.34142857142857,18.975862857142857
2024-03-02 17:27:00,57.073063974285716,155.60851407142857,137.67100554285713,35.42285714285715,18.950892857142858
2024-03-02 17:28:00,49.95909909285714,190.96291157142858,160.64194104285713,35.58142857142857,18.834542857142857
2024-03-02 17:29:00,60.60211199833333,258.95906418333334,214.38631408333333,35.53,18.72802666666667
2024-03-02 17:30:00,52.119360681428574,142.9795316,128.65302105714287,35.63857142857143,18.569894285714287
2024-03-02 17:31:00,50.59227921285714,142.40548692857143,128.27032464285713,35.98857142857143,18.325752857142856
2024-03-02 17:32:00,71.11786811333333,183.67479558333332,171.0855527,36.27,17.91194666666667
2024-03-02 17:33:00,84.03908792571428,202.7814780857143,190.61586634285712,36.058571428571426,18.06487142857143
2024-03-02 17:34:00,171.47381662499998,354.70915635,371.11240405,36.0025,18.000977499999998
2024-03-02 17:35:00,123.85494372428572,302.86785602857145,269.2575393714286,35.83571428571428,18.476422857142857
2024-03-02 17:36:00,76.19882819571428,308.77713592857145,262.02604581428574,35.97,18.524552857142858
2024-03-02 17:37:00,88.09888986,255.93126335714285,224.4346207,35.70142857142857,18.438895714285714
2024-03-02 17:38:00,60.816275860000005,187.72124761428572,159.59780821428572,35.787142857142854,18.63644
2024-03-02 17:39:00,62.82755389142857,262.88733057142855,217.9696331,35.934285714285714,18.485770000000002
2024-03-02 17:40:00,48.56237823857143,163.47630261428571,142.3175351,35.97428571428571,18.37876714285714
2024-03-02 17:41:00,62.41784910714286,251.20383341428573,202.87032635714286,35.94571428571429,18.44001
2024-03-02 17:42:00,63.46073401,247.99593677142857,199.49359305714285,35.83142857142857,18.349608571428572
2024-03-02 17:43:00,64.50361891428572,220.34049117142857,180.2269941142857,35.754285714285714,18.455495714285714
2024-03-02 17:44:00,53.66506509285715,152.83959277142858,135.2263952,35.691428571428574,18.160714285714285
2024-03-02 17:45:00,54.76381883,166.88680324285716,144.59120217142856,35.62,18.464145714285713
2024-03-02 17:46:00,57.082375445,189.54468359999998,159.69645573333332,35.83,18.45996
2024-03-02 17:47:00,50.4176891075,189.84014775,159.89343185,35.870000000000005,18.32959
2024-03-02 17:48:00,48.63687001571429,171.6479972,147.76533145714285,35.73285714285714,18.518554285714288
2024-03-02 17:49:00,61.12355444833333,168.9803779,145.9869186,35.76,18.531576666666666
2024-03-02 17:50:00,74.78348439571428,204.97635471428572,173.23841604285715,35.72571428571428,18.392158571428574
2024-03-02 17:51:00,62.26886554857143,194.47471421428574,165.57462614285714,35.82285714285714,18.479352857142857
2024-03-02 17:52:00,67.94886368714286,282.6074495857143,243.55443104285715,36.082857142857144,18.329659999999997
2024-03-02 17:53:00,60.57417757857143,329.7466394857143,291.11685225714285,36.06142857142857,18.478237142857147
2024-03-02 17:54:00,42.789265377142854,160.30217334285712,140.76689225714287,36.044285714285714,18.165737142857143
2024-03-02 17:55:00,54.78244177142857,168.6764719,145.7843146142857,35.988571428571426,18.389925714285713
2024-03-02 17:56:00,46.606969042857145,144.73543292857144,129.8236219285714,35.91571428571429,18.183594285714285
2024-03-02 17:57:00,43.92526500571429,146.55886888571428,131.03924591428571,35.52428571428572,18.61872285714286
2024-03-02 17:58:00,42.90100304714286,123.12433987142857,115.4162266,35.09428571428572,18.887417142857142
2024-03-02 17:59:00,48.74860768571428,167.25824394285715,144.8388293,34.817142857142855,19.392858571428572
2024-03-02 18:00:00,57.11030986285714,219.09109984285715,179.7343943857143,34.80142857142857,19.310965714285715
2024-03-02 18:01:00,54.689327049999996,316.13841110000004,269.19044472857144,34.79571428571428,20.04743285714286
2024-03-02 18:02:00,42.67752771,180.22489972857144,153.48326648571427,34.68857142857143,19.666434285714285
2024-03-02 18:03:00,44.33496979,149.49662684285713,132.99775121428573,34.537142857142854,19.526927142857144
2024-03-02 18:04:00,50.19498972666667,242.17669975,196.52095315,34.39333333333334,19.59912
2024-03-02 18:05:00,64.8202089742857,239.14889555714285,196.02681355714284,34.27142857142857,19.60965428571429
2024-03-02 18:06:00,47.14703444142857,143.35097225714284,128.90064817142857,34.52571428571429,19.411132857142857
2024-03-02 18:07:00,47.445001555714285,246.37510818571428,212.59807845714286,34.58,19.439734285714284
2024-03-02 18:08:00,43.068609547499996,156.3936045625,137.595736375,34.79375,19.16504
2024-03-02 18:09:00,41.74638047571428,152.70452345714287,135.13634898571428,34.924285714285716,18.973074285714286
2024-03-02 18:10:00,56.10467085,226.182239775,203.25014527500002,34.7675,19.9794925
2024-03-02 18:11:00,57.40827697666666,424.5765839333333,354.1897069,34.02333333333333,22.78222666666667
2024-03-02 18:12:00,49.94047614857143,267.41215317142854,218.64497977142858,33.778571428571425,23.379184285714285
2024-03-02 18:13:00,52.19385245857143,289.9349641857143,239.9349641857143,33.787142857142854,23.599330000000002
2024-03-02 18:14:00,50.033590871428565,308.57452855714286,271.00294385714284,33.55714285714286,23.964285714285715
2024-03-02 18:15:00,46.43936254,217.0988272,178.06588480000002,33.35142857142857,24.358675714285713
2024-03-02 18:16:00,47.556739224285714,212.67530661428572,176.74301201428574,33.41142857142857,24.451868571428573
2024-03-02 18:17:00,52.41732779428571,286.52446357142856,242.52139955714284,33.25,24.720982857142854
2024-03-02 18:18:00,45.65719886428571,197.81768014285714,166.5426230142857,33.02285714285714,24.95228714285714
2024-03-02 18:19:00,50.275689154285715,300.808042,255.64844599999998,32.97571428571428,24.956755714285716
2024-03-02 18:20:00,48.97829067166666,258.28934541666666,218.31459125,32.88,25.079265000000003
2024-03-02 18:21:00,47.593985114285715,285.4439055428571,248.68159801428573,32.81428571428572,25.186245714285715
2024-03-02 18:22:00,54.5240484175,363.7799061375,333.421484075,32.5475,25.5494375
2024-03-02 18:23:00,48.56237824,169.45312057142857,146.3020803857143,32.20714285714286,26.089007142857145
2024-03-02 18:24:00,40.498643178571434,119.71383924857143,113.14065233428572,31.937142857142856,26.32756714285714
2024-03-02 18:25:00,44.09287150714285,152.8395927857143,135.22639519999998,31.732857142857142,26.489815714285715
2024-03-02 18:26:00,68.22820785714285,182.6561476857143,158.21908285714287,31.422857142857143,27.054129999999997
2024-03-02 18:27:00,38.31975864571429,115.32408598571429,110.21605732857142,31.33285714285714,27.344168571428572
2024-03-02 18:28:00,49.695274043333335,264.0016565,243.54893636666665,31.395,27.333985
2024-03-02 18:29:00,55.087858066,359.25929856000005,301.72925644000003,31.496,27.264062000000003
2024-03-02 18:30:00,47.81746045,251.27136467142856,214.7016029857143,31.65142857142857,26.98325857142857
2024-03-02 18:31:00,48.152673455714286,251.27136807142855,208.9285892,31.632857142857144,26.897601428571427
2024-03-02 18:32:00,39.455758272857146,126.12963251428572,117.41975498571428,31.50857142857143,27.21595857142857
2024-03-02 18:33:00,43.86939617,171.78306654285714,147.85537767142858,31.517142857142858,27.336217142857144
2024-03-02 18:34:00,42.36093764857143,161.6528666714286,141.10191112857143,31.572857142857142,27.212891428571428
2024-03-02 18:35:00,47.31464094285714,218.85472852857143,180.4349070857143,31.51571428571429,27.422295714285717
2024-03-02 18:36:00,48.28303406857143,238.16964292857142,195.87188714285713,31.66,27.431082857142858
2024-03-02 18:37:00,50.406049765714286,333.1571502428572,299.5980916571429,31.785714285714285,27.39090428571429
2024-03-02 18:38:00,50.67297864,374.8991976,326.0828940833333,31.849999999999998,27.462078333333334
2024-03-02 18:39:00,55.061785945714284,435.6747660428572,409.49792229999997,31.821428571428573,27.394948571428568
2024-03-02 18:40:00,58.11594887857143,435.0331901,406.29148761428576,31.891428571428573,27.51199857142857
2024-03-02 18:41:00,68.16302755333334,374.42646676666664,334.64478105,31.896666666666665,27.594238333333333
2024-03-02 18:42:00,65.32302848285714,330.18562495714286,280.4909886857143,31.91,27.299945714285712
2024-03-02 18:43:00,60.48106285428571,371.415535,331.4755884714286,31.990000000000002,27.112584285714288
2024-03-02 18:44:00,55.73531578,377.02654351666666,336.88385239999997,32.06666666666667,27.257649999999998
2024-03-02 18:45:00,60.2436203125,558.756701075,524.75943045,31.95,27.3584
2024-03-02 18:46:00,63.79594701333334,508.8823346666666,498.6029183333333,32.03333333333333,27.191729999999996
2024-03-02 18:47:00,50.87162338428571,270.48498384285716,238.29669387142857,31.912857142857145,27.287805714285717
2024-03-02 18:48:00,47.966444007142854,205.82053804285715,170.5470253714286,31.74857142857143,27.542271428571432
2024-03-02 18:49:00,45.843428311428575,160.20087135714286,140.1339142142857,31.792857142857144,27.752232857142854
2024-03-02 18:50:00,46.94218204857143,206.7660233857143,175.00102097142857,31.69142857142857,28.22140142857143
2024-03-02 18:51:00,46.371078411666666,187.81129383333334,158.54086255,31.651666666666667,28.246908333333334
2024-03-02 18:52:00,59.102964948571426,330.25315624285713,289.97439758571426,31.764285714285712,28.013114285714288
2024-03-02 18:53:00,52.92014730142858,193.6642982142857,165.42830101428572,31.881428571428575,27.84919
2024-03-02 18:54:00,56.979949250000004,167.62968460000002,148.4032302142857,31.88714285714286,27.875977142857145
2024-03-02 18:55:00,96.79890887833334,253.0103857,229.49501933333332,31.94666666666667,27.885091666666668
2024-03-02 18:56:00,72.38112452857142,223.14317978571427,185.25953361428574,32.00857142857143,28.107142857142858
2024-03-02 18:57:00,58.86397049000001,157.08302095,138.05534731666665,32.195,28.03776166666667
2024-03-02 18:58:00,45.34060880571428,116.84361597142856,111.2290772857143,32.228571428571435,27.926618571428573
2024-03-02 18:59:00,49.90323026,151.65773614285715,134.43849075714286,32.277142857142856,28.02497142857143
2024-03-02 19:00:00,50.033590871428565,162.05807465714287,141.37204979999998,32.308571428571426,28.00251142857143
2024-03-02 19:01:00,51.824497388333334,163.3468612,142.23124081666666,32.43333333333333,27.836915
2024-03-02 19:02:00,56.66335919,163.0373273142857,142.02488488571427,32.47714285714285,27.70759
2024-03-02 19:03:00,58.60014543857143,167.42708057142858,144.95138707142857,32.49714285714286,27.73172285714286
2024-03-02 19:04:00,52.268344237142855,200.5190667857143,167.88206055714286,32.41857142857143,27.87513857142857
2024-03-02 19:05:00,47.50087039142857,146.55886888571428,131.03924591428571,32.18571428571429,27.830774285714284
2024-03-02 19:06:00,50.90886927428572,164.08411464285714,142.72274308571428,32.19857142857143,27.76102
2024-03-02 19:07:00,66.229345125,226.14284451666666,184.29530268333335,32.22833333333333,27.731771666666663
2024-03-02 19:08:00,63.18138983857143,229.69404238571428,186.46269492857144,32.21,27.585797142857142
2024-03-02 19:09:00,51.129240785,177.174584,151.44972266666664,32.17166666666667,27.613118333333333
2024-03-02 19:10:00,56.81234274571428,189.30831225714286,159.53887484285715,32.19428571428572,27.752092857142856
2024-03-02 19:11:00,62.995160392857144,228.95116105714285,185.9674407,32.08571428571429,27.96958857142857
2024-03-02 19:12:00,58.12526035,190.52956416666666,160.35304278333334,31.945000000000004,28.168458333333334
2024-03-02 19:13:00,79.19712229285714,267.8848992142857,223.24474495714284,32.21857142857143,27.743024285714284
2024-03-02 19:14:00,85.32407110285715,350.47979200000003,302.70582594285713,32.432857142857145,27.731585714285718
2024-03-02 19:15:00,66.01207743714285,244.1126935,199.60880531428572,32.58,27.30148
2024-03-02 19:16:00,56.38711884166667,210.85749851666665,173.90809591666667,32.445,27.263183333333334
2024-03-02 19:17:00,49.679754921428575,156.4526974,137.6351316142857,32.27428571428571,27.633648571428573
2024-03-02 19:18:00,54.707949994285705,185.22246501428572,156.81497667142858,32.29571428571428,27.75279142857143
2024-03-02 19:19:00,65.49063498666668,179.2625307333333,152.84168716666667,32.596666666666664,27.375325
2024-03-02 19:20:00,60.60211199666667,192.22355866666666,161.48237246666667,32.665,27.299153333333333
2024-03-02 19:21:00,75.35458803333334,275.38687161666667,228.74240341666666,32.593333333333334,27.46566
2024-03-02 19:22:00,84.29980914285714,254.8507053428571,209.62495021428572,32.55142857142857,27.67145857142857
2024-03-02 19:23:00,68.80551914428571,205.38156272857142,170.63972607142858,32.52285714285714,27.786270000000002
2024-03-02 19:24:00,68.17606361200001,212.33087981999998,174.8872532,32.477999999999994,27.774220000000003
2024-03-02 19:25:00,54.71415764333333,155.42842163333333,136.9522811,32.51,27.886396666666666
2024-03-02 19:26:00,62.65994739,170.66874454285716,147.11249635714285,32.46714285714285,28.116351428571427
2024-03-02 19:27:00,65.12127991499999,255.61047033333332,212.98431473333335,32.36833333333333,28.186198333333333
2024-03-02 19:28:00,65.7886021,201.09311144285715,168.16345500000003,32.30142857142857,28.21861
2024-03-02 19:29:00,57.16617869714286,184.44581634285714,156.2972109,32.35857142857143,28.310407142857144
2024-03-02 19:30:00,51.95175417571428,196.16308082857145,164.1087205714286,32.364285714285714,28.273717142857144
2024-03-02 19:31:00,49.9342685,198.80256068333333,165.8683738,32.38166666666667,28.29638833333333
2024-03-02 19:32:00,72.68219547,209.16350398333336,174.93092043333334,32.483333333333334,28.541015
2024-03-02 19:33:00,50.911973096666664,159.80129123333333,139.8675275,31.986666666666668,28.859211666666667
2024-03-02 19:34:00,55.043162998571425,177.25337444285717,151.50224962857143,31.77,29.400389999999998
2024-03-02 19:35:00,70.27673177571428,218.58458987142856,179.94825414285717,31.687142857142856,29.59849142857143
2024-03-02 19:36:00,52.733917854285714,173.7753391571429,149.18355944285713,31.59142857142857,30.111608571428572
2024-03-02 19:37:00,58.559795726666664,203.01784943333334,168.67856628333334,31.381666666666664,30.603026666666665
2024-03-02 19:38:00,78.213830812,250.67030954,207.15520954,31.083999999999996,31.267970000000002
2024-03-02 19:39:00,52.82392875333333,175.16542768333332,150.11028513333335,31.116666666666664,31.29036333333333
2024-03-02 19:40:00,61.691554262857146,236.8864842857143,198.44680575714284,31.092857142857145,31.57129
2024-03-02 19:41:00,61.17011181142857,218.65212451428573,183.12503792857143,31.108571428571427,31.379185714285715
2024-03-02 19:42:00,55.300780401666664,158.14669193333336,138.76446128333333,31.153333333333336,31.399253333333334
2024-03-02 19:43:00,58.67463722142857,159.28915337142857,139.52610225714287,31.165714285714284,31.518555714285714
2024-03-02 19:44:00,52.71529490857143,159.28915337142857,139.52610225714287,31.13,31.62486142857143
2024-03-02 19:45:00,86.26142598833333,236.6613687,212.1106004333333,31.064999999999998,31.710286666666665
2024-03-02 19:46:00,52.324213071428574,165.9075506,143.93836707142856,31.07857142857143,31.68443285714286
2024-03-02 19:47:00,46.5883461,137.98196632857142,125.32131087142857,31.12142857142857,31.617047142857142
2024-03-02 19:48:00,50.40604976714286,145.00557155714287,130.0037143857143,31.195714285714285,31.566129999999998
2024-03-02 19:49:00,65.49063498428572,233.47598365714288,189.3243169142857,31.027142857142856,31.882674285714284
2024-03-02 19:50:00,56.49575268666666,207.90285688333333,173.20207881666667,30.939999999999998,31.732746666666667
2024-03-02 19:51:00,51.31857405714286,201.3294827857143,167.55298851428572,31.03,31.326312857142856
2024-03-02 19:52:00,56.191577925,196.55703306666666,164.37135536666668,31.141666666666666,31.283689999999996
2024-03-02 19:53:00,54.875556495714285,162.6996539857143,141.7997693142857,31.240000000000002,31.518275714285714
2024-03-02 19:54:00,52.39870485,139.1975903285714,126.13172685714287,31.28,31.34891142857143
2024-03-02 19:55:00,57.70624409285715,176.3754237857143,150.9169492,31.31142857142857,31.414064285714286
2024-03-02 19:56:00,61.34082213666667,196.91159003333334,164.6077267,31.195000000000004,31.519205
2024-03-02 19:57:00,66.90597878285715,387.55633361428573,351.24637702857143,31.04714285714286,31.854072857142857
2024-03-02 19:58:00,55.52735956285714,196.06177884285714,164.24644437142857,31.147142857142857,31.868025714285714
2024-03-02 19:59:00,64.31738946714286,249.51546675714286,201.51103172857142,31.472857142857144,31.423409999999997
2024-03-02 20:00:00,69.60630576571428,240.3982869,194.66486447142856,31.475714285714282,31.212888571428575
2024-03-02 20:01:00,55.22939244714286,224.3588037857143,183.55275747142858,31.22714285714286,31.46651857142857
2024-03-02 20:02:00,71.35686256999999,288.1903226,242.8211488833333,31.183333333333334,31.579588333333334
2024-03-02 20:03:00,55.17352361285714,316.1046471571429,269.3070174142857,31.09857142857143,31.824358571428572
2024-03-02 20:04:00,63.66558640142857,272.0382777857143,222.0382777857143,31.115714285714287,31.94684714285714
2024-03-02 20:05:00,59.55922709166666,232.48547523333332,190.82487463333334,31.061666666666667,31.70638
2024-03-02 20:06:00,49.828738480000005,170.80381387142856,147.20254257142855,31.054285714285715,31.71930714285714
2024-03-02 20:07:00,52.100737734285715,227.16149242857142,191.82840850000002,31.012857142857143,31.674805714285714
2024-03-02 20:08:00,56.905457468571434,318.7722596857143,282.9115523857143,30.92142857142857,31.933037142857142
2024-03-02 20:09:00,46.5883461,148.49486263333333,132.32990841666665,30.885,31.93571
2024-03-03 12:15:00,49.99634498,111.98112004142857,107.92922731285715,35.05571428571429,25.52078714285714
2024-03-03 12:16:00,57.33378520142857,121.77364657142857,114.5157644,36.68142857142857,24.013812857142856
2024-03-03 12:17:00,57.74348998285715,124.94777584285714,116.63185057142857,37.42857142857143,23.176757142857145
2024-03-03 12:18:00,63.046373492499995,134.765627875,125.1567565125,37.86875,22.786255
2024-03-03 12:19:00,58.690156339999994,139.59154253333335,126.39436169999999,37.59166666666667,22.962076666666665
2024-03-03 12:20:00,55.45286778285714,129.8102717857143,119.87351452857142,36.82285714285714,23.896765714285713
2024-03-03 12:21:00,63.60971756857143,197.88521482857143,165.2568098857143,36.901428571428575,23.929548571428573
2024-03-03 12:22:00,65.4906349857143,178.4352310857143,152.29015407142856,37.75428571428571,23.105607142857142
2024-03-03 12:23:00,73.49850121142858,188.63296562857144,162.019945,38.278571428571425,22.12834714285714
2024-03-03 12:24:00,60.29483341142857,180.66387507142855,154.16126761428572,39.87285714285714,20.364535714285715
2024-03-03 12:25:00,93.68577327714286,322.25029497142856,286.1379168857143,40.16285714285714,19.896065714285715
2024-03-03 12:26:00,132.7567112857143,279.0618830142857,299.05520081428574,40.98142857142857,19.125
2024-03-03 12:27:00,71.35686257,148.31477020000003,145.0298126857143,41.895714285714284,18.07687142857143
2024-03-03 12:28:00,123.66871427714285,238.2371776,280.3517570428572,39.449999999999996,20.258232857142854
2024-03-03 12:29:00,68.17233902285714,186.3367869857143,160.61956525714285,38.68714285714286,21.00572
2024-03-03 12:30:00,69.49456809714286,200.24892812857144,166.83261874285716,38.964285714285715,20.68694285714286
2024-03-03 12:31:00,72.77220636714286,341.46391748571426,297.4972761428571,40.66428571428571,19.347934285714285
2024-03-03 12:32:00,83.63248696000001,420.3612834,393.81639020000006,40.86,18.50244
2024-03-03 12:33:00,77.05548365,255.59358667142857,212.7577313857143,41.16428571428571,18.56849857142857
2024-03-03 12:34:00,92.28905242571429,200.01255678571428,207.63017475714287,41.81428571428571,17.861607142857142
2024-03-03 12:35:00,78.15423739,193.42792688571427,177.1656366,42.50285714285714,16.97181857142857
2024-03-03 12:36:00,63.62834051285714,182.18340504285715,154.7889367142857,43.291428571428575,16.482842857142856
2024-03-03 12:37:00,54.35411404571429,201.9710620857143,168.98778124285715,47.21142857142858,13.410155714285716
2024-03-03 12:38:00,53.10637674857143,147.47058684285713,131.6470579142857,48.410000000000004,12.409877142857143
2024-03-03 12:39:00,49.81011553571428,113.16297668285713,108.75089906857144,48.128571428571426,12.033758571428573
2024-03-03 12:40:00,47.109788551428565,100.50022686428572,99.45916103571429,50.00857142857143,11.440987142857143
2024-03-03 12:41:00,47.91057517285714,95.77280026571428,95.77280026571428,52.237142857142864,9.881417142857144
2024-03-03 12:42:00,47.66847689428572,92.49736898285714,92.46741598285715,51.63285714285714,10.0738
2024-03-03 12:43:00,51.542049392857145,129.16869245714287,119.44579498571429,47.92,12.663084285714286
2024-03-03 12:44:00,79.17849935000001,191.70579291428572,170.05627664285717,44.69142857142857,15.36398
2024-03-03 12:45:00,84.50466153285716,190.92914424285715,181.87098648571427,44.36571428571428,15.789062857142856
2024-03-03 12:46:00,83.27554718714285,196.77089282857145,182.43855472857143,43.730000000000004,16.48898
2024-03-03 12:47:00,65.84447093428571,163.37500065714286,145.7271256,42.864285714285714,16.876254285714285
2024-03-03 12:48:00,58.93535844428572,150.50964681428573,133.6730978857143,42.151428571428575,18.105888571428572
2024-03-03 12:49:00,93.70439624142857,212.37140062857142,217.98016324285715,42.26428571428572,17.929827142857143
2024-03-03 12:50:00,78.57014982166667,204.98761048333333,181.1785550666667,43.41833333333333,17.38248666666667
2024-03-03 12:51:00,86.23659540142856,205.92184002857144,194.88285188571427,43.98428571428571,16.71540285714286
2024-03-03 12:52:00,85.34269405428572,189.27454495714287,189.47065794285714,42.43285714285714,18.092912857142856
2024-03-03 12:53:00,90.68747917857142,244.21399549999998,220.3764217142857,42.41285714285714,17.917132857142857
2024-03-03 12:54:00,74.78348440142858,178.8404391,172.63918257142856,42.61142857142857,17.64425142857143
2024-03-03 12:55:00,62.75306211166667,160.47101001666667,140.31400666666664,44.23500000000001,16.170735
2024-03-03 12:56:00,61.263226534285714,154.0552167857143,136.03681118571427,44.50142857142857,15.655551428571428
2024-03-03 12:57:00,74.35515666857142,195.31889752857143,174.9656711,43.08,16.84388857142857
2024-03-03 12:58:00,71.69207557428571,157.02674205714285,149.65057235714286,42.08428571428572,17.424387142857142
2024-03-03 12:59:00,74.28066489,152.97466211428574,153.28737011428572,41.78142857142858,17.649134285714286
2024-03-03 13:00:00,59.903751570000004,185.3237670142857,160.14074002857143,42.24714285714286,17.365512857142857
2024-03-03 13:01:00,67.78125718571428,203.38929007142858,170.48214517142858,41.25714285714286,18.010602857142857
2024-03-03 13:02:00,63.57247167714286,175.5312404714286,150.35416032857142,41.05142857142857,18.349192857142857
2024-03-03 13:03:00,62.99516039142857,178.03002308571428,152.02001542857144,42.971428571428575,16.666294285714287
2024-03-03 13:04:00,62.548209719999996,201.0593441,168.54880591428574,45.49285714285714,14.790178571428571
2024-03-03 13:05:00,64.18702885428571,277.44105102857145,229.45052627142857,47.09285714285714,13.352957142857141
2024-03-03 13:06:00,59.19607967142857,252.28438807142857,205.61078928571428,46.705714285714286,13.442242857142856
2024-03-03 13:07:00,64.96919253285714,360.1372458285714,328.6844745428572,46.39142857142857,13.657645714285715
2024-03-03 13:09:00,88.86243060142858,333.1909175857143,286.93210742857144,45.42714285714286,14.328822857142857
2024-03-03 13:10:00,96.73993622142858,293.7844401285715,246.41609075714288,45.76571428571429,14.206054285714286
2024-03-03 13:11:00,94.00236334428573,267.2770838571429,239.0579999714286,44.6,14.790457142857141
2024-03-03 13:12:00,63.53522578999999,147.63942352857143,132.46947862857144,45.145714285714284,14.489397142857143
2024-03-03 13:13:00,80.93836762333333,219.32747118333336,181.65044403333332,43.72,15.455076666666665
2024-03-03 13:14:00,86.06898889571428,190.3213322714286,186.89662964285714,43.50857142857143,15.759485714285715
2024-03-03 13:15:00,81.71121982857143,196.4669868285714,173.9822223857143,43.978571428571435,15.38909142857143
2024-03-03 13:16:00,90.81783979142857,208.15048401428572,204.2825095,43.537142857142854,17.293945714285716
2024-03-03 13:17:00,89.94256139571428,193.42792688571427,199.80853798571428,42.23714285714285,17.285714285714285
2024-03-03 13:18:00,81.72984277571427,219.63137717142857,181.40750575714287,42.19285714285714,17.090821428571427
2024-03-03 13:19:00,71.67345262857143,230.43692368571428,188.3225527,42.43,17.070731428571428
2024-03-03 13:20:00,85.10059577285713,257.8222306571428,217.89421324285715,42.207142857142856,17.13086142857143
2024-03-03 13:21:00,73.62886182428572,256.133864,213.17201734285715,42.68571428571429,17.095704285714287
2024-03-03 13:22:00,79.55095824285715,219.0573325285714,182.97264922857144,42.279999999999994,17.339702857142857
2024-03-03 13:23:00,70.59332183714285,183.70293502857143,155.8019566857143,42.78285714285715,16.795618571428573
2024-03-03 13:24:00,72.63874193,214.36367326666667,176.24244881666667,42.483333333333334,16.95817
2024-03-03 13:25:00,103.40695042285714,364.6283044714286,321.65919840000004,42.41428571428571,17.120254285714285
2024-03-03 13:26:00,109.29180093142858,354.93709347142857,318.54384222857146,42.20285714285715,17.067105714285713
2024-03-03 13:27:00,109.47803039571428,383.9094515285714,344.4113966714286,41.07142857142857,17.907228571428572
2024-03-03 13:28:00,107.70885065571429,267.4121498,263.89103534285715,40.57714285714286,18.39718142857143
2024-03-03 13:29:00,63.49797990142857,344.8068834571428,303.3024434571429,40.43571428571429,18.704659999999997
2024-03-03 13:30:00,60.2762104625,399.324221225,361.655276575,43.18,16.476565
2024-03-03 13:32:00,60.81627586142857,234.69160764285715,190.70017625714286,44.18857142857143,15.378068571428571
2024-03-03 13:33:00,93.18295378285714,320.3930984142857,285.78605577142855,43.32,15.997487142857143
2024-03-03 13:34:00,104.30085176285715,248.43491208571427,248.1618930142857,42.40428571428571,16.77831857142857
2024-03-03 13:35:00,156.1657528,362.23082382857143,341.34874805714287,41.675714285714285,17.564175714285714
2024-03-03 13:36:00,162.56584247833334,346.2982706166667,331.8871928666667,41.645,17.29004
2024-03-03 13:37:00,156.28680358,319.99211429999997,310.040460425,41.1425,17.6823725
2024-03-03 13:38:00,98.86295190666668,285.55083485,256.2911198,40.94833333333333,18.150878333333335
2024-03-03 13:39:00,108.07510189833334,427.96456513333334,383.3767699333334,40.428333333333335,18.741048333333335
2024-03-03 13:40:00,90.03567611857143,302.8678526857143,253.77404429999999,39.61571428571428,19.476004285714286
2024-03-03 13:41:00,67.98610957571428,251.57527408571428,228.5827941285714,39.08142857142857,19.862304285714288
2024-03-03 13:42:00,85.04472694428571,319.8865918142857,296.6085481142857,39.387142857142855,19.385742857142855
2024-03-03 13:44:00,60.55555463428571,148.5173742,132.3449161285714,39.75714285714286,18.95396285714286
2024-03-03 13:45:00,71.30099373571429,175.70007714285717,160.22174598571428,39.712857142857146,18.799387142857142
2024-03-03 13:46:00,60.66729230166667,217.5546862,179.13452865,39.763333333333335,18.85677
2024-03-03 13:47:00,76.32918880714286,208.99466734285716,178.51088257142857,39.465714285714284,18.942102857142856
2024-03-03 13:48:00,61.50532481857143,192.0772335714286,161.38482238571427,39.43,19.315707142857143
2024-03-03 13:49:00,63.08827511714286,270.14730374285716,223.88751424285715,39.38142857142857,19.308037142857142
2024-03-03 13:50:00,63.40486517714286,144.46529424285714,130.84256487142858,38.16571428571428,20.413365714285714
2024-03-03 13:51:00,123.91081255571429,345.3133900857143,315.30737112857145,38.79857142857143,20.066827142857143
2024-03-03 13:52:00,93.85710437200001,440.2401209199999,401.14696050000003,38.75,19.891602
2024-03-03 13:53:00,75.65876279857142,289.4959888571429,246.36941775714286,39.111428571428576,19.714565714285715
2024-03-03 13:54:00,91.24616752857142,367.49853452857144,335.09183777142863,39.31714285714286,20.99344142857143
2024-03-03 13:55:00,105.21337607428572,206.29328068571428,247.33457005714286,38.84285714285714,21.09751714285714
2024-03-03 13:56:00,101.74950835142856,191.4356542428571,230.96547914285716,38.23714285714285,21.566684285714285
2024-03-03 13:57:00,153.16745871428571,290.2051028428572,323.0712979,38.207142857142856,21.64551
2024-03-03 13:58:00,100.35278748571429,227.43163107142854,234.80180975714285,39.098571428571425,20.531668571428572
2024-03-03 13:59:00,59.53129267571428,141.46000161428572,127.64000107142859,38.94571428571429,20.43178
2024-03-03 14:00:00,65.39752026,149.63169617142856,134.62784502857144,38.044285714285714,21.714287142857142
2024-03-03 14:01:00,54.000278095714286,146.9640768857143,131.3093845857143,37.06428571428571,22.47698142857143
2024-03-03 14:02:00,56.99546837,127.10325726666667,118.06883816666668,36.44166666666667,23.449219999999997
2024-03-03 14:03:00,51.98900006714286,113.23051134285713,108.8203409,36.45857142857143,23.722657142857145
2024-03-03 14:04:00,67.01771645142857,391.43956675714287,360.64913217142856,38.53285714285715,21.89774142857143
2024-03-03 14:10:00,51.039229885714285,177.8274191142857,151.88494607142857,48.26857142857143,12.455498571428572
2024-03-03 14:11:00,69.7273549075,401.333389375,350.0031268,47.285,13.2673325
2024-03-03 14:42:00,64.44775008,518.1008323,510.1260404,44.56,16.2334
2024-03-03 14:43:00,67.54381464,600.889896575,572.40522535,44.1775,17.0871575
2024-03-03 14:44:00,69.44490691333333,574.0420313,561.9110601333333,43.76,16.36198
2024-03-03 14:45:00,75.736979166,398.40238603999995,342.63831236,41.238,17.448045999999998
2024-03-03 14:46:00,79.86289257,370.486942625,329.8910246375,41.4425,17.48095875
2024-03-03 14:47:00,95.942874172,415.7993254,374.29567388,40.902,17.415236
2024-03-03 14:48:00,99.40301731,252.72336337142858,243.4771760142857,41.534285714285716,16.78501857142857
2024-03-03 14:49:00,113.15373412,300.461930225,277.961781325,41.71625,16.78698625
2024-03-03 14:50:00,75.97162827,210.62900624,173.8875482,41.1,17.377344
2024-03-03 14:51:00,62.510963828571434,124.20489452857143,120.04720068571429,40.26857142857143,18.001674285714284
2024-03-03 14:52:00,60.18309574,151.48889945714288,134.325933,38.839999999999996,19.325055714285714
2024-03-03 14:53:00,91.97246235857142,250.6297887285714,244.4151952,37.980000000000004,20.362164285714282
2024-03-03 14:54:00,121.56432152000001,230.09924698571427,258.6775144857143,39.27571428571429,19.133370000000003
2024-03-03 14:55:00,120.13035477999999,242.22171948571426,240.09743322857142,39.730000000000004,18.600725714285716
2024-03-03 14:56:00,71.76656735142856,240.7359602,198.48057307142858,40.5,18.052595714285715
2024-03-03 14:57:00,97.89455878714286,195.4877341857143,226.95534419999998,40.44571428571429,18.005441428571427
2024-03-03 14:58:00,75.7076480225,169.5122133875,165.5373299,40.80375,17.565796250000002
2024-03-03 14:59:00,82.15817050428572,306.6835612857143,281.93067351428573,40.82,17.708428571428573
2024-03-03 15:00:00,69.71804343571429,249.9544420857143,204.6423433142857,41.48571428571428,16.893415714285712
2024-03-03 15:01:00,108.78898143428572,294.49355074285717,272.5919829714286,40.23571428571428,17.371094285714285
2024-03-03 15:02:00,62.30611144,170.53367521428572,147.02245014285714,40.55857142857143,16.81640714285714
2024-03-03 15:03:00,66.25417571857143,159.93073268571428,140.84084332857142,40.71,16.94280142857143
2024-03-03 15:04:00,79.62545002285715,171.10771985714288,169.38386385714284,40.65714285714286,17.109794285714287
2024-03-03 15:05:00,78.28459800285714,214.19483321428575,195.95593281428572,39.96857142857143,17.767300000000002
2024-03-03 15:06:00,69.71804343285714,281.2905235857143,232.51073818571427,39.958571428571425,17.70968142857143
2024-03-03 15:07:00,68.48892908428572,222.16392712857143,182.03322748571426,39.61857142857143,17.93191857142857
2024-03-03 15:08:00,83.14518657285714,362.0619804285715,333.64209669999997,38.93,18.959264285714287
2024-03-03 15:09:00,63.926307627142855,258.4975773,211.8100682714286,38.76571428571429,19.355887142857142
2024-03-03 15:10:00,69.46663368333334,423.55229636666667,378.13974063333336,38.53,19.767903333333333
2024-03-03 15:11:00,72.17627213857142,302.5639466714286,268.4019270714286,37.83428571428571,19.974888571428572
2024-03-03 15:12:00,77.65141788285715,214.0259999142857,192.5603860857143,37.410000000000004,20.388811428571426
2024-03-03 15:13:00,72.41837041857143,247.45565945714287,204.03232592857142,37.53857142857142,20.471678571428573
2024-03-03 15:14:00,76.310565865,163.63247656250002,159.788931575,37.6225,20.46863
2024-03-03 15:15:00,64.86055868833334,145.85538278333334,130.57025518333333,37.31666666666667,20.847331666666665
2024-03-03 15:16:00,59.69889917857142,146.59263620000002,131.06175747142856,37.62,20.55175857142857
2024-03-03 15:17:00,64.4291271357143,145.6471508857143,130.4314339285714,37.855714285714285,20.56194142857143
2024-03-03 15:18:00,70.18361705142857,162.66588667142858,145.32846415714286,39.287142857142854,19.33272857142857
2024-03-03 15:19:00,98.78846013,214.26237125714286,229.71218304285713,39.64,18.478514285714287
2024-03-03 15:20:00,115.80983160999999,238.74368757142858,255.20600658571428,39.66571428571428,18.445452857142858
2024-03-03 15:21:00,91.97246237285715,209.264806,206.57487455714286,38.75,19.654020000000003
2024-03-03 15:22:00,95.65980542,237.2579249285714,226.82079964285714,38.41285714285714,19.750837142857144
2024-03-03 15:23:00,76.14295935999999,247.86086744285714,201.56465614285713,39.43857142857143,18.220981428571427
2024-03-03 15:24:00,121.00563318571427,298.1741900428571,288.8971625285714,39.699999999999996,17.938475714285715
2024-03-03 15:25:00,85.82689062,182.79121704285714,200.8679761,38.99,19.150111428571428
2024-03-03 15:26:00,49.695274041666664,118.47570371666666,112.31713581666668,39.54666666666667,19.568358333333332
2024-03-03 15:27:00,56.991123015999996,130.21547977999998,120.14365318,38.672000000000004,19.072656000000002
2024-03-03 15:28:00,80.63419286833333,164.96206526666666,180.2448820666667,37.865,20.229491666666664
2024-03-03 15:29:00,73.46125532285714,183.02758835714286,162.76628125714288,37.87571428571429,20.14662285714286
2024-03-03 15:30:00,79.35774519125,152.8775810625,164.5258173,37.00625,20.996827500000002
2024-03-03 15:31:00,65.66444913666668,142.66436983333332,129.559193,37.06333333333333,20.99935
2024-03-03 15:32:00,168.92246993428571,341.05870275714284,329.05697817142857,38.027142857142856,19.808034285714285
2024-03-03 15:33:00,97.14964101428572,216.32217855714288,231.62277384285716,38.82857142857143,19.301198571428575
2024-03-03 15:34:00,58.246309489999994,151.89410745714287,134.59607167142858,38.70428571428572,19.32115
2024-03-03 15:35:00,80.1468924742857,155.43967742857143,169.99042634285712,38.417142857142856,18.98493571428571
2024-03-03 15:36:00,102.49442613142857,194.50848154285717,241.55940855714286,37.44285714285714,19.90611142857143
2024-03-03 15:37:00,68.47030614,139.46772898571427,131.43373302857142,36.95142857142857,20.93247857142857
2024-03-03 15:38:00,69.19660098142857,162.8009559857143,143.6972037,37.12714285714286,21.04031857142857
2024-03-03 15:39:00,85.08197282285714,175.6325424714286,185.93351805714286,37.26142857142857,20.394671428571428
2024-03-03 15:40:00,87.61469330428572,190.69277292857143,192.0489776857143,37.30714285714286,20.498464285714284
2024-03-03 15:41:00,68.35856846857142,138.92745164285716,130.05710642857142,37.401428571428575,20.518974285714283
2024-03-03 15:42:00,109.40353860857144,234.01626095714283,257.9728462285714,37.67857142857143,20.245117142857143
2024-03-03 15:43:00,75.80774635714286,188.63296561428572,164.10231199999998,37.96714285714285,19.87527857142857
2024-03-03 15:44:00,71.22650195428572,148.04463152857144,139.62437937142857,37.43142857142857,20.389647142857143
2024-03-03 15:45:00,79.591307955,178.04127888333335,170.59475335,37.126666666666665,20.513835
2024-03-03 15:46:00,59.00985022142857,146.9978442,131.33189614285715,37.550000000000004,20.128904285714288
2024-03-03 15:47:00,62.08263610142858,146.1536609,130.76910725714285,37.35285714285715,20.257812857142856
2024-03-03 15:48:00,55.303884225714285,125.15037984285713,116.76691988571429,37.69285714285714,20.058314285714285
2024-03-03 15:49:00,57.74348998285715,126.90628115714286,117.93752078571428,37.722857142857144,20.120394285714287
2024-03-03 15:50:00,75.32354979428571,197.48000682857142,167.1770392142857,37.42714285714286,20.27204
2024-03-03 15:51:00,69.90427288285714,188.32905961428574,158.88603974285712,36.94571428571429,20.72698
2024-03-03 15:52:00,77.48381138,188.02515362857145,164.20886852857143,36.824285714285715,20.760742857142855
2024-03-03 15:53:00,136.51854612857144,262.2457512428571,305.3870020285714,37.582857142857144,20.242467142857144
2024-03-03 15:54:00,114.50622546999999,244.2139988857143,233.75021422857142,38.08571428571429,19.608121428571426
2024-03-03 15:55:00,74.11305838714286,171.1414872,155.43145365714284,37.24142857142857,20.640204285714283
2024-03-03 15:56:00,118.71501098428573,241.78274752857143,277.2574831714286,38.45428571428572,19.387138571428572
2024-03-03 15:57:00,199.05439261428572,431.2512555571429,433.4965705285714,39.26428571428572,18.479911428571427
2024-03-03 15:58:00,78.91777812428572,179.92099374285712,167.0744862,39.18285714285714,18.47684142857143
2024-03-03 15:59:00,62.54820971714286,145.0393389142857,130.02622594285714,38.82,18.70773
2024-03-03 16:00:00,54.558966438571424,134.70653502857144,123.13769002857143,38.70428571428572,18.84082
2024-03-03 16:01:00,56.84958863714286,138.92745162857142,125.95163442857142,39.0,18.720424285714284
2024-03-03 16:02:00,58.41391599142857,180.96778107142856,153.9785207142857,39.284285714285716,18.703125714285715
2024-03-03 16:03:00,53.106376749999995,151.5902014857143,134.39346764285713,39.521428571428565,18.407367142857144
2024-03-03 16:04:00,52.38939337833333,146.48570633333335,130.9904709,39.19,18.243326666666665
2024-03-03 16:05:00,51.93313123142857,152.70452344285715,135.1363489714286,39.27285714285715,18.08175142857143
2024-03-03 16:06:00,68.69378146714286,160.50477735714284,146.0162437,39.684285714285714,17.81208
2024-03-03 16:07:00,129.3021550625,271.12233885,304.5112807625,39.795,17.84924375
2024-03-03 16:08:00,71.22650196142857,162.5308173142857,157.51850704285715,39.13857142857143,18.494698571428568
2024-03-03 16:09:00,116.96445231142856,239.58787091428573,239.65418827142858,38.970000000000006,18.54352714285714
2024-03-03 16:10:00,104.35672059714285,209.39987532857143,236.44984134285713,38.74142857142857,18.826591428571426
2024-03-03 16:11:00,70.44433827857144,173.43766582857143,150.43551761428571,38.712857142857146,19.034875714285715
2024-03-03 16:12:00,113.66819295571429,245.5984561285714,249.46456505714286,38.96857142857143,19.37151142857143
2024-03-03 16:13:00,66.04932332571428,157.22934607142858,139.80069575714285,38.325714285714284,21.169919999999998
2024-03-03 16:14:00,70.07187938571428,162.83472332857144,145.19437057142858,38.145714285714284,20.06543142857143
2024-03-03 16:15:00,71.97141974571429,173.70780448571432,150.5255362,38.424285714285716,19.674665714285712
2024-03-03 16:16:00,78.89915518,191.0979809142857,173.88239885714285,38.621428571428574,19.34096
2024-03-03 16:17:00,67.52053596,176.0715178142857,150.7143451857143,38.37428571428571,19.289620000000003
2024-03-03 16:18:00,58.51634218833333,133.24891183333332,122.16594123333334,38.160000000000004,19.261393333333334
2024-03-03 16:19:00,56.905457471428576,173.5389678142857,149.02597855714288,38.69,18.76116
2024-03-03 16:20:00,51.54204939428571,150.64471953,139.19335853,38.81142857142857,18.09096142857143
2024-03-03 16:21:00,67.01150880333334,429.4615914333333,378.61108953333337,38.949999999999996,18.70866
2024-03-03 16:22:00,45.69444475285714,125.35298385714285,116.90198922857144,38.955714285714286,19.973352857142856
2024-03-03 16:23:00,44.81916635142857,103.91072748571428,102.60715165714285,38.80428571428571,20.330635714285712
2024-03-03 16:24:00,50.070836761428566,111.81228335714286,107.87485558571429,38.138571428571424,19.71275
2024-03-03 16:25:00,66.16416482,149.83430016666668,135.59630636666665,37.47166666666667,19.495278333333335
2024-03-03 16:26:00,74.00132072,155.60851407142857,152.5130973285714,37.81142857142857,18.920620000000003
2024-03-03 16:27:00,76.58991003571428,176.17281978571432,172.1489814857143,37.61857142857143,19.186385714285713
2024-03-03 16:28:00,64.41050419,158.14106405714284,140.97721507142856,37.401428571428575,19.614954285714283
2024-03-03 16:29:00,131.35533635000002,296.00042135,300.75264745,37.230000000000004,19.5653075
2024-03-03 16:30:00,106.03278563428572,236.8189462285714,227.79575094285715,37.13142857142857,19.578684285714285
2024-03-03 16:31:00,67.33430651142858,155.57474675714283,137.9279728,37.32,19.277762857142857
2024-03-03 16:32:00,99.81272209857143,210.7168013,232.70907362857142,37.26857142857143,19.42369142857143
2024-03-03 16:33:00,106.87081812285714,220.81323381428572,246.92029482857143,37.20857142857143,19.617607142857143
2024-03-03 16:34:00,100.94872172142857,198.8307001285714,224.36195668571426,36.96857142857142,20.60477
2024-03-03 16:35:00,120.8938955,242.3567922142857,285.90521467142855,37.35,19.670060000000003
2024-03-03 16:36:00,260.40148035,515.6189333333333,474.5858580833333,37.98833333333334,19.178873333333332
2024-03-03 16:37:00,322.95283915000005,636.75925175,553.5,38.27,19.355955
2024-03-03 16:38:00,185.74830263333334,364.42006861666664,377.66505653333337,37.72166666666667,19.25992833333333
2024-03-03 16:39:00,270.808600475,531.1603424,495.985799175,37.895,19.62793
2024-03-03 16:40:00,284.95272695,566.91151785,524.000387975,37.515,20.302979999999998
2024-03-03 16:41:00,250.68960816666666,497.4577361666666,466.3017780333333,37.553333333333335,20.10742
2024-03-03 16:43:00,330.3834006,654.7234374,550.0,37.87,19.07031
2024-03-03 16:44:00,267.093326275,532.9922261,483.146833625,37.7025,18.9443375
2024-03-03 16:45:00,215.14462086666666,422.7643958666667,422.40138465,37.651666666666664,18.708331666666666
2024-03-03 16:46:00,236.28165911428573,464.37701248571426,444.6905938142857,37.815714285714286,18.736885714285712
2024-03-03 16:47:00,178.6064067857143,350.3447193142857,346.6108416714286,38.26,18.450332857142858
2024-03-03 16:48:00,256.86000835,506.87319410000003,458.7292385,38.260000000000005,18.42188
2024-03-03 16:49:00,271.35177185,557.1808843333333,521.7240582166667,38.391666666666666,18.69661333333333
2024-03-03 16:50:00,276.023025,565.847841,569.8098012,38.36,19.01563
2024-03-03 16:51:00,339.1175617,668.1966269,552.0,37.84,19.00586
2024-03-03 16:52:00,246.463755975,486.486166925,436.443773325,37.945,18.9072275
2024-03-03 16:53:00,181.27258608333332,356.0682856166666,367.08550859999997,37.87,19.25179
2024-03-03 16:54:00,169.1012476,342.2878276,345.90965346,38.146,18.402346
2024-03-03 16:55:00,181.10187762857143,354.9708540285714,357.2690699571429,38.175714285714285,18.67606
2024-03-03 16:56:00,170.1329594714286,337.24300088571425,340.12734731428566,37.91857142857143,19.30971
2024-03-03 16:57:00,103.33245864857143,209.23103862857144,221.10100767142856,37.81,18.482562857142856
2024-03-03 16:58:00,84.43016975857142,188.05892094285716,183.47932590000002,37.370000000000005,19.20800857142857
2024-03-03 16:59:00,105.67894968571429,226.04717042857143,247.40619674285713,37.220000000000006,19.44308142857143
2024-03-03 17:00:00,86.08761183714286,200.68790345714288,187.7785174714286,37.160000000000004,19.224192857142857
2024-03-03 17:01:00,86.7231198225,231.9142445,202.7837424375,37.1025,19.349
2024-03-03 17:02:00,79.62545002428571,233.17207764285715,195.79904351428573,37.10142857142857,19.42215285714286
2024-03-03 17:03:00,90.85508568,215.27539125714287,205.93553534285712,37.16857142857143,19.256975714285716
2024-03-03 17:04:00,73.23777998428571,179.5833204142857,156.81921295714284,37.06142857142857,20.26450857142857
2024-03-03 17:05:00,71.92175856,215.03339200000002,178.96691291666664,36.86,20.302081666666666
2024-03-03 17:06:00,99.17954198,225.6081917142857,221.13170061428573,36.62285714285714,20.20424
2024-03-03 17:07:00,61.88399135833333,189.70226448333332,162.32590073333333,36.410000000000004,20.594238333333333
2024-03-03 17:08:00,75.72394310333333,253.28614835,212.7401624833333,36.62,20.329266666666665
2024-03-03 17:09:00,77.39069665571428,243.57241615714287,196.4995562,36.59571428571429,20.05887285714286
2024-03-03 17:10:00,99.12367314571428,255.52605198571428,230.70200975714286,36.60857142857143,20.601422857142857
2024-03-03 17:11:00,91.93521647571428,293.7506694285715,246.14591520000002,36.54857142857143,20.54687428571429
2024-03-03 17:12:00,72.19489508000001,262.17821319999996,215.81712171428575,36.635714285714286,21.167830000000002
2024-03-03 17:13:00,85.93862828285715,384.71986075714284,352.09351435714285,36.574285714285715,20.68694142857143
2024-03-03 17:14:00,95.21285474599999,488.36532372,453.97603738,36.327999999999996,21.657814
2024-03-03 17:15:00,88.58308643142857,321.237275,271.31470924285713,36.362857142857145,21.388671428571428
2024-03-03 17:16:00,98.11803411428572,432.0954388857143,403.55488435714284,36.534285714285716,21.180802857142858
2024-03-03 17:17:00,98.60223068166668,280.46885915,239.50721339999998,36.16166666666667,21.395183333333335
2024-03-03 17:18:00,68.19096196857143,223.31201645714285,182.20801098571428,35.92142857142857,21.71875142857143
2024-03-03 17:19:00,66.23555277428571,239.8242422142857,197.8615053,35.76428571428571,21.87276857142857
2024-03-03 17:20:00,108.99383384285714,490.91812598571425,476.52608305714284,35.76857142857143,21.87876714285714
2024-03-03 17:21:00,217.24901517142857,506.78878595714286,495.98598241428573,35.642857142857146,21.892018571428572
2024-03-03 17:22:00,161.34293328571428,371.55061447142856,348.66808121428573,35.715714285714284,21.812081428571428
2024-03-03 17:23:00,91.17167574571428,241.98535154285713,207.99810055714286,35.79857142857143,21.648437142857144
2024-03-03 17:25:00,110.44642351428571,292.9064928428571,266.1490067285714,36.15857142857143,21.542828571428572
2024-03-03 17:26:00,137.7104145857143,318.5021277714286,313.6233958428571,36.205714285714286,21.57896285714286
2024-03-03 17:27:00,128.7527781714286,275.8539864,305.9074894428572,36.04,21.604772857142855
2024-03-03 17:28:00,217.13727567142857,533.8701767571429,515.4507138571429,35.824285714285715,22.02190285714286
2024-03-03 17:29:00,103.20209804142857,292.6363474571429,257.0374383142857,35.628571428571426,21.53962142857143
2024-03-03 17:30:00,72.36250158428571,221.7924865,182.6973184,35.56285714285714,21.92048
2024-03-03 17:31:00,81.84158044285714,251.13629871428572,204.50320105714286,35.56428571428571,21.913224285714286
2024-03-03 17:32:00,57.538637591666664,147.78574863333333,131.85716578333333,35.33166666666667,21.949708333333334
2024-03-03 17:33:00,48.76102298166666,127.45781423333334,118.30520953333333,35.123333333333335,21.927570000000003
2024-03-03 17:34:00,72.03039240333334,185.84153276666666,163.18667718333333,34.96333333333333,22.125163333333333
2024-03-03 17:35:00,52.45457368428571,127.48032578571429,118.32021724285714,34.809999999999995,21.742467142857144
2024-03-03 17:36:00,53.553327422857144,199.9112547857143,167.45699547142857,34.88,22.57812428571429
2024-03-03 17:37:00,73.49850121142858,195.15006085714285,167.5978829,34.98714285714286,22.068358571428572
2024-03-03 17:38:00,57.05444102857143,167.93359058571428,145.2890603857143,35.347142857142856,21.845844285714286
2024-03-03 17:39:00,48.04093578714286,144.5328289,129.6885525857143,34.90714285714286,21.999022857142855
2024-03-03 17:40:00,47.79883750285715,129.91157377142858,119.94104918571429,34.66428571428572,22.319477142857142
2024-03-03 17:41:00,50.797131605714284,183.09512302857144,155.3967486857143,34.82714285714285,22.361050000000002
2024-03-03 17:42:00,48.26441112428571,139.46772897142858,126.31181932857143,34.74428571428571,22.18471
2024-03-03 17:43:00,51.41168877857143,157.93846007142858,138.62564005714287,34.55428571428571,22.736188571428574
2024-03-03 17:44:00,59.41955500857143,181.5080583857143,154.33870561428571,34.495714285714286,23.249164285714283
2024-03-03 17:45:00,119.53441868714286,273.3889744714285,254.78713330000002,34.46857142857143,23.60798
2024-03-03 17:46:00,44.711153274000004,124.826213452,116.167274772,34.606,24.725586
2024-03-06 16:11:00,38.05903741857143,89.99858634714285,89.8654241757143,37.924285714285716,16.931919999999998
2024-03-06 16:12:00,37.686578527142856,79.76708449142858,79.76708449142858,37.75857142857143,17.702148571428573
2024-03-06 16:13:00,58.87483387375,141.41357152,127.25282192,37.9325,17.09045375
2024-03-06 16:14:00,149.57323036666665,291.2631459333333,308.3538862333333,38.123333333333335,16.666343333333334
2024-03-06 16:15:00,128.91107104,301.2695361833333,291.85998278333335,39.17166666666667,15.700358333333334
2024-03-06 16:16:00,101.9357378,194.3734122142857,239.78579265714285,39.16571428571428,15.746231428571429
2024-03-06 16:17:00,105.26924490285714,210.91940529999997,250.89748297142856,39.17285714285714,15.620954285714287
2024-03-06 16:18:00,134.13481105714285,260.99635992857145,285.8786140428571,39.01142857142857,15.6981
2024-03-06 16:19:00,158.079260375,390.933068575,382.04894915,39.255,15.628175
2024-03-06 16:20:00,128.9762553757143,278.8255117,266.8328951428571,39.152857142857144,15.885741428571427
2024-03-06 16:21:00,59.15883378142856,148.24723552857145,132.16482368571428,38.728571428571435,16.258648571428573
2024-03-06 16:22:00,101.76813128,219.86774851428572,239.22710428571426,38.94,15.964979999999999
2024-03-06 16:23:00,100.96734467857142,218.92226318571429,226.30496785714286,39.41857142857143,16.38351
2024-03-06 16:24:00,153.25591605374998,321.7353440125,310.8648706,39.10125,16.20690875
2024-03-06 16:25:00,59.32644028285714,211.08824197142854,174.0588279857143,38.43285714285714,16.63895
2024-03-06 16:26:00,90.01705317285713,265.65625525714285,222.94435255714285,38.44428571428572,16.657225714285715
2024-03-06 16:27:00,76.96236892857142,303.2392933285714,255.5680425428571,38.01,16.958427142857143
2024-03-06 16:28:00,66.45902810857143,236.65011292857142,192.51235645714286,37.355714285714285,17.75851
2024-03-06 16:29:00,94.57967462857142,250.0895114142857,224.50547267142858,37.160000000000004,18.10993285714286
2024-03-06 16:30:00,91.04131512428572,227.09395772857144,210.12705674285715,37.19714285714286,17.6702
2024-03-06 16:31:00,91.32065929714285,235.94099894285714,217.05989965714284,38.11,16.996094285714285
2024-03-06 16:32:00,156.48234023999998,373.48885734,347.64200544,38.736000000000004,16.746485999999997
2024-03-06 16:33:00,145.64068520499998,320.61258216666664,284.1306003,38.565,17.024738333333335
2024-03-06 16:34:00,110.66058737333333,432.65260044999997,376.2508499,38.375,17.193356666666666
2024-03-06 16:35:00,79.64407296571429,339.23527017142857,297.03161491428574,38.41285714285714,17.17396857142857
2024-03-06 16:36:00,86.4600707357143,294.69616151428573,246.05675440000002,38.50142857142857,16.985072857142857
2024-03-06 16:37:00,92.3821671557143,240.1281482142857,208.75835967142856,38.80142857142857,16.575057142857144
2024-03-06 16:38:00,63.12552100571429,151.35383015714288,134.23588675714285,39.43714285714286,16.114535714285715
2024-03-06 16:39:00,79.27161407285715,173.77533917142858,166.91174854285714,39.79,15.702707142857141
2024-03-06 16:40:00,71.3242724175,172.88050483749998,148.9734293125,39.745000000000005,15.4777825
2024-03-06 16:41:00,62.60407855285714,125.75819184285714,125.27276015714287,39.70428571428572,15.442941428571428
2024-03-06 16:42:00,70.70505950571429,296.45205268571425,265.36379505714285,38.96714285714285,16.24720857142857
2024-03-06 16:43:00,148.86556034285715,434.3916107857143,405.4895134571429,38.715714285714284,16.953822857142857
2024-03-06 16:44:00,203.13281935714284,468.32778030000003,447.9097253571428,38.902857142857144,16.73284142857143
2024-03-06 16:45:00,125.60860650833332,294.37536845,269.38850758333336,39.218333333333334,16.234376666666666
2024-03-06 16:46:00,80.64971197285715,211.79735594285714,187.29018501428573,38.91285714285714,16.08565857142857
2024-03-06 16:47:00,64.09391413285714,192.48244157142858,161.65496105714286,39.08857142857143,16.170898571428573
2024-03-06 16:48:00,80.5961710175,167.946253325,171.8247879,39.208749999999995,16.454225
2024-03-06 16:49:00,91.02269218857143,203.5243594,203.4089739714286,39.464285714285715,16.225168571428572
2024-03-06 16:50:00,73.46125532285714,169.25051654285716,147.81141532857143,39.55857142857143,15.729074285714287
2024-03-06 16:51:00,62.26886554714286,155.77735075714287,137.18490048571428,39.73285714285714,15.506975714285714
2024-03-06 16:52:00,67.1108311757143,151.92787479999998,146.23147602857142,39.43142857142857,15.733677142857143
2024-03-06 16:53:00,47.35188683285714,112.25125869,107.67778587571429,39.57285714285714,15.67926857142857
2024-03-06 16:54:00,52.82703257857143,126.36600382857144,117.57733591428571,39.36857142857143,15.629325714285715
2024-03-06 16:55:00,92.97810138142857,189.88235695714283,214.09427758571428,39.67714285714286,15.402342857142857
2024-03-06 16:56:00,71.43135435142857,165.43480795714285,151.8974893,39.87285714285714,15.531248571428572
2024-03-06 16:57:00,77.12997542999999,195.99424418571428,175.5809202142857,39.43285714285714,15.613421428571428
2024-03-06 16:58:00,62.064013155714285,159.25538602857142,139.50359068571427,39.152857142857144,15.909180000000001
2024-03-06 16:59:00,57.05444102714286,143.24967025714287,128.8331135142857,38.48285714285714,16.49372
2024-03-06 17:00:00,61.63568543,148.48360682857145,132.88266912857142,38.42285714285714,17.000418571428572
2024-03-06 17:01:00,70.42571533428571,143.7224129142857,135.50935767142857,38.38,16.722935714285715
2024-03-06 17:02:00,66.71974933428571,156.72283608571428,138.82982025714287,38.457142857142856,16.80468714285714
2024-03-06 17:03:00,116.53612643999999,278.4540710142857,262.8288508,38.49571428571428,16.56612857142857
2024-03-06 17:04:00,65.03437284,148.92821006666668,133.33131135,38.068333333333335,16.818685
2024-03-06 17:05:00,72.43233762625,147.204669125,146.899447675,37.88,16.90515
2024-03-06 17:06:00,96.72131325285714,243.70748550000002,221.60794781428572,37.90857142857143,17.183874285714285
2024-03-06 17:07:00,98.49049300428571,225.0679177857143,227.76946901428573,38.09285714285714,16.97768
2024-03-06 17:08:00,91.93521647714286,250.66355945714284,219.0330862857143,38.05857142857143,16.691544285714286
2024-03-06 17:09:00,84.836149952,199.04681105999998,186.64339293999998,37.833999999999996,17.195116
2024-03-06 17:10:00,76.462653245,234.29765543333335,192.13900555,37.81166666666667,17.733886666666667
2024-03-06 17:11:00,135.45703827142856,326.26861095714287,311.5285818285715,37.82142857142857,17.601145714285714
2024-03-06 17:12:00,156.2868019375,348.3862173625,333.111886675,37.605000000000004,17.499390000000002
2024-03-06 17:13:00,113.50679410333333,225.78828755000004,271.5196137666667,37.86333333333334,17.090658333333334
2024-03-06 17:14:00,63.62834051285714,141.39246695714286,132.78314471428573,38.05285714285714,16.768554285714284
2024-03-06 17:15:00,97.05652627285714,205.51663204285714,223.52175427142856,38.15,17.2108
2024-03-06 17:16:00,85.21233344,231.58501300000003,199.54691269999998,38.121428571428574,17.592771428571428
2024-03-06 17:17:00,150.9327016142857,446.6153920285714,420.7692400285714,38.174285714285716,17.23856
2024-03-06 17:18:00,104.10344855000001,230.81511781999998,236.12423818000002,38.64,16.645312
2024-03-06 17:19:00,98.341509465,421.42495835,400.76965175,38.4,16.709475
2024-03-06 17:20:00,208.28765048,423.88321544,404.87391438,38.275999999999996,16.767576
2024-03-06 17:21:00,124.02254858375,274.579272525,271.1556948,37.96,17.05835
2024-03-06 17:22:00,85.56616938571429,224.5951750857143,188.97209245714288,37.784285714285716,17.46219142857143
2024-03-06 17:23:00,121.35946913142857,281.45935688571427,258.2943677142857,37.82285714285714,17.312917142857142
2024-03-06 17:24:00,106.75908046714287,232.02398834285714,248.35558255714287,37.848571428571425,17.220842857142856
2024-03-06 17:25:00,98.17390295714286,261.46910258571427,229.6267912142857,37.43857142857143,18.136997142857144
2024-03-06 17:26:00,139.57270905714284,340.99116808571426,320.2755749714285,37.575714285714284,18.054965714285714
2024-03-06 17:27:00,115.13940373142857,276.96830498571427,258.43505335714286,37.708571428571425,17.89188
2024-03-06 17:28:00,198.2163657,413.18572912857144,404.0206305428571,37.65857142857143,17.827427142857143
2024-03-06 17:29:00,87.14911969,216.3897132142857,195.1677989,37.871428571428574,17.36662857142857
2024-03-06 17:30:00,87.83816864285714,291.04928618571427,249.45350082857144,37.55571428571428,18.032644285714287
2024-03-06 17:31:00,161.82712798333333,451.48350458333334,427.14041945,37.57666666666667,18.162923333333335
2024-03-06 17:32:00,141.8819542125,486.8998196875,475.727266275,37.3175,18.40283375
2024-03-06 17:33:00,106.79322253666668,374.9386007166667,325.87094744999996,37.1,18.433918333333335
2024-03-06 17:34:00,184.37952057500002,407.59724735,387.83228615,37.1875,18.519775
2024-03-06 17:35:00,131.73555315000002,333.77059406666666,313.99197495,37.053333333333335,20.752116666666666
2024-03-06 17:36:00,136.276451115,421.897712825,389.872141,36.955,19.56909
2024-03-06 17:37:00,80.27725308857143,369.45703644285715,327.19704521428565,36.86571428571428,19.169504285714286
2024-03-06 17:38:00,90.1776760725,275.4656590875,229.82007579999998,36.723749999999995,19.20825125
2024-03-06 17:39:00,95.79016602285715,222.26522915714284,225.23498007142857,36.839999999999996,18.893552857142854
2024-03-06 17:40:00,66.40315927571429,231.31487435714286,191.49933647142856,36.50142857142857,19.526785714285715
2024-03-06 17:41:00,81.04079381999999,245.1257135,200.8217748142857,36.378571428571426,19.334544285714287
2024-03-06 17:42:00,60.94663647428571,165.60364460000002,143.73576307142858,36.104285714285716,19.850167142857142
2024-03-06 17:43:00,55.21076950142857,194.2721102,162.84807345714285,36.35857142857143,19.05357
2024-03-06 17:44:00,51.84001651,140.51451628571428,127.00967754285715,36.75571428571429,18.297572857142857
2024-03-06 17:45:00,93.90924861714286,248.56997807142855,227.41838748571428,36.61857142857143,18.652342857142855
2024-03-06 17:46:00,116.48025763,381.9509529714286,340.05720370000006,36.73142857142857,18.548270000000002
2024-03-06 17:47:00,109.16144035,322.14899974285714,277.4831960571429,36.76142857142857,19.025669999999998
2024-03-06 17:48:00,104.11462230714287,276.76570437142857,252.9452108428571,36.58,19.43736142857143
2024-03-06 17:49:00,157.7300783,474.91241021428567,438.39121000000006,36.720000000000006,18.834821428571427
2024-03-06 17:51:00,191.28862651,415.1217307333333,364.6032675666667,36.623333333333335,18.868486666666666
2024-03-06 17:52:00,80.6683349242857,231.58501301428572,187.88357739999998,36.84571428571429,18.904437142857144
2024-03-06 17:53:00,73.71964868124999,242.6986864625,197.24707,36.915,18.758544999999998
2024-03-06 17:54:00,73.12604231428571,291.5220288285714,242.67157587142856,36.75857142857143,18.71512285714286
2024-03-06 17:55:00,68.88001092285715,339.74178015714284,310.4769601857143,36.675714285714285,18.61035
2024-03-06 17:56:00,61.006229897999994,184.24996582,156.16664387999998,36.626,18.703712
2024-03-06 17:57:00,97.22413278428573,254.74940335714285,226.1363254,36.48285714285714,19.577705714285713
2024-03-06 17:58:00,68.32132258142857,189.88235694285714,159.92157131428573,36.05,24.25279
2024-03-06 17:59:00,51.56067233714286,173.7078045,149.13853634285715,35.708571428571425,26.072825714285717
2024-03-06 18:00:00,62.84617683428571,170.73627919999998,147.15751945714285,35.80571428571428,26.348494285714285
2024-03-06 18:01:00,62.30611143857142,170.56744252857143,147.04496171428573,35.417142857142856,26.96847285714286
2024-03-06 18:02:00,53.62781920285714,162.56458464285717,141.7097231,35.019999999999996,27.892297142857142
2024-03-06 18:03:00,59.73614506714286,177.86118642857144,151.90745762857142,34.91285714285714,28.779017142857146
2024-03-06 18:04:00,53.422966808571424,163.78020862857144,142.5201390857143,34.62285714285714,29.698941428571427
2024-03-06 18:05:00,61.31909536857143,169.31805121428573,146.21203415714285,34.38285714285714,30.908062857142856
2024-03-06 18:06:00,63.79594701714286,184.34451434285714,156.22967624285712,34.36142857142857,30.67996857142857
2024-03-06 18:07:00,60.48106285714285,183.7029350142857,155.80195667142857,34.00285714285714,30.718054285714288
2024-03-06 18:08:00,53.30191766875,178.2579526125,152.1719683875,33.97125,30.82922375
2024-03-06 18:09:00,62.64132444285714,220.91453582857142,180.60969054285715,33.94285714285714,30.69628857142857
2024-03-06 18:10:00,59.79201390285714,213.99223257142856,175.99482174285714,33.99714285714286,30.45424142857143
2024-03-06 18:11:00,52.04486890142857,170.26353654285714,146.8423577,33.98571428571429,30.35993142857143
2024-03-06 18:12:00,49.81011553571428,146.72770552857145,131.15180368571427,33.95857142857143,30.12472
2024-03-06 18:13:00,50.778508658571425,144.87050222857144,129.91366818571427,33.92714285714286,29.954661428571427
2024-03-06 18:14:00,53.050507915714284,158.14106404285715,138.76070935714284,33.815714285714286,29.936664285714283
2024-03-06 18:15:00,49.5866402,158.18608715000002,138.79072478333333,33.791666666666664,30.181803333333335
2024-03-06 18:16:00,65.39752026142857,232.26035967142857,191.29673247142858,33.90571428571429,30.204379999999997
2024-03-06 18:17:00,91.22754456857142,247.9621728142857,216.02964637142856,33.72714285714286,30.37486428571429
2024-03-06 18:18:00,71.28237079,174.45068582857144,153.42979834285714,33.66428571428572,30.15653142857143
2024-03-06 18:19:00,54.39135993285714,128.6959498,119.1306332,33.682857142857145,30.044502857142856
2024-03-06 18:20:00,55.545982505714285,134.0311884,122.68745892857143,33.74285714285714,30.076870000000003
2024-03-06 18:21:00,89.49871237833334,202.1511545333333,194.8992581,33.58166666666667,30.143393333333336
2024-03-06 18:22:00,99.29748730166666,226.53679675,217.60463148333335,33.428333333333335,30.423666666666666
2024-03-06 18:23:00,53.236737361428574,141.59507094285715,127.7300473,33.45142857142857,30.3983
2024-03-06 18:24:00,73.79646832571429,188.46412894285714,159.2593132142857,33.41857142857143,30.498885714285713
2024-03-06 18:25:00,63.68420934714286,154.76433077142858,136.50955384285714,33.294285714285714,30.60337714285714
2024-03-06 18:26:00,66.23555277142857,217.5040352,181.20029994285713,33.08571428571429,30.93150142857143
2024-03-06 18:27:00,51.542049392857145,143.85748224285715,129.2383215,32.79,31.298130000000004
2024-03-06 18:28:00,92.25801419666668,211.68479818333333,207.73979905000002,32.839999999999996,31.250651666666666
2024-03-06 18:29:00,105.64170379428572,231.82138434285713,241.5827221857143,32.924285714285716,31.176618571428573
2024-03-06 18:30:00,56.47712974428571,153.85261277142857,135.90174185714287,32.90571428571428,31.15387857142857
2024-03-06 18:31:00,55.3713924,165.700725675,143.80048378749999,32.925,31.1119375
2024-03-06 18:32:00,68.82786668,198.24314854,165.49543238,32.85,31.357421999999996
2024-03-06 18:33:00,69.90427288285714,174.6195224857143,150.44301224285715,32.67714285714286,31.533342857142856
2024-03-06 18:34:00,86.03174301714286,189.03817362857143,189.14357289999998,32.878571428571426,31.277204285714284
2024-03-06 18:35:00,121.11116321000002,252.4982439,258.92148485,32.85,31.409505
2024-03-06 18:36:00,143.07692431833334,281.57192143333333,307.9280222,32.635,31.634765
2024-03-06 18:37:00,128.26857974428572,271.0590285,266.00014657142856,32.68571428571429,31.605745714285714
2024-03-06 18:38:00,59.38230911857143,140.51451632857143,127.00967752857143,32.777142857142856,31.342634285714286
2024-03-06 18:39:00,56.514375632857146,138.5560109857143,125.70400734285714,33.00285714285714,31.077704285714283
2024-03-06 18:40:00,65.43476615,157.1280440857143,138.0853627142857,32.941428571428574,31.272601428571427
2024-03-06 18:41:00,60.853521751428566,155.3046081,136.86973871428572,32.71142857142857,31.577984285714287
2024-03-06 18:42:00,54.42860582428572,132.10645042857143,121.40430028571429,32.81142857142857,31.429408571428574
2024-03-06 18:44:00,54.503097602857146,146.7952402142857,131.1968268,32.96714285714286,31.22517
2024-03-06 18:45:00,53.03188497,126.3660038142857,117.5773359,32.965714285714284,31.19001142857143
2024-03-06 18:46:00,53.94440926285714,145.7822202142857,130.52148014285714,33.02285714285714,31.34012428571429
2024-03-06 18:47:00,52.733917854285714,136.6312730142857,124.42084868571429,33.174285714285716,31.001115714285714
2024-03-06 18:48:00,53.329852085714286,126.3660038142857,117.57733591428573,33.19285714285714,30.935267142857146
2024-03-06 18:49:00,63.96355351857143,187.2147376285714,158.14315842857144,33.121428571428574,31.013394285714288
2024-03-06 18:50:00,66.88735583857144,182.79121702857142,155.19414469999998,33.16857142857143,30.912388571428572
2024-03-06 18:51:00,71.84105913285714,193.86690222857143,162.5779348,33.355714285714285,30.619977142857145
2024-03-06 18:52:00,58.32080127,162.3282133142857,141.5521422142857,33.284285714285716,30.521624285714285
2024-03-06 18:53:00,58.19044065714286,152.60322147142855,135.06881429999999,33.121428571428574,31.16001714285714
2024-03-06 18:54:00,61.67293131857143,172.3908785,148.26058568571426,33.22571428571428,31.138811428571426
2024-03-06 18:55:00,74.67174673,169.72325921428572,158.98132551428571,33.33,31.03459714285714
2024-03-06 18:56:00,60.853521751428566,155.67604874285715,137.11736582857142,33.287142857142854,31.06556857142857
2024-03-06 18:57:00,64.24289768857143,161.82170332857143,141.21446889999999,33.339999999999996,30.987862857142858
2024-03-06 18:58:00,91.56275759285714,206.5971867,210.00510134285716,33.395714285714284,30.825615714285714
2024-03-06 18:59:00,75.45391040714286,337.78327482857145,301.8535188714286,33.24,31.231445714285716
2024-03-06 19:00:00,62.6227015,194.5084815142857,163.00565435714287,33.33,30.773297142857142
2024-03-06 19:01:00,51.78414767428571,164.86076328571428,143.24050887142857,33.455714285714286,30.589564285714285
2024-03-06 19:02:00,52.014606615,157.0731721375,138.0487814375,33.455,30.3819575
2024-03-06 19:03:00,48.115427565714285,161.55156467142857,141.03437645714286,33.519999999999996,30.288225714285716
2024-03-06 19:04:00,54.39135993428572,170.87134852857142,147.2475657,33.458571428571425,30.317801428571425
2024-03-06 19:05:00,47.37050977571429,128.2907418,118.86049454285715,33.472857142857144,30.306361428571428
2024-03-06 19:06:00,46.71870671428571,129.3037618142857,119.53584117142857,33.58,29.972795714285716
2024-03-06 19:07:00,50.666770992857145,140.54828364285714,127.0321890857143,33.55285714285714,30.06459142857143
2024-03-06 19:08:00,58.434866805,190.844725925,160.5631506375,33.33375,30.5579825
2024-03-06 19:09:00,64.31738946571429,179.51578575714285,153.01052381428573,33.24285714285714,30.64759857142857
2024-03-06 19:10:00,65.0809302,192.0772335714286,161.38482237142856,33.24857142857143,30.656668571428572
2024-03-06 19:11:00,60.05273512714286,187.89008429999998,158.5933895285714,33.35,30.55929
2024-03-06 19:12:00,60.14584985142857,189.57845094285716,159.71896731428572,33.48142857142857,30.405831428571428
2024-03-06 19:13:00,56.32814618571428,152.5356867857143,135.0237911857143,33.401428571428575,30.25390571428571
2024-03-06 19:14:00,86.60905429,199.13460614285714,197.2818662,33.355714285714285,30.123745714285715
2024-03-06 19:15:00,64.36084300333333,164.60750828333335,143.07167218333333,33.461666666666666,29.815918333333332
2024-03-06 19:16:00,55.17352361285714,148.61867617142858,132.41245078571427,33.604285714285716,29.71275142857143
2024-03-06 19:17:00,68.54479791714286,188.66673295714287,159.11115528571426,33.69714285714286,29.570171428571427
2024-03-06 19:18:00,60.64866935857143,163.37500065714286,142.25000044285713,33.58142857142857,29.359792857142857
2024-03-06 19:19:00,60.53693169,148.38230485714286,132.44129032857143,33.45428571428572,29.201449999999998
2024-03-06 19:20:00,96.01364137,235.23188497142857,228.29788468571428,33.028571428571425,29.75655857142857
2024-03-06 19:21:00,57.37103109142857,168.87907591428572,145.9193839142857,32.91571428571429,29.56919857142857
2024-03-06 19:22:00,61.803291931428575,172.42464584285716,148.28309724285714,32.65,30.174247142857144
2024-03-06 19:23:00,54.95315210166667,177.13518878333335,151.42345921666666,32.791666666666664,30.156900000000004
2024-03-06 19:24:00,56.160539684285716,156.72283605714284,142.6716635,32.941428571428574,29.704937142857144
2024-03-06 19:25:00,128.90175987857143,283.2827996142857,260.5579505142857,32.98571428571428,29.65150857142857
2024-03-06 19:26:00,72.97007515625,216.7569329875,177.8379553,32.90625,29.94592125
2024-03-06 19:27:00,134.26516982,286.08548487142855,273.3003863,32.778571428571425,30.05412857142857
2024-03-06 19:28:00,147.63644226714285,306.98747064285715,306.15579395714286,32.63,30.139368571428573
2024-03-06 19:29:00,52.324213071428574,139.19759031428572,126.13172688571429,32.357142857142854,30.306362857142858
2024-03-06 19:30:00,52.43827860875,174.86011475,149.90674315,32.27,30.59606875
2024-03-06 19:31:00,50.16395148428571,161.65286665714285,141.1019111,32.277142857142856,30.53180714285714
2024-03-06 19:32:00,77.22309015571429,231.3486416714286,191.8734316,32.10142857142857,31.118302857142858
2024-03-06 19:33:00,57.451730515,259.43180686666665,219.07744236666667,31.77333333333333,31.452473333333334
2024-03-06 19:34:00,55.825326678571436,198.0540514857143,165.36936768571428,32.00142857142857,31.199917142857142
2024-03-06 19:35:00,54.96867122142857,215.68059922857142,180.69644445714286,32.075714285714284,31.109515714285717
2024-03-06 19:36:00,108.71448967571429,284.3633576428571,267.0965391285714,31.958571428571428,31.305525714285714
2024-03-06 19:37:00,85.08197282285714,219.80021384285715,191.61278555714284,31.972857142857144,31.06584857142857
2024-03-06 19:38:00,50.17326295666666,165.51359838333335,143.67573226666667,32.02833333333333,30.845703333333333
2024-03-06 19:39:00,51.523426448571435,158.58003935714285,139.05335958571428,31.83142857142857,31.163225714285716
2024-03-06 19:40:00,52.56631135285714,166.8192685857143,144.54617907142855,31.822857142857142,30.860352857142857
2024-03-06 19:41:00,53.348475029999996,185.18869767142857,156.7924651142857,31.83285714285714,30.81529142857143
2024-03-06 19:42:00,51.59791822714286,148.6186762,132.41245078571427,31.74857142857143,30.737444285714286
2024-03-06 19:43:00,52.84565552428571,148.58490885714286,132.38993924285714,31.974285714285713,30.675082857142858
2024-03-06 19:44:00,50.62952510375,158.37321446250002,138.9154763,32.0375,30.44348125
2024-03-06 19:45:00,54.71415764166667,164.8044844,143.20298958333333,32.300000000000004,29.94759
2024-03-06 19:46:00,57.66899820571428,187.82254964285715,158.54836642857143,32.42714285714286,29.419782857142856
2024-03-06 19:47:00,47.20290327428571,120.35541858571428,113.57027904285714,32.21714285714286,29.04143285714286
2024-03-06 19:48:00,50.93369986833333,137.58238623333332,125.05492414999999,32.38999999999999,28.91341
2024-03-06 19:49:00,61.24460359142857,190.25379758571427,160.1691984,32.542857142857144,29.00251142857143
2024-03-06 19:50:00,54.16788459714286,173.16752715714284,148.77835142857143,32.65857142857143,28.700752857142856
2024-03-06 19:51:00,55.99060531375,136.7452377625,124.4968251875,32.59375,28.6821275
2024-03-06 19:52:00,51.26270522285714,146.69393820000002,131.12929217142857,32.58428571428571,28.824917142857142
2024-03-06 19:53:00,53.57195036857143,157.2631134,138.17540894285713,32.642857142857146,28.855330000000002
2024-03-06 19:54:00,68.92346446166667,201.83599276666666,167.89066185,32.81333333333333,28.598631666666666
2024-03-06 19:55:00,99.42164023714285,254.4117300285714,240.35912401428573,32.785714285714285,28.555524285714284
2024-03-06 19:56:00,62.47604581,207.1838941,171.4559294125,32.61875,28.745605
2024-03-06 19:57:00,53.84508689166666,155.82237385,137.2149159,32.70666666666667,28.867836666666665
2024-03-06 19:58:00,54.26099932285714,172.6947845,148.46318968571427,32.86142857142857,28.703264285714283
2024-03-06 19:59:00,50.27568915142857,153.0421967857143,135.36146452857142,32.98,28.36648857142857
2024-03-06 20:00:00,51.262705225714285,162.46328267142857,141.64218842857142,32.96,28.513532857142856
2024-03-06 20:01:00,51.61654117285714,162.4295153142857,141.61967688571428,32.660000000000004,28.817384285714287
2024-03-06 20:02:00,49.67975492,137.71182768571427,125.14121845714286,32.65571428571429,28.808454285714284
2024-03-06 20:03:00,55.41562189285714,176.30788912857142,150.87192608571428,32.91142857142857,28.73102714285714
2024-03-06 20:04:00,53.38572092,159.99826735714285,139.9988449285714,33.142857142857146,28.231724285714286
2024-03-06 20:05:00,54.22375343,167.32577857142857,144.8838524142857,33.182857142857145,28.123044285714286
2024-03-06 20:06:00,59.88512862714286,158.8164107,139.21094047142856,33.074285714285715,28.28780714285714
2024-03-06 20:07:00,52.10073773428571,199.30344278571428,166.2022952,32.46142857142858,29.053294285714287
2024-03-06 20:08:00,49.91254173000001,145.46143055000002,130.30762038333333,31.99166666666667,29.65625
2024-07-05 09:12:00,14.9844499837516,59.1188974351348,59.1188974351348,28.96,64.16016
2024-07-05 09:12:05,15.0993289897516,61.5558130001348,61.5558130001348,28.97,63.88281
2024-07-05 09:12:15,15.2142079957516,60.7831324551348,60.7831324551348,29.0,63.80371
2024-07-05 09:12:50,15.4439660077516,59.4755192251348,59.4755192251348,29.06,63.69043
2024-07-05 09:12:55,15.5588450137516,58.7622756451348,58.7622756451348,29.05,63.56836
2024-07-05 09:13:05,15.6737240197516,60.7831324551348,60.7831324551348,29.07,63.4375
2024-07-05 09:13:15,15.4439660077516,60.3670737001348,60.3670737001348,29.08,63.5
2024-07-05 09:13:20,15.6737240197516,60.2481997701348,60.2481997701348,29.09,63.8418
2024-07-05 09:13:30,15.4439660077516,60.0698888751348,60.0698888751348,29.12,63.57813
2024-07-05 09:13:40,15.0993289897516,58.9405865401348,58.9405865401348,29.09,63.17383
2024-07-05 09:13:45,15.2142079957516,59.5943931551348,59.5943931551348,29.1,63.32129
2024-07-05 09:13:55,14.9844499837516,58.4650908201348,58.4650908201348,29.08,63.33008
2024-07-05 09:14:05,15.0993289897516,57.9301581351348,57.9301581351348,29.03,63.45703
2024-07-05 09:14:10,14.9844499837516,57.5140993801348,57.5140993801348,29.06,63.4375
2024-07-05 09:14:20,15.0993289897516,57.7518472401348,57.7518472401348,29.09,63.44238
2024-07-05 09:14:25,15.5588450137516,58.3462168901348,58.3462168901348,29.12,63.44531
2024-07-05 09:14:35,15.6737240197516,58.7028386801348,58.7028386801348,29.15,63.38867
2024-07-05 09:14:45,16.2481190497516,59.4755192251348,59.4755192251348,29.17,63.28125
2024-07-05 09:14:50,15.9034820317516,59.5349561901348,59.5349561901348,29.15,63.30371
2024-07-05 09:15:00,15.9034820317516,61.3775021051348,61.3775021051348,29.11,63.33398
2024-07-05 09:15:10,15.4439660077516,60.9020063851348,60.9020063851348,29.12,63.71094
2024-07-05 09:15:15,15.0993289897516,60.0698888751348,60.0698888751348,29.13,63.55469
2024-07-05 09:15:25,15.6737240197516,60.9614433501348,60.9614433501348,29.11,63.47949
2024-07-05 09:15:55,15.4439660077516,61.1991912101348,61.1991912101348,29.07,63.50977
2024-07-05 09:16:00,15.3290870017516,59.9510149451348,59.9510149451348,29.04,62.96094
2024-07-05 09:16:10,15.4439660077516,60.1887628051348,60.1887628051348,29.07,62.78418
2024-07-05 09:16:20,15.4439660077516,58.1679059951348,58.1679059951348,29.12,62.85059
2024-07-05 09:16:25,16.0183610377516,60.0698888751348,60.0698888751348,29.16,62.88086
2024-07-05 09:16:35,15.7886030257516,60.5453845951348,60.5453845951348,29.15,63.02539
2024-07-05 09:16:40,16.3629980557516,61.6746869301348,61.6746869301348,29.13,63.39746
2024-07-05 09:17:30,15.9034820317516,59.1783344001348,59.1783344001348,29.22,62.7666
2024-07-05 09:17:40,15.7886030257516,59.6538301201348,59.6538301201348,29.24,62.60059
2024-07-05 09:17:45,15.9034820317516,59.8321410151348,59.8321410151348,29.42,62.05566
2024-07-05 09:17:55,16.3629980557516,61.4369390701348,61.4369390701348,29.68,61.27734
2024-07-05 09:19:20,19.2349732057516,62.6256783701348,62.6256783701348,30.33,58.65137
2024-07-05 09:19:30,21.9920693497516,63.5766698101348,63.5766698101348,30.44,58.44531
2024-07-05 09:19:35,23.2557384157516,65.1220309001348,65.1220309001348,30.54,58.39844
2024-07-05 09:19:45,23.0259804037516,65.5380896551348,65.5380896551348,30.61,58.36914
2024-07-05 09:19:55,22.2218273617516,65.9541484101348,65.9541484101348,30.69,58.20996
2024-07-05 09:20:00,20.0391262477516,65.8947114451348,65.8947114451348,30.77,58.02539
2024-07-05 09:20:40,14.8695709777516,65.4786526901348,65.4786526901348,31.06,56.45117
2024-07-05 09:20:50,17.7415461277516,68.5693748701348,68.5693748701348,31.12,56.12988
2024-07-05 09:21:00,18.0861831457516,66.7862659201348,66.7862659201348,31.25,55.56055
2024-07-05 09:21:05,18.2010621517516,69.2231814851348,69.2231814851348,31.36,55.29102
2024-07-05 09:21:15,17.8564251337516,67.5589464651348,67.5589464651348,31.49,55.0625
2024-07-05 09:21:20,17.3969091097516,67.7372573601348,67.7372573601348,31.45,54.7168
2024-07-05 09:21:50,15.5588450137516,61.7935608601348,61.7935608601348,33.0068680949278,62.316252280819
2024-07-05 09:22:00,15.2142079957516,60.9614433501348,60.9614433501348,31.49,54.74512
2024-07-05 09:22:05,14.9844499837516,62.0907456851348,62.0907456851348,31.43,54.60449
2024-07-05 09:22:55,15.4439660077516,68.1533161151348,68.1533161151348,31.68,54.42676
2024-07-05 09:23:05,16.9373930857516,67.8561312901348,67.8561312901348,31.64,54.59277
2024-07-05 09:23:10,17.6266671217516,68.6288118351348,68.6288118351348,31.67,54.55957
2024-07-05 09:23:20,18.0861831457516,67.3211986051348,67.3211986051348,31.67,54.37598
2024-07-05 09:23:30,17.8564251337516,65.4192157251348,65.4192157251348,31.55,54.56934
2024-07-05 09:23:35,17.1671510977516,63.9332916001348,63.9332916001348,31.55,54.49609
2024-07-05 09:23:45,16.4778770617516,62.5068044401348,62.5068044401348,31.53,54.59277
2024-07-05 09:23:55,15.2142079957516,60.4859476301348,60.4859476301348,31.49,54.58594
2024-07-05 09:24:00,15.0993289897516,60.7236954901348,60.7236954901348,31.43,54.82422
2024-07-05 09:24:10,15.0993289897516,62.5662414051348,62.5662414051348,31.41,54.61328
2024-07-05 09:24:20,15.0993289897516,62.2690565801348,62.2690565801348,31.38,54.76855
2024-07-05 09:24:25,14.8695709777516,61.9124347901348,61.9124347901348,31.42,54.88379
2024-07-05 09:24:35,15.0993289897516,60.7236954901348,60.7236954901348,31.39,54.87988
2024-07-05 09:24:45,14.8695709777516,61.6152499651348,61.6152499651348,31.43,54.70215
2024-07-05 09:24:50,15.3290870017516,61.6746869301348,61.6746869301348,31.42,54.84668
2024-07-05 09:25:00,15.2142079957516,61.2586281751348,61.2586281751348,31.39,54.89258
2024-07-05 09:25:05,15.3290870017516,61.7935608601348,61.7935608601348,31.42,55.00586
2024-07-05 09:25:15,15.6737240197516,62.4473674751348,62.4473674751348,31.45,54.91211
2024-07-05 09:25:25,14.8695709777516,61.3180651401348,61.3180651401348,31.45,54.97461
2024-07-05 09:25:30,15.0993289897516,62.7445523001348,62.7445523001348,31.42,54.98242
2024-07-05 09:25:40,15.2142079957516,61.6152499651348,61.6152499651348,31.4,54.97949
2024-07-05 09:25:50,16.1332400437516,62.9823001601348,62.9823001601348,31.38,55.01367
2024-07-05 09:25:55,17.0522720917516,62.2096196151348,62.2096196151348,31.4,54.99121
2024-07-05 09:26:05,17.5117881157516,63.9332916001348,63.9332916001348,31.41,54.92969
2024-07-05 09:26:15,17.5117881157516,64.7654091101348,64.7654091101348,31.34,55.02148
2024-07-05 09:26:20,16.4778770617516,63.5766698101348,63.5766698101348,31.34,55.0332
2024-07-05 09:26:30,15.0993289897516,62.5662414051348,62.5662414051348,31.36,55.02246
2024-07-05 09:26:40,14.6398129657516,60.0104519101348,60.0104519101348,31.29,55.13672
2024-07-05 09:26:45,14.7546919717516,62.9228631951348,62.9228631951348,31.23,55.41113
2024-07-05 09:26:55,16.3629980557516,69.7581141701348,69.7581141701348,31.26,55.54883
2024-07-05 09:27:05,18.7754571817516,81.5860702051348,81.5860702051348,31.2,55.54102
2024-07-05 09:27:10,19.6944892297516,84.0824227351348,84.0824227351348,31.21,55.60352
2024-07-05 09:27:20,24.5194074817516,105.895788890135,103.930525926757,31.25,55.72949
2024-07-05 09:27:30,31.1823898297516,138.942741430135,125.96182762009,31.28,55.58691
2024-07-05 09:27:35,33.4799699497516,146.015734321438,130.677156214292,31.35,55.62012
2024-07-05 09:27:45,37.8453721777516,153.920856610135,135.94723774009,31.4,55.18652
2024-07-05 09:27:55,34.2841229917516,120.636156210135,113.757437473423,31.34,55.05762
2024-07-05 09:28:00,29.8038417577516,93.8300849951348,93.8300849951348,31.31,55.12695
2024-07-05 09:28:10,27.3913826317516,71.5412231201348,71.5412231201348,31.45,54.79004
2024-07-05 09:28:20,28.1955356737516,66.2513332351348,66.2513332351348,31.69,54.13477
2024-07-05 09:28:25,35.6626710637516,68.5693748701348,68.5693748701348,31.92,53.68359
2024-07-05 09:28:35,37.1560981417516,71.1251643651348,71.1251643651348,31.9,53.68164
2024-07-05 09:28:40,38.6495252197516,71.4223491901348,71.4223491901348,31.9,53.39941
2024-07-05 09:28:55,31.0675108237516,71.1251643651348,71.1251643651348,31.97,53.33594
2024-07-05 09:29:00,29.8038417577516,72.4922145601348,72.4922145601348,32.06,53.28418
2024-07-05 09:29:10,69.3222198217516,90.0855562001348,131.074066072505,32.28,52.7959
2024-07-05 09:29:20,77.3637502417516,93.5329001701348,157.879167472505,32.76,51.83301
2024-07-05 09:29:25,81.3845154517516,92.6413456951348,171.281718172505,33.03,51.2627
2024-07-05 09:29:35,72.3090739777516,87.5297667051348,141.030246592505,33.05,51.09375
2024-07-05 09:29:45,41.0619843457516,73.0865842101348,73.0865842101348,33.19,50.7041
2024-07-05 09:29:50,31.7567848597516,70.1147359601348,70.1147359601348,33.37,50.31738
2024-07-05 09:30:00,27.5062616377516,67.5589464651348,67.5589464651348,33.66,49.5625
2024-07-05 09:30:10,22.6813433857516,65.2409048301348,65.2409048301348,33.72,49.02832
2024-07-05 09:30:20,20.4986422717516,70.0552989951348,70.0552989951348,33.66,49.07031
2024-07-05 09:30:25,20.7284002837516,74.0375756501348,74.0375756501348,33.73,49.05469
2024-07-05 09:30:35,27.8508986557516,82.3587507501348,82.3587507501348,33.95,48.80664
2024-07-05 09:30:45,35.4329130517516,90.0855562001348,90.0855562001348,34.12,48.5293
2024-07-05 09:30:55,38.7644042257516,84.4984814901348,84.4984814901348,34.15,48.38574
2024-07-05 09:31:00,36.4668241057516,79.8623982201348,79.8623982201348,34.17,48.14062
2024-07-05 09:31:10,29.8038417577516,72.9082733151348,72.9082733151348,34.21,47.95898
2024-07-05 09:31:20,25.7830765477516,68.9854336251348,68.9854336251348,34.3,47.72266
2024-07-05 09:31:30,21.8771903437516,70.3524838201348,70.3524838201348,34.4,47.3877
2024-07-05 09:31:35,20.3837632657516,69.1637445201348,69.1637445201348,34.42,47.07031
2024-07-05 09:31:45,20.1540052537516,69.8175511351348,69.8175511351348,34.72,46.39844
2024-07-05 09:31:55,21.0730373017516,68.6882488001348,68.6882488001348,35.08,45.76758
2024-07-05 09:32:00,24.0598914577516,68.9259966601348,68.9259966601348,35.26,45.21777
2024-07-05 09:32:10,24.5194074817516,69.8175511351348,69.8175511351348,35.3,44.93652
2024-07-05 09:32:20,26.0128345597516,71.0657274001348,71.0657274001348,35.5,44.56055
2024-07-05 09:32:25,25.3235605237516,72.0761558051348,72.0761558051348,35.79,44.19336
2024-07-05 09:32:35,24.4045284757516,73.4432060001348,73.4432060001348,36.36,43.42969
2024-07-05 09:32:45,24.1747704637516,74.2158865451348,74.2158865451348,36.43,43.06445
2024-07-05 09:32:55,21.5325533257516,71.3034752601348,71.3034752601348,36.26,43.23438
2024-07-05 09:33:05,20.4986422717516,68.2127530801348,68.2127530801348,36.02,43.78223
2024-07-05 09:33:15,20.8432792897516,67.9155682551348,67.9155682551348,35.98,43.95117
2024-07-05 09:33:25,20.6135212777516,69.1043075551348,69.1043075551348,35.91,44.06836
2024-07-05 09:33:30,22.2218273617516,72.9082733151348,72.9082733151348,35.92,44.08203
2024-07-05 09:33:40,24.2896494697516,82.4181877151348,82.4181877151348,35.71,44.22266
2024-07-05 09:33:50,26.7021085957516,97.5151768251348,97.5151768251348,35.63,44.62207
2024-07-05 09:35:25,17.8564251337516,69.2826184501348,69.2826184501348,33.35,49.16113
2024-07-05 09:35:30,17.6266671217516,70.4713577501348,70.4713577501348,33.17,49.62012
2024-07-05 09:35:40,17.1671510977516,67.7372573601348,67.7372573601348,33.07,49.74414
2024-07-05 09:35:50,16.3629980557516,64.4087873201348,64.4087873201348,33.03,49.89941
2024-07-05 09:35:55,18.3159411577516,66.4890810951348,66.4890810951348,33.09,49.5752
2024-07-05 09:36:05,19.8093682357516,66.7268289551348,66.7268289551348,33.11,49.36816
2024-07-05 09:36:20,20.8432792897516,70.4713577501348,70.4713577501348,33.09,49.7832
2024-07-05 09:36:30,19.5796102237516,68.5693748701348,68.5693748701348,33.27,50.1709
2024-07-05 09:36:40,17.1671510977516,66.7862659201348,66.7862659201348,33.36,50.04687
2024-07-05 09:37:15,16.0183610377516,63.8144176701348,63.8144176701348,33.59,49.05176
2024-07-05 09:37:25,18.2010621517516,62.2690565801348,62.2690565801348,33.7,48.52148
2024-07-05 09:37:35,20.2688842597516,64.6465351801348,64.6465351801348,34.08,47.68848
2024-07-05 09:37:45,21.4176743197516,65.3597787601348,65.3597787601348,34.36,46.86719
2024-07-05 09:38:00,21.1879163077516,65.8352744801348,65.8352744801348,34.25,47.26172
2024-07-05 09:38:10,21.0730373017516,64.1116024951348,64.1116024951348,33.93,47.64844
2024-07-05 09:38:20,22.4515853737516,65.9541484101348,65.9541484101348,33.88,47.72852
2024-07-05 09:38:30,21.0730373017516,65.7758375151348,65.7758375151348,33.99,47.59277
2024-07-05 09:38:35,19.9242472417516,65.4192157251348,65.4192157251348,33.76,48.10938
2024-07-05 09:38:45,19.5796102237516,69.1043075551348,69.1043075551348,33.94,47.95605
2024-07-05 09:38:50,21.5325533257516,70.7091056101348,70.7091056101348,34.21,47.56641
2024-07-05 09:39:00,23.3706174217516,74.0970126151348,74.0970126151348,34.2,47.4541
2024-07-05 09:39:10,25.0938025117516,74.6319453001348,74.6319453001348,34.07,47.6875
2024-07-05 09:39:20,24.0598914577516,73.5026429651348,73.5026429651348,33.72,48.13086
2024-07-05 09:39:25,21.3027953137516,70.8279795401348,70.8279795401348,33.35,49.00098
2024-07-05 09:39:35,18.3159411577516,68.0344421851348,68.0344421851348,33.04,49.49609
2024-07-05 09:39:45,16.8225140797516,64.9437200051348,64.9437200051348,32.83,49.90234
2024-07-05 09:39:55,16.3629980557516,64.2304764251348,64.2304764251348,33.08,49.63574
2024-07-05 09:40:00,17.3969091097516,65.1220309001348,65.1220309001348,33.19,49.40234
2024-07-05 09:40:10,17.3969091097516,64.8248460751348,64.8248460751348,33.02,49.56738
2024-07-05 09:40:20,17.5117881157516,64.5870982151348,64.5870982151348,32.98,49.78418
2024-07-05 09:40:25,18.3159411577516,64.5276612501348,64.5276612501348,32.97,49.97949
2024-07-05 09:40:35,18.7754571817516,63.9332916001348,63.9332916001348,32.91,50.08301
2024-07-05 09:40:45,19.5796102237516,64.5276612501348,64.5276612501348,32.82,50.54102
2024-07-05 09:40:50,21.0730373017516,67.3806355701348,67.3806355701348,32.85,50.71484
2024-07-05 09:41:00,20.1540052537516,66.3702071651348,66.3702071651348,32.8,50.91699
2024-07-05 09:41:10,18.5456991697516,65.1220309001348,65.1220309001348,32.74,51.38965
2024-07-05 09:41:20,18.4308201637516,66.0730223401348,66.0730223401348,32.71,51.33789
2024-07-05 09:41:25,17.6266671217516,66.3107702001348,66.3107702001348,32.72,51.51074
2024-07-05 09:41:35,19.0052151937516,69.8175511351348,69.8175511351348,32.58,50.90527
2024-07-05 09:41:45,18.5456991697516,68.3910639751348,68.3910639751348,32.46,51.1377
2024-07-05 09:41:55,17.6266671217516,66.1918962701348,66.1918962701348,32.35,51.22266
2024-07-05 09:42:05,17.0522720917516,64.9437200051348,64.9437200051348,32.75,50.39648
2024-07-05 09:42:10,16.7076350737516,65.7758375151348,65.7758375151348,32.63,50.48145
2024-07-05 09:42:20,17.2820301037516,70.7091056101348,70.7091056101348,32.57,50.95312
2024-07-05 09:42:30,16.7076350737516,68.3910639751348,68.3910639751348,32.59,50.77246
2024-07-05 09:42:35,17.2820301037516,71.4817861551348,71.4817861551348,32.72,50.44238
2024-07-05 09:42:45,16.5927560677516,68.8665596951348,68.8665596951348,32.78,50.47363
2024-07-05 09:42:55,17.0522720917516,66.5485180601348,66.5485180601348,33.16,49.39844
2024-07-05 09:43:05,17.5117881157516,66.3107702001348,66.3107702001348,33.35,49.33301
2024-07-05 09:43:15,20.7284002837516,75.4640628101348,75.4640628101348,33.42,49.38965
2024-07-05 09:43:20,23.3706174217516,86.4599013351348,86.4599013351348,33.26,49.45898
2024-07-05 09:43:30,24.4045284757516,90.1449931651348,90.1449931651348,33.31,49.77051
2024-07-05 09:43:40,21.8771903437516,82.0021289601348,82.0021289601348,33.65,49.27832
2024-07-05 09:43:45,18.7754571817516,70.4713577501348,70.4713577501348,34.05,48.44824
2024-07-05 09:43:55,17.7415461277516,66.5485180601348,66.5485180601348,34.63,47.17773
2024-07-05 09:44:05,17.9713041397516,67.7372573601348,67.7372573601348,34.88,46.95605
2024-07-05 09:44:10,19.9242472417516,72.0761558051348,72.0761558051348,34.9,46.82324
2024-07-05 09:44:20,20.8432792897516,72.7893993851348,72.7893993851348,34.89,46.68652
2024-07-05 09:44:30,21.6474323317516,74.2753235101348,74.2753235101348,34.84,46.8291
2024-07-05 09:44:35,21.1879163077516,78.6142219551348,78.6142219551348,35.0,46.26465
2024-07-05 09:44:45,22.3367063677516,85.4494729301348,85.4494729301348,35.51,45.40234
2024-07-05 09:44:55,28.8848097097516,107.441149980135,104.960766653423,36.13,44.16309
2024-07-05 09:45:00,30.0335997697516,114.216963990135,109.477975993423,36.03,43.6709
2024-07-05 09:45:10,39.2239202497516,154.099167505135,136.06611167009,36.07,43.2041
2024-07-05 09:45:20,39.9131942857516,172.821811480135,148.54787432009,35.78,43.46191
2024-07-05 09:45:30,37.1560981417516,159.270183460135,139.51345564009,36.24,42.83594
2024-07-05 09:45:35,31.5270268477516,131.691431700135,121.127621133423,36.68,42.02051
2024-07-05 09:45:45,23.9450124517516,95.1376982251348,95.1376982251348,36.57,41.8877
2024-07-05 09:45:55,19.0052151937516,74.2158865451348,74.2158865451348,36.34,42.33691
2024-07-05 09:46:00,18.5456991697516,78.5547849901348,78.5547849901348,36.32,42.64551
2024-07-05 09:46:10,20.7284002837516,92.1658499751348,92.1658499751348,36.33,42.86816
2024-07-05 09:46:20,26.3574715777516,112.552728970135,108.36848598009,36.43,42.61914
2024-07-05 09:46:30,28.8848097097516,116.000072940135,110.666715293423,36.26,42.15723
2024-07-05 09:46:40,28.1955356737516,108.392141420135,105.594760946757,35.78,42.71875
2024-07-05 09:46:45,25.3235605237516,82.7748095051348,82.7748095051348,35.53,43.79687
2024-07-05 09:46:55,22.6813433857516,72.7299624201348,72.7299624201348,33.0077249456462,62.316662271793
2024-07-05 09:47:05,20.6135212777516,69.5798032751348,69.5798032751348,35.34,39.95703
2024-07-05 09:47:10,21.5325533257516,70.9468534701348,70.9468534701348,35.19,45.28418
2024-07-05 09:47:20,17.9713041397516,69.8175511351348,69.8175511351348,33.0081544074781,45.61621
2024-07-05 09:47:30,19.4647312177516,72.5516515251348,72.5516515251348,33.0083683540428,62.3169771349472
2024-07-05 09:47:40,19.3498522117516,73.5026429651348,73.5026429651348,33.008524908192,62.3172249587344
2024-07-05 09:47:50,19.3498522117516,73.7998277901348,73.7998277901348,34.9,45.76172
2024-07-05 09:48:00,19.3498522117516,73.7998277901348,73.7998277901348,33.0088391161057,62.3175654168471
2024-07-05 09:48:10,21.9920693497516,72.3139036651348,72.3139036651348,34.67,62.3200331435554
2024-07-05 09:48:20,21.1879163077516,70.7685425751348,70.7685425751348,33.0090751388542,62.3202481318137
2024-07-05 09:48:30,18.3159411577516,63.5766698101348,63.5766698101348,34.46,46.84082
2024-07-05 09:48:40,14.5249339597516,60.9020063851348,60.9020063851348,33.0097656109979,62.3207814639793
2024-07-05 09:48:45,14.7546919717516,62.6256783701348,62.6256783701348,33.0102012004561,62.323739227477
2024-07-05 09:48:55,15.2142079957516,61.8529978251348,61.8529978251348,34.55,46.41797
2024-07-05 09:49:05,15.6737240197516,64.4087873201348,64.4087873201348,33.010768809881,62.3242755606539
2024-07-05 09:49:10,16.2481190497516,64.5870982151348,64.5870982151348,33.0114151690527,62.32533518466
2024-07-05 09:49:20,16.2481190497516,64.8842830401348,64.8842830401348,33.0119925185613,62.3267614451146
2024-07-05 09:49:30,16.2481190497516,65.0625939351348,65.0625939351348,34.43,62.3281093026746
2024-07-05 09:49:50,16.0183610377516,64.5276612501348,64.5276612501348,33.0120541711978,62.3286364717156
2024-07-05 09:50:00,16.4778770617516,64.9437200051348,64.9437200051348,33.0135161294995,62.3286935749252
2024-07-05 09:50:25,16.5927560677516,65.1220309001348,65.1220309001348,33.0144105551098,62.3297259872736
2024-07-05 09:50:35,17.6266671217516,68.6882488001348,68.6882488001348,33.21,62.3363071217146
2024-07-05 09:50:45,17.7415461277516,67.0240137801348,67.0240137801348,33.0153246814791,62.3367767120507
2024-07-05 09:50:50,18.5456991697516,68.9854336251348,68.9854336251348,33.0155428386262,62.3382216398298
2024-07-05 09:51:00,18.4308201637516,67.3211986051348,67.3211986051348,33.23,62.3419273795177
2024-07-05 09:51:10,18.6605781757516,67.7372573601348,67.7372573601348,33.0169709630809,62.343391095614
2024-07-05 09:51:15,19.3498522117516,70.3524838201348,70.3524838201348,33.0176189294867,62.3468845560131
2024-07-05 09:51:25,20.7284002837516,74.1564495801348,74.1564495801348,33.0180943260534,62.3475876577788
2024-07-05 09:51:35,21.7623113377516,76.1773063901348,76.1773063901348,33.0181590285276,62.3489955759427
2024-07-05 09:51:40,22.7962223917516,75.9395585301348,75.9395585301348,33.018270966314,62.3490986761964
2024-07-05 09:51:50,21.9920693497516,76.2961803201348,76.2961803201348,33.0182794308019,62.3514949785152
2024-07-05 09:52:00,21.1879163077516,73.6215168951348,73.6215168951348,34.66,62.3530879494692
2024-07-05 09:52:10,20.4986422717516,72.2544667001348,72.2544667001348,34.22,62.3548712589855
2024-07-05 09:52:15,19.5796102237516,68.3316270101348,68.3316270101348,33.0184496388945,62.3549502403551
2024-07-05 09:52:25,30.4931157937516,77.9009783751348,77.9009783751348,35.03,62.3554762924541
2024-07-05 09:52:35,86.3243127097516,114.335837920135,187.747709032505,33.0185671716665,62.3562719395163
2024-07-05 09:52:40,99.8800354177516,124.618432865135,232.933451392505,34.77,62.3570325221984
2024-07-05 09:52:50,106.543017765752,130.799877225135,255.143392552505,33.0194566706446,62.3575170326565
2024-07-05 09:53:00,97.8122133097516,126.995905521438,226.040711032505,34.91,62.3583538626769
2024-07-05 09:53:05,34.6287600097516,89.0156908301348,89.0156908301348,33.0197512414214,62.3610126605579
2024-07-05 09:53:15,26.4723505837516,83.7258009451348,83.7258009451348,34.86,62.36210725974
2024-07-05 09:53:20,21.0730373017516,78.8519698151348,78.8519698151348,33.0197915516369,62.3621736806805
2024-07-05 09:53:30,18.5456991697516,73.1460211751348,73.1460211751348,34.75,62.3622525717237
2024-07-05 09:53:40,18.2010621517516,72.4922145601348,72.4922145601348,34.74,62.3626509519739
2024-07-05 09:53:45,17.5117881157516,70.4713577501348,70.4713577501348,34.67,62.3635001719977
2024-07-05 09:53:55,16.9373930857516,69.5798032751348,69.5798032751348,34.69,62.3642061008119
2024-07-05 09:54:05,16.1332400437516,65.8947114451348,65.8947114451348,34.65,62.3661064181007
2024-07-05 09:54:10,19.6944892297516,68.0938791501348,68.0938791501348,34.72,62.3688667068106
2024-07-05 09:54:20,24.7491654937516,74.2753235101348,74.2753235101348,33.0212812499282,62.3696892249173
2024-07-05 09:54:30,27.8508986557516,78.6142219551348,78.6142219551348,33.0217739239689,62.3700667707998
2024-07-05 09:54:35,30.1484787757516,83.6663639801348,83.6663639801348,33.0224676566736,62.3708000859278
2024-07-05 09:54:45,26.5872295897516,81.6455071701348,81.6455071701348,33.0225791701357,62.371139070759
2024-07-05 09:54:50,27.5062616377516,81.1700114501348,81.1700114501348,33.0228341411759,62.3750479526877
2024-07-05 09:55:00,27.5062616377516,83.6069270151348,83.6069270151348,34.52,62.3804870432711
2024-07-05 09:55:10,27.3913826317516,83.7852379101348,83.7852379101348,34.49,62.3855406740078
2024-07-05 09:55:15,28.9996887157516,79.9812721501348,79.9812721501348,33.0232752602635,62.3858536434568
2024-07-05 09:55:25,32.7906959137516,79.7435242901348,79.7435242901348,33.0233743880051,62.3864943535087
2024-07-05 09:55:35,35.7775500697516,75.2263149501348,75.2263149501348,33.0235667580597,62.3922099932264
2024-07-05 09:55:40,36.9263401297516,72.5516515251348,72.5516515251348,34.13,62.3927023723368
2024-07-05 09:55:50,30.9526318177516,68.2127530801348,68.2127530801348,33.96,62.3960008129213
2024-07-05 09:56:00,26.5872295897516,65.6569635851348,65.6569635851348,33.0243990223337,62.3961961220112
2024-07-05 09:56:05,20.0391262477516,62.2096196151348,62.2096196151348,33.024780790437,62.3966795746383
2024-07-05 09:56:15,15.7886030257516,59.6538301201348,59.6538301201348,33.91,62.3967946265833
2024-07-05 09:56:25,14.9844499837516,59.2972083301348,59.2972083301348,33.68,62.3981555597202
2024-07-05 09:56:30,14.9844499837516,58.8217126101348,58.8217126101348,33.71,62.3986021527195
2024-07-05 09:56:40,22.2218273617516,72.6110884901348,72.6110884901348,33.78,62.3989886541041
2024-07-05 09:56:50,31.6419058537516,85.6872207901348,85.6872207901348,33.79,62.3993948491732
2024-07-05 09:56:55,35.0882760337516,89.4911865501348,89.4911865501348,33.86,62.4037797594323
2024-07-05 09:57:05,37.5007351597516,91.5120433601348,91.5120433601348,33.0248645614479,62.4037929857529
2024-07-05 09:57:15,40.9471053397516,80.9322635901348,80.9322635901348,33.0253504029405,62.4047177635088
2024-07-05 09:57:20,39.4536782617516,81.0511375201348,81.0511375201348,33.0266031166777,62.4062267939666
2024-07-05 09:57:30,39.5685572677516,87.9458254601348,87.9458254601348,33.0267884426108,62.4077088825505
2024-07-05 09:57:40,40.3727103097516,90.6204888851348,90.6204888851348,33.9,62.4079237538724
2024-07-05 09:57:45,31.0675108237516,87.2920188451348,87.2920188451348,33.027251223714,62.4088388412224
2024-07-05 09:57:55,27.5062616377516,78.0198523051348,78.0198523051348,33.0272844124794,62.4103000474892
2024-07-05 09:58:00,26.1277135657516,74.6319453001348,74.6319453001348,34.07,62.4103225861497
2024-07-05 09:58:10,21.8771903437516,68.9259966601348,68.9259966601348,33.0272896565475,62.4108721262445
2024-07-05 09:58:20,20.6135212777516,66.3107702001348,66.3107702001348,33.74,62.4110626818044
2024-07-05 09:58:25,21.0730373017516,69.2231814851348,69.2231814851348,33.98,62.4138980500134
2024-07-05 09:58:35,22.1069483557516,70.2930468551348,70.2930468551348,33.79,62.4142322741692
2024-07-05 09:58:45,24.0598914577516,73.1460211751348,73.1460211751348,33.0274058087217,62.414967167842
2024-07-05 09:58:50,24.4045284757516,72.5516515251348,72.5516515251348,33.0280150652275,62.4151264734493
2024-07-05 09:59:00,24.5194074817516,76.8311130051348,76.8311130051348,33.0285416394912,62.4151314467084
2024-07-05 09:59:10,22.7962223917516,75.4046258451348,75.4046258451348,33.0286694043417,62.4166429416506
2024-07-05 09:59:15,23.9450124517516,77.2471717601348,77.2471717601348,33.71,62.4169395944825
2024-07-05 09:59:25,24.7491654937516,75.9989954951348,75.9989954951348,33.78,62.4172165076146
2024-07-05 09:59:35,25.3235605237516,74.6913822651348,74.6913822651348,33.8,62.4176405004394
2024-07-05 09:59:40,26.0128345597516,73.4432060001348,73.4432060001348,33.0293618246995,62.4177259704612
2024-07-05 09:59:50,24.1747704637516,72.4327775951348,72.4327775951348,33.0295310881298,62.4198386341117
2024-07-05 10:00:00,23.9450124517516,70.2336098901348,70.2336098901348,33.0303071647621,62.4206110975029
2024-07-05 10:00:05,22.7962223917516,68.0344421851348,68.0344421851348,33.7,62.4233225529496
2024-07-05 10:00:15,21.6474323317516,70.5902316801348,70.5902316801348,34.29,62.4240506344661
2024-07-05 10:00:25,21.0730373017516,70.6496686451348,70.6496686451348,33.0303998517226,62.4255774780792
2024-07-05 10:00:35,22.6813433857516,76.1178694251348,76.1178694251348,33.74,62.4257697015555
2024-07-05 10:00:45,23.0259804037516,76.5933651451348,76.5933651451348,33.66,62.4262992149321
2024-07-05 10:00:50,23.1408594097516,76.5933651451348,76.5933651451348,33.0307095088736,62.4279670637512
2024-07-05 10:01:00,21.8771903437516,71.8978449101348,71.8978449101348,33.84,62.4321119858128
2024-07-05 10:01:10,20.8432792897516,72.4327775951348,72.4327775951348,33.0308031783449,62.4328738982367
2024-07-05 10:01:15,21.7623113377516,73.1460211751348,73.1460211751348,33.7,62.4373272743615
2024-07-05 10:01:25,24.2896494697516,72.8488363501348,72.8488363501348,32.9,62.4384660213524
2024-07-05 10:01:35,24.6342864877516,71.5412231201348,71.5412231201348,33.07,62.4410739014705
2024-07-05 10:01:40,21.8771903437516,65.3597787601348,65.3597787601348,33.032258429402,62.4438720379404
2024-07-05 10:01:50,23.4854964277516,65.7758375151348,65.7758375151348,33.0328810548612,62.4447449153598
2024-07-05 10:02:00,23.4854964277516,64.9437200051348,64.9437200051348,32.64,62.4464379344313
2024-07-05 10:02:05,29.1145677217516,68.0938791501348,68.0938791501348,32.67,62.4510503166715
2024-07-05 10:02:15,32.1014218777516,74.5130713701348,74.5130713701348,32.48,62.4511598529263
2024-07-05 10:02:25,30.3782367877516,75.5234997751348,75.5234997751348,33.0335336642174,62.4569703832166
2024-07-05 10:02:30,27.3913826317516,75.4046258451348,75.4046258451348,32.56,62.4576143038072
2024-07-05 10:02:40,26.2425925717516,79.9218351851348,79.9218351851348,32.63,62.4579111254456
2024-07-05 10:02:50,22.9111013977516,74.5725083351348,74.5725083351348,33.0336106642494,62.4579125018311
2024-07-05 10:02:55,25.3235605237516,75.4640628101348,75.4640628101348,32.78,62.45846310967
2024-07-05 10:03:05,24.6342864877516,74.4536344051348,74.4536344051348,33.0336560298958,62.4637564697042
2024-07-05 10:03:10,25.4384395297516,72.6110884901348,72.6110884901348,33.0341942726197,62.4647806723807
2024-07-05 10:03:20,24.4045284757516,71.3034752601348,71.3034752601348,32.82,62.4663195106038
2024-07-05 10:03:30,22.2218273617516,69.4609293451348,69.4609293451348,32.84,62.4667801744494
2024-07-05 10:03:35,20.7284002837516,67.8561312901348,67.8561312901348,32.85,62.4682065026289
2024-07-05 10:03:45,20.4986422717516,66.6079550251348,66.6079550251348,33.035446138803,62.4761339902347
2024-07-05 10:03:55,25.2086815177516,72.1950297351348,72.1950297351348,32.95,62.4773389541304
2024-07-05 10:04:00,28.0806566677516,75.2263149501348,75.2263149501348,33.0364546142028,62.4774601453533
2024-07-05 10:04:10,31.7567848597516,79.4463394651348,79.4463394651348,33.14,62.4785600904671
2024-07-05 10:04:20,34.0543649797516,84.3201705951348,84.3201705951348,33.0364768645496,62.4810421436462
2024-07-05 10:04:25,29.1145677217516,76.0584324601348,76.0584324601348,33.0364777710754,62.4815270906183
2024-07-05 10:04:35,32.5609379017516,75.5829367401348,75.5829367401348,32.78,62.483394014905
2024-07-05 10:04:45,32.6758169077516,74.9885670901348,74.9885670901348,33.0368157000872,62.4835510068977
2024-07-05 10:04:50,30.9526318177516,72.6705254551348,72.6705254551348,33.0378295465711,62.4855168170419
2024-07-05 10:05:00,27.9657776617516,74.4536344051348,74.4536344051348,33.32,62.4882720252286
2024-07-05 10:05:05,23.6003754337516,70.3524838201348,70.3524838201348,33.32,62.4923849850968
2024-07-05 10:05:15,22.4515853737516,67.3806355701348,67.3806355701348,33.0379961253355,62.4941702194166
2024-07-05 10:05:25,21.7623113377516,65.2409048301348,65.2409048301348,34.13,62.4950301332675
2024-07-05 10:05:30,22.6813433857516,62.9228631951348,62.9228631951348,34.42,62.4951754297771
2024-07-05 10:05:40,27.2765036257516,66.0730223401348,66.0730223401348,34.69,62.4978223966728
2024-07-05 10:05:50,30.1484787757516,70.8279795401348,70.8279795401348,33.038013158859,62.4992686962104
2024-07-05 10:05:55,32.2163008837516,74.8696931601348,74.8696931601348,35.17,62.5001277290171
2024-07-05 10:06:05,30.4931157937516,75.8206846001348,75.8206846001348,33.0381591631932,62.5044914858879
2024-07-05 10:06:15,29.2294467277516,76.0584324601348,76.0584324601348,33.0383612335207,62.506738626097
2024-07-05 10:06:20,33.4799699497516,85.3305990001348,85.3305990001348,33.0384842865052,62.5081805918593
2024-07-05 10:06:30,31.6419058537516,81.7049441351348,81.7049441351348,33.0388721172997,62.5088874613202
2024-07-05 10:06:40,29.4592047397516,82.1210028901348,82.1210028901348,34.95,62.5102208844158
2024-07-05 10:06:45,25.6681975417516,81.1700114501348,81.1700114501348,33.0389405752938,62.5139307977114
2024-07-05 10:06:55,28.3104146797516,75.8801215651348,75.8801215651348,34.87,62.5141486327019
2024-07-05 10:07:05,41.6363793757516,82.5370616451348,82.5370616451348,35.0,62.5152489028316
2024-07-05 10:07:10,47.0356926577516,83.9635488051348,83.9635488051348,35.09,62.5154216794443
2024-07-05 10:07:20,49.2183937717516,81.8238180651348,82.0306562862526,35.1,62.5165318775546
2024-07-05 10:07:30,52.5498849457516,84.6173554201348,87.5831415762526,35.19,62.5166584174217
2024-07-05 10:07:35,53.9284330177516,85.8060947201348,89.8807216962526,33.0389811751337,62.5179924111354
2024-07-05 10:07:45,57.9491982277516,86.7570861601348,96.5819970462526,35.33,62.5195900179651
2024-07-05 10:07:50,60.7062943717516,85.5683468601348,102.354314572505,35.43,62.5200262987628
2024-07-05 10:08:00,52.5498849457516,81.2888853801348,87.5831415762526,35.77,62.5241707394936
2024-07-05 10:08:10,52.7796429577516,81.1700114501348,87.9660715962526,36.2,62.5252762978544
2024-07-05 10:08:15,46.1166606097516,86.7570861601348,86.7570861601348,33.0392019443738,62.5275163227529
2024-07-05 10:08:25,37.5007351597516,84.6173554201348,84.6173554201348,33.0407798737714,62.5291693844337
2024-07-05 10:08:35,32.3311798897516,83.4286161201348,83.4286161201348,36.36,62.5316261660848
2024-07-05 10:08:40,25.0938025117516,77.3660456901348,77.3660456901348,33.0413468663268,62.5321000014964
2024-07-05 10:08:50,21.8771903437516,68.8665596951348,68.8665596951348,36.37,62.5324795961248
2024-07-05 10:09:00,22.9111013977516,69.7581141701348,69.7581141701348,36.48,62.5339156878831
2024-07-05 10:09:05,26.7021085957516,70.8279795401348,70.8279795401348,33.0424501966383,62.5350215677529
2024-07-05 10:09:15,30.6079947997516,72.8488363501348,72.8488363501348,36.59,62.5371892132882
2024-07-05 10:09:25,32.9055749197516,76.8905499701348,76.8905499701348,36.8,62.5379367972712
2024-07-05 10:09:30,30.7228738057516,75.6423737051348,75.6423737051348,37.04,62.5384928242373
2024-07-05 10:09:40,25.7830765477516,73.7403908251348,73.7403908251348,37.31,62.5387505520739
2024-07-05 10:09:45,21.5325533257516,70.2930468551348,70.2930468551348,37.53,62.541256741353
2024-07-05 10:09:55,19.9242472417516,67.1428877101348,67.1428877101348,37.44,62.541453920427
2024-07-05 10:10:05,23.4854964277516,68.5099379051348,68.5099379051348,37.31,62.5414568812929
2024-07-05 10:10:10,22.9111013977516,67.3211986051348,67.3211986051348,37.2,62.54218097789
2024-07-05 10:10:20,22.9111013977516,66.6079550251348,66.6079550251348,37.05,62.5429145432396
2024-07-05 10:10:30,19.9242472417516,64.1116024951348,64.1116024951348,33.0434132621164,62.5431430301261
2024-07-05 10:10:35,17.9713041397516,61.6152499651348,61.6152499651348,33.0437853577366,62.5433250955736
2024-07-05 10:10:45,20.4986422717516,63.5172328451348,63.5172328451348,33.0441619172717,62.544313306538
2024-07-05 10:10:55,22.2218273617516,66.0730223401348,66.0730223401348,36.31,62.5444462297182
2024-07-05 10:11:00,22.7962223917516,66.9645768151348,66.9645768151348,36.13,62.5446107824814
2024-07-05 10:11:10,23.8301334457516,69.9958620301348,69.9958620301348,35.43,62.5447876154549
2024-07-05 10:11:20,24.2896494697516,73.5620799301348,73.5620799301348,33.0449186747457,62.5451766329794
2024-07-05 10:11:25,24.4045284757516,73.0271472451348,73.0271472451348,35.76,62.5464614564926
2024-07-05 10:11:35,24.7491654937516,73.6809538601348,73.6809538601348,35.64,62.5465210567786
2024-07-05 10:11:45,24.5194074817516,71.3629122251348,71.3629122251348,35.58,62.5478729068067
2024-07-05 10:11:50,25.7830765477516,69.2826184501348,69.2826184501348,35.55,62.5486041473249
2024-07-05 10:12:00,26.8169876017516,69.8175511351348,69.8175511351348,35.57,62.5504354513899
2024-07-05 10:12:05,27.8508986557516,70.0552989951348,70.0552989951348,33.0467582231181,62.5513998717467
2024-07-05 10:12:15,26.3574715777516,69.4014923801348,69.4014923801348,35.42,62.5565564386381
2024-07-05 10:12:25,24.6342864877516,69.8769881001348,69.8769881001348,35.43,62.5570691918499
2024-07-05 10:12:35,24.6342864877516,69.6986772051348,69.6986772051348,33.0471048367886,62.5642577224766
2024-07-05 10:12:40,24.2896494697516,69.6986772051348,69.6986772051348,35.26,62.5659056360515
2024-07-05 10:12:50,23.6003754337516,71.1251643651348,71.1251643651348,35.07,62.5668238248922
2024-07-05 10:13:00,25.7830765477516,72.6110884901348,72.6110884901348,33.0476620748532,62.5685604062583
2024-07-05 10:13:05,36.6965821177516,77.6037935501348,77.6037935501348,33.0479129888971,62.5692247961601
2024-07-05 10:13:15,41.1768633517516,78.4953480251348,78.4953480251348,33.0481430715743,62.5716162798405
2024-07-05 10:13:20,41.8661373877516,75.2263149501348,75.2263149501348,33.0481629744025,62.5726962449656
2024-07-05 10:13:30,41.5215003697516,79.0302807101348,79.0302807101348,35.19,62.5730236374673
2024-07-05 10:13:40,30.1484787757516,75.7612476351348,75.7612476351348,35.24,62.5758085446595
2024-07-05 10:13:45,26.4723505837516,77.3660456901348,77.3660456901348,35.57,62.5771127404374
2024-07-05 10:13:55,24.9789235057516,75.6423737051348,75.6423737051348,35.27,62.5780628032365
2024-07-05 10:14:05,23.2557384157516,70.8874165051348,70.8874165051348,35.32,62.5785167759457
2024-07-05 10:14:10,21.1879163077516,69.1043075551348,69.1043075551348,33.0490186732118,62.5789314471852
2024-07-05 10:14:20,20.9581582957516,65.1220309001348,65.1220309001348,33.0491948703299,62.5802605094517
2024-07-05 10:14:30,18.7754571817516,64.2899133901348,64.2899133901348,35.42,62.5805862501407
2024-07-05 10:14:40,19.0052151937516,66.6673919901348,66.6673919901348,35.57,62.5823937337176
2024-07-05 10:14:50,19.4647312177516,69.2231814851348,69.2231814851348,33.0525546370569,62.5843386993434
2024-07-05 10:14:55,19.4647312177516,69.5798032751348,69.5798032751348,33.0531524617907,62.5889150307092
2024-07-05 10:15:05,18.0861831457516,66.5485180601348,66.5485180601348,35.67,62.5906844443733
2024-07-05 10:15:15,17.0522720917516,61.7935608601348,61.7935608601348,33.0534306314051,62.591506279708
2024-07-05 10:15:20,16.8225140797516,60.8425694201348,60.8425694201348,33.053703923113,62.5921903842596
2024-07-05 10:15:30,18.2010621517516,63.0417371251348,63.0417371251348,35.79,62.5923179647073
2024-07-05 10:15:35,20.3837632657516,65.5380896551348,65.5380896551348,35.86,62.5934117591693
2024-07-05 10:15:45,20.4986422717516,64.2304764251348,64.2304764251348,35.8,62.5949099524817
2024-07-05 10:15:55,20.3837632657516,62.8039892651348,62.8039892651348,35.68,62.5969317385142
2024-07-05 10:16:00,18.8903361877516,61.0803172801348,61.0803172801348,35.63,62.597462448923
2024-07-05 10:16:10,16.8225140797516,59.9510149451348,59.9510149451348,33.0538665328445,62.5975522704469
2024-07-05 10:16:20,16.5927560677516,60.9614433501348,60.9614433501348,33.0538871626392,62.6009740633982
2024-07-05 10:16:25,16.7076350737516,61.0208803151348,61.0208803151348,35.98,62.6029367530306
2024-07-05 10:16:35,16.3629980557516,59.3566452951348,59.3566452951348,33.0540316626386,62.6029747028609
2024-07-05 10:16:45,16.8225140797516,60.3670737001348,60.3670737001348,35.95,62.6054832094487
2024-07-05 10:16:50,16.8225140797516,59.4160822601348,59.4160822601348,36.09,62.6070554818084
2024-07-05 10:17:00,16.8225140797516,59.4160822601348,59.4160822601348,33.054807472352,62.6073747804524
2024-07-05 10:17:10,17.1671510977516,58.8811495751348,58.8811495751348,37.11,62.6112739676077
2024-07-05 10:17:15,16.5927560677516,57.8707211701348,57.8707211701348,33.0548587983642,62.6122764581339
2024-07-05 10:17:25,16.1332400437516,58.2867799251348,58.2867799251348,33.0556859072127,62.6125670617842
2024-07-05 10:17:35,16.2481190497516,60.2481997701348,60.2481997701348,33.0562218514016,62.6137625204956
2024-07-05 10:17:40,18.4308201637516,63.7549807051348,63.7549807051348,33.0562952881182,62.6172138858078
2024-07-05 10:17:50,21.4176743197516,66.0730223401348,66.0730223401348,36.8,62.6178682092643
2024-07-05 10:18:00,21.7623113377516,65.8947114451348,65.8947114451348,33.0570405447962,62.6183990066086
2024-07-05 10:18:05,22.2218273617516,64.1710394601348,64.1710394601348,36.41,62.6221582297464
2024-07-05 10:18:15,19.2349732057516,63.2794849851348,63.2794849851348,33.058920740766,62.6229151258944
2024-07-05 10:18:20,17.9713041397516,63.7549807051348,63.7549807051348,33.0594434997377,62.622993869997
2024-07-05 10:18:30,17.7415461277516,63.6361067751348,63.6361067751348,35.82,62.6239547855319
2024-07-05 10:18:40,17.9713041397516,64.3493503551348,64.3493503551348,35.81,62.6257002759206
2024-07-05 10:18:45,18.4308201637516,65.1220309001348,65.1220309001348,35.78,62.6289017275618
2024-07-05 10:18:55,17.9713041397516,62.9228631951348,62.9228631951348,33.0614849842809,62.6289235096286
2024-07-05 10:19:05,17.7415461277516,62.4473674751348,62.4473674751348,35.77,62.628950398343
2024-07-05 10:19:10,18.2010621517516,64.7059721451348,64.7059721451348,35.75,62.6306951100969
2024-07-05 10:19:20,19.8093682357516,64.5276612501348,64.5276612501348,35.64,62.6350115960297
2024-07-05 10:19:30,20.8432792897516,65.7164005501348,65.7164005501348,35.49,62.6353959322327
2024-07-05 10:19:35,20.9581582957516,64.7654091101348,64.7654091101348,33.0620835501467,62.6356557221387
2024-07-05 10:19:45,20.3837632657516,64.2899133901348,64.2899133901348,33.0630599196885,62.637398823697
2024-07-05 10:19:55,21.8771903437516,66.0730223401348,66.0730223401348,35.21,62.6384548905985
2024-07-05 10:20:05,32.5609379017516,71.9572818751348,71.9572818751348,33.0632964952772,62.6393971956798
2024-07-05 10:20:15,34.7436390157516,74.5725083351348,74.5725083351348,35.14,62.640447849038
2024-07-05 10:20:20,33.9394859737516,73.6809538601348,73.6809538601348,33.0635951049639,62.6410852576117
2024-07-05 10:20:30,24.1747704637516,69.0448705901348,69.0448705901348,35.36,62.6437546306431
2024-07-05 10:20:40,20.3837632657516,70.7685425751348,70.7685425751348,35.41,62.6445335842266
2024-07-05 10:20:45,20.7284002837516,70.6496686451348,70.6496686451348,33.064439628826,62.6455570503555
2024-07-05 10:20:55,20.6135212777516,68.9259966601348,68.9259966601348,35.2,62.6471766118202
2024-07-05 10:21:05,20.3837632657516,65.0031569701348,65.0031569701348,-17.11,62.6483756285507
2024-07-05 10:21:15,20.7284002837516,66.4296441301348,66.4296441301348,33.0658351977711,62.6518552762226
2024-07-05 10:21:25,20.8432792897516,67.1428877101348,67.1428877101348,34.96,62.6541460005966
2024-07-05 10:21:45,20.8432792897516,68.3910639751348,68.3910639751348,33.0659407648945,62.6554137556998
2024-07-05 10:22:10,19.9242472417516,65.0625939351348,65.0625939351348,34.83,62.6570527296616
2024-07-05 10:22:20,20.2688842597516,66.7862659201348,66.7862659201348,33.0666983694984,62.6644923880233
2024-07-05 10:22:25,20.6135212777516,67.2617616401348,67.2617616401348,33.0669366344739,62.6657133128958
2024-07-05 10:22:35,19.8093682357516,63.8738546351348,63.8738546351348,34.88,62.6661668304484
2024-07-05 10:22:45,19.1200941997516,63.2200480201348,63.2200480201348,33.067507383989,62.6686484835796
2024-07-05 10:22:50,19.5796102237516,62.9228631951348,62.9228631951348,33.0692411279427,62.6687749674093
2024-07-05 10:23:00,19.1200941997516,61.3180651401348,61.3180651401348,35.17,62.670723279658
2024-07-05 10:23:10,19.1200941997516,61.4369390701348,61.4369390701348,35.22,62.6727281499029
2024-07-05 10:23:15,18.6605781757516,60.5453845951348,60.5453845951348,35.35,62.672781154661
2024-07-05 10:23:25,18.0861831457516,60.8425694201348,60.8425694201348,33.0697180582732,62.6733701858914
2024-07-05 10:23:35,18.7754571817516,62.5662414051348,62.5662414051348,33.0710323130047,62.674746585612
2024-07-05 10:23:40,19.4647312177516,63.5172328451348,63.5172328451348,35.61,62.6747970008478
2024-07-05 10:23:50,19.2349732057516,62.8634262301348,62.8634262301348,35.71,62.6764816368563
2024-07-05 10:24:00,19.5796102237516,62.4473674751348,62.4473674751348,33.0718972515963,62.6791273855727
2024-07-05 10:24:05,22.9111013977516,63.1606110551348,63.1606110551348,35.84,62.6798569245134
2024-07-05 10:24:15,24.4045284757516,64.9437200051348,64.9437200051348,35.75,62.6802554077919
2024-07-05 10:24:25,25.8979555537516,66.4890810951348,66.4890810951348,35.9,62.6810414601043
2024-07-05 10:24:30,26.7021085957516,68.9259966601348,68.9259966601348,33.0731160686343,62.6812378437802
2024-07-05 10:24:40,25.0938025117516,68.3910639751348,68.3910639751348,36.09,62.6812819483501
2024-07-05 10:24:50,25.7830765477516,68.0344421851348,68.0344421851348,33.074107476067,62.6823973252194
2024-07-05 10:24:55,27.1616246197516,68.3910639751348,68.3910639751348,33.075092318501,62.6854972490686
2024-07-05 10:25:05,26.8169876017516,70.1741729251348,70.1741729251348,36.44,62.6871361942657
2024-07-05 10:25:15,26.2425925717516,70.1741729251348,70.1741729251348,33.0752094208481,62.6896403830208
2024-07-05 10:25:25,24.6342864877516,71.8978449101348,71.8978449101348,33.0771993140456,62.6912732269833
2024-07-05 10:25:30,22.9111013977516,71.2440382951348,71.2440382951348,33.0780502684834,62.6930826523539
2024-07-05 10:25:40,24.8640444997516,73.5620799301348,73.5620799301348,36.3,62.6933805425078
2024-07-05 10:25:50,25.3235605237516,73.6809538601348,73.6809538601348,36.11,62.6942741766675
2024-07-05 10:25:55,25.6681975417516,75.4046258451348,75.4046258451348,35.92,62.6952837477324
2024-07-05 10:26:05,25.2086815177516,75.5234997751348,75.5234997751348,33.0782311906685,62.6965256335396
2024-07-05 10:26:15,22.9111013977516,69.8769881001348,69.8769881001348,35.75,62.6996538708939
2024-07-05 10:26:20,24.1747704637516,68.9259966601348,68.9259966601348,33.0783051369857,62.7009863583684
2024-07-05 10:26:30,24.9789235057516,67.3806355701348,67.3806355701348,35.57,62.7078545813022
2024-07-05 10:26:35,25.8979555537516,67.6183834301348,67.6183834301348,33.0795036650266,62.7085183549792
2024-07-05 10:26:45,26.7021085957516,67.5589464651348,67.5589464651348,33.0799977885424,62.7118527497343
2024-07-05 10:26:55,25.2086815177516,68.5693748701348,68.5693748701348,33.0800447780319,62.7122255177331
2024-07-05 10:27:00,25.5533185357516,69.2826184501348,69.2826184501348,33.0810124674461,62.7150893407227
2024-07-05 10:27:10,24.7491654937516,70.5307947151348,70.5307947151348,35.09,62.7175629729653
2024-07-05 10:27:20,25.6681975417516,71.8384079451348,71.8384079451348,33.0810587474188,62.717777787655
2024-07-05 10:27:30,40.3727103097516,79.5057764301348,79.5057764301348,33.0811871992818,62.7191876146634
2024-07-05 10:28:10,34.2841229917516,76.2367433551348,76.2367433551348,34.86,62.7214570959601
2024-07-05 10:28:15,27.2765036257516,72.0761558051348,72.0761558051348,33.0825916553016,62.7224395960052
2024-07-05 10:28:25,27.6211406437516,72.2544667001348,72.2544667001348,34.57,62.7227475965795
2024-07-05 10:28:35,27.3913826317516,71.4817861551348,71.4817861551348,33.0831900320308,62.7292382655113
2024-07-05 10:28:40,25.6681975417516,68.2721900451348,68.2721900451348,34.86,62.7298099819201
2024-07-05 10:28:50,24.7491654937516,69.8769881001348,69.8769881001348,34.81,62.7300680932829
2024-07-05 10:29:00,21.0730373017516,65.0625939351348,65.0625939351348,33.0838476415467,62.7400753124739
2024-07-05 10:29:05,21.6474323317516,66.3107702001348,66.3107702001348,33.0839792831725,62.7404449887944
2024-07-05 10:29:15,22.6813433857516,66.9051398501348,66.9051398501348,33.084027513721,62.742455363085
2024-07-05 10:29:25,24.2896494697516,65.5380896551348,65.5380896551348,33.0841255465276,62.7431290409018
2024-07-05 10:29:30,24.1747704637516,64.8248460751348,64.8248460751348,33.0842864073138,62.7439231482353
2024-07-05 10:29:40,23.3706174217516,63.6955437401348,63.6955437401348,33.0849105574507,62.7441827705894
2024-07-05 10:29:50,23.2557384157516,63.7549807051348,63.7549807051348,33.0858197976466,62.7481727897099
2024-07-05 10:29:55,23.6003754337516,64.5276612501348,64.5276612501348,35.71,62.7485661952209
2024-07-05 10:30:05,26.5872295897516,67.0834507451348,67.0834507451348,35.87,62.7536354297256
2024-07-05 10:30:15,27.7360196497516,66.1918962701348,66.1918962701348,36.07,62.7542534934167
2024-07-05 10:30:20,29.5740837457516,67.3211986051348,67.3211986051348,33.0862433609053,62.754282055918
2024-07-05 10:30:30,29.5740837457516,68.5099379051348,68.5099379051348,36.58,62.7553422975232
2024-07-05 10:30:40,32.5609379017516,69.7581141701348,69.7581141701348,36.9,62.7557737864722
2024-07-05 10:30:45,32.2163008837516,68.3910639751348,68.3910639751348,37.05,62.7567598153572
2024-07-05 10:30:55,30.3782367877516,66.1918962701348,66.1918962701348,33.0874585484146,62.7571440692545
2024-07-05 10:31:05,28.5401726917516,64.8842830401348,64.8842830401348,37.39,62.7588714873504
2024-07-05 10:31:10,23.6003754337516,63.7549807051348,63.7549807051348,33.0881856560171,62.759186139389
2024-07-05 10:31:20,24.9789235057516,65.4192157251348,65.4192157251348,33.0897168869858,62.7593622107399
2024-07-05 10:31:30,24.7491654937516,66.1324593051348,66.1324593051348,33.089955049148,62.7597589184853
2024-07-05 10:31:35,24.9789235057516,67.2617616401348,67.2617616401348,38.08,62.7614823315204
2024-07-05 10:31:45,24.6342864877516,66.6673919901348,66.6673919901348,33.0904047033318,62.7617434741834
2024-07-05 10:31:55,24.8640444997516,64.3493503551348,64.3493503551348,38.12,62.7617553983264
2024-07-05 10:32:00,24.2896494697516,64.1116024951348,64.1116024951348,33.0910457085563,62.764974246532
2024-07-05 10:32:10,23.2557384157516,62.8039892651348,62.8039892651348,33.0924213733554,62.7756708635248
2024-07-05 10:32:15,21.4176743197516,62.6256783701348,62.6256783701348,33.0925052667748,62.7772758526683
2024-07-05 10:32:25,22.9111013977516,63.4577958801348,63.4577958801348,37.71,62.7794278375486
2024-07-05 10:32:35,22.7962223917516,62.6256783701348,62.6256783701348,37.49,62.7797294550347
2024-07-05 10:32:40,31.1823898297516,66.6673919901348,66.6673919901348,33.0937816027226,62.7802990853664
2024-07-05 10:32:55,33.7097279617516,68.1533161151348,68.1533161151348,33.0947013585508,62.7820440316911
2024-07-05 10:33:00,32.9055749197516,72.3733406301348,72.3733406301348,37.7,62.7845005083521
2024-07-05 10:33:10,29.2294467277516,73.6809538601348,73.6809538601348,33.0947733943998,62.7854462368026
2024-07-05 10:33:20,30.0335997697516,73.9781386851348,73.9781386851348,37.62,62.7865154674583
2024-07-05 10:33:25,30.4931157937516,70.4119207851348,70.4119207851348,37.17,62.7865362485758
2024-07-05 10:33:35,28.6550516977516,68.3316270101348,68.3316270101348,36.96,62.7896170738143
2024-07-05 10:33:45,24.7491654937516,63.7549807051348,63.7549807051348,36.58,62.7897379353654
2024-07-05 10:33:50,20.4986422717516,60.1887628051348,60.1887628051348,36.31,62.7899649206367
2024-07-05 10:34:00,20.4986422717516,61.2586281751348,61.2586281751348,36.09,62.7920934840239
2024-07-05 10:34:10,20.7284002837516,61.9718717551348,61.9718717551348,36.01,62.7926021413187
2024-07-05 10:34:15,20.8432792897516,62.8634262301348,62.8634262301348,33.0949308749314,62.7950164763261
2024-07-05 10:34:25,21.0730373017516,62.1501826501348,62.1501826501348,35.93,62.7956129088974
2024-07-05 10:34:35,22.2218273617516,64.2304764251348,64.2304764251348,36.1,62.7964410632859
2024-07-05 10:34:40,22.4515853737516,63.9332916001348,63.9332916001348,35.64,62.7973704482163
2024-07-05 10:34:50,22.4515853737516,62.6851153351348,62.6851153351348,35.45,62.7976452046509
2024-07-05 10:35:00,21.6474323317516,61.8529978251348,61.8529978251348,33.0950994064658,62.7998901787807
2024-07-05 10:35:10,20.9581582957516,59.6538301201348,59.6538301201348,33.0963648284157,62.8014887461819
2024-07-05 10:35:15,21.7623113377516,62.6851153351348,62.6851153351348,34.92,62.8019246578051
2024-07-05 10:35:25,21.6474323317516,62.8634262301348,62.8634262301348,34.87,62.8037791218706
2024-07-05 10:35:35,23.1408594097516,64.3493503551348,64.3493503551348,33.0968577769966,62.8056170417826
2024-07-05 10:35:40,24.5194074817516,65.7164005501348,65.7164005501348,34.66,62.8060704049145
2024-07-05 10:35:50,24.0598914577516,66.9051398501348,66.9051398501348,34.62,62.806417029842
2024-07-05 10:36:00,24.9789235057516,67.7372573601348,67.7372573601348,34.71,62.8079991054144
2024-07-05 10:36:05,22.1069483557516,64.7059721451348,64.7059721451348,33.0969143398555,62.8097938585906
2024-07-05 10:36:15,22.3367063677516,65.6569635851348,65.6569635851348,34.9,62.8100771034253
2024-07-05 10:36:25,22.6813433857516,67.4995095001348,67.4995095001348,33.0974309363357,62.8107750777356
2024-07-05 10:36:30,23.1408594097516,69.7581141701348,69.7581141701348,34.85,62.8115201048122
2024-07-05 10:36:40,23.1408594097516,69.3420554151348,69.3420554151348,34.92,62.8132869140202
2024-07-05 10:36:50,23.4854964277516,68.2127530801348,68.2127530801348,-17.11,62.8146911618764
2024-07-05 10:36:55,22.1069483557516,65.5975266201348,65.5975266201348,33.0977603347533,62.8157036536704
2024-07-05 10:37:05,22.7962223917516,66.6079550251348,66.6079550251348,33.098262365425,62.8171644086009
2024-07-05 10:37:15,22.7962223917516,66.0730223401348,66.0730223401348,34.49,62.8180431322843
2024-07-05 10:37:20,25.6681975417516,65.8352744801348,65.8352744801348,34.44,62.8193514069212
2024-07-05 10:37:30,28.5401726917516,67.4995095001348,67.4995095001348,33.098293721015,62.8208958532396
2024-07-05 10:37:40,33.3650909437516,68.5693748701348,68.5693748701348,34.6,62.8209705749901
2024-07-05 10:37:45,34.9733970277516,69.8769881001348,69.8769881001348,34.53,62.821205553472
2024-07-05 10:37:55,31.9865428717516,70.0552989951348,70.0552989951348,33.0983355820383,62.8212917959534
2024-07-05 10:38:05,28.6550516977516,67.2617616401348,67.2617616401348,34.63,62.8235127384088
2024-07-05 10:38:20,25.7830765477516,66.7268289551348,66.7268289551348,33.0985142987863,62.8259438625429
2024-07-05 10:38:30,24.7491654937516,64.8842830401348,64.8842830401348,33.0988296200823,62.8264741570162
2024-07-05 10:39:05,139.168655469752,125.093928585135,314.745119592117,33.0989591059698,62.8276896704787
2024-07-05 10:39:15,60.0170203357516,80.1595830451348,100.056734452505,33.1000311145394,62.8277429554805
2024-07-05 10:39:25,43.3595644657516,73.0865842101348,73.0865842101348,34.15,62.8281902029262
2024-07-05 10:39:30,25.5533185357516,64.5276612501348,64.5276612501348,34.16,62.8292830914577
2024-07-05 10:39:40,26.4723505837516,65.8947114451348,65.8947114451348,33.1003720280488,62.829343967092
2024-07-05 10:39:50,24.2896494697516,63.5172328451348,63.5172328451348,33.96,62.8299299726296
2024-07-05 10:39:55,24.4045284757516,65.1220309001348,65.1220309001348,33.1013028779423,62.8346597642611
2024-07-05 10:40:05,23.9450124517516,65.3597787601348,65.3597787601348,34.4,62.8351942364214
2024-07-05 10:40:15,25.4384395297516,64.8842830401348,64.8842830401348,33.1019867729632,62.8396808965691
2024-07-05 10:40:20,28.4252936857516,67.6183834301348,67.6183834301348,33.1028015310691,62.8405222500426
2024-07-05 10:40:30,27.3913826317516,66.4296441301348,66.4296441301348,33.1031795057408,62.8414644625008
2024-07-05 10:40:40,26.3574715777516,66.3107702001348,66.3107702001348,33.98,62.8416911146194
2024-07-05 10:40:50,24.7491654937516,65.8352744801348,65.8352744801348,33.75,62.8424509490409
2024-07-05 10:40:55,21.4176743197516,64.1116024951348,64.1116024951348,33.103301757644,62.8449760098164
2024-07-05 10:41:05,27.0467456137516,71.8384079451348,71.8384079451348,34.09,62.8477632847765
2024-07-05 10:41:15,27.0467456137516,72.9677102801348,72.9677102801348,34.18,62.8481011797301
2024-07-05 10:41:20,27.1616246197516,73.0865842101348,73.0865842101348,33.1041812764777,62.8482948536911
2024-07-05 10:41:30,25.2086815177516,70.2336098901348,70.2336098901348,34.3,62.8491128418703
2024-07-05 10:41:40,24.8640444997516,66.5485180601348,66.5485180601348,34.41,62.8526559067716
2024-07-05 10:41:45,27.6211406437516,67.2023246751348,67.2023246751348,33.1045209632877,62.8526598164394
2024-07-05 10:41:55,28.5401726917516,66.6673919901348,66.6673919901348,34.5,62.8527665554483
2024-07-05 10:42:05,29.2294467277516,67.2617616401348,67.2617616401348,34.36,62.8530949668272
2024-07-05 10:42:10,26.0128345597516,66.5485180601348,66.5485180601348,33.1056719725234,62.854076173868
2024-07-05 10:42:20,24.9789235057516,65.0031569701348,65.0031569701348,34.39,62.8558862686572
2024-07-05 10:42:30,25.3235605237516,65.9541484101348,65.9541484101348,33.105817419744,62.8571801587403
2024-07-05 10:42:40,26.4723505837516,67.9155682551348,67.9155682551348,34.36,62.8574611335832
2024-07-05 10:42:50,27.3913826317516,67.3211986051348,67.3211986051348,34.29,62.8589028723448
2024-07-05 10:43:00,25.7830765477516,67.9750052201348,67.9750052201348,33.1058261504645,62.8592978810243
2024-07-05 10:43:05,23.6003754337516,65.5380896551348,65.5380896551348,33.1063070591635,62.8605844656623
2024-07-05 10:43:15,21.9920693497516,65.5975266201348,65.5975266201348,33.84,62.8629749670223
2024-07-05 10:43:25,30.0335997697516,65.5975266201348,65.5975266201348,33.83,62.8633184083868
2024-07-05 10:43:30,30.9526318177516,65.7758375151348,65.7758375151348,33.106348355418,62.8657606700628
2024-07-05 10:43:40,31.2972688357516,65.7758375151348,65.7758375151348,33.73,62.8659952364506
2024-07-05 10:43:50,27.5062616377516,65.1220309001348,65.1220309001348,33.75,62.8678304963832
2024-07-05 10:44:00,24.5194074817516,66.1918962701348,66.1918962701348,34.39,62.8680056586615
2024-07-05 10:44:05,29.6889627517516,69.1043075551348,69.1043075551348,33.92,62.8681168276269
2024-07-05 10:44:15,31.6419058537516,69.7581141701348,69.7581141701348,33.1064876569885,62.8685414588504
2024-07-05 10:44:25,31.2972688357516,68.1533161151348,68.1533161151348,33.1068718011324,62.869496499182
2024-07-05 10:44:30,28.0806566677516,65.0031569701348,65.0031569701348,33.1069720692924,62.8704311318504
2024-07-05 10:44:40,23.4854964277516,62.9228631951348,62.9228631951348,33.1077723799699,62.871329024145
2024-07-05 10:44:50,21.8771903437516,61.8529978251348,61.8529978251348,34.16,62.8716122926413
2024-07-05 10:45:00,22.3367063677516,63.2200480201348,63.2200480201348,33.1077738350873,62.8783350390302
2024-07-05 10:45:05,21.7623113377516,62.7445523001348,62.7445523001348,34.27,62.8797583997566
2024-07-05 10:45:25,21.3027953137516,61.7935608601348,61.7935608601348,-60.25,62.8816338064696
2024-07-05 10:46:40,67.9436717497516,90.0855562001348,126.478905832505,33.108390416125,62.881834560796
2024-07-05 10:46:45,41.4066213637516,73.5026429651348,73.5026429651348,33.1085477922551,62.8829923699799
2024-07-05 10:46:55,33.8246069677516,67.2023246751348,67.2023246751348,33.1085527713812,62.8838777705984
2024-07-05 10:47:05,35.2031550397516,69.9958620301348,69.9958620301348,33.1087448850377,62.8849513526106
2024-07-05 10:47:10,34.3990019977516,69.2231814851348,69.2231814851348,33.1088395551926,62.886654133051
2024-07-05 10:47:20,34.1692439857516,68.3910639751348,68.3910639751348,33.1089149481894,62.8877095227045
2024-07-05 10:47:30,31.5270268477516,66.7862659201348,66.7862659201348,33.1100008659616,62.8880908963774
2024-07-05 10:47:40,27.9657776617516,63.8144176701348,63.8144176701348,33.1102684602741,62.8897603579947
2024-07-05 10:47:45,25.0938025117516,61.7935608601348,61.7935608601348,33.1105180028609,62.8904878949913
2024-07-05 10:47:55,24.1747704637516,61.7341238951348,61.7341238951348,33.1114321375788,62.8913958550492
2024-07-05 10:48:05,24.2896494697516,61.9124347901348,61.9124347901348,33.1114506550113,62.8915542354891
2024-07-05 10:48:10,27.0467456137516,64.1710394601348,64.1710394601348,33.1116054671532,62.8998971133688
2024-07-05 10:48:20,26.9318666077516,64.6465351801348,64.6465351801348,33.1121799386209,62.901179872585
2024-07-05 10:48:30,26.5872295897516,66.0730223401348,66.0730223401348,33.1123528065395,62.902944910536
2024-07-05 10:48:35,33.2502119377516,67.3211986051348,67.3211986051348,33.1128459105395,62.9068887666974
2024-07-05 10:48:45,36.3519450997516,67.9155682551348,67.9155682551348,33.1130283839348,62.9083501986476
2024-07-05 10:48:55,47.1505716637516,74.6913822651348,78.5842861062526,33.1133394604372,62.9086674758411
2024-07-05 10:49:00,44.2785965137516,72.7299624201348,73.7976608562526,33.114626830149,62.9106670424035
2024-07-05 10:49:10,47.8398456997516,75.2263149501348,79.7330761662526,33.1148185657696,62.9107025893664
2024-07-05 10:49:20,45.6571445857516,74.1564495801348,76.0952409762526,33.1151309710617,62.9125456451578
2024-07-05 10:49:30,41.6363793757516,71.3629122251348,71.3629122251348,33.1153991051635,62.9133850667721
2024-07-05 10:49:35,37.2709771477516,68.9259966601348,68.9259966601348,33.1155532255085,62.9146041669692
2024-07-05 10:49:45,37.7304931717516,69.6392402401348,69.6392402401348,33.1160466656586,62.9152944960693
2024-07-05 10:49:55,31.0675108237516,66.3107702001348,66.3107702001348,33.1171392036871,62.9154951534186
2024-07-05 10:50:05,32.2163008837516,66.8457028851348,66.8457028851348,33.1176761403341,62.9182126149196
2024-07-05 10:50:10,35.2031550397516,69.4609293451348,69.4609293451348,33.1177864598147,62.9195687220767
2024-07-05 10:50:20,50.4820628377516,80.8728266251348,84.1367713962526,33.1180027533038,62.9203632920799
2024-07-05 10:50:30,61.0509313897516,89.0156908301348,103.503104632505,33.1180248359263,62.9215060998717
2024-07-05 10:50:35,57.6045612097516,88.3618842151348,96.0076020162526,33.118275315052,62.9224804816655
2024-07-05 10:50:45,51.5159738917516,83.7852379101348,85.8599564862526,33.1183256560803,62.9264321227631
2024-07-05 10:50:50,27.2765036257516,68.9259966601348,68.9259966601348,33.118717748816,62.9279278805671
2024-07-05 10:51:00,24.4045284757516,65.0031569701348,65.0031569701348,33.1188206973834,62.9289868055808
2024-07-05 10:51:10,23.6003754337516,64.3493503551348,64.3493503551348,33.1190319232083,62.9327504213514
2024-07-05 10:51:15,26.0128345597516,66.6079550251348,66.6079550251348,33.1194786977868,62.9329521241792
2024-07-05 10:51:25,25.7830765477516,66.0135853751348,66.0135853751348,33.1206726034425,62.9355853862588
2024-07-05 10:51:35,25.6681975417516,65.1220309001348,65.1220309001348,33.1208462419176,62.9377942001399
2024-07-05 10:51:40,24.2896494697516,62.0313087201348,62.0313087201348,33.1208538578035,62.9386872356267
2024-07-05 10:51:50,19.8093682357516,58.5839647501348,58.5839647501348,33.1210013661938,62.9429287192113
2024-07-05 10:52:00,19.9242472417516,59.1783344001348,59.1783344001348,33.1212413369332,62.9445735179527
2024-07-05 10:52:05,22.7962223917516,64.5870982151348,64.5870982151348,33.1217606165173,62.9450180341552
2024-07-05 10:52:15,23.2557384157516,65.5380896551348,65.5380896551348,33.1218760842983,62.9451069459737
2024-07-05 10:52:20,24.2896494697516,65.8352744801348,65.8352744801348,33.1219166739936,62.9464458213974
2024-07-05 10:52:30,24.8640444997516,63.5766698101348,63.5766698101348,33.1220170474655,62.9520188285686
2024-07-05 10:52:40,22.7962223917516,62.5662414051348,62.5662414051348,33.1221806420921,62.9543088391761
2024-07-05 10:52:45,20.3837632657516,62.4473674751348,62.4473674751348,33.1222687084411,62.9557211635063
2024-07-05 10:52:55,17.8564251337516,60.7236954901348,60.7236954901348,33.1227440888383,62.9565442199684
2024-07-05 10:53:05,14.8695709777516,57.2169145551348,57.2169145551348,33.1227640106738,62.956579190183
2024-07-05 10:53:10,14.5249339597516,58.1679059951348,58.1679059951348,33.1232788097776,62.9580296532367
2024-07-05 10:53:40,15.3290870017516,59.9510149451348,59.9510149451348,33.1233933617142,62.9584768375699
2024-07-05 10:53:45,14.8695709777516,59.9510149451348,59.9510149451348,33.1242148253802,62.9591808848636
2024-07-05 10:53:55,14.8695709777516,60.3076367351348,60.3076367351348,33.1247934638733,62.9598302421617
2024-07-05 10:54:05,14.9844499837516,60.9614433501348,60.9614433501348,33.1257452300812,62.9613134423984
2024-07-05 10:54:10,14.8695709777516,59.8915779801348,59.8915779801348,33.1263637489389,62.961723647349
2024-07-05 10:54:20,15.0993289897516,60.6048215601348,60.6048215601348,33.1265063331925,62.96282181311
2024-07-05 10:54:30,15.3290870017516,61.1397542451348,61.1397542451348,33.127579151375,62.9656738299198
2024-07-05 10:54:35,15.7886030257516,61.3180651401348,61.3180651401348,33.1278318129781,62.9693656693883
2024-07-05 10:54:45,16.0183610377516,62.8634262301348,62.8634262301348,33.1278827800083,62.9712691892989
2024-07-05 10:54:55,15.9034820317516,63.9332916001348,63.9332916001348,33.1292265164123,62.9718245625056
2024-07-05 10:55:00,15.7886030257516,63.2794849851348,63.2794849851348,33.1308027760639,62.9726175745496
2024-07-05 10:55:10,15.7886030257516,62.8039892651348,62.8039892651348,33.1313402672728,62.9739184720978
2024-07-05 10:55:15,16.1332400437516,61.8529978251348,61.8529978251348,33.1321785711912,62.9812139058783
2024-07-05 10:55:25,16.3629980557516,60.7236954901348,60.7236954901348,33.132356427376,62.9824096473766
2024-07-05 10:55:35,16.2481190497516,60.4859476301348,60.4859476301348,33.1325988293787,62.9824924869016
2024-07-05 10:55:40,16.9373930857516,60.7236954901348,60.7236954901348,33.1330289516122,62.9827220190493
2024-07-05 10:55:50,17.2820301037516,60.0104519101348,60.0104519101348,33.1339889005682,62.9839035429275
2024-07-05 10:56:00,16.9373930857516,59.4160822601348,59.4160822601348,33.1347687070313,62.9851526990677
2024-07-05 10:56:05,17.5117881157516,59.7727040501348,59.7727040501348,33.1349008977507,62.98527603403
2024-07-05 10:56:15,15.6737240197516,59.1188974351348,59.1188974351348,33.1354880306199,62.9875730352824
2024-07-05 10:56:25,15.2142079957516,58.2273429601348,58.2273429601348,33.1355721329426,62.9879186250349
2024-07-05 10:56:30,15.5588450137516,59.6538301201348,59.6538301201348,33.1363662372716,62.9891800560758
2024-07-05 10:56:40,16.5927560677516,60.8425694201348,60.8425694201348,33.1375887392171,62.9905236671017
2024-07-05 10:56:50,17.8564251337516,62.1501826501348,62.1501826501348,33.1376234843703,62.9907101832418
2024-07-05 10:56:55,18.8903361877516,62.4473674751348,62.4473674751348,33.1376667083277,62.9952564454843
2024-07-05 10:57:05,18.0861831457516,62.8634262301348,62.8634262301348,33.1381835809068,62.998005515082
2024-07-05 10:57:15,19.4647312177516,62.5068044401348,62.5068044401348,33.1386575786506,62.999015370189
2024-07-05 10:57:20,20.0391262477516,64.1710394601348,64.1710394601348,33.1401394413764,63.0002095743774
2024-07-05 10:57:30,20.1540052537516,63.6955437401348,63.6955437401348,33.1404581105203,63.0003341608127
2024-07-05 10:57:40,21.1879163077516,63.3389219501348,63.3389219501348,33.1411961352939,63.0024776886153
2024-07-05 10:57:45,20.9581582957516,61.7935608601348,61.7935608601348,33.1417823946113,63.0051757489959
2024-07-05 10:57:55,22.1069483557516,60.6642585251348,60.6642585251348,33.1417928592453,63.0052846763826
2024-07-05 10:58:05,23.9450124517516,61.1397542451348,61.1397542451348,33.1419081543251,63.0060541729848
2024-07-05 10:58:10,26.8169876017516,65.0031569701348,65.0031569701348,33.1424453569791,63.0119924602665
2024-07-05 10:58:20,25.7830765477516,65.1814678651348,65.1814678651348,33.1426167997224,63.0135138657777
2024-07-05 10:58:25,25.4384395297516,65.8352744801348,65.8352744801348,33.1434585077637,63.0161918402093
2024-07-05 10:58:35,23.7152544397516,64.8842830401348,64.8842830401348,33.1440588291493,63.0166642315371
2024-07-05 10:58:45,22.7962223917516,62.1501826501348,62.1501826501348,33.1441850597317,63.020427790622
2024-07-05 10:58:50,26.8169876017516,63.5172328451348,63.5172328451348,33.1447403664132,63.0205667155134
2024-07-05 10:59:00,27.5062616377516,66.2513332351348,66.2513332351348,33.1450231480722,63.0215072828262
2024-07-05 10:59:10,28.1955356737516,66.7862659201348,66.7862659201348,33.1463070740061,63.0221111217642
2024-07-05 10:59:15,25.7830765477516,66.7862659201348,66.7862659201348,33.1464540583807,63.0228849684962
2024-07-05 10:59:25,30.9526318177516,70.6496686451348,70.6496686451348,33.1467648878291,63.0237999752609
2024-07-05 10:59:35,30.6079947997516,67.5589464651348,67.5589464651348,33.1468046802403,63.0239058817961
2024-07-05 10:59:40,29.4592047397516,67.7966943251348,67.7966943251348,33.1473138502307,63.0269020293441
2024-07-05 10:59:50,21.1879163077516,64.2899133901348,64.2899133901348,33.1478521743221,63.0314162498643
2024-07-05 11:00:00,21.6474323317516,64.2899133901348,64.2899133901348,33.1484274489074,63.0319220801506
2024-07-05 11:00:05,25.8979555537516,64.5276612501348,64.5276612501348,33.1501101829015,63.0331838468139
2024-07-05 11:00:15,25.2086815177516,63.3983589151348,63.3983589151348,33.1502276729272,63.0335451388877
2024-07-05 11:00:25,26.5872295897516,62.8634262301348,62.8634262301348,33.1502945374688,63.0351830359611
2024-07-05 11:00:30,24.1747704637516,63.4577958801348,63.4577958801348,33.1507864998583,63.0354261551437
2024-07-05 11:00:40,23.7152544397516,64.2899133901348,64.2899133901348,33.150987728106,63.0356369938916
2024-07-05 11:00:50,25.2086815177516,67.7372573601348,67.7372573601348,33.1511556793816,63.0360691068742
2024-07-05 11:00:55,22.9111013977516,66.4296441301348,66.4296441301348,33.1515756576429,63.0361215923886
2024-07-05 11:01:05,24.1747704637516,66.7862659201348,66.7862659201348,33.1519094232982,63.0387527957368
2024-07-05 11:01:15,29.3443257337516,69.1043075551348,69.1043075551348,33.1538731558425,63.039929133439
2024-07-05 11:01:25,33.0204539257516,69.2826184501348,69.2826184501348,33.1555251253568,63.0423673714139
2024-07-05 11:01:30,47.6100876877516,79.8029612551348,79.8029612551348,33.1558170284854,63.0434467703884
2024-07-05 11:01:40,50.9415788617516,83.6069270151348,84.9026314362526,33.1559096720478,63.0436299329666
2024-07-05 11:01:50,47.2654506697516,81.9426919951348,81.9426919951348,33.1559846648178,63.0465039185086
2024-07-05 11:02:00,44.3934755197516,79.0897176751348,79.0897176751348,33.1560045334141,63.0465718962388
2024-07-05 11:02:10,30.1484787757516,66.1324593051348,66.1324593051348,33.1566048198008,63.0488205885236
2024-07-05 11:02:20,25.5533185357516,63.4577958801348,63.4577958801348,33.1568729384707,63.0498642112444
2024-07-05 11:02:25,23.0259804037516,61.4963760351348,61.4963760351348,33.1570710519302,63.0531525099695
2024-07-05 11:02:35,21.4176743197516,61.0208803151348,61.0208803151348,33.1580338897354,63.0540240189044
2024-07-05 11:02:45,21.5325533257516,62.6256783701348,62.6256783701348,33.1580704190625,63.0541024443747
2024-07-05 11:02:55,19.0052151937516,61.2586281751348,61.2586281751348,33.1584408498996,63.0558673097387
2024-07-05 11:03:10,17.6266671217516,59.7727040501348,59.7727040501348,33.1590643561142,63.056140108112
2024-07-05 11:03:15,16.1332400437516,59.5349561901348,59.5349561901348,33.1591298341753,63.0582175813334
2024-07-05 11:03:25,15.3290870017516,58.5839647501348,58.5839647501348,33.1593171963341,63.0614229011002
2024-07-05 11:03:30,20.1540052537516,61.4963760351348,61.4963760351348,33.1594683658632,63.0614922338522
2024-07-05 11:03:40,31.7567848597516,66.9645768151348,66.9645768151348,33.1603775537487,63.0630887313225
2024-07-05 11:03:45,34.6287600097516,68.0344421851348,68.0344421851348,33.1612111205729,63.063126698227
2024-07-05 11:03:55,39.6834362737516,71.3034752601348,71.3034752601348,33.1613335798376,63.0643196409305
2024-07-05 11:04:05,37.3858561537516,70.1147359601348,70.1147359601348,33.1624415992003,63.0686087586403
2024-07-05 11:04:20,30.2633577817516,66.4296441301348,66.4296441301348,33.1627980593221,63.0711856742064
2024-07-05 11:04:30,38.3048882017516,70.1147359601348,70.1147359601348,33.1633044539566,63.0734867836119
2024-07-05 11:04:35,54.5028280477516,79.6246503601348,90.8380467462526,33.1655772990166,63.0745177190283
2024-07-05 11:04:45,56.9152871737516,81.9426919951348,94.8588119562526,33.1661911968101,63.0753904960593
2024-07-05 11:04:55,45.8869025977516,78.6736589201348,78.6736589201348,33.1671955686666,63.0756345554221
2024-07-05 11:05:05,36.0073080817516,75.7018106701348,75.7018106701348,33.1672348452108,63.0799825108332
2024-07-05 11:05:10,32.7906959137516,76.1178694251348,76.1178694251348,33.1675679909886,63.0829050762037
2024-07-05 11:05:20,36.3519450997516,75.1074410201348,75.1074410201348,33.1679088347442,63.0830556136795
2024-07-05 11:05:30,45.4273865737516,75.5234997751348,75.7123109562526,33.1679686069146,63.083716819372
2024-07-05 11:05:35,47.8398456997516,75.3451888801348,79.7330761662526,33.1681057200659,63.0845896543203
2024-07-05 11:05:45,39.4536782617516,71.3034752601348,71.3034752601348,33.1685611601672,63.0893798122076
2024-07-05 11:05:55,34.2841229917516,69.1637445201348,69.1637445201348,33.1686068616889,63.0902354585461
2024-07-05 11:06:00,31.5270268477516,67.1428877101348,67.1428877101348,33.1688752528811,63.0904310354259
2024-07-05 11:06:10,40.4875893157516,69.1637445201348,69.1637445201348,33.1696194902775,63.0910999569644
2024-07-05 11:06:20,45.0827495557516,73.0271472451348,75.1379159262526,33.1701303298967,63.0928715867605
2024-07-05 11:06:25,51.5159738917516,75.6423737051348,85.8599564862526,33.1709313436278,63.092970488336
2024-07-05 11:06:35,46.5761766337516,75.5234997751348,77.6269610562526,33.1723193470182,63.0945412679663
2024-07-05 11:06:45,51.6308528977516,77.9604153401348,86.0514214962526,33.1739469384771,63.0947126158408
2024-07-05 11:06:50,49.1035147657516,78.1387262351348,81.8391912762526,33.1755256359542,63.0949914915181
2024-07-05 11:07:00,51.9754899157516,78.6142219551348,86.6258165262526,33.1756524026165,63.0957292584327
2024-07-05 11:07:10,61.3955684077516,85.2117250701348,104.651894692505,33.1766890287112,63.0981255910324
2024-07-05 11:07:15,53.1242799757516,81.4077593101348,88.5404666262526,33.1785197446539,63.0983250774947
2024-07-05 11:07:25,97.3526972857516,101.556890445135,224.508990952505,33.1806028965755,63.0999266365156
2024-07-05 11:07:35,106.428138759752,106.906217295135,254.760462532505,33.180708454215,63.104898861318
2024-07-05 11:07:40,103.096647585752,105.004234415135,243.655491952505,33.1809435341907,63.1060665220547
2024-07-05 11:07:50,121.477288545752,115.346266325135,301.136375804424,33.1810045180576,63.107096116786
2024-07-05 11:08:00,75.0661701217516,90.9176737101348,150.220567072505,33.1812333573001,63.1074592352138
2024-07-05 11:08:05,53.1242799757516,77.7226674801348,88.5404666262526,33.1820604476647,63.1074672269318
2024-07-05 11:08:15,36.4668241057516,69.2231814851348,69.2231814851348,33.1848708041079,63.107549749255
2024-07-05 11:08:25,19.8093682357516,62.8634262301348,62.8634262301348,33.1849278987699,63.1087398586029
2024-07-05 11:08:30,18.6605781757516,61.2586281751348,61.2586281751348,33.1855191093048,63.1117625819421
2024-07-05 11:08:40,21.8771903437516,63.3983589151348,63.3983589151348,33.1868115305297,63.1120447990098
2024-07-05 11:08:50,22.6813433857516,62.9228631951348,62.9228631951348,33.1868154501705,63.1135548155246
2024-07-05 11:08:55,31.5270268477516,67.5589464651348,67.5589464651348,33.187715018629,63.1144324814057
2024-07-05 11:09:05,33.1353329317516,68.3316270101348,68.3316270101348,33.1878911602422,63.116781491529
2024-07-05 11:09:15,33.2502119377516,69.1043075551348,69.1043075551348,33.1882761423972,63.116853203983
2024-07-05 11:09:20,33.9394859737516,69.8769881001348,69.8769881001348,33.1888145378248,63.1186824143791
2024-07-05 11:09:30,28.1955356737516,66.8457028851348,66.8457028851348,33.1888828518976,63.1227126055189
2024-07-05 11:09:40,37.0412191357516,71.6006600851348,71.6006600851348,33.1889909989419,63.1232448285833
2024-07-05 11:09:45,51.2862158797516,80.6945157301348,85.4770264662526,33.189768873116,63.1234185083631
2024-07-05 11:09:55,51.6308528977516,81.8832550301348,86.0514214962526,33.189836275882,63.1237109548515
2024-07-05 11:10:05,53.6986750057516,82.7153725401348,89.4977916762526,33.1902030638172,63.1249285286108
2024-07-05 11:10:10,46.1166606097516,78.7925328501348,78.7925328501348,33.1920041190333,63.1277065146081
2024-07-05 11:10:20,38.0751301897516,73.5620799301348,73.5620799301348,33.1921969331626,63.1286782935258
2024-07-05 11:10:30,40.0280732917516,73.5026429651348,73.5026429651348,33.1922001934185,63.1295452903892
2024-07-05 11:10:35,37.8453721777516,73.9781386851348,73.9781386851348,33.1926250944643,63.1304560179786
2024-07-05 11:10:45,36.0073080817516,70.2336098901348,70.2336098901348,33.1934881030922,63.1306156351026
2024-07-05 11:10:55,45.6571445857516,73.1460211751348,76.0952409762526,33.1936349813583,63.1306373414721
2024-07-05 11:11:00,44.9678705497516,72.8488363501348,74.9464509162526,33.194006896261,63.1325711157216
2024-07-05 11:11:10,42.0958953997516,70.8279795401348,70.8279795401348,33.1941837615162,63.1358120849292
2024-07-05 11:11:20,37.0412191357516,71.1251643651348,71.1251643651348,33.1944528140951,63.1381017775439
2024-07-05 11:11:30,26.9318666077516,69.2231814851348,69.2231814851348,33.1951069987643,63.149302377314
2024-07-05 11:11:35,25.4384395297516,68.9854336251348,68.9854336251348,33.1951299565339,63.1493456505237
2024-07-05 11:11:45,30.6079947997516,72.5516515251348,72.5516515251348,33.1955284833227,63.1515531029015
2024-07-05 11:11:55,35.4329130517516,75.1074410201348,75.1074410201348,33.1957086790549,63.1533708651945
2024-07-05 11:12:00,38.7644042257516,75.2857519151348,75.2857519151348,33.1971163502998,63.1550302986645
2024-07-05 11:12:10,50.2523048257516,84.0229857701348,84.0229857701348,33.1973175305638,63.1558898837619
2024-07-05 11:12:20,95.9741492137516,106.727906400135,219.913830712505,33.1983903918922,63.1565667580992
2024-07-05 11:12:25,116.077975263752,115.346266325135,286.926584212505,33.1987643688385,63.1576775655884
2024-07-05 11:12:35,120.213619479752,116.772753485135,300.164322676732,33.1988423596295,63.1581216436239
2024-07-05 11:12:45,96.4336652377516,101.140831690135,221.445550792505,33.1989853325028,63.1599531377077
2024-07-05 11:12:50,50.8266998557516,77.4254826551348,84.7111664262526,33.1990333469144,63.1599856934602
2024-07-05 11:13:00,33.8246069677516,72.1355927701348,72.1355927701348,33.1997097196885,63.1607660499908
2024-07-05 11:13:10,34.3990019977516,71.3629122251348,71.3629122251348,33.1998515107521,63.1616557777547
2024-07-05 11:13:20,30.1484787757516,70.2930468551348,70.2930468551348,33.2001672763199,63.1648485496845
2024-07-05 11:13:30,23.8301334457516,67.2023246751348,67.2023246751348,33.2001836561275,63.1659805646099
2024-07-05 11:13:40,19.4647312177516,65.8352744801348,65.8352744801348,33.20088419696,63.1686101822753
2024-07-05 11:13:45,20.0391262477516,64.5276612501348,64.5276612501348,33.2010656579668,63.169305368561
2024-07-05 11:13:55,21.1879163077516,65.0625939351348,65.0625939351348,33.2013875910786,63.1699078474151
2024-07-05 11:14:05,25.3235605237516,65.4192157251348,65.4192157251348,33.2029739330754,63.1718891652685
2024-07-05 11:14:15,25.2086815177516,64.4087873201348,64.4087873201348,33.2032057035265,63.172043059931
2024-07-05 11:14:35,21.3027953137516,62.0313087201348,62.0313087201348,33.2038478908303,63.1730272310306
2024-07-05 11:14:45,18.7754571817516,59.3566452951348,59.3566452951348,33.204429184195,63.1753577877388
2024-07-05 11:14:55,17.7415461277516,59.9510149451348,59.9510149451348,33.2056575308174,63.1758253947188
2024-07-05 11:15:00,20.4986422717516,63.2200480201348,63.2200480201348,33.2057267471493,63.1808498163621
2024-07-05 11:15:10,22.5664643797516,64.7059721451348,64.7059721451348,33.2074638992058,63.1818725580016
2024-07-05 11:15:20,25.6681975417516,69.8769881001348,69.8769881001348,33.2079952592977,63.1820958819775
2024-07-05 11:15:25,33.2502119377516,71.9572818751348,71.9572818751348,33.2083938106201,63.1841549251678
2024-07-05 11:15:35,35.0882760337516,75.5829367401348,75.5829367401348,33.209336268455,63.1845113266028
2024-07-05 11:16:05,34.0543649797516,77.7821044451348,77.7821044451348,33.2107678251202,63.185060913332
2024-07-05 11:16:10,26.3574715777516,72.4922145601348,72.4922145601348,33.2108326710843,63.1859710817893
2024-07-05 11:16:20,21.0730373017516,68.2127530801348,68.2127530801348,33.2109873640646,63.1900415699656
2024-07-05 11:16:30,18.4308201637516,65.8947114451348,65.8947114451348,33.2112080061122,63.1911763137781
2024-07-05 11:16:35,17.9713041397516,64.5870982151348,64.5870982151348,33.2121339897293,63.194705742657
2024-07-05 11:16:45,17.6266671217516,65.0031569701348,65.0031569701348,33.2133174777123,63.1975229557967
2024-07-05 11:16:55,17.0522720917516,62.5662414051348,62.5662414051348,33.2134297777205,63.1992073648093
2024-07-05 11:17:05,16.5927560677516,61.0208803151348,61.0208803151348,33.2140953629417,63.2006974464312
2024-07-05 11:17:15,17.6266671217516,61.7341238951348,61.7341238951348,33.2142581237344,63.2014351264978
2024-07-05 11:17:25,18.3159411577516,61.7935608601348,61.7935608601348,33.2152268365999,63.2022487835223
2024-07-05 11:17:30,20.1540052537516,64.2304764251348,64.2304764251348,33.217558882818,63.2024783951134
2024-07-05 11:17:40,20.8432792897516,63.8144176701348,63.8144176701348,33.2179059960079,63.2035794968806
2024-07-05 11:17:50,22.5664643797516,64.5870982151348,64.5870982151348,33.2182377164932,63.203856096157
2024-07-05 11:17:55,22.1069483557516,63.8738546351348,63.8738546351348,33.2184555688578,63.2045074002518
2024-07-05 11:18:10,19.8093682357516,63.6361067751348,63.6361067751348,33.218745798929,63.2054252598745
2024-07-05 11:18:15,19.0052151937516,62.2690565801348,62.2690565801348,33.2193441903201,63.207577465918
2024-07-05 11:18:25,17.3969091097516,60.6048215601348,60.6048215601348,33.2196556649956,63.2093574264316
2024-07-05 11:18:35,18.7754571817516,60.9020063851348,60.9020063851348,33.2204640936386,63.2145452524173
2024-07-05 11:19:10,21.0730373017516,63.5172328451348,63.5172328451348,33.2204662027493,63.215977180384
2024-07-05 11:19:20,18.3159411577516,61.3775021051348,61.3775021051348,33.2205660216874,63.2177169642986
2024-07-05 11:19:25,17.3969091097516,61.0803172801348,61.0803172801348,33.2206322109009,63.2193999827598
2024-07-05 11:19:35,16.2481190497516,60.0698888751348,60.0698888751348,33.2210338265971,63.221423133747
2024-07-05 11:19:45,16.3629980557516,60.7236954901348,60.7236954901348,33.2218461058312,63.2222395096352
2024-07-05 11:19:50,16.4778770617516,60.6048215601348,60.6048215601348,33.2222531055645,63.2223276665774
2024-07-05 11:20:00,18.4308201637516,61.1991912101348,61.1991912101348,33.2225139859456,63.2237216123661
2024-07-05 11:20:05,19.2349732057516,62.4473674751348,62.4473674751348,33.2228868269541,63.2252184691801
2024-07-05 11:20:35,19.9242472417516,66.7862659201348,66.7862659201348,33.2233582657708,63.2284505922441
2024-07-05 11:20:40,21.7623113377516,67.6778203951348,67.6778203951348,33.2242231175987,63.2302435720203
2024-07-05 11:20:50,25.0938025117516,68.9259966601348,68.9259966601348,33.2253824738767,63.2304130820631
2024-07-05 11:21:00,29.2294467277516,69.9364250651348,69.9364250651348,33.2254508961988,63.2304875702802
2024-07-05 11:21:05,29.9187207637516,70.6496686451348,70.6496686451348,33.2256932758654,63.2330179386203
2024-07-05 11:21:15,32.2163008837516,70.1147359601348,70.1147359601348,33.2257495361228,63.2342970322104
2024-07-05 11:21:25,41.0619843457516,73.2648951051348,73.2648951051348,33.2258253835562,63.234732871408
2024-07-05 11:21:30,39.9131942857516,73.3243320701348,73.3243320701348,33.2263986268628,63.2350014971584
2024-07-05 11:22:10,22.4515853737516,68.0344421851348,68.0344421851348,1.61,63.2361961834484
2024-07-05 11:22:30,25.2086815177516,69.9364250651348,69.9364250651348,1.61,63.2381643713615
2024-07-05 11:22:45,21.6474323317516,66.8457028851348,66.8457028851348,1.61,63.2386573776997
2024-07-05 11:23:30,22.3367063677516,64.1116024951348,64.1116024951348,33.2271937623595,63.2415627117462
2024-07-05 11:23:55,21.6474323317516,65.3597787601348,65.3597787601348,33.2277783594609,63.243650032879
2024-07-05 11:24:05,19.5796102237516,66.1324593051348,66.1324593051348,33.228093043134,63.2449943274877
2024-07-05 11:24:30,20.3837632657516,67.3806355701348,67.3806355701348,33.2299091662343,63.2509398424734
2024-07-05 11:24:45,19.8093682357516,65.8352744801348,65.8352744801348,33.2301745546664,63.2515676877218
2024-07-05 11:25:20,21.8771903437516,73.3243320701348,73.3243320701348,-13.61,63.2521773657036
2024-07-05 11:25:25,22.9111013977516,74.3347604751348,74.3347604751348,-13.5,63.2523699575189
2024-07-05 11:25:50,24.5194074817516,68.6288118351348,68.6288118351348,33.2322745444219,63.2538970245686
2024-07-05 11:25:55,22.9111013977516,65.7758375151348,65.7758375151348,33.2334229434471,63.254616820911
2024-07-05 11:26:05,23.0259804037516,65.1814678651348,65.1814678651348,33.2335882486258,63.2554275859965
2024-07-05 11:26:15,19.8093682357516,63.1011740901348,63.1011740901348,33.2337606460557,63.2559892362257
2024-07-05 11:26:40,20.0391262477516,64.1116024951348,64.1116024951348,1.61,63.2582104374041
2024-07-05 11:26:50,24.9789235057516,70.4713577501348,70.4713577501348,1.61,63.2602135939367
2024-07-05 11:26:55,29.5740837457516,77.6632305151348,77.6632305151348,1.61,63.2631577615148
2024-07-05 11:27:05,29.6889627517516,77.7821044451348,77.7821044451348,1.42,63.2633362162099
2024-07-05 11:27:15,27.8508986557516,76.2961803201348,76.2961803201348,1.41,63.2639435684729
2024-07-05 11:27:20,26.4723505837516,75.2857519151348,75.2857519151348,1.61,63.2648728039604
2024-07-05 11:27:30,22.6813433857516,71.5412231201348,71.5412231201348,1.61,63.2666287213444
2024-07-05 11:27:40,20.9581582957516,70.4119207851348,70.4119207851348,0.58,63.2668686955405
2024-07-05 11:27:45,19.5796102237516,68.8665596951348,68.8665596951348,1.41,63.2680204975894
2024-07-05 11:27:55,18.4308201637516,65.5380896551348,65.5380896551348,1.4,63.2682149752789
2024-07-05 11:28:05,18.2010621517516,64.9437200051348,64.9437200051348,1.61,63.2706901016799
2024-07-05 11:28:10,19.6944892297516,67.9750052201348,67.9750052201348,1.61,63.2717383357553
2024-07-05 11:28:20,21.0730373017516,71.7789709801348,71.7789709801348,1.41,63.2743274443062
2024-07-05 11:28:30,22.4515853737516,73.3837690351348,73.3837690351348,1.61,63.2753580726863
2024-07-05 11:28:35,24.0598914577516,76.8905499701348,76.8905499701348,1.41,63.2756650955343
2024-07-05 11:28:45,24.8640444997516,77.6632305151348,77.6632305151348,1.61,63.2776886756698
2024-07-05 11:28:55,25.7830765477516,77.5443565851348,77.5443565851348,1.61,63.2788605426576
2024-07-05 11:29:00,24.7491654937516,75.4046258451348,75.4046258451348,1.61,63.2796000021248
2024-07-05 11:29:10,23.6003754337516,72.5516515251348,72.5516515251348,1.42,63.2800964622932
2024-07-05 11:29:20,21.1879163077516,67.2023246751348,67.2023246751348,1.61,63.2802676689619
2024-07-05 11:29:25,20.7284002837516,68.6882488001348,68.6882488001348,1.61,63.2849889514947
2024-07-05 11:29:35,20.7284002837516,66.9051398501348,66.9051398501348,1.61,63.2850616516103
2024-07-05 11:29:45,21.8771903437516,70.0552989951348,70.0552989951348,1.42,63.2855878854509
2024-07-05 11:29:50,22.3367063677516,70.5902316801348,70.5902316801348,1.42,63.2858016430531
2024-07-05 11:30:00,21.7623113377516,68.6288118351348,68.6288118351348,1.42,63.2865090978514
2024-07-05 11:30:10,20.4986422717516,68.4505009401348,68.4505009401348,1.42,63.2877685690005
2024-07-05 11:30:15,18.5456991697516,66.6079550251348,66.6079550251348,1.42,63.2895163108765
2024-07-05 11:30:25,18.8903361877516,64.9437200051348,64.9437200051348,1.42,63.291699449835
2024-07-05 11:30:35,18.6605781757516,64.2899133901348,64.2899133901348,1.61,63.2924348414876
2024-07-05 11:30:45,19.3498522117516,63.1011740901348,63.1011740901348,1.42,63.2943052202137
2024-07-05 11:30:50,19.5796102237516,64.2304764251348,64.2304764251348,1.43,63.3002500043343
2024-07-05 11:31:00,20.2688842597516,64.8842830401348,64.8842830401348,1.61,63.3019113037377
2024-07-05 11:31:10,20.2688842597516,67.4400725351348,67.4400725351348,1.61,63.3045693384093
2024-07-05 11:31:20,22.9111013977516,73.1460211751348,73.1460211751348,1.43,63.3068464513795
2024-07-05 11:31:30,25.0938025117516,76.4744912151348,76.4744912151348,1.61,63.3115215459443
2024-07-05 11:31:40,24.5194074817516,74.8102561951348,74.8102561951348,1.43,63.3118038796099
2024-07-05 11:31:50,22.3367063677516,70.4713577501348,70.4713577501348,1.61,63.3123545639502
2024-07-05 11:31:55,20.1540052537516,67.3211986051348,67.3211986051348,0.91,63.3126039508373
2024-07-05 11:32:05,21.0730373017516,68.5693748701348,68.5693748701348,1.61,63.3134478945423
2024-07-05 11:32:15,21.6474323317516,68.5099379051348,68.5099379051348,1.43,63.3148508466796
2024-07-05 11:32:20,22.7962223917516,69.6986772051348,69.6986772051348,1.61,63.315728816929
2024-07-05 11:32:30,22.1069483557516,67.5589464651348,67.5589464651348,1.43,63.3217862619101
2024-07-05 11:32:40,24.8640444997516,68.3910639751348,68.3910639751348,1.61,63.3218977070392
2024-07-05 11:32:45,25.0938025117516,68.5693748701348,68.5693748701348,1.43,63.3229287672824
2024-07-05 11:32:55,25.3235605237516,67.0834507451348,67.0834507451348,1.61,63.3229602581363
2024-07-05 11:33:05,24.1747704637516,68.0938791501348,68.0938791501348,1.43,63.3231253391417
2024-07-05 11:33:10,23.0259804037516,67.3806355701348,67.3806355701348,1.43,63.3273389412113
2024-07-05 11:33:20,23.9450124517516,66.9645768151348,66.9645768151348,1.61,63.3281481349385
2024-07-05 11:33:30,25.6681975417516,67.7966943251348,67.7966943251348,1.61,63.3282111788451
2024-07-05 11:33:35,28.3104146797516,73.0865842101348,73.0865842101348,0.59,63.3283858152922
2024-07-05 11:33:45,29.1145677217516,72.2544667001348,72.2544667001348,1.43,63.3303462630686
2024-07-05 11:33:55,28.8848097097516,73.3243320701348,73.3243320701348,1.61,63.3360992361276
2024-07-05 11:34:00,27.0467456137516,71.7195340151348,71.7195340151348,1.61,63.3363733772585
2024-07-05 11:34:10,26.5872295897516,73.5026429651348,73.5026429651348,1.43,63.3367771656805
2024-07-05 11:34:20,25.5533185357516,76.1178694251348,76.1178694251348,1.61,63.3393901228342
2024-07-05 11:34:25,24.9789235057516,78.0792892701348,78.0792892701348,1.61,63.3400995672126
2024-07-05 11:34:35,27.5062616377516,83.9635488051348,83.9635488051348,1.43,63.3437321839497
2024-07-05 11:34:40,28.8848097097516,85.6872207901348,85.6872207901348,1.61,63.344724592047
2024-07-05 11:34:50,27.9657776617516,83.3691791551348,83.3691791551348,1.44,63.3447530323417
2024-07-05 11:35:00,36.3519450997516,86.4599013351348,86.4599013351348,1.44,63.3452665005072
2024-07-05 11:35:05,35.7775500697516,82.7748095051348,82.7748095051348,1.61,63.3465388493161
2024-07-05 11:35:15,33.5948489557516,80.4567678701348,80.4567678701348,1.45,63.3466717897771
2024-07-05 11:35:25,30.9526318177516,80.5756418001348,80.5756418001348,1.61,63.3486080444321
2024-07-05 11:35:35,23.9450124517516,78.4359110601348,78.4359110601348,1.46,63.352624071804
2024-07-05 11:35:40,24.6342864877516,79.7435242901348,79.7435242901348,1.46,63.3540367372384
2024-07-05 11:35:50,24.2896494697516,76.6528021101348,76.6528021101348,1.47,63.3588551998669
2024-07-05 11:35:55,23.8301334457516,75.4046258451348,75.4046258451348,1.46,63.359416848201
2024-07-05 11:36:05,24.8640444997516,75.2857519151348,75.2857519151348,1.61,63.3605234918228
2024-07-05 11:36:15,24.2896494697516,74.0970126151348,74.0970126151348,1.46,63.3618325693416
2024-07-05 11:36:20,24.1747704637516,73.5620799301348,73.5620799301348,1.61,63.3621335624871
2024-07-05 11:36:30,26.8169876017516,71.4223491901348,71.4223491901348,1.45,63.36334624105
2024-07-05 11:36:40,25.8979555537516,66.0135853751348,66.0135853751348,1.45,63.3660540167145
2024-07-05 11:36:45,25.2086815177516,65.8947114451348,65.8947114451348,1.71,63.3709157170706
2024-07-05 11:36:55,23.1408594097516,63.3983589151348,63.3983589151348,1.45,63.3721722337594
2024-07-05 11:37:05,19.2349732057516,62.2690565801348,62.2690565801348,1.61,63.3767601283174
2024-07-05 11:37:10,18.3159411577516,63.7549807051348,63.7549807051348,1.45,63.3774487164233
2024-07-05 11:37:20,17.9713041397516,62.0313087201348,62.0313087201348,1.61,63.3784260867156
2024-07-05 11:37:35,17.0522720917516,62.9228631951348,62.9228631951348,1.45,63.378885303244
2024-07-05 11:37:45,16.7076350737516,62.0907456851348,62.0907456851348,1.45,63.3811994873752
2024-07-05 11:37:50,16.0183610377516,61.9718717551348,61.9718717551348,1.45,63.3812244195059
2024-07-05 11:38:00,14.8695709777516,59.6538301201348,59.6538301201348,1.45,63.3830689250622
2024-07-05 11:38:10,14.8695709777516,59.8321410151348,59.8321410151348,1.61,63.3839155104713
2024-07-05 11:38:15,14.7546919717516,59.2972083301348,59.2972083301348,1.44,63.3865894287029
2024-07-05 11:38:25,14.6398129657516,59.7727040501348,59.7727040501348,1.61,63.3866576196923
2024-07-05 11:38:35,18.8903361877516,61.7341238951348,61.7341238951348,1.44,63.3875678742459
2024-07-05 11:38:40,21.4176743197516,62.0907456851348,62.0907456851348,1.61,63.3878771357718
2024-07-05 11:38:50,24.9789235057516,65.4192157251348,65.4192157251348,1.61,63.3904522673802
2024-07-05 11:39:00,26.9318666077516,67.8561312901348,67.8561312901348,1.46,63.3904965493606
2024-07-05 11:39:10,25.3235605237516,69.9364250651348,69.9364250651348,1.46,63.3939214054329
2024-07-05 11:39:20,25.7830765477516,71.4817861551348,71.4817861551348,1.61,63.3961127681438
2024-07-05 11:39:25,24.7491654937516,72.6705254551348,72.6705254551348,1.61,63.397304778034
2024-07-05 11:39:35,25.8979555537516,75.2857519151348,75.2857519151348,1.47,63.4001314814436
2024-07-05 11:39:45,28.1955356737516,78.1387262351348,78.1387262351348,1.47,63.4006070926808
2024-07-05 11:39:55,28.6550516977516,79.2680285701348,79.2680285701348,1.48,63.4062917795358
2024-07-05 11:40:00,28.5401726917516,75.4046258451348,75.4046258451348,1.48,63.4103604631645
2024-07-05 11:40:10,27.7360196497516,75.9395585301348,75.9395585301348,1.48,63.4121728482013
2024-07-05 11:40:20,27.0467456137516,79.2085916051348,79.2085916051348,1.61,63.4128359151458
2024-07-05 11:40:25,24.9789235057516,81.6455071701348,81.6455071701348,1.49,63.4129066558762
2024-07-05 11:40:35,23.9450124517516,81.1700114501348,81.1700114501348,1.49,63.4133780636819
2024-07-05 11:40:45,22.3367063677516,76.1178694251348,76.1178694251348,1.5,63.4134530250783
2024-07-05 11:40:50,21.7623113377516,73.6809538601348,73.6809538601348,1.5,63.4137897870801
2024-07-05 11:41:00,21.7623113377516,70.6496686451348,70.6496686451348,1.61,63.4151263483612
2024-07-05 11:41:10,22.1069483557516,70.5902316801348,70.5902316801348,1.5,63.4154415670554
2024-07-05 11:41:15,21.8771903437516,70.0552989951348,70.0552989951348,1.61,63.4159162665693
2024-07-05 11:41:25,23.3706174217516,72.7893993851348,72.7893993851348,1.51,63.4179137207748
2024-07-05 11:41:35,22.9111013977516,72.4922145601348,72.4922145601348,1.51,63.4192264949917
2024-07-05 11:41:40,21.5325533257516,71.5412231201348,71.5412231201348,1.51,63.4213376505301
2024-07-05 11:41:50,20.2688842597516,69.1043075551348,69.1043075551348,1.51,63.4220225024385
2024-07-05 11:42:00,20.4986422717516,69.5203663101348,69.5203663101348,1.61,63.4224423293764
2024-07-05 11:42:05,21.1879163077516,71.6006600851348,71.6006600851348,1.51,63.4231439898091
2024-07-05 11:42:15,24.7491654937516,75.4640628101348,75.4640628101348,1.5,63.4316144637187
2024-07-05 11:42:25,27.3913826317516,80.4567678701348,80.4567678701348,1.61,63.4338327892218
2024-07-05 11:42:30,27.6211406437516,81.1700114501348,81.1700114501348,1.61,63.4341685581996
2024-07-05 11:42:40,25.3235605237516,74.1564495801348,74.1564495801348,1.49,63.4376245402714
2024-07-05 11:42:50,24.0598914577516,72.3733406301348,72.3733406301348,1.49,63.4382249873104
2024-07-05 11:42:55,22.4515853737516,72.5516515251348,72.5516515251348,1.61,63.440643076631
2024-07-05 11:43:05,27.1616246197516,73.9187017201348,73.9187017201348,1.48,63.440729026621
2024-07-05 11:43:15,31.1823898297516,76.5339281801348,76.5339281801348,0.93,63.4416915853173
2024-07-05 11:43:20,28.7699307037516,73.9187017201348,73.9187017201348,1.61,63.442056903637
2024-07-05 11:43:30,27.9657776617516,70.9468534701348,70.9468534701348,1.61,63.4421854665201
2024-07-05 11:43:40,20.9581582957516,70.5307947151348,70.5307947151348,0.93,63.4443964483269
2024-07-05 11:43:45,18.6605781757516,68.2721900451348,68.2721900451348,1.48,63.4452980466355
2024-07-05 11:43:55,24.1747704637516,69.2826184501348,69.2826184501348,1.48,63.4463866303766
2024-07-05 11:44:05,33.3650909437516,74.0970126151348,74.0970126151348,1.61,63.4479509671664
2024-07-05 11:44:10,41.4066213637516,79.7435242901348,79.7435242901348,0.75,63.4497645784923
2024-07-05 11:44:20,42.7851694357516,83.7258009451348,83.7258009451348,1.61,63.4532406665387
2024-07-05 11:44:25,36.3519450997516,82.8342464701348,82.8342464701348,1.61,63.4585008486709
2024-07-05 11:44:35,30.2633577817516,80.3973309051348,80.3973309051348,0.64,63.4589308401188
2024-07-05 11:44:45,30.7228738057516,77.6037935501348,77.6037935501348,1.61,63.461870020639
2024-07-05 11:44:50,31.2972688357516,75.6423737051348,75.6423737051348,1.46,63.4626166496243
2024-07-05 11:45:00,36.0073080817516,82.1804398551348,82.1804398551348,1.46,63.4647260861029
2024-07-05 11:45:10,37.5007351597516,93.4734632051348,93.4734632051348,1.61,63.4661002643609
2024-07-05 11:45:15,33.5948489557516,94.7216394701348,94.7216394701348,1.61,63.4669718432213
2024-07-05 11:45:25,29.1145677217516,91.6309172901348,91.6309172901348,1.45,63.4671300950748
2024-07-05 11:45:35,29.6889627517516,85.9249686501348,85.9249686501348,1.61,63.46799167514
2024-07-05 11:45:40,27.6211406437516,77.2471717601348,77.2471717601348,1.61,63.4713074831968
2024-07-05 11:45:50,27.6211406437516,74.6319453001348,74.6319453001348,1.61,63.4727839712624
2024-07-05 11:46:00,27.7360196497516,74.2158865451348,74.2158865451348,1.61,63.4742602866224
2024-07-05 11:46:05,24.9789235057516,73.6809538601348,73.6809538601348,1.61,63.4746751253246
2024-07-05 11:46:15,23.2557384157516,72.6705254551348,72.6705254551348,1.44,63.4773698997878
2024-07-05 11:46:25,23.0259804037516,71.8978449101348,71.8978449101348,1.44,63.4805297191942
2024-07-05 11:46:30,21.9920693497516,72.0167188401348,72.0167188401348,1.61,63.481257398791
2024-07-05 11:46:40,20.2688842597516,71.3034752601348,71.3034752601348,1.44,63.4829423426751
2024-07-05 11:46:50,20.8432792897516,71.0657274001348,71.0657274001348,1.44,63.4831366371044
2024-07-05 11:46:55,23.6003754337516,73.0865842101348,73.0865842101348,1.44,63.4884871921096
2024-07-05 11:47:05,22.6813433857516,71.3629122251348,71.3629122251348,1.44,63.4911144706124
2024-07-05 11:47:15,24.9789235057516,74.5130713701348,74.5130713701348,1.44,63.4953328470649
2024-07-05 11:47:20,24.8640444997516,75.5829367401348,75.5829367401348,1.61,63.4965306662274
2024-07-05 11:47:30,24.0598914577516,78.6736589201348,78.6736589201348,1.44,63.500450560626
2024-07-05 11:47:40,26.5872295897516,82.5964986101348,82.5964986101348,1.61,63.500884932291
2024-07-05 11:47:45,25.4384395297516,78.1981632001348,78.1981632001348,1.61,63.5040088864994
2024-07-05 11:47:55,29.6889627517516,77.8415414101348,77.8415414101348,1.44,63.5040770701353
2024-07-05 11:48:00,27.5062616377516,71.8978449101348,71.8978449101348,1.61,63.5042904980088
2024-07-05 11:48:10,26.7021085957516,70.6496686451348,70.6496686451348,1.44,63.5058244724436
2024-07-05 11:48:20,26.9318666077516,75.7612476351348,75.7612476351348,1.44,63.5059859304535
2024-07-05 11:48:25,23.9450124517516,76.1178694251348,76.1178694251348,1.61,63.5068281728739
2024-07-05 11:48:35,26.4723505837516,81.2888853801348,81.2888853801348,1.61,63.507214335345
2024-07-05 11:48:45,26.9318666077516,80.9917005551348,80.9917005551348,1.61,63.5133756764935
2024-07-05 11:48:50,26.1277135657516,75.4046258451348,75.4046258451348,1.61,63.5162305394455
2024-07-05 11:49:00,23.6003754337516,70.1147359601348,70.1147359601348,1.43,63.5175581564651
2024-07-05 11:49:10,20.1540052537516,66.0730223401348,66.0730223401348,1.61,63.5185069662013
2024-07-05 11:49:15,18.6605781757516,64.0521655301348,64.0521655301348,1.43,63.519949690166
2024-07-05 11:49:25,18.0861831457516,63.9332916001348,63.9332916001348,1.61,63.5213482614216
2024-07-05 11:49:35,18.5456991697516,64.8842830401348,64.8842830401348,1.61,63.5246896256684
2024-07-05 11:49:40,17.9713041397516,65.0031569701348,65.0031569701348,1.43,63.5260241667551
2024-07-05 11:49:50,18.6605781757516,64.7059721451348,64.7059721451348,1.61,63.5267870588761
2024-07-05 11:50:00,19.0052151937516,63.5766698101348,63.5766698101348,1.44,63.5283799368523
2024-07-05 11:50:05,19.1200941997516,63.4577958801348,63.4577958801348,1.61,63.5286182226102
2024-07-05 11:50:15,19.3498522117516,63.3389219501348,63.3389219501348,1.44,63.5287046910799
2024-07-05 11:50:25,18.7754571817516,63.3983589151348,63.3983589151348,1.44,63.5295838851006
2024-07-05 11:50:30,26.4723505837516,66.2513332351348,66.2513332351348,1.44,63.5324440897577
2024-07-05 11:50:40,28.8848097097516,67.9155682551348,67.9155682551348,1.61,63.5353331209708
2024-07-05 11:50:50,28.1955356737516,68.3316270101348,68.3316270101348,1.61,63.5364713736644
2024-07-05 11:50:55,27.5062616377516,67.9750052201348,67.9750052201348,1.44,63.5366786946872
2024-07-05 11:51:05,22.9111013977516,66.6079550251348,66.6079550251348,1.61,63.5384464934055
2024-07-05 11:51:15,24.2896494697516,66.6079550251348,66.6079550251348,1.61,63.5396411024223
2024-07-05 11:51:20,26.4723505837516,68.7476857651348,68.7476857651348,1.44,63.5424670013413
2024-07-05 11:51:30,30.1484787757516,74.9885670901348,74.9885670901348,1.44,63.5430832738493
2024-07-05 11:51:40,24.9789235057516,74.0970126151348,74.0970126151348,1.44,63.5440087829325
2024-07-05 11:51:45,25.6681975417516,76.5339281801348,76.5339281801348,1.61,63.5465815382303
2024-07-05 11:51:55,25.4384395297516,76.4150542501348,76.4150542501348,1.61,63.5467148216654
2024-07-05 11:52:05,25.2086815177516,74.1564495801348,74.1564495801348,1.61,63.5510950470371
2024-07-05 11:52:10,25.4384395297516,75.4046258451348,75.4046258451348,1.61,63.5512199140746
2024-07-05 11:52:25,26.9318666077516,73.6215168951348,73.6215168951348,0.61,63.5514563557652
2024-07-05 11:52:30,27.2765036257516,75.1074410201348,75.1074410201348,1.61,63.5520557301328
2024-07-05 11:52:40,27.7360196497516,75.8206846001348,75.8206846001348,1.61,63.5531237733746
2024-07-05 11:52:50,23.9450124517516,71.8384079451348,71.8384079451348,1.45,63.5554335252942
2024-07-05 11:53:00,19.6944892297516,72.4922145601348,72.4922145601348,1.61,63.5578304896496
2024-07-05 11:53:05,17.2820301037516,68.9854336251348,68.9854336251348,1.45,63.5600192607121
2024-07-05 11:53:15,16.8225140797516,77.4254826551348,77.4254826551348,1.61,63.5643412511476
2024-07-05 11:53:25,17.1671510977516,77.3066087251348,77.3066087251348,1.61,63.5644016206417
2024-07-05 11:53:35,21.4176743197516,80.1001460801348,80.1001460801348,1.46,63.565874690982
2024-07-05 11:53:40,22.7962223917516,76.2367433551348,76.2367433551348,1.61,63.5666406285609
2024-07-05 11:53:50,23.8301334457516,73.5026429651348,73.5026429651348,1.61,63.5688779549876
2024-07-05 11:54:00,26.1277135657516,71.1251643651348,71.1251643651348,1.47,63.5759548215392
2024-07-05 11:54:05,24.1747704637516,68.1533161151348,68.1533161151348,1.48,63.5765493937425
2024-07-05 11:54:15,28.3104146797516,70.1147359601348,70.1147359601348,1.48,63.5822197955372
2024-07-05 11:54:25,31.4121478417516,72.4327775951348,72.4327775951348,1.48,63.5840363045883
2024-07-05 11:54:30,31.2972688357516,74.0375756501348,74.0375756501348,1.48,63.5857539506921
2024-07-05 11:54:40,30.6079947997516,73.7403908251348,73.7403908251348,1.61,63.5869605757027
2024-07-05 11:54:50,24.6342864877516,70.2336098901348,70.2336098901348,1.48,63.5887035669695
2024-07-05 11:55:00,20.3837632657516,67.2023246751348,67.2023246751348,1.61,63.5927624910912
2024-07-05 11:55:05,20.9581582957516,68.6288118351348,68.6288118351348,1.61,63.5935605356057
2024-07-05 11:55:15,21.7623113377516,69.7581141701348,69.7581141701348,1.48,63.5950442457216
2024-07-05 11:55:25,21.5325533257516,68.7476857651348,68.7476857651348,1.61,63.5980292825874
2024-07-05 11:55:30,23.2557384157516,70.7091056101348,70.7091056101348,1.61,63.598269554209
2024-07-05 11:55:40,23.0259804037516,69.0448705901348,69.0448705901348,1.61,63.599754384833
2024-07-05 11:55:50,25.2086815177516,70.9468534701348,70.9468534701348,1.61,63.5998781298228
2024-07-05 11:55:55,27.0467456137516,73.9781386851348,73.9781386851348,1.61,63.6013747454979
2024-07-05 11:56:05,25.3235605237516,72.3733406301348,72.3733406301348,1.48,63.6036212967459
2024-07-05 11:56:15,25.0938025117516,71.2440382951348,71.2440382951348,1.61,63.604358332363
2024-07-05 11:56:20,24.1747704637516,69.2826184501348,69.2826184501348,1.49,63.604725113956
2024-07-05 11:56:30,23.3706174217516,68.8071227301348,68.8071227301348,1.49,63.6049581166516
2024-07-05 11:56:40,26.5872295897516,71.1846013301348,71.1846013301348,1.49,63.6063453327259
2024-07-05 11:56:50,29.1145677217516,71.6006600851348,71.6006600851348,1.61,63.6077370473523
2024-07-05 11:56:55,31.8716638657516,71.6006600851348,71.6006600851348,1.49,63.6093841896225
2024-07-05 11:57:05,30.6079947997516,70.1741729251348,70.1741729251348,1.49,63.6099065013524
2024-07-05 11:57:15,26.2425925717516,68.8071227301348,68.8071227301348,1.61,63.6112970939764
2024-07-05 11:57:20,24.2896494697516,67.9155682551348,67.9155682551348,1.49,63.6117151861514
2024-07-05 11:57:30,21.4176743197516,65.5380896551348,65.5380896551348,1.61,63.6119932274448
2024-07-05 11:57:40,21.3027953137516,66.9645768151348,66.9645768151348,1.61,63.612043301
2024-07-05 11:57:50,21.6474323317516,67.0240137801348,67.0240137801348,1.61,63.6140563260872
2024-07-05 11:57:55,21.9920693497516,68.8071227301348,68.8071227301348,1.61,63.6165820009814
2024-07-05 11:58:05,21.3027953137516,67.4400725351348,67.4400725351348,1.5,63.6189250456145
2024-07-05 11:58:15,20.6135212777516,68.3316270101348,68.3316270101348,1.5,63.6195166081988
2024-07-05 11:58:20,18.7754571817516,65.0625939351348,65.0625939351348,1.5,63.6196991886162
2024-07-05 11:58:30,22.2218273617516,70.8874165051348,70.8874165051348,1.61,63.6212443139833
2024-07-05 11:58:40,25.4384395297516,76.1178694251348,76.1178694251348,1.49,63.6235223346079
2024-07-05 11:59:05,35.2031550397516,80.0407091151348,80.0407091151348,33.2346042549339,63.6276758791327
2024-07-05 11:59:10,33.5948489557516,95.1971351901348,95.1971351901348,33.2348511342503,63.627792241706
2024-07-05 11:59:20,30.7228738057516,108.927074105135,105.951382736757,33.2351659877961,63.6278940445448
2024-07-05 11:59:30,28.9996887157516,123.905189285135,115.936792856757,33.2351866122829,63.6279059962764
2024-07-05 11:59:35,29.4592047397516,120.160660490135,113.440440326757,33.2364633529787,63.6288693417411
2024-07-05 11:59:45,28.4252936857516,103.458873325135,102.30591555009,33.2367932036858,63.632289459591
2024-07-05 11:59:55,26.9318666077516,88.7779429701348,88.7779429701348,33.2368282329474,63.6327017247912
2024-07-05 12:00:00,26.5872295897516,87.7675145651348,87.7675145651348,33.2372508988287,63.6327062850539
2024-07-05 12:00:10,24.7491654937516,85.0334141751348,85.0334141751348,33.2372513296633,63.6327794939531
2024-07-05 12:00:20,23.0259804037516,80.2784569751348,80.2784569751348,33.2375687781442,63.6348466913352
2024-07-05 12:00:25,22.1069483557516,72.4327775951348,72.4327775951348,33.2382814058102,63.6349649568662
2024-07-05 12:00:35,21.5325533257516,69.1637445201348,69.1637445201348,33.2383451915447,63.6381411615847
2024-07-05 12:00:45,21.4176743197516,69.3420554151348,69.3420554151348,33.2386388651418,63.6384537792111
2024-07-05 12:00:50,21.3027953137516,69.5798032751348,69.5798032751348,33.2387019843972,63.6399468233945
2024-07-05 12:01:00,21.6474323317516,70.7091056101348,70.7091056101348,33.2393445702419,63.6436725682506
2024-07-05 12:01:10,21.7623113377516,72.7299624201348,72.7299624201348,33.2396115721562,63.6462533908179
2024-07-05 12:01:15,21.5325533257516,72.1950297351348,72.1950297351348,33.2401050458813,63.647240588708
2024-07-05 12:01:25,20.6135212777516,73.1460211751348,73.1460211751348,33.2407238056988,63.6482644349368
2024-07-05 12:01:35,20.0391262477516,72.4327775951348,72.4327775951348,33.2410763491684,63.6502621467265
2024-07-05 12:01:40,20.9581582957516,73.7998277901348,73.7998277901348,33.2413730544611,63.65126625921
2024-07-05 12:01:50,22.3367063677516,75.3451888801348,75.3451888801348,33.2430228524019,63.6515940026437
2024-07-05 12:02:00,22.5664643797516,77.3066087251348,77.3066087251348,33.2431437252262,63.6516193618815
2024-07-05 12:02:05,23.7152544397516,77.4254826551348,77.4254826551348,33.243589147088,63.6520430668744
2024-07-05 12:02:15,30.8377528117516,107.084528190135,104.723018793423,33.2436111502642,63.652756663055
2024-07-05 12:02:25,32.5609379017516,111.839485390135,107.89299026009,33.2442183329117,63.6603058467684
2024-07-05 12:02:30,35.2031550397516,113.919779165135,109.279852776757,33.2451887866453,63.6605070703689
2024-07-05 12:02:40,29.9187207637516,94.7810764351348,94.7810764351348,33.2452288951377,63.6616482348596
2024-07-05 12:02:50,27.7360196497516,83.4880530851348,83.4880530851348,33.2457347508401,63.66194724348
2024-07-05 12:02:55,29.6889627517516,80.4567678701348,80.4567678701348,33.2478385411627,63.6632374723751
2024-07-05 12:03:05,27.6211406437516,78.1981632001348,78.1981632001348,33.2480913567346,63.664255504219
2024-07-05 12:03:15,26.2425925717516,76.8905499701348,76.8905499701348,33.2485043637344,63.6654830708605
2024-07-05 12:03:35,25.0938025117516,73.6215168951348,73.6215168951348,33.2499507574096,63.6664960347288
2024-07-05 12:03:45,27.3913826317516,73.5026429651348,73.5026429651348,33.2501526473042,63.6676536384135
2024-07-05 12:03:50,26.8169876017516,73.1460211751348,73.1460211751348,33.2522595218658,63.6695641058778
2024-07-05 12:04:00,25.3235605237516,72.9677102801348,72.9677102801348,33.2532417967091,63.669865466261
2024-07-05 12:04:10,21.4176743197516,69.5203663101348,69.5203663101348,33.2532694486303,63.6729812435556
2024-07-05 12:04:15,21.1879163077516,70.8874165051348,70.8874165051348,33.2538859735549,63.6731581503339
2024-07-05 12:04:25,23.8301334457516,76.4744912151348,76.4744912151348,33.254738387288,63.673383160714
2024-07-05 12:04:35,24.5194074817516,77.4849196201348,77.4849196201348,33.2547687756851,63.6743184649156
2024-07-05 12:04:40,24.1747704637516,78.9114067801348,78.9114067801348,33.2557951793908,63.6747581482258
2024-07-05 12:04:50,23.9450124517516,81.0511375201348,81.0511375201348,33.2574735002038,63.6754885144134
2024-07-05 12:05:00,24.4045284757516,85.4494729301348,85.4494729301348,33.257501070651,63.6755589128603
2024-07-05 12:05:05,22.2218273617516,81.1700114501348,81.1700114501348,33.2583300710312,63.6756108284221
2024-07-05 12:05:15,20.7284002837516,75.5234997751348,75.5234997751348,33.2599273202822,63.6768276658221
2024-07-05 12:05:25,19.5796102237516,70.1741729251348,70.1741729251348,33.2599868561358,63.6774695075966
2024-07-05 12:05:30,19.0052151937516,64.3493503551348,64.3493503551348,33.2638872401213,63.6787364217615
2024-07-05 12:06:10,26.3574715777516,79.2680285701348,79.2680285701348,33.2640071974287,63.6788282223407
2024-07-05 12:06:20,33.1353329317516,96.8613702101348,96.8613702101348,33.2646986166907,63.6821716403666
2024-07-05 12:07:40,20.0391262477516,69.8769881001348,69.8769881001348,33.2660594150075,63.6830622072692
2024-07-05 12:07:45,20.0391262477516,68.3910639751348,68.3910639751348,33.2668437618452,63.6830713132087
2024-07-05 12:07:55,20.9581582957516,69.4609293451348,69.4609293451348,33.2670059428521,63.683900358376
2024-07-05 12:08:40,19.1200941997516,65.8352744801348,65.8352744801348,33.2672527725522,63.68649862479
2024-07-05 12:09:05,18.8903361877516,68.4505009401348,68.4505009401348,33.2673250244598,63.6883588224742
2024-07-05 12:09:10,20.1540052537516,70.5902316801348,70.5902316801348,33.2673712132367,63.6942582932731
2024-07-05 12:09:20,20.3837632657516,67.4400725351348,67.4400725351348,33.2675955724814,63.6961843200147
2024-07-05 12:09:25,20.8432792897516,69.4014923801348,69.4014923801348,33.2679620666812,63.7000328586206
2024-07-05 12:09:35,21.0730373017516,69.1637445201348,69.1637445201348,33.2691890260882,63.7013248256878
2024-07-05 12:09:45,24.8640444997516,73.9781386851348,73.9781386851348,33.2702054706399,63.7017564891295
2024-07-05 12:09:50,28.3104146797516,80.2784569751348,80.2784569751348,33.270302580406,63.7034089338467
2024-07-05 12:10:00,29.3443257337516,83.8446748751348,83.8446748751348,33.2704831771368,63.7045895024151
2024-07-05 12:10:10,28.4252936857516,85.4494729301348,85.4494729301348,33.2707090282089,63.7053075253524
2024-07-05 12:10:15,26.3574715777516,84.0824227351348,84.0824227351348,33.2707833193552,63.7057021748228
2024-07-05 12:10:25,23.1408594097516,78.8519698151348,78.8519698151348,33.2708951842158,63.7060348005741
2024-07-05 12:10:35,21.1879163077516,76.1178694251348,76.1178694251348,33.2718813517891,63.7082741276299
2024-07-05 12:11:15,24.5768469847516,83.3691791551348,83.3691791551348,1.475,60.188475
2024-07-05 12:11:25,18.5456991697516,70.2336098901348,70.2336098901348,1.47,20.69238
2024-07-05 12:11:35,17.8564251337516,69.1043075551348,69.1043075551348,1.47,20.70605
2024-07-05 12:11:40,17.0522720917516,67.5589464651348,67.5589464651348,1.47,20.82422
2024-07-05 12:11:50,16.8225140797516,66.7862659201348,66.7862659201348,1.61,63.7136941121333
2024-07-05 12:11:55,16.0183610377516,63.4577958801348,63.4577958801348,1.47,63.7150936515092
2024-07-05 12:12:05,16.5927560677516,66.9051398501348,66.9051398501348,1.48,20.25977
2024-07-05 12:12:15,18.3159411577516,68.2721900451348,68.2721900451348,1.61,63.7185762816436
2024-07-05 12:12:20,21.8771903437516,72.3733406301348,72.3733406301348,1.61,63.7233616411732
2024-07-05 12:12:30,23.3706174217516,72.6705254551348,72.6705254551348,1.61,63.7271885601621
2024-07-05 12:12:40,24.5194074817516,75.2857519151348,75.2857519151348,1.49,19.39941
2024-07-05 12:12:45,23.3706174217516,74.2753235101348,74.2753235101348,1.49,19.03809
2024-07-05 12:12:55,21.6474323317516,73.0865842101348,73.0865842101348,1.61,18.90918
2024-07-05 12:13:20,18.8903361877516,64.1116024951348,64.1116024951348,33.2718952003758,63.7315442155001
2024-07-05 12:13:30,19.6944892297516,69.2231814851348,69.2231814851348,33.2729919682385,63.7322004972921
2024-07-05 12:13:35,21.6474323317516,71.9572818751348,71.9572818751348,33.2734430729407,63.732450569078
2024-07-05 12:13:45,22.2218273617516,75.6423737051348,75.6423737051348,33.2736866966101,63.7330722614773
2024-07-05 12:14:20,27.1616246197516,74.4536344051348,74.4536344051348,33.2761275695779,63.7331223012779
2024-07-05 12:14:30,50.1374258197516,117.902055820135,111.93470388009,33.2764366501812,63.7365414096258
2024-07-05 12:14:55,33.2502119377516,99.1199748801348,99.1199748801348,33.276707555685,63.7372408446913
2024-07-05 12:15:10,22.3367063677516,72.3733406301348,72.3733406301348,33.27692845132,63.7380126908776
2024-07-05 12:15:40,18.5456991697516,65.5975266201348,65.5975266201348,33.2771386105541,63.7385445032013
2024-07-05 12:15:55,19.3498522117516,70.4713577501348,70.4713577501348,33.2772740720229,63.7403077074275
2024-07-05 12:16:15,17.6266671217516,67.1428877101348,67.1428877101348,33.2772937602031,63.7408635147158
2024-07-05 12:16:30,17.6266671217516,66.2513332351348,66.2513332351348,33.2775626708872,63.7412649721938
2024-07-05 12:16:55,17.3969091097516,69.1043075551348,69.1043075551348,41.89,63.7425278630234
2024-07-05 12:17:05,18.8903361877516,73.2648951051348,73.2648951051348,42.1,63.7452586906688
2024-07-05 12:17:10,23.3706174217516,83.4286161201348,83.4286161201348,33.2776288997007,63.7506687179908
2024-07-05 12:17:20,25.5533185357516,90.2638670951348,90.2638670951348,42.81,63.7528707518258
2024-07-05 12:17:35,27.1616246197516,88.5401951101348,88.5401951101348,33.2783758418287,63.7538369575442
2024-07-05 12:17:55,24.5194074817516,80.0407091151348,80.0407091151348,33.2787857028418,63.7540824204177
2024-07-05 12:18:00,22.5664643797516,76.8905499701348,76.8905499701348,33.2791543289421,63.7546175625482
2024-07-05 12:18:55,23.7152544397516,77.6632305151348,77.6632305151348,33.2806194919227,63.7549176185232
2024-07-05 12:19:20,21.0730373017516,76.7122390751348,76.7122390751348,33.2811617197289,63.7551511387264
2024-07-05 12:20:05,22.6813433857516,86.9948340201348,86.9948340201348,33.2824975016002,63.7576919034953
2024-07-05 12:20:15,22.2218273617516,83.8446748751348,83.8446748751348,33.2828019467474,63.7602065534381
2024-07-05 12:20:25,21.7623113377516,82.0615659251348,82.0615659251348,33.28284619022,63.7658447042896
2024-07-05 12:22:10,22.9111013977516,77.3660456901348,77.3660456901348,33.2835114658772,63.767376210154
2024-07-05 12:22:30,23.4854964277516,79.0302807101348,79.0302807101348,33.286513156981,63.7700347630453
2024-07-05 12:22:40,23.6003754337516,77.9009783751348,77.9009783751348,33.2888234394773,63.7721446539117
2024-07-05 12:22:55,25.2086815177516,86.5787752651348,86.5787752651348,33.2893803041327,63.7722593528315
2024-07-05 12:23:25,22.7962223917516,85.3900359651348,85.3900359651348,33.2894272027373,63.7734080368776
2024-07-05 12:23:50,22.2218273617516,86.5787752651348,86.5787752651348,33.2894298807671,63.7745019212173
2024-07-05 12:24:20,21.1879163077516,72.0761558051348,72.0761558051348,33.2897781426956,63.7753044746216
2024-07-05 12:24:50,20.3837632657516,62.0313087201348,62.0313087201348,33.2899124858533,63.7826580198666
2024-07-05 12:25:15,16.1332400437516,61.2586281751348,61.2586281751348,33.2899300054839,63.7855076876957
2024-07-05 12:25:35,16.8225140797516,61.3775021051348,61.3775021051348,33.2901926206022,63.7860717646666
2024-07-05 12:25:40,16.7076350737516,59.7727040501348,59.7727040501348,33.2903784675074,63.7866657600358
2024-07-05 12:25:50,16.5927560677516,60.5453845951348,60.5453845951348,33.290658736335,63.7867200210145
2024-07-05 12:26:05,16.0183610377516,63.8144176701348,63.8144176701348,33.2910995035134,63.7873118255285
2024-07-05 12:26:15,16.0183610377516,66.1324593051348,66.1324593051348,33.2913830200007,63.7880946497518
2024-07-05 12:26:25,15.3290870017516,62.8634262301348,62.8634262301348,33.2924706284969,63.7903170909382
2024-07-05 12:26:35,16.5927560677516,64.3493503551348,64.3493503551348,33.2937636337298,63.7922694573253
2024-07-05 12:26:45,17.8564251337516,65.9541484101348,65.9541484101348,33.2938246938867,63.7935036130183
2024-07-05 12:26:50,17.9713041397516,65.5975266201348,65.5975266201348,33.2953308174438,63.7940637529638
2024-07-05 12:27:00,17.9713041397516,64.5276612501348,64.5276612501348,33.2957612332344,63.7949377433318
2024-07-05 12:27:30,17.7415461277516,63.6955437401348,63.6955437401348,33.2959930160233,63.7975020919788
2024-07-05 12:28:00,19.5796102237516,69.4014923801348,69.4014923801348,1.47,36.24414
2024-07-05 12:28:10,19.5796102237516,69.6392402401348,69.6392402401348,0.63,63.7990943514896
2024-07-05 12:28:20,20.4986422717516,72.3733406301348,72.3733406301348,1.61,36.73047
2024-07-05 12:28:25,22.2218273617516,74.9885670901348,74.9885670901348,1.46,36.98926
2024-07-05 12:28:35,24.4045284757516,78.4953480251348,78.4953480251348,1.61,63.7991344416602
2024-07-05 12:28:45,25.4384395297516,78.9708437451348,78.9708437451348,1.61,63.799751855431
2024-07-05 12:28:55,27.1616246197516,79.0302807101348,79.0302807101348,1.46,37.33008
2024-07-05 12:29:00,29.1145677217516,79.2680285701348,79.2680285701348,1.46,63.8001587236902
2024-07-05 12:29:10,32.2163008837516,74.2158865451348,74.2158865451348,1.46,37.51074
2024-07-05 12:29:20,32.5609379017516,74.6913822651348,74.6913822651348,1.46,37.74805
2024-07-05 12:29:25,32.2163008837516,75.0480040551348,75.0480040551348,1.46,38.09863
2024-07-05 12:29:35,27.6211406437516,73.7403908251348,73.7403908251348,1.71,38.33691
2024-07-05 12:29:45,22.2218273617516,72.5516515251348,72.5516515251348,1.45,38.65234
2024-07-05 12:29:55,20.4986422717516,73.6809538601348,73.6809538601348,1.61,63.8013888151975
2024-07-05 12:30:00,19.6944892297516,69.6986772051348,69.6986772051348,1.61,63.8026080766845
2024-07-05 12:30:10,19.4647312177516,69.6986772051348,69.6986772051348,1.61,63.8050686589008
2024-07-05 12:30:20,18.6605781757516,65.7758375151348,65.7758375151348,1.45,39.38672
2024-07-05 12:30:25,17.2820301037516,67.4995095001348,67.4995095001348,1.61,63.8059646931532
2024-07-05 12:30:35,18.0861831457516,69.7581141701348,69.7581141701348,1.45,40.52734
2024-07-05 12:30:45,19.4647312177516,73.7403908251348,73.7403908251348,1.45,63.806015146954
2024-07-05 12:30:55,22.5664643797516,77.0094239001348,77.0094239001348,1.45,63.8081332820856
2024-07-05 12:31:05,23.8301334457516,76.0584324601348,76.0584324601348,1.61,63.811392178993
2024-07-05 12:31:15,24.7491654937516,75.8206846001348,75.8206846001348,1.45,38.76465
2024-07-05 12:31:25,21.3027953137516,73.6809538601348,73.6809538601348,1.61,39.86035
2024-07-05 12:32:35,15.3290870017516,61.2586281751348,61.2586281751348,-3.27,63.8116415870309
2024-07-05 12:35:30,19.8093682357516,66.9051398501348,66.9051398501348,33.2960440518444,63.8132239466485
2024-07-05 12:36:30,16.1332400437516,66.7862659201348,66.7862659201348,33.296122890389,63.8152408370245
2024-07-05 12:36:40,15.3290870017516,62.9823001601348,62.9823001601348,33.2962179937483,63.8154423860906
2024-07-05 12:38:10,22.9111013977516,65.5380896551348,65.5380896551348,33.2962384102743,63.8156704803057
2024-07-05 12:38:35,18.6605781757516,65.4192157251348,65.4192157251348,33.2964000436335,63.8167347839787
2024-07-05 12:38:50,15.5588450137516,64.4087873201348,64.4087873201348,33.2964542965466,63.8174577527081
2024-07-05 12:39:15,14.7546919717516,66.7268289551348,66.7268289551348,33.2970637565548,63.8207383605657
2024-07-05 12:39:35,17.5117881157516,67.4400725351348,67.4400725351348,33.2975413456556,63.8269206738961
2024-07-05 12:40:20,15.9034820317516,66.7862659201348,66.7862659201348,33.299466984649,63.8274536870484
2024-07-05 15:19:10,17.9713041397516,60.4265106651348,60.4265106651348,32.71,51.04297
2024-07-05 15:19:20,19.8093682357516,62.4473674751348,62.4473674751348,32.72,50.98242
2024-07-05 15:19:25,22.3367063677516,63.8144176701348,63.8144176701348,32.75,51.63477
2024-07-05 15:19:35,28.0806566677516,65.9541484101348,65.9541484101348,32.93,51.74121
2024-07-05 15:19:45,25.2086815177516,64.1116024951348,64.1116024951348,33.25,51.14062
2024-07-05 15:19:50,24.1747704637516,62.8039892651348,62.8039892651348,33.57,49.7373
2024-07-05 15:20:00,17.1671510977516,59.2972083301348,59.2972083301348,33.91,48.91309
2024-07-05 15:20:10,15.6737240197516,58.7622756451348,58.7622756451348,34.21,48.40234
2024-07-05 15:20:15,15.4439660077516,57.6329733101348,57.6329733101348,34.5,48.02734
2024-07-05 15:20:25,15.2142079957516,57.1574775901348,57.1574775901348,34.79,47.28027
2024-07-05 15:20:35,15.0993289897516,56.3253600801348,56.3253600801348,35.1,46.97949
2024-07-05 15:20:40,14.9844499837516,56.2659231151348,56.2659231151348,35.4,46.30664
2024-07-05 15:20:50,15.0993289897516,56.7414188351348,56.7414188351348,35.7,45.65625
2024-07-05 15:21:00,15.5588450137516,56.9197297301348,56.9197297301348,35.88,45.35156
2024-07-05 15:21:05,16.0183610377516,58.2273429601348,58.2273429601348,35.99,44.75684
2024-07-05 15:21:15,16.8225140797516,57.7518472401348,57.7518472401348,36.17,44.13086
2024-07-05 15:21:25,18.6605781757516,59.0000235051348,59.0000235051348,36.26,43.14844
2024-07-05 15:21:30,20.3837632657516,60.8425694201348,60.8425694201348,36.27,43.0498
2024-07-05 15:21:40,21.3027953137516,62.7445523001348,62.7445523001348,36.27,42.34277
2024-07-05 15:21:50,20.0391262477516,63.6361067751348,63.6361067751348,36.26,42.04492
2024-07-05 15:21:55,18.5456991697516,63.8144176701348,63.8144176701348,36.27,42.29395
2024-07-05 15:22:05,19.2349732057516,65.4192157251348,65.4192157251348,36.32,42.27344
2024-07-05 15:22:15,21.4176743197516,65.4786526901348,65.4786526901348,36.51,41.83203
2024-07-05 15:22:25,22.5664643797516,65.0625939351348,65.0625939351348,36.48,41.64355
2024-07-05 15:22:30,22.6813433857516,65.1220309001348,65.1220309001348,36.61,41.55566
2024-07-05 15:22:40,19.2349732057516,62.5068044401348,62.5068044401348,36.63,41.34668
2024-07-05 15:22:50,18.6605781757516,62.3284935451348,62.3284935451348,36.68,41.37598
2024-07-05 15:22:55,17.5117881157516,61.4963760351348,61.4963760351348,36.7,41.46484
2024-07-05 15:23:05,18.0861831457516,64.5870982151348,64.5870982151348,36.81,41.27637
2024-07-05 15:23:15,17.3969091097516,63.8144176701348,63.8144176701348,37.04,40.97363
2024-07-05 15:23:20,17.3969091097516,66.0135853751348,66.0135853751348,37.24,40.78027
2024-07-05 15:23:30,18.3159411577516,68.9259966601348,68.9259966601348,37.43,40.11426
2024-07-05 15:23:40,18.3159411577516,66.9051398501348,66.9051398501348,37.62,39.49512
2024-07-05 15:23:45,19.4647312177516,67.4995095001348,67.4995095001348,37.85,39.37891
2024-07-05 15:23:55,20.8432792897516,66.7268289551348,66.7268289551348,38.02,39.24414
2024-07-05 15:24:05,22.6813433857516,67.0834507451348,67.0834507451348,38.13,38.69141
2024-07-05 15:24:10,23.4854964277516,68.1533161151348,68.1533161151348,38.34,38.62305
2024-07-05 15:24:20,23.6003754337516,68.8071227301348,68.8071227301348,38.46,38.25781
2024-07-05 15:24:30,20.7284002837516,67.2617616401348,67.2617616401348,38.63,38.01074
2024-07-05 15:24:35,19.9242472417516,67.4400725351348,67.4400725351348,38.75,37.88379
2024-07-05 15:24:45,20.8432792897516,72.1950297351348,72.1950297351348,38.73,37.65723
2024-07-05 15:24:55,22.6813433857516,78.4953480251348,78.4953480251348,38.76,37.70996
2024-07-05 15:25:00,23.7152544397516,79.9218351851348,79.9218351851348,38.78,37.59863
2024-07-05 15:25:10,29.1145677217516,78.9114067801348,78.9114067801348,38.88,37.63184
2024-07-05 15:25:20,32.3311798897516,77.0094239001348,77.0094239001348,38.94,37.3877
2024-07-05 15:25:30,32.4460588957516,71.8384079451348,71.8384079451348,38.89,37.13379
2024-07-05 15:25:35,32.4460588957516,73.2648951051348,73.2648951051348,38.94,37.2627
2024-07-05 15:25:45,28.7699307037516,72.3733406301348,72.3733406301348,39.0,37.06738
2024-07-05 15:25:55,25.6681975417516,70.2336098901348,70.2336098901348,38.8,37.00195
2024-07-05 15:26:00,23.6003754337516,68.6882488001348,68.6882488001348,38.74,37.18359
2024-07-05 15:26:10,20.9581582957516,65.5975266201348,65.5975266201348,38.7,36.99414
2024-07-05 15:26:20,19.8093682357516,64.7654091101348,64.7654091101348,38.68,37.12891
2024-07-05 15:26:25,20.4986422717516,66.9645768151348,66.9645768151348,38.74,37.15918
2024-07-05 15:26:35,24.1747704637516,74.8696931601348,74.8696931601348,38.73,36.90918
2024-07-05 15:26:40,25.0938025117516,77.8415414101348,77.8415414101348,38.63,36.97559
2024-07-05 15:26:50,25.2086815177516,80.3973309051348,80.3973309051348,38.64,37.00195
2024-07-05 15:27:00,22.5664643797516,73.5026429651348,73.5026429651348,38.65,37.01465
2024-07-05 15:27:05,19.4647312177516,65.3597787601348,65.3597787601348,38.64,37.07617
2024-07-05 15:27:15,20.1540052537516,65.4192157251348,65.4192157251348,38.63,37.22461
2024-07-05 15:27:25,20.3837632657516,64.8842830401348,64.8842830401348,38.6,37.39746
2024-07-05 15:27:30,21.0730373017516,66.2513332351348,66.2513332351348,38.5,37.67578
2024-07-05 15:27:40,20.4986422717516,64.5870982151348,64.5870982151348,38.35,37.51367
2024-07-05 15:27:50,20.0391262477516,61.4369390701348,61.4369390701348,38.37,37.4043
2024-07-05 15:28:00,19.9242472417516,60.7236954901348,60.7236954901348,38.35,37.63867
2024-07-05 15:28:05,20.1540052537516,60.9020063851348,60.9020063851348,38.35,37.71387
2024-07-05 15:28:25,22.4515853737516,65.1220309001348,65.1220309001348,38.41,37.83105
2024-07-05 15:28:35,27.9657776617516,69.0448705901348,69.0448705901348,38.48,37.91113
2024-07-05 15:28:45,38.5346462137516,76.3556172851348,76.3556172851348,38.55,37.85449
2024-07-05 15:28:50,50.0225468137516,84.5579184551348,84.5579184551348,38.65,37.61328
2024-07-05 15:29:00,58.8682302757516,92.5224717651348,98.1137171262526,38.69,37.7168
2024-07-05 15:29:10,64.0377855457516,98.4661682651348,113.459285152505,38.7,37.73047
2024-07-05 15:29:15,51.0564578677516,92.6413456951348,92.6413456951348,38.91,37.61035
2024-07-05 15:29:25,44.3934755197516,89.8478083401348,89.8478083401348,39.05,37.1709
2024-07-05 15:29:35,33.2502119377516,84.0824227351348,84.0824227351348,39.12,37.00293
2024-07-05 15:29:45,26.9318666077516,80.3973309051348,80.3973309051348,38.94,37.2373
2024-07-05 15:29:55,23.4854964277516,77.8415414101348,77.8415414101348,38.93,37.47363
2024-07-05 15:30:00,22.2218273617516,74.9291301251348,74.9291301251348,38.91,37.84668
2024-07-05 15:30:25,30.3782367877516,76.9499869351348,76.9499869351348,38.81,37.38965
2024-07-05 15:30:35,34.5138810037516,73.7998277901348,73.7998277901348,38.82,37.26563
2024-07-05 15:30:45,36.1221870877516,73.7403908251348,73.7403908251348,39.02,36.99512
2024-07-05 15:30:50,30.7228738057516,64.5870982151348,64.5870982151348,39.16,36.44336
2024-07-05 15:31:00,29.5740837457516,65.4192157251348,65.4192157251348,39.18,36.55664
2024-07-05 15:31:10,28.6550516977516,67.1428877101348,67.1428877101348,38.74,37.58301
2024-07-05 15:31:50,21.8771903437516,68.9854336251348,68.9854336251348,33.3024349136214,63.8361326316696
2024-07-05 15:32:15,19.6944892297516,65.1220309001348,65.1220309001348,33.3038178471627,63.8364172468162
2024-07-05 15:32:45,21.3027953137516,67.9155682551348,67.9155682551348,33.3042197486388,63.837435795832
2024-07-05 15:32:55,24.6342864877516,77.0688608651348,77.0688608651348,33.3046880457738,63.8374380681112
2024-07-05 15:33:55,26.2425925717516,67.4995095001348,67.4995095001348,1.47,36.46973
2024-07-05 15:34:05,25.6681975417516,65.3597787601348,65.3597787601348,1.47,63.8399853624343
2024-07-05 15:34:15,29.4592047397516,64.1710394601348,64.1710394601348,1.61,63.841998782979
2024-07-05 15:34:20,34.8585180217516,66.4890810951348,66.4890810951348,1.48,36.35645
2024-07-05 15:36:35,32.2163008837516,72.3733406301348,72.3733406301348,33.3054107144948,63.8421169212419
2024-07-05 15:36:40,37.1560981417516,72.1950297351348,72.1950297351348,33.3062809328144,63.8458992540353
2024-07-05 15:36:50,36.5817031117516,73.1460211751348,73.1460211751348,33.3073397783441,63.8459295850047
2024-07-05 15:37:00,35.8924290757516,73.1460211751348,73.1460211751348,33.3074017442258,63.8470806441405
2024-07-05 15:37:05,31.1823898297516,72.6705254551348,72.6705254551348,33.3076516764693,63.8481030728812
2024-07-05 15:37:15,24.1747704637516,70.4119207851348,70.4119207851348,33.308658755683,63.8501732435761
2024-07-05 15:37:25,21.7623113377516,66.4890810951348,66.4890810951348,33.3092455427402,63.8517447423674
2024-07-05 15:37:30,19.6944892297516,62.3879305101348,62.3879305101348,33.3095894489004,63.8524851013131
2024-07-05 15:37:40,20.1540052537516,60.9020063851348,60.9020063851348,33.3098194710186,63.8577732150561
2024-07-05 15:37:50,23.2557384157516,63.1011740901348,63.1011740901348,33.310352134193,63.8597730063514
2024-07-05 15:37:55,24.1747704637516,62.9228631951348,62.9228631951348,33.3109401017891,63.8631777334292
2024-07-05 15:38:05,25.7830765477516,65.4786526901348,65.4786526901348,33.3110150322352,63.8633060520529
2024-07-05 15:38:15,23.0259804037516,65.1814678651348,65.1814678651348,33.3111238534471,63.8636627743052
2024-07-05 15:38:20,21.8771903437516,62.9823001601348,62.9823001601348,33.3133632227889,63.8651467559986
2024-07-05 15:38:30,20.1540052537516,64.7654091101348,64.7654091101348,33.3135773528905,63.8657413850186
2024-07-05 15:38:40,19.4647312177516,62.8634262301348,62.8634262301348,33.3142644144351,63.8704284425919
2024-07-05 15:38:45,19.1200941997516,64.7059721451348,64.7059721451348,33.315268118347,63.8725644736764
2024-07-05 15:38:55,18.7754571817516,65.3597787601348,65.3597787601348,33.3170044815051,63.8728332993836
2024-07-05 15:39:05,18.5456991697516,64.1710394601348,64.1710394601348,33.3175023382474,63.8748897901247
2024-07-05 15:39:10,19.0052151937516,64.3493503551348,64.3493503551348,33.3176025270113,63.8862192598045
2024-07-05 15:39:20,18.7754571817516,63.8144176701348,63.8144176701348,33.3180503019753,63.8862694355347
2024-07-05 15:39:30,19.8093682357516,65.7758375151348,65.7758375151348,33.3186774608838,63.8887975803018
2024-07-05 15:39:40,19.9242472417516,63.3983589151348,63.3983589151348,33.3199184496471,63.8902920263866
2024-07-05 15:39:50,19.5796102237516,62.3284935451348,62.3284935451348,33.3202115888705,63.8917389026152
2024-07-05 15:40:00,19.3498522117516,61.1991912101348,61.1991912101348,33.3203971313187,63.895096149354
2024-07-05 15:40:10,18.5456991697516,61.0208803151348,61.0208803151348,33.3212140823019,63.8962700874711
2024-07-05 15:40:20,18.5456991697516,60.9614433501348,60.9614433501348,33.3216006537923,63.896472074432
2024-07-05 15:40:25,18.8903361877516,61.9718717551348,61.9718717551348,33.3220266831974,63.8966674295412
2024-07-05 15:40:35,19.2349732057516,60.7831324551348,60.7831324551348,33.3223718900004,63.8972666080297
2024-07-05 15:40:45,19.2349732057516,61.0208803151348,61.0208803151348,33.3225152128043,63.8981315024568
2024-07-05 15:40:50,18.5456991697516,59.8915779801348,59.8915779801348,33.3231398978293,63.8991650723294
2024-07-05 15:41:00,18.2010621517516,61.3775021051348,61.3775021051348,33.3231689581748,63.8997067369687
2024-07-05 15:41:10,17.2820301037516,61.6152499651348,61.6152499651348,33.3235986065889,63.899931964247
2024-07-05 15:41:15,17.3969091097516,62.2096196151348,62.2096196151348,33.3245399351496,63.9005515690271
2024-07-05 15:41:25,17.2820301037516,62.9228631951348,62.9228631951348,33.324663199966,63.9021022777074
2024-07-05 15:41:35,17.3969091097516,65.0625939351348,65.0625939351348,33.3248980552644,63.9035935466953
2024-07-05 15:41:45,17.6266671217516,64.9437200051348,64.9437200051348,33.3252759667678,63.9061189424089
2024-07-05 15:41:50,18.5456991697516,66.0730223401348,66.0730223401348,33.3256078399066,63.9069113089835
2024-07-05 15:42:00,18.6605781757516,66.8457028851348,66.8457028851348,33.3266144862717,63.9081349243123
2024-07-05 15:42:10,18.7754571817516,66.7268289551348,66.7268289551348,33.3278721448855,63.9089249245287
2024-07-05 15:42:15,18.7754571817516,66.5485180601348,66.5485180601348,33.3287624713785,63.9095219260192
2024-07-05 15:42:25,17.9713041397516,63.5172328451348,63.5172328451348,33.3313779724025,63.9107399130173
2024-07-05 15:42:35,18.7754571817516,65.4786526901348,65.4786526901348,33.3318287841582,63.9128014875031
2024-07-05 15:42:40,20.2688842597516,66.3107702001348,66.3107702001348,33.3320372654908,63.9148195692352
2024-07-05 15:42:50,21.5325533257516,67.7966943251348,67.7966943251348,33.3329860794954,63.9162775102323
2024-07-05 15:43:00,22.5664643797516,68.7476857651348,68.7476857651348,33.3341806051459,63.9177841443306
2024-07-05 15:43:10,30.2633577817516,70.2336098901348,70.2336098901348,33.3343081333644,63.9178666975042
2024-07-05 15:43:15,33.7097279617516,71.3034752601348,71.3034752601348,33.3362027325433,63.9185232989339
2024-07-05 15:43:25,38.6495252197516,72.6705254551348,72.6705254551348,33.3368021865432,63.9213227050175
2024-07-05 15:43:35,38.8792832317516,70.5902316801348,70.5902316801348,33.3368022948117,63.9241980791698
2024-07-05 15:43:40,39.3387992557516,70.7091056101348,70.7091056101348,33.3372458018004,63.9301688295375
2024-07-05 15:43:50,49.4481517837516,74.0375756501348,82.4135863062526,33.337651314724,63.9323318024495
2024-07-05 15:44:00,41.4066213637516,71.3034752601348,71.3034752601348,33.3389899502136,63.9345520009803
2024-07-05 15:44:10,32.4460588957516,67.0240137801348,67.0240137801348,33.3391174731699,63.9346254107297
2024-07-05 15:44:15,24.0598914577516,63.6361067751348,63.6361067751348,33.3391256190726,63.9412670885128
2024-07-05 15:44:25,19.2349732057516,61.7935608601348,61.7935608601348,33.3395680668593,63.9427210392967
2024-07-05 15:44:35,18.8903361877516,61.3180651401348,61.3180651401348,33.3396123189738,63.9429755038676
2024-07-05 15:44:40,19.9242472417516,63.0417371251348,63.0417371251348,33.3397459106986,63.9435986379387
2024-07-05 15:44:50,20.9581582957516,63.5766698101348,63.5766698101348,33.3399235265126,63.9443843593109
2024-07-05 15:45:00,20.1540052537516,62.9228631951348,62.9228631951348,33.3399478067538,63.9453835770192
2024-07-05 15:45:05,23.9450124517516,65.7164005501348,65.7164005501348,33.3409345399446,63.9473573870228
2024-07-05 15:45:15,28.5401726917516,67.3806355701348,67.3806355701348,33.3415128025974,63.947799630919
2024-07-05 15:45:25,35.4329130517516,69.1637445201348,69.1637445201348,33.3422225927856,63.9499603539893
2024-07-05 15:45:35,34.8585180217516,69.9958620301348,69.9958620301348,33.3422479552453,63.9510665706792
2024-07-05 15:45:40,29.5740837457516,67.7372573601348,67.7372573601348,33.3427168656303,63.9513532487452
2024-07-05 15:45:50,20.9581582957516,63.1606110551348,63.1606110551348,33.3435199304671,63.9524758948848
2024-07-05 15:46:00,38.7644042257516,70.1741729251348,70.1741729251348,33.3444023672711,63.9530910514465
2024-07-05 15:46:05,41.4066213637516,70.4713577501348,70.4713577501348,33.3444934101305,63.9539865327953
2024-07-05 15:46:15,45.0827495557516,72.4327775951348,75.1379159262526,33.3447466055181,63.9544358364144
2024-07-05 15:46:25,39.7983152797516,72.6110884901348,72.6110884901348,33.3454176006479,63.9557175433716
2024-07-05 15:46:35,27.2765036257516,68.3910639751348,68.3910639751348,33.345492898037,63.956811850839
2024-07-05 15:46:45,27.0467456137516,68.4505009401348,68.4505009401348,33.3473966327382,63.9571101404802
2024-07-05 15:46:50,33.1353329317516,70.4119207851348,70.4119207851348,33.3477105520343,63.9586733350801
2024-07-05 15:47:00,37.9602511837516,71.8384079451348,71.8384079451348,33.3477911197917,63.961235495849
2024-07-05 15:47:10,36.6965821177516,70.6496686451348,70.6496686451348,33.3479288656105,63.9646264814404
2024-07-05 15:47:15,28.7699307037516,67.7372573601348,67.7372573601348,33.3479514859055,63.9673277555992
2024-07-05 15:47:25,27.9657776617516,67.8561312901348,67.8561312901348,33.3481555900876,63.969602875641
2024-07-05 15:47:35,21.6474323317516,63.0417371251348,63.0417371251348,33.3505967619927,63.9722969736887
2024-07-05 15:47:40,20.0391262477516,62.2096196151348,62.2096196151348,33.3506221281578,63.9739846815729
2024-07-05 15:47:50,21.5325533257516,65.1220309001348,65.1220309001348,33.3507940915602,63.9775130255993
2024-07-05 15:48:00,23.4854964277516,65.8352744801348,65.8352744801348,33.3512475099056,63.981018204105
2024-07-05 15:48:05,22.7962223917516,68.0938791501348,68.0938791501348,33.3519878238747,63.9815455479417
2024-07-05 15:48:15,21.7623113377516,68.8665596951348,68.8665596951348,33.3523006072851,63.9840657345755
2024-07-05 15:48:25,22.9111013977516,69.5798032751348,69.5798032751348,33.3537036733131,63.9844346317724
2024-07-05 15:48:30,22.3367063677516,71.0062904351348,71.0062904351348,33.3543077309143,63.9859049050894
2024-07-05 15:48:40,24.5194074817516,71.1846013301348,71.1846013301348,33.3553403095144,63.9879593071464
2024-07-05 15:48:50,26.8169876017516,72.0167188401348,72.0167188401348,33.3555272995503,63.9891874373908
2024-07-05 15:49:00,27.6211406437516,74.2753235101348,74.2753235101348,33.3556707711742,63.9902129173492
2024-07-05 15:49:05,30.4931157937516,76.3556172851348,76.3556172851348,33.3561349057723,63.9902353879789
2024-07-05 15:49:15,28.7699307037516,75.2263149501348,75.2263149501348,33.3563214503232,63.9914564658074
2024-07-05 15:49:25,27.1616246197516,73.5026429651348,73.5026429651348,33.3565911201108,63.9935314075414
2024-07-05 15:49:30,23.8301334457516,68.2127530801348,68.2127530801348,33.3571205961814,63.9938849698625
2024-07-05 15:49:40,24.0598914577516,68.8665596951348,68.8665596951348,33.3587754000835,63.9955180308916
2024-07-05 15:49:50,26.0128345597516,73.4432060001348,73.4432060001348,33.3593196015383,63.9987532660252
2024-07-05 15:49:55,25.8979555537516,74.0970126151348,74.0970126151348,33.362974667574,64.0012336609815
2024-07-05 15:50:05,27.2765036257516,77.6632305151348,77.6632305151348,33.363223872746,64.0034035737537
2024-07-05 15:50:15,26.7021085957516,77.1877347951348,77.1877347951348,33.3634350909491,64.0049917832994
2024-07-05 15:50:20,23.2557384157516,73.0865842101348,73.0865842101348,33.3637283065696,64.0053497740583
2024-07-05 15:50:30,26.7021085957516,69.6392402401348,69.6392402401348,33.3641744852602,64.007282703064
2024-07-05 15:50:40,28.1955356737516,68.3910639751348,68.3910639751348,33.3649605863819,64.0073618728973
2024-07-05 15:50:50,27.6211406437516,69.7581141701348,69.7581141701348,33.367163684094,64.0086399059072
2024-07-05 15:50:55,29.2294467277516,72.1950297351348,72.1950297351348,33.3675991035202,64.0105630907515
2024-07-05 15:51:05,24.8640444997516,71.1846013301348,71.1846013301348,33.3677386650488,64.0112841380936
2024-07-05 15:51:15,32.2163008837516,82.3587507501348,82.3587507501348,33.3678157400531,64.0122069743766
2024-07-05 15:51:25,36.3519450997516,84.9739772101348,84.9739772101348,33.3693464277861,64.0135702926551
2024-07-05 15:51:30,34.0543649797516,86.2815904401348,86.2815904401348,33.3703645010174,64.0152153763504
2024-07-05 15:51:40,27.8508986557516,78.4359110601348,78.4359110601348,33.3706697511012,64.0158115510019
2024-07-05 15:51:50,21.1879163077516,69.5203663101348,69.5203663101348,33.3707088035452,64.0164963558996
2024-07-05 15:51:55,24.8640444997516,77.6037935501348,77.6037935501348,33.3717263250802,64.0185046813641
2024-07-05 15:52:30,48.4142407297516,113.444283445135,108.96285563009,33.3720375377374,64.0191256771198
2024-07-05 15:52:35,42.4405324177516,102.745629745135,101.83041983009,33.3721617961778,64.019161973691
2024-07-05 15:52:45,32.2163008837516,93.3545892751348,93.3545892751348,33.3730183639889,64.0214998938938
2024-07-05 15:52:55,24.6342864877516,79.3274655351348,79.3274655351348,33.373511050449,64.0244712843453
2024-07-05 15:53:00,26.2425925717516,88.8373799351348,88.8373799351348,33.3741170008507,64.0259935790647
2024-07-05 15:53:10,24.6342864877516,93.7112110651348,93.7112110651348,33.3741767819761,64.0261969922989
2024-07-05 15:53:20,28.1955356737516,96.1481266301348,96.1481266301348,33.3742776033793,64.0262271636504
2024-07-05 15:53:25,34.1692439857516,90.2638670951348,90.2638670951348,33.3743143108726,64.0270284566927
2024-07-05 15:53:50,67.4841557257516,142.092900575135,128.061933716757,33.3743450707593,64.0319782563641
2024-07-05 15:54:00,91.0343519557516,166.996988910135,203.447839852505,33.3746039267966,64.033106929979
2024-07-05 15:54:25,102.752010567752,141.260777121438,242.506701892505,33.3747328995308,64.0343358092308
2024-07-05 15:54:30,79.4315723497516,124.202374110135,164.771907832505,33.3747529988915,64.0361964058766
2024-07-05 15:54:40,55.0772230777516,111.245115740135,107.496743826757,33.3756637159631,64.0362911080804
2024-07-05 15:55:05,33.2502119377516,97.3963028951348,97.3963028951348,33.3770431830788,64.0393083470311
2024-07-05 15:55:15,32.9055749197516,101.616327410135,101.077551606757,33.3776662972735,64.0397775664089
2024-07-05 15:55:20,29.8038417577516,106.787343365135,104.524895576757,33.3789031096677,64.0404994326495
2024-07-05 15:55:30,28.0806566677516,104.766486555135,103.177657703423,33.379270989342,64.0423757729981
2024-07-05 15:55:40,26.2425925717516,105.955225855135,103.97015057009,33.3792826958645,64.0423760638661
2024-07-05 15:56:05,22.4515853737516,86.8165231251348,86.8165231251348,33.3796010941314,64.0457968812944
2024-07-05 15:56:15,19.2349732057516,69.4014923801348,69.4014923801348,33.3799477075202,64.0466626287402
2024-07-05 15:56:25,18.8903361877516,72.2544667001348,72.2544667001348,33.3800508598536,64.0511286521736
2024-07-05 15:56:30,19.1200941997516,76.9499869351348,76.9499869351348,33.3801395278071,64.0515485750251
2024-07-05 15:56:40,19.0052151937516,77.1877347951348,77.1877347951348,33.3802483451432,64.0516944012099
2024-07-05 15:56:50,17.2820301037516,70.7685425751348,70.7685425751348,33.3804782936733,64.0554810868482
2024-07-05 15:56:55,17.0522720917516,65.1814678651348,65.1814678651348,33.3805653220576,64.0574852893792
2024-07-05 15:57:05,17.2820301037516,64.7654091101348,64.7654091101348,33.3805708040085,64.0581179969675
2024-07-05 15:57:15,18.4308201637516,68.0938791501348,68.0938791501348,33.3808575706159,64.0594118296213
2024-07-05 15:57:20,20.2688842597516,73.5620799301348,73.5620799301348,33.3810532389766,64.0623951769572
2024-07-05 15:57:30,20.1540052537516,74.9885670901348,74.9885670901348,33.3813187059222,64.0627348057225
2024-07-05 15:57:40,18.5456991697516,69.8175511351348,69.8175511351348,33.3819640430888,64.0672815115416
2024-07-05 15:57:45,17.3969091097516,65.3597787601348,65.3597787601348,33.3830228426983,64.0684396481298
2024-07-05 15:57:55,17.8564251337516,70.2336098901348,70.2336098901348,33.3830353195423,64.068697368401
2024-07-05 15:58:05,21.8771903437516,82.7748095051348,82.7748095051348,33.383392874391,64.0712054821441
2024-07-05 15:58:10,25.6681975417516,89.9666822701348,89.9666822701348,33.3843195786051,64.0717878342784
2024-07-05 15:58:20,26.8169876017516,87.0542709851348,87.0542709851348,33.3844964959732,64.0720900648178
2024-07-05 16:14:20,21.7623113377516,87.5297667051348,87.5297667051348,40.89,32.47656
2024-07-05 16:14:25,23.7152544397516,83.6663639801348,83.6663639801348,40.81,32.39648
2024-07-05 16:14:35,23.6003754337516,79.8029612551348,79.8029612551348,40.8,32.38281
2024-07-05 16:14:45,23.7152544397516,78.7330958851348,78.7330958851348,40.82,32.45898
2024-07-05 16:14:50,30.0335997697516,78.0792892701348,78.0792892701348,40.86,32.44922
2024-07-05 16:15:00,46.2315396157516,80.3973309051348,80.3973309051348,40.75,32.4668
2024-07-05 16:15:10,46.1166606097516,77.5443565851348,77.5443565851348,40.7,32.56348
2024-07-05 16:15:20,54.9623440717516,82.2398768201348,91.6039067862526,40.59,32.43066
2024-07-05 16:15:25,37.9602511837516,77.0094239001348,77.0094239001348,40.49,32.32324
2024-07-05 16:15:35,30.3782367877516,75.7018106701348,75.7018106701348,40.41,32.40527
2024-07-05 16:15:45,23.7152544397516,73.2648951051348,73.2648951051348,40.31,32.7373
2024-07-05 16:15:50,21.9920693497516,70.4119207851348,70.4119207851348,40.25,32.93359
2024-07-05 16:16:00,24.1747704637516,73.4432060001348,73.4432060001348,40.21,33.37012
2024-07-05 16:16:10,26.8169876017516,74.1564495801348,74.1564495801348,40.26,33.25977
2024-07-05 16:16:15,26.1277135657516,71.3034752601348,71.3034752601348,40.17,32.75195
2024-07-05 16:16:25,24.9789235057516,74.7508192301348,74.7508192301348,40.21,32.59277
2024-07-05 16:16:35,25.5533185357516,80.4567678701348,80.4567678701348,40.1,32.49707
2024-07-05 16:16:45,23.6003754337516,82.2398768201348,82.2398768201348,39.91,32.77148
2024-07-05 16:16:50,22.5664643797516,79.9812721501348,79.9812721501348,39.25,33.63867
2024-07-05 16:17:00,20.2688842597516,73.6809538601348,73.6809538601348,38.8,34.61719
2024-07-05 16:17:10,19.6944892297516,66.0730223401348,66.0730223401348,38.72,34.31152
2024-07-05 16:17:20,18.3159411577516,65.6569635851348,65.6569635851348,38.66,34.35645
2024-07-05 16:17:25,18.5456991697516,64.5870982151348,64.5870982151348,38.76,34.27637
2024-07-05 16:17:35,18.2010621517516,64.3493503551348,64.3493503551348,38.8,34.22949
2024-07-05 16:17:45,18.6605781757516,63.5766698101348,63.5766698101348,38.69,34.72168
2024-07-05 16:17:50,19.6944892297516,64.8248460751348,64.8248460751348,38.54,34.59766
2024-07-05 16:18:00,18.7754571817516,66.1324593051348,66.1324593051348,38.62,34.4541
2024-07-05 16:18:10,17.8564251337516,64.4087873201348,64.4087873201348,38.72,34.43652
2024-07-05 16:18:15,17.8564251337516,64.2304764251348,64.2304764251348,38.78,34.49023
2024-07-05 16:18:25,17.8564251337516,63.2794849851348,63.2794849851348,38.9,34.32422
2024-07-05 16:18:35,19.1200941997516,63.4577958801348,63.4577958801348,38.99,33.98145
2024-07-05 16:18:45,17.3969091097516,62.6256783701348,62.6256783701348,39.02,33.95898
2024-07-05 16:18:50,16.3629980557516,62.1501826501348,62.1501826501348,39.12,34.04102
2024-07-05 16:19:00,17.7415461277516,66.3107702001348,66.3107702001348,39.22,33.89941
2024-07-05 16:19:10,19.8093682357516,68.8665596951348,68.8665596951348,39.3,33.76758
2024-07-05 16:19:15,21.8771903437516,70.9468534701348,70.9468534701348,39.37,33.57129
2024-07-05 16:19:25,24.7491654937516,73.1460211751348,73.1460211751348,39.42,33.2998
2024-07-05 16:19:35,29.6889627517516,74.7508192301348,74.7508192301348,39.46,33.13965
2024-07-05 16:19:40,34.9733970277516,76.6528021101348,76.6528021101348,39.41,33.11133
2024-07-05 16:19:50,36.5817031117516,75.9395585301348,75.9395585301348,39.45,33.05176
2024-07-05 16:20:00,33.4799699497516,71.1846013301348,71.1846013301348,39.57,32.84766
2024-07-05 16:20:10,27.7360196497516,69.7581141701348,69.7581141701348,39.59,32.58691
2024-07-05 16:20:15,22.3367063677516,65.2409048301348,65.2409048301348,39.69,32.54297
2024-07-05 16:20:25,20.1540052537516,63.9927285651348,63.9927285651348,39.76,32.51074
2024-07-05 16:20:45,18.0861831457516,64.0521655301348,64.0521655301348,39.71,32.40625
2024-07-05 16:21:00,19.3498522117516,68.3910639751348,68.3910639751348,39.49,32.56738
2024-07-05 16:21:10,19.8093682357516,72.3733406301348,72.3733406301348,39.54,32.70801
2024-07-05 16:21:20,19.9242472417516,76.4744912151348,76.4744912151348,39.57,32.86035
2024-07-05 16:21:25,20.6135212777516,81.2294484151348,81.2294484151348,39.58,32.58594
2024-07-05 16:21:35,21.4176743197516,83.2503052251348,83.2503052251348,39.65,32.80371
2024-07-05 16:21:45,20.9581582957516,78.5547849901348,78.5547849901348,39.67,32.62988
2024-07-05 16:21:50,20.8432792897516,73.0271472451348,73.0271472451348,39.78,32.46191
2024-07-05 16:22:00,19.3498522117516,69.9364250651348,69.9364250651348,39.81,32.43848
2024-07-05 16:22:10,18.7754571817516,66.6079550251348,66.6079550251348,39.74,32.39648
2024-07-05 16:22:15,18.6605781757516,68.3910639751348,68.3910639751348,39.7,32.60742
2024-07-05 16:22:45,19.8093682357516,76.9499869351348,76.9499869351348,39.76,32.41113
2024-07-05 16:22:55,19.5796102237516,73.2648951051348,73.2648951051348,39.89,32.24414
2024-07-05 16:23:20,21.9920693497516,75.4640628101348,75.4640628101348,40.02,31.87695
2024-07-05 16:23:30,27.8508986557516,82.6559355751348,82.6559355751348,39.89,32.16895
2024-07-05 16:23:35,28.0806566677516,79.6246503601348,79.6246503601348,39.83,32.41602
2024-07-05 16:23:45,28.8848097097516,77.4254826551348,77.4254826551348,39.87,32.30566
2024-07-05 16:23:55,35.2031550397516,77.9604153401348,77.9604153401348,39.89,32.49512
2024-07-05 16:24:00,38.7644042257516,79.6246503601348,79.6246503601348,39.88,32.80762
2024-07-05 16:24:10,39.9131942857516,81.1700114501348,81.1700114501348,39.91,32.69629
2024-07-05 16:24:20,38.8792832317516,82.1804398551348,82.1804398551348,39.96,32.58691
2024-07-05 16:24:25,27.1616246197516,75.3451888801348,75.3451888801348,39.93,32.25977
2024-07-05 16:24:35,20.2688842597516,67.9750052201348,67.9750052201348,39.88,32.25586
2024-07-05 16:24:45,19.0052151937516,65.5380896551348,65.5380896551348,39.79,32.60059
2024-07-05 16:24:55,18.6605781757516,63.3983589151348,63.3983589151348,39.71,32.74512
2024-07-05 16:25:05,18.5456991697516,62.3879305101348,62.3879305101348,39.69,33.03125
2024-07-05 16:25:15,19.1200941997516,63.1606110551348,63.1606110551348,39.58,32.94824
2024-07-05 16:25:25,19.2349732057516,62.9228631951348,62.9228631951348,39.59,33.0
2024-07-05 16:25:30,19.2349732057516,63.1606110551348,63.1606110551348,39.5,33.19336
2024-07-05 16:25:40,19.1200941997516,63.1011740901348,63.1011740901348,39.4,33.31152
2024-07-05 16:25:50,19.0052151937516,64.4087873201348,64.4087873201348,39.23,34.32422
2024-07-05 16:26:00,20.7284002837516,67.1428877101348,67.1428877101348,39.19,34.5332
2024-07-05 16:26:05,20.9581582957516,67.6183834301348,67.6183834301348,39.18,34.58301
2024-07-05 16:26:25,26.4723505837516,71.8978449101348,71.8978449101348,39.07,34.84961
2024-07-05 16:26:35,26.3574715777516,72.2544667001348,72.2544667001348,38.94,34.91504
2024-07-05 16:26:45,26.0128345597516,73.3837690351348,73.3837690351348,38.87,35.08398
2024-07-05 16:26:50,20.3837632657516,70.8874165051348,70.8874165051348,38.86,35.1709
2024-07-05 16:27:00,19.6944892297516,68.2127530801348,68.2127530801348,38.76,35.33887
2024-07-05 16:27:10,19.0052151937516,66.4890810951348,66.4890810951348,38.82,35.35547
2024-07-05 16:27:15,20.3837632657516,67.4995095001348,67.4995095001348,38.84,35.31934
2024-07-05 16:27:25,21.5325533257516,68.4505009401348,68.4505009401348,38.87,35.22266
2024-07-05 16:27:35,22.5664643797516,69.9364250651348,69.9364250651348,38.64,35.46582
2024-07-05 16:27:40,23.7152544397516,70.1741729251348,70.1741729251348,38.49,35.79199
2024-07-05 16:28:05,21.1879163077516,70.1147359601348,70.1147359601348,38.59,35.77441
2024-07-05 16:28:15,22.3367063677516,72.7299624201348,72.7299624201348,38.52,35.79395
2024-07-05 16:28:20,22.1069483557516,69.8769881001348,69.8769881001348,38.54,35.8457
2024-07-05 16:28:30,23.6003754337516,70.6496686451348,70.6496686451348,38.53,36.00684
2024-07-05 16:29:00,26.8169876017516,74.6913822651348,74.6913822651348,38.49,36.15332
2024-07-05 16:29:05,26.9318666077516,74.5725083351348,74.5725083351348,38.51,36.12988
2024-07-05 16:29:15,27.0467456137516,72.7299624201348,72.7299624201348,38.5,36.1543
2024-07-05 16:29:25,26.0128345597516,70.8874165051348,70.8874165051348,38.5,36.09277
2024-07-05 16:29:35,26.4723505837516,70.7685425751348,70.7685425751348,38.6,35.9248
2024-07-05 16:29:40,26.4723505837516,70.2930468551348,70.2930468551348,38.72,35.89746
2024-07-05 16:29:50,27.1616246197516,70.1147359601348,70.1147359601348,38.84,35.81934
2024-07-05 16:30:00,29.5740837457516,74.1564495801348,74.1564495801348,39.0,35.58203
2024-07-05 16:30:05,29.2294467277516,75.0480040551348,75.0480040551348,39.14,35.08008
2024-07-05 16:30:15,27.9657776617516,74.6913822651348,74.6913822651348,39.2,35.18457
2024-07-05 16:30:25,24.0598914577516,71.6006600851348,71.6006600851348,39.12,34.86621
2024-07-05 16:30:30,21.1879163077516,66.4890810951348,66.4890810951348,38.97,35.2041
2024-07-05 16:30:40,23.0259804037516,67.7372573601348,67.7372573601348,38.9,35.1875
2024-07-05 16:30:50,23.7152544397516,65.7164005501348,65.7164005501348,38.71,35.37207
2024-07-05 16:30:55,24.4045284757516,65.4192157251348,65.4192157251348,38.58,35.71191
2024-07-05 16:31:05,23.6003754337516,65.0031569701348,65.0031569701348,38.42,35.86133
2024-07-05 16:31:15,21.9920693497516,65.2409048301348,65.2409048301348,38.19,36.16797
2024-07-05 16:31:20,21.3027953137516,64.6465351801348,64.6465351801348,38.26,36.09863
2024-07-05 16:31:30,21.0730373017516,68.1533161151348,68.1533161151348,38.29,36.1875
2024-07-05 16:31:40,19.9242472417516,68.5099379051348,68.5099379051348,38.3,36.07715
2024-07-05 16:31:50,19.2349732057516,67.7372573601348,67.7372573601348,38.33,36.1416
2024-07-05 16:31:55,20.2688842597516,68.5693748701348,68.5693748701348,38.46,35.97656
2024-07-05 16:32:05,20.0391262477516,66.1918962701348,66.1918962701348,38.6,35.75098
2024-07-05 16:32:15,21.0730373017516,66.2513332351348,66.2513332351348,38.75,35.41211
2024-07-05 16:32:20,20.3837632657516,65.1220309001348,65.1220309001348,38.8,35.29102
2024-07-05 16:32:30,20.1540052537516,65.4192157251348,65.4192157251348,38.87,35.32129
2024-07-05 16:32:40,20.6135212777516,65.0031569701348,65.0031569701348,39.02,35.14648
2024-07-05 16:32:45,21.5325533257516,68.1533161151348,68.1533161151348,39.05,35.08594
2024-07-05 16:32:55,22.4515853737516,67.9155682551348,67.9155682551348,39.05,35.03613
2024-07-05 16:33:05,24.2896494697516,67.5589464651348,67.5589464651348,38.97,35.00391
2024-07-05 16:33:10,26.0128345597516,66.7862659201348,66.7862659201348,38.84,35.11914
2024-07-05 16:33:20,25.5533185357516,66.0135853751348,66.0135853751348,38.84,35.09473
2024-07-05 16:33:30,26.5872295897516,66.8457028851348,66.8457028851348,38.9,35.48633
2024-07-05 16:33:35,24.8640444997516,66.5485180601348,66.5485180601348,38.84,35.38184
2024-07-05 16:33:45,24.8640444997516,66.2513332351348,66.2513332351348,38.67,35.38086
2024-07-05 16:33:55,24.8640444997516,66.3702071651348,66.3702071651348,38.43,35.84961
2024-07-05 16:34:05,23.4854964277516,64.4682242851348,64.4682242851348,38.23,36.18262
2024-07-05 16:34:10,22.6813433857516,65.0031569701348,65.0031569701348,38.15,36.17676
2024-07-05 16:34:20,21.9920693497516,65.2409048301348,65.2409048301348,38.29,35.97559
2024-07-05 16:34:30,21.9920693497516,67.5589464651348,67.5589464651348,38.4,35.82227
2024-07-05 16:34:35,22.4515853737516,69.9958620301348,69.9958620301348,38.49,35.8291
2024-07-05 16:34:45,22.5664643797516,70.2336098901348,70.2336098901348,38.63,35.70215
2024-07-05 16:34:55,21.9920693497516,69.8769881001348,69.8769881001348,38.66,35.58008
2024-07-05 16:35:00,24.5194074817516,71.8384079451348,71.8384079451348,38.65,35.4668
2024-07-05 16:35:50,24.5194074817516,65.9541484101348,65.9541484101348,37.96,36.0
2024-07-05 16:36:00,21.6474323317516,65.7758375151348,65.7758375151348,37.92,35.93457
2024-07-05 16:36:10,19.5796102237516,63.5172328451348,63.5172328451348,38.08,35.75977
2024-07-05 16:36:15,33.3650909437516,69.3420554151348,69.3420554151348,38.32,35.60449
2024-07-05 16:36:25,42.3256534117516,81.0511375201348,81.0511375201348,38.34,36.0791
2024-07-05 16:46:05,17.3969091097516,63.1011740901348,63.1011740901348,33.3851653211802,64.0721604270623
2024-07-05 16:46:15,17.5117881157516,63.5172328451348,63.5172328451348,33.3852080315219,64.0732527031949
2024-07-05 16:46:20,18.4308201637516,63.1606110551348,63.1606110551348,33.3866532913364,64.0753733141888
2024-07-05 16:46:30,18.4308201637516,63.8144176701348,63.8144176701348,33.3866989661844,64.0760917100602
2024-07-05 16:46:40,18.4308201637516,62.6851153351348,62.6851153351348,33.3868256890204,64.0763062882158
2024-07-05 16:46:45,17.9713041397516,61.3180651401348,61.3180651401348,33.3870842308113,64.0813319375052
2024-07-05 16:46:55,22.9111013977516,62.8039892651348,62.8039892651348,33.3878998726261,64.0823853822267
2024-07-05 16:47:05,26.9318666077516,65.0031569701348,65.0031569701348,33.3881904169464,64.0847697443832
2024-07-05 16:47:15,33.7097279617516,68.3316270101348,68.3316270101348,33.3902814950013,64.0925276875662
2024-07-05 16:47:20,33.8246069677516,68.8665596951348,68.8665596951348,33.3907601990275,64.0926895191036
2024-07-05 16:47:30,32.9055749197516,69.6986772051348,69.6986772051348,33.3908191104239,64.0958024908459
2024-07-05 16:47:40,25.2086815177516,66.6673919901348,66.6673919901348,33.3908855566684,64.0969077016523
2024-07-05 16:47:45,33.0204539257516,69.4014923801348,69.4014923801348,33.3916894193042,64.0975278179752
2024-07-05 16:47:55,33.0204539257516,67.9750052201348,67.9750052201348,33.3917728404804,64.1005848250213
2024-07-05 16:48:05,33.5948489557516,67.4995095001348,67.4995095001348,33.3921732061329,64.1015792536114
2024-07-05 16:48:10,34.3990019977516,69.9364250651348,69.9364250651348,33.3926748289024,64.1089710064679
2024-07-05 16:48:20,21.4176743197516,64.4682242851348,64.4682242851348,33.3927227929402,64.1091744091353
2024-07-05 16:48:30,21.7623113377516,64.7654091101348,64.7654091101348,33.3933441282093,64.1101191007615
2024-07-05 16:48:40,22.6813433857516,67.1428877101348,67.1428877101348,33.3934375328786,64.1102232916889
2024-07-05 16:48:45,24.0598914577516,66.7862659201348,66.7862659201348,33.3952284615764,64.1113084303676
2024-07-05 16:48:55,27.6211406437516,68.2721900451348,68.2721900451348,33.395253057209,64.1135889981025
2024-07-05 16:49:05,29.1145677217516,68.8071227301348,68.8071227301348,33.3954184340746,64.1143880963933
2024-07-05 16:49:10,30.7228738057516,69.8175511351348,69.8175511351348,33.3955534261836,64.1167736280091
2024-07-05 16:49:20,31.4121478417516,71.1251643651348,71.1251643651348,33.3969087573873,64.1173261753056
2024-07-05 16:49:30,31.4121478417516,71.5412231201348,71.5412231201348,33.3973692347512,64.1184645571278
2024-07-05 16:49:35,45.8869025977516,79.2085916051348,79.2085916051348,33.3981491794405,64.1238858571762
2024-07-05 16:49:45,99.1907613817516,105.420293170135,230.635871272505,33.3981543423995,64.1245384973879
2024-07-05 16:49:55,188.566616561851,153.385923925135,352.743551201424,33.3981781569467,64.124565687794
2024-07-05 16:50:00,248.878094711851,187.383867905135,399.136995932193,33.3985585025931,64.1254847200909
2024-07-05 16:50:10,240.951454785752,182.212851950135,393.039580604424,33.398617600323,64.1286309748397
2024-07-05 16:50:20,239.228269695752,181.440171405135,391.714053612117,33.4004893724722,64.1287589321558
2024-07-05 16:50:30,176.734101919652,146.431804963831,343.641616861271,33.401461650843,64.1305571578939
2024-07-05 16:50:40,139.857929505752,125.807172165135,315.27533038904,33.4042585539579,64.1325314401809
2024-07-05 16:50:50,103.211526591752,104.944797450135,244.038421972505,33.4054319387027,64.1342241412773
2024-07-05 16:50:55,77.2488712357516,90.3827410251348,157.496237452505,33.4057479191803,64.136395787399
2024-07-05 16:51:05,57.8343192217516,83.3097421901348,96.3905320362526,33.4060467151653,64.1365821385991
2024-07-05 16:51:15,46.2315396157516,78.6142219551348,78.6142219551348,33.4062428352628,64.1396507081968
2024-07-05 16:51:20,28.5401726917516,71.9572818751348,71.9572818751348,33.4071678710323,64.1397871022313
2024-07-05 16:51:30,27.1616246197516,71.7195340151348,71.7195340151348,33.407254166184,64.1438606888698
2024-07-05 16:51:40,25.0938025117516,67.1428877101348,67.1428877101348,33.407764677922,64.1441957001747
2024-07-05 16:51:45,22.6813433857516,65.3003417951348,65.3003417951348,33.4081830936428,64.1455266522012
2024-07-05 16:51:55,20.9581582957516,62.9823001601348,62.9823001601348,33.4083134222167,64.1504879361307
2024-07-05 16:52:05,20.4986422717516,62.6851153351348,62.6851153351348,33.4083680228893,64.1504920402179
2024-07-05 16:52:15,40.2578313037516,73.9781386851348,73.9781386851348,33.4083990376944,64.1509283446042
2024-07-05 16:52:20,79.2018143377516,96.3858744901348,164.006047792505,33.4089316723103,64.1531176601711
2024-07-05 16:52:30,111.253057011752,113.325409515135,270.843523372505,33.4104340073946,64.1533886023068
2024-07-05 16:52:40,122.281441587752,120.338971385135,301.754955067501,33.4110097107305,64.1543561159729
2024-07-05 16:52:45,132.275915109752,122.775886950135,309.443011622886,33.4112667951853,64.1559067134317
2024-07-05 16:52:55,96.6634232497516,101.913512235135,222.211410832505,33.4124158318426,64.1564309873515
2024-07-05 16:53:05,86.7838287337516,95.7915048401348,189.279429112505,33.4131930889396,64.1570809540504
2024-07-05 16:53:15,63.5782695217516,82.2398768201348,111.927565072505,33.4136445579615,64.1573212919704
2024-07-05 16:53:20,48.6439987417516,76.5339281801348,81.0733312362526,33.4136990815204,64.1595960548066
2024-07-05 16:53:30,49.1035147657516,79.8029612551348,81.8391912762526,33.4138217299939,64.1609868890598
2024-07-05 16:53:40,37.0412191357516,74.8696931601348,74.8696931601348,33.4138368969954,64.1610143034052
2024-07-05 16:53:45,42.0958953997516,77.1282978301348,77.1282978301348,33.4139437120649,64.1620483621466
2024-07-05 16:53:55,57.3748031977516,82.9531204001348,95.6246719962526,33.4140200435621,64.1622310325439
2024-07-05 16:54:05,68.0585507557516,88.7185060051348,126.861835852505,33.4146728354658,64.1678290529582
2024-07-05 16:54:10,73.6876220497516,93.2951523101348,145.625406832505,33.4149558309566,64.1721611256479
2024-07-05 16:54:20,55.4218600957516,85.0928511401348,92.3697668262526,33.4158178650922,64.175993732849
2024-07-05 16:54:30,40.3727103097516,77.9604153401348,77.9604153401348,33.4160658897043,64.1778754508997
2024-07-05 16:54:40,27.1616246197516,69.1043075551348,69.1043075551348,33.4165616606771,64.1809083874785
2024-07-05 16:54:45,25.8979555537516,66.8457028851348,66.8457028851348,33.4172857856792,64.1824415539221
2024-07-05 16:54:55,26.5872295897516,66.5485180601348,66.5485180601348,33.4183535287611,64.1834320064606
2024-07-05 16:55:05,26.0128345597516,64.2304764251348,64.2304764251348,33.4190037155399,64.1843212217816
2024-07-05 16:55:10,25.6681975417516,66.0730223401348,66.0730223401348,33.4205984481689,64.1880534545121
2024-07-05 16:55:20,24.6342864877516,67.4400725351348,67.4400725351348,33.4212974414281,64.188596480342
2024-07-05 16:55:30,24.1747704637516,68.0938791501348,68.0938791501348,33.4221127694491,64.1886661939951
2024-07-05 16:55:40,25.2086815177516,70.7685425751348,70.7685425751348,33.4222245038783,64.1892973693602
2024-07-05 16:55:45,29.4592047397516,72.7299624201348,72.7299624201348,33.4226957564098,64.1899758717553
2024-07-05 16:55:55,38.4197672077516,75.9989954951348,75.9989954951348,33.4227614128357,64.1906560088146
2024-07-05 16:56:05,42.5554114237516,78.0198523051348,78.0198523051348,33.4229945302637,64.1916067150028
2024-07-05 16:56:10,44.8529915437516,76.3556172851348,76.3556172851348,33.4230829246863,64.1964847265992
2024-07-05 16:56:20,62.5443584677516,87.1731449151348,108.481194892505,33.4242153411445,64.1970637277251
2024-07-05 16:56:30,79.0869353317516,96.7424962801348,163.623117772505,33.4251324704616,64.1978962504125
2024-07-05 16:56:35,85.7499176797516,99.1199748801348,185.833058932505,33.4251393379174,64.1998209805898
2024-07-05 16:56:45,87.0135867457516,98.7633530901348,190.045289152505,33.4254555425379,64.201665090386
2024-07-05 16:56:55,61.5104474137516,85.3900359651348,105.034824712505,33.4254693445362,64.2044191510257
2024-07-05 16:57:00,41.0619843457516,72.9677102801348,72.9677102801348,33.426384967393,64.2057657034413
2024-07-05 16:57:10,32.6758169077516,69.3420554151348,69.3420554151348,33.4267518152716,64.2075524258293
2024-07-05 16:57:20,34.2841229917516,70.1741729251348,70.1741729251348,33.4274393278979,64.2078136885825
2024-07-05 16:57:30,31.9865428717516,68.7476857651348,68.7476857651348,33.4277056150984,64.2080048354444
2024-07-05 16:57:35,34.0543649797516,67.5589464651348,67.5589464651348,33.4280736208132,64.2080367524485
2024-07-05 16:57:45,34.0543649797516,66.9051398501348,66.9051398501348,33.4289357861476,64.2105644380744
2024-07-05 16:57:55,30.3782367877516,65.6569635851348,65.6569635851348,33.4289639299407,64.2194472406775
2024-07-05 16:58:05,32.7906959137516,67.4400725351348,67.4400725351348,33.4294198730678,64.2216021215291
2024-07-05 16:58:10,48.2993617237516,76.9499869351348,80.4989362062526,33.4300172317184,64.2217879275985
2024-07-05 16:58:20,59.3277462997516,81.8832550301348,98.8795771662526,33.4304340888201,64.2233303794916
2024-07-05 16:58:30,54.0433120237516,77.5443565851348,90.0721867062526,33.4309553891253,64.224619258797
2024-07-05 16:58:35,62.0848424437516,81.2888853801348,106.949474812505,33.4310953228341,64.2252327311324
2024-07-05 16:58:45,49.4481517837516,74.6913822651348,82.4135863062526,33.4320141262031,64.2261607647879
2024-07-05 16:58:55,48.1844827177516,74.0375756501348,80.3074711962526,33.4321288564232,64.2274512361551
2024-07-05 16:59:10,47.8398456997516,75.3451888801348,79.7330761662526,33.4322387138452,64.2296914678181
2024-07-05 16:59:20,27.2765036257516,66.6079550251348,66.6079550251348,33.4323507102253,64.2300716216412
2024-07-05 16:59:25,33.4799699497516,69.6392402401348,69.6392402401348,33.4323836562688,64.2313410435794
2024-07-05 16:59:35,33.7097279617516,68.1533161151348,68.1533161151348,33.4328334373515,64.2327317155087
2024-07-05 16:59:45,34.5138810037516,68.3910639751348,68.3910639751348,33.4345933507235,64.2346299627896
2024-07-05 16:59:55,27.0467456137516,66.6673919901348,66.6673919901348,33.4350269510981,64.235324578443
2024-07-05 17:00:05,27.0467456137516,66.5485180601348,66.5485180601348,33.4356603554011,64.2354850207773
2024-07-05 17:00:10,25.8979555537516,64.5276612501348,64.5276612501348,33.4358577721176,64.2359934143263
2024-07-05 17:00:20,27.5062616377516,64.9437200051348,64.9437200051348,33.4362861314522,64.2364959501983
2024-07-05 17:00:25,26.3574715777516,63.2200480201348,63.2200480201348,33.436887640582,64.2367424053861
2024-07-05 17:00:35,23.8301334457516,64.2304764251348,64.2304764251348,33.4369025241712,64.2385452577145
2024-07-05 17:00:45,21.7623113377516,64.3493503551348,64.3493503551348,33.4372514291514,64.2389014272741
2024-07-05 17:00:55,22.3367063677516,65.5975266201348,65.5975266201348,33.4379356308144,64.239658200187
2024-07-05 17:01:00,26.1277135657516,68.3316270101348,68.3316270101348,33.438156257676,64.2397198983844
2024-07-05 17:01:10,31.7567848597516,67.6183834301348,67.6183834301348,33.4388994476382,64.2433708608529
2024-07-05 17:01:20,37.0412191357516,69.2826184501348,69.2826184501348,33.4399636227482,64.2446294272209
2024-07-05 17:01:25,47.4952086817516,73.4432060001348,79.1586811362526,33.4401721025585,64.2450979573607
2024-07-05 17:01:35,45.7720235917516,72.7299624201348,76.2867059862526,33.4411748947151,64.2553465977804
2024-07-05 17:01:45,36.8114611237516,69.9364250651348,69.9364250651348,33.441757555707,64.2614127898362
2024-07-05 17:01:50,27.1616246197516,66.7268289551348,66.7268289551348,33.4420854739777,64.2622359064121
2024-07-05 17:02:00,19.1200941997516,62.8634262301348,62.8634262301348,33.4426383733458,64.2678090126262
2024-07-05 17:02:10,16.3629980557516,60.6048215601348,60.6048215601348,33.4430252525759,64.2682181673414
2024-07-05 17:02:15,15.4439660077516,58.9405865401348,58.9405865401348,33.4432129059479,64.2691265341642
2024-07-05 17:02:25,15.4439660077516,60.0698888751348,60.0698888751348,33.4438308206069,64.2746011079567
2024-07-05 17:02:35,16.4778770617516,61.3775021051348,61.3775021051348,33.4444305016717,64.275045838676
2024-07-05 17:02:40,17.1671510977516,61.8529978251348,61.8529978251348,33.4449092160609,64.2772118735474
2024-07-05 17:02:50,16.8225140797516,60.5453845951348,60.5453845951348,33.445036669621,64.2772377962753
2024-07-05 17:03:00,16.9373930857516,60.0698888751348,60.0698888751348,33.4452430747456,64.2773672891101
2024-07-05 17:03:05,17.0522720917516,60.3670737001348,60.3670737001348,33.445292149624,64.2778956242598
2024-07-05 17:03:15,17.1671510977516,60.7831324551348,60.7831324551348,33.4467446062859,64.2781423752952
2024-07-05 17:03:25,32.6758169077516,69.7581141701348,69.7581141701348,33.4467940489052,64.2784962161272
2024-07-05 17:03:30,49.6779097957516,77.9604153401348,82.7965163262526,33.4478285269469,64.279740434328
2024-07-05 17:03:40,59.5575043117516,82.9531204001348,99.2625071862526,33.4497174193575,64.2804811429248
2024-07-05 17:03:50,62.0848424437516,85.6277838251348,106.949474812505,33.4498035092431,64.2852766870852
2024-07-05 17:03:55,43.0149274477516,75.2857519151348,75.2857519151348,33.4509508274493,64.2875276354713
2024-07-05 17:04:05,37.8453721777516,72.3139036651348,72.3139036651348,33.4511677052936,64.2884823616559
2024-07-05 17:04:15,40.0280732917516,73.6809538601348,73.6809538601348,33.4514468140101,64.292922148474
2024-07-05 17:04:20,40.4875893157516,74.0970126151348,74.0970126151348,33.4517763138985,64.2940097801249
2024-07-05 17:04:30,42.7851694357516,75.5829367401348,75.5829367401348,33.4517765212194,64.2990395948696
2024-07-05 17:04:40,37.2709771477516,74.1564495801348,74.1564495801348,33.4519180924984,64.299754754322
2024-07-05 17:04:45,34.3990019977516,71.3629122251348,71.3629122251348,33.4526201464861,64.300381240757
2024-07-05 17:04:55,34.2841229917516,70.8874165051348,70.8874165051348,33.4533469400166,64.301290162579
2024-07-05 17:05:05,33.0204539257516,67.8561312901348,67.8561312901348,33.4538425258912,64.301972398078
2024-07-05 17:05:10,29.8038417577516,66.0730223401348,66.0730223401348,33.4550093187426,64.3024612627905
2024-07-05 17:05:20,24.8640444997516,64.2899133901348,64.2899133901348,33.4558560631014,64.3036693847646
2024-07-05 17:05:30,21.4176743197516,61.4963760351348,61.4963760351348,33.4566204624146,64.3040040573925
2024-07-05 17:05:40,18.5456991697516,60.9020063851348,60.9020063851348,33.4569550954239,64.3067112869655
2024-07-05 17:05:45,18.7754571817516,62.0907456851348,62.0907456851348,33.458010473289,64.3069962256779
2024-07-05 17:05:55,16.8225140797516,60.4265106651348,60.4265106651348,33.4586765551942,64.3076711949553
2024-07-05 17:06:05,17.1671510977516,61.3180651401348,61.3180651401348,33.4590615386944,64.308277886217
2024-07-05 17:06:10,20.1540052537516,60.9020063851348,60.9020063851348,33.4596028029557,64.3156138949495
2024-07-05 17:06:20,20.1540052537516,62.6256783701348,62.6256783701348,33.4596530549919,64.3159054228289
2024-07-05 17:06:30,20.9581582957516,63.4577958801348,63.4577958801348,33.4600383785133,64.3235079743792
2024-07-05 17:06:35,21.4176743197516,64.4682242851348,64.4682242851348,33.4600759547735,64.3235973162873
2024-07-05 17:06:45,19.4647312177516,64.7654091101348,64.7654091101348,33.4605643974232,64.3251112876362
2024-07-05 17:06:55,19.3498522117516,65.3597787601348,65.3597787601348,33.4607912629289,64.326885965859
2024-07-05 17:07:05,18.2010621517516,63.1011740901348,63.1011740901348,33.4608302665802,64.3283062340712
2024-07-05 17:07:10,17.2820301037516,63.2200480201348,63.2200480201348,33.4613890203721,64.3348441008731
2024-07-05 17:07:20,21.5325533257516,63.8144176701348,63.8144176701348,33.4615273637397,64.3352312337635
2024-07-05 17:07:30,21.1879163077516,63.2200480201348,63.2200480201348,33.4616543339072,64.3367992372693
2024-07-05 17:07:35,20.6135212777516,61.9124347901348,61.9124347901348,33.4620406242995,64.3392787295079
2024-07-05 17:07:45,20.3837632657516,61.4963760351348,61.4963760351348,33.4622305540943,64.3404882706279
2024-07-05 17:07:55,17.3969091097516,59.6538301201348,59.6538301201348,33.4625151445403,64.3405142434388
2024-07-05 17:08:00,17.3969091097516,59.3566452951348,59.3566452951348,33.462526326042,64.341732137757
2024-07-05 17:08:10,17.6266671217516,60.0698888751348,60.0698888751348,33.4626029720824,64.3422669579044
2024-07-05 17:08:20,19.6944892297516,62.7445523001348,62.7445523001348,33.4627798318947,64.3427909229022
2024-07-05 17:08:25,26.0128345597516,67.7966943251348,67.7966943251348,33.4637382571412,64.3442875965153
2024-07-05 17:08:35,28.1955356737516,68.3316270101348,68.3316270101348,33.4638865853404,64.348689291974
2024-07-05 17:08:45,27.8508986557516,66.9051398501348,66.9051398501348,33.4639107774111,64.3511251889404
2024-07-05 17:08:55,23.9450124517516,65.0625939351348,65.0625939351348,33.4639460300241,64.355831241225
2024-07-05 17:09:00,23.0259804037516,64.5276612501348,64.5276612501348,33.4641734507796,64.3579116547094
2024-07-05 17:09:10,23.9450124517516,66.3702071651348,66.3702071651348,33.4643088347151,64.358145833618
2024-07-05 17:09:20,25.8979555537516,66.4296441301348,66.4296441301348,33.4644125283533,64.3586411010651
2024-07-05 17:09:25,21.1879163077516,62.6256783701348,62.6256783701348,33.4654506576748,64.3591278626099
2024-07-05 17:09:35,19.8093682357516,61.0208803151348,61.0208803151348,33.4680406282902,64.369424436812
2024-07-05 17:09:45,18.8903361877516,59.8915779801348,59.8915779801348,33.4693374839108,64.3711367783425
2024-07-05 17:09:55,18.3159411577516,61.8529978251348,61.8529978251348,33.4701279422884,64.3722601516505
2024-07-05 17:10:00,20.2688842597516,61.6152499651348,61.6152499651348,33.4714176974079,64.3726138407155
2024-07-05 17:10:10,20.7284002837516,62.3284935451348,62.3284935451348,33.471623124881,64.3726482084827
2024-07-05 17:10:20,20.6135212777516,63.2200480201348,63.2200480201348,33.4725165996403,64.3750903152509
2024-07-05 17:10:30,20.0391262477516,61.9124347901348,61.9124347901348,33.473053174448,64.3756258989617
2024-07-05 17:10:35,17.8564251337516,61.6746869301348,61.6746869301348,33.4733724979289,64.3785861379606
2024-07-05 17:10:45,17.8564251337516,61.6152499651348,61.6152499651348,33.4740565275341,64.3788418653161
2024-07-05 17:10:55,17.1671510977516,60.7831324551348,60.7831324551348,33.4742123300502,64.3810930935334
2024-07-05 17:11:00,19.8093682357516,64.5276612501348,64.5276612501348,33.4744667163164,64.3837836489044
2024-07-05 17:11:10,18.4308201637516,64.2304764251348,64.2304764251348,33.4748698294939,64.3844173256463
2024-07-05 17:11:20,18.2010621517516,63.1606110551348,63.1606110551348,33.4768875173077,64.3850987925736
2024-07-05 17:11:25,17.3969091097516,63.6955437401348,63.6955437401348,33.4772595385668,64.3857264229045
2024-07-05 17:11:35,14.9844499837516,60.4265106651348,60.4265106651348,33.4776909748028,64.3869078689619
2024-07-05 17:11:45,14.9844499837516,60.4265106651348,60.4265106651348,33.4781591527846,64.3874541695336
2024-07-05 17:11:50,22.5664643797516,63.5172328451348,63.5172328451348,33.4783298317767,64.3914118645528
2024-07-05 17:12:00,33.7097279617516,67.3211986051348,67.3211986051348,33.4784735416987,64.3925702278368
2024-07-05 17:12:10,37.8453721777516,68.8071227301348,68.8071227301348,33.4787800218415,64.3938489333871
2024-07-05 17:12:15,44.8529915437516,71.3629122251348,74.7549859062526,33.4788339519798,64.3945490110709
2024-07-05 17:12:25,43.9339594957516,71.6600970501348,73.2232658262526,33.4791569236125,64.395029007307
2024-07-05 17:12:35,51.1713368737516,75.0480040551348,85.2855614562526,33.4794813190163,64.3988960517926
2024-07-05 17:12:45,54.2730700357516,77.3066087251348,90.4551167262526,33.4799425802978,64.399646246199
2024-07-05 17:12:50,55.1921020837516,77.3066087251348,91.9868368062526,33.4802661466471,64.400118350345
2024-07-05 17:13:00,54.6177070537516,77.0094239001348,91.0295117562526,33.4805754486123,64.4002769560551
2024-07-05 17:13:10,50.4820628377516,74.6913822651348,84.1367713962526,33.4822196579337,64.4029892898917
2024-07-05 17:13:20,64.1526645517516,82.5370616451348,113.842215172505,33.4832101048959,64.4046111892959
2024-07-05 17:13:30,63.6931485277516,82.2398768201348,112.310495092505,33.4841117277554,64.406903207927
2024-07-05 17:13:40,57.4896822037516,79.9812721501348,95.8161370062526,33.4843605196694,64.4070319519012
2024-07-05 17:13:50,46.3464186217516,75.8206846001348,77.2440310362526,33.4848073590704,64.4073723665
2024-07-05 17:14:00,52.0903689217516,80.3378939401348,86.8172815362526,33.4852376585913,64.4111607165005
2024-07-05 17:14:05,55.6516181077516,83.4286161201348,92.7526968462526,33.4857221605469,64.411326867943
2024-07-05 17:14:15,60.8211733777516,86.1032795451348,102.737244592505,33.4858537667746,64.4139870616696
2024-07-05 17:14:25,52.6647639517516,81.2294484151348,87.7746065862526,33.486315231777,64.4156469625182
2024-07-05 17:14:35,51.9754899157516,78.8519698151348,86.6258165262526,33.4863201268633,64.4174650505972
2024-07-05 17:14:40,44.8529915437516,73.5620799301348,74.7549859062526,33.4871127581237,64.4175151063854
2024-07-05 17:14:50,41.9810163937516,71.6006600851348,71.6006600851348,33.488427902392,64.4186387953747
2024-07-05 17:15:00,37.2709771477516,68.8071227301348,68.8071227301348,33.4887062253716,64.4198011391201
2024-07-05 17:15:10,33.7097279617516,66.9645768151348,66.9645768151348,33.4888277544792,64.424088088765
2024-07-05 17:15:15,35.0882760337516,65.6569635851348,65.6569635851348,33.4897570292007,64.4241013554768
2024-07-05 17:15:25,37.9602511837516,73.1460211751348,73.1460211751348,33.4898546834364,64.4259702319173
2024-07-05 17:15:35,78.6274193077516,90.9176737101348,162.091397692505,33.4903117781068,64.4270579780929
2024-07-05 17:15:45,118.490434389752,120.695593175135,294.968114632505,33.4909963648807,64.4278766582302
2024-07-05 17:15:50,167.428890945752,142.449516421438,336.483762265963,33.4921276468218,64.4294601600403
2024-07-05 17:16:00,219.583948181851,172.762368571438,376.603037062962,33.492931228986,64.4301920520505
2024-07-05 17:16:10,177.193606455752,147.501658446438,343.99508188904,33.4931811533417,64.4307303634897
2024-07-05 17:16:20,145.257242787752,130.205507575135,319.42864829827,33.4938785351311,64.4310995888012
2024-07-05 17:16:25,94.9402381597516,105.479730135135,216.467460532505,33.4938805656747,64.4332583181315
2024-07-05 17:16:35,61.1658103957516,85.1522881051348,103.886034652505,33.4940938492845,64.4360783645433
2024-07-05 17:16:45,47.9547247057516,78.1387262351348,79.9245411762526,33.4949596970742,64.4387639984577
2024-07-05 17:16:55,44.6232335317516,75.5829367401348,75.5829367401348,33.4953461073297,64.4395258890718
2024-07-05 17:17:00,20.2688842597516,64.8842830401348,64.8842830401348,33.495606748084,64.4417343949284
2024-07-05 17:17:10,19.0052151937516,65.3597787601348,65.3597787601348,33.4958714134587,64.4423325555185
2024-07-05 17:17:20,37.5007351597516,70.7685425751348,70.7685425751348,33.4967283628691,64.4455470434662
2024-07-05 17:17:25,55.1921020837516,78.6142219551348,91.9868368062526,33.4978530408347,64.4490869185652
2024-07-05 17:17:35,62.8889954857516,85.4494729301348,109.629984952505,33.4989815378662,64.4499237805625
2024-07-05 17:17:45,73.6876220497516,89.4911865501348,145.625406832505,33.4993577498056,64.451095662236
2024-07-05 17:17:55,47.3803296757516,79.3869025001348,79.3869025001348,33.4997890870933,64.451466323219
2024-07-05 17:18:00,37.2709771477516,74.3347604751348,74.3347604751348,33.5009598834826,64.455258280244
2024-07-05 17:18:10,28.3104146797516,68.8665596951348,68.8665596951348,33.5038591161407,64.4554306690616
2024-07-05 17:18:20,22.9111013977516,67.0240137801348,67.0240137801348,33.505084848664,64.4564918046581
2024-07-05 17:18:25,18.8903361877516,66.1324593051348,66.1324593051348,33.5060621088443,64.4605679738438
2024-07-05 17:18:35,18.5456991697516,64.7654091101348,64.7654091101348,33.5063451743327,64.4642092057179
2024-07-05 17:18:45,19.0052151937516,62.7445523001348,62.7445523001348,33.5064918427707,64.4657894723538
2024-07-05 17:18:55,20.6135212777516,64.5870982151348,64.5870982151348,33.506730300282,64.4658848582874
2024-07-05 17:19:00,27.8508986557516,67.7372573601348,67.7372573601348,33.5069953327889,64.4659322548025
2024-07-05 17:19:10,34.9733970277516,71.3034752601348,71.3034752601348,33.5088625288796,64.4669711724643
2024-07-05 17:19:20,86.5540707217516,96.9802441401348,188.513569072505,33.5095408841459,64.4686088607355
2024-07-05 17:19:25,107.462049813752,109.521443755135,258.206832712505,33.5102248395783,64.4721813481678
2024-07-05 17:19:35,103.441284603752,108.570452315135,244.804282012505,33.5102392773131,64.4734160225811
2024-07-05 17:19:45,74.9512911157516,95.7915048401348,149.837637052505,33.5112487326669,64.476701545928
2024-07-05 17:19:55,44.9678705497516,78.7330958851348,78.7330958851348,33.5113123862846,64.4795106494704
2024-07-05 17:20:00,49.3332727777516,80.2190200101348,82.2221212962526,33.5115195522365,64.4806680154895
2024-07-05 17:20:10,63.8080275337516,84.2012966651348,112.693425112505,33.5121468244711,64.4825723656439
2024-07-05 17:20:20,69.7817358457516,89.9072453051348,132.605786152505,33.5126183032919,64.4873485285908
2024-07-05 17:20:25,66.7948816897516,90.1449931651348,122.649605632505,33.5129487924391,64.4911735692179
2024-07-05 17:20:35,57.9491982277516,87.1137079501348,96.5819970462526,33.5131203832183,64.4919283147592
2024-07-05 17:20:45,54.7325860597516,86.8759600901348,91.2209767662526,33.5141775846433,64.4940563527992
2024-07-05 17:20:50,52.6647639517516,84.8551032801348,87.7746065862526,33.5148874571373,64.4964462852825
2024-07-05 17:21:00,57.2599241917516,85.4494729301348,95.4332069862526,33.5152793557896,64.4986806188386
2024-07-05 17:21:10,46.9208136517516,80.9917005551348,80.9917005551348,33.5152960276077,64.5002170443187
2024-07-05 17:21:15,40.9471053397516,73.9187017201348,73.9187017201348,33.5152985740958,64.5005687736183
2024-07-05 17:21:25,37.5007351597516,71.7195340151348,71.7195340151348,33.5160605648181,64.5025184939846
2024-07-05 17:21:35,40.3727103097516,75.5829367401348,75.5829367401348,33.5168372138455,64.5039164004527
2024-07-05 17:21:45,32.7906959137516,71.6600970501348,71.6600970501348,33.5177389621994,64.5065013398372
2024-07-05 17:21:50,29.6889627517516,69.4014923801348,69.4014923801348,33.5190888152554,64.5078033816909
2024-07-05 17:22:00,20.1540052537516,66.4890810951348,66.4890810951348,33.5197521744047,64.5089286208729
2024-07-05 17:22:10,16.8225140797516,65.1220309001348,65.1220309001348,33.5199067227269,64.5092530204603
2024-07-05 17:22:15,17.3969091097516,66.4890810951348,66.4890810951348,33.520787558184,64.5093451067119
2024-07-05 17:22:25,17.7415461277516,64.2304764251348,64.2304764251348,33.5222314336894,64.5139279623418
2024-07-05 17:22:35,18.8903361877516,63.8738546351348,63.8738546351348,33.5223484859772,64.5176444489889
2024-07-05 17:22:40,19.5796102237516,63.9927285651348,63.9927285651348,33.5224450972127,64.5182890348391
2024-07-05 17:22:50,20.3837632657516,64.2899133901348,64.2899133901348,33.5233548116053,64.5204010125351
2024-07-05 17:23:00,20.3837632657516,64.8842830401348,64.8842830401348,33.5254616506044,64.5253137195542
2024-07-05 17:23:05,61.9699634377516,91.2148585351348,106.566544792505,33.5255460680556,64.5259176025788
2024-07-05 17:23:15,105.738864723752,119.209669050135,252.462882412505,33.5267719829916,64.5300200010311
2024-07-05 17:23:25,121.936804569752,128.660146485135,301.48984966904,33.5267752075426,64.5307225955252
2024-07-05 17:23:30,132.161036103752,136.386951935135,309.354643156732,33.5272295087946,64.5316340701059
2024-07-05 17:23:40,68.2883087677516,95.0782612601348,127.627695892505,33.527806936873,64.532764837962
2024-07-05 17:23:50,44.3934755197516,79.9812721501348,79.9812721501348,33.5281822843194,64.5375163582442
2024-07-05 17:24:00,48.4142407297516,78.7925328501348,80.6904012162526,33.5312710841199,64.5410578299267
2024-07-05 17:24:10,55.8813761197516,79.9218351851348,93.1356268662526,33.5313153925633,64.5417461389827
2024-07-05 17:24:15,68.0585507557516,88.1241363551348,126.861835852505,33.5316346742651,64.5421917605747
2024-07-05 17:24:25,69.4370988277516,88.8373799351348,131.456996092505,33.5325538996425,64.5449209889392
2024-07-05 17:24:35,77.1339922297516,90.6204888851348,157.113307432505,33.5329071420282,64.5450794526468
2024-07-05 17:24:40,76.5595971997516,89.6100604801348,155.198657332505,33.5355473943365,64.5452504753907
2024-07-05 17:24:50,71.1602839177516,86.2815904401348,137.200946392505,33.5360715223313,64.5469571297289
2024-07-05 17:25:00,101.028825477752,114.930207570135,236.762751592505,33.5360830302204,64.5471936520983
2024-07-05 17:25:05,112.057210053752,136.030336088831,273.524033512505,33.5372906815568,64.5478671484173
2024-07-05 17:25:15,155.940990345752,153.623671785135,327.646915650578,33.5373810532386,64.5496394466209
2024-07-05 17:25:25,169.266966529652,175.793659730135,337.897666561271,33.5376917306402,64.5544778043633
2024-07-05 17:25:30,171.909160691851,160.815544550135,339.930123609116,33.5378611614912,64.5557697738649
2024-07-05 17:25:40,152.264862153752,154.871848050135,324.819124733655,33.5381177789993,64.5581372984689
2024-07-05 17:25:50,104.245437645752,128.957331310135,247.484792152505,33.5384400047065,64.5585355442216
2024-07-05 17:25:55,64.1526645517516,94.8999503651348,113.842215172505,33.5404212614099,64.5612582241551
2024-07-05 17:26:05,33.5948489557516,73.5026429651348,73.5026429651348,33.5407913520888,64.5612791623176
2024-07-05 17:26:15,38.7644042257516,73.5026429651348,73.5026429651348,33.5422782749087,64.5613508872294
2024-07-05 17:26:25,37.0412191357516,70.5307947151348,70.5307947151348,33.542658965527,64.5613758943493
2024-07-05 17:26:30,52.2052479277516,75.3451888801348,87.0087465462526,33.5434691753478,64.564384932416
2024-07-05 17:26:40,58.2938352457516,78.6736589201348,97.1563920762526,33.5435188464481,64.5718096649819
2024-07-05 17:26:50,57.6045612097516,78.6142219551348,96.0076020162526,33.5450533458035,64.575919666898
2024-07-05 17:27:00,57.6045612097516,78.7330958851348,96.0076020162526,33.5453732963002,64.5771934839735
2024-07-05 17:27:05,43.5893224777516,76.1178694251348,76.1178694251348,33.5459988793383,64.5782353158054
2024-07-05 17:27:15,38.1900091957516,72.9677102801348,72.9677102801348,33.5463470288358,64.5785615177074
2024-07-05 17:27:25,33.5948489557516,74.8102561951348,74.8102561951348,33.5466507316449,64.579697959131
2024-07-05 17:27:30,35.7775500697516,76.3556172851348,76.3556172851348,33.5468230457795,64.581817309567
2024-07-05 17:27:40,33.3650909437516,78.0198523051348,78.0198523051348,33.5473675796677,64.5832636082935
2024-07-05 17:27:50,31.4121478417516,75.2263149501348,75.2263149501348,33.5480162601308,64.5846175133844
2024-07-05 17:28:00,28.9996887157516,70.5902316801348,70.5902316801348,33.548469137406,64.5884793400112
2024-07-05 17:28:05,23.4854964277516,69.7581141701348,69.7581141701348,33.5485361610565,64.5889344449117
2024-07-05 17:28:15,20.9581582957516,67.7372573601348,67.7372573601348,33.5486160937338,64.5891784171603
2024-07-05 17:28:25,19.4647312177516,65.7758375151348,65.7758375151348,33.5495815285842,64.5904686176358
2024-07-05 17:28:35,17.9713041397516,64.7654091101348,64.7654091101348,33.5498282096448,64.5905974731407
2024-07-05 17:28:45,17.8564251337516,64.5276612501348,64.5276612501348,33.5500445681895,64.5941174839537
2024-07-05 17:28:50,18.5456991697516,64.7654091101348,64.7654091101348,33.5504240159199,64.5964372492515
2024-07-05 17:29:00,20.7284002837516,66.4890810951348,66.4890810951348,33.5504491938706,64.5967268708468
2024-07-05 17:29:10,20.7284002837516,64.5276612501348,64.5276612501348,33.5513357844796,64.5995092167399
2024-07-05 17:29:20,21.9920693497516,65.1220309001348,65.1220309001348,33.5514268522467,64.599655890323
2024-07-05 17:29:25,21.4176743197516,64.3493503551348,64.3493503551348,33.5520094976196,64.6003566758669
2024-07-05 17:29:35,28.4252936857516,68.9259966601348,68.9259966601348,33.5536847351087,64.6003726631379
2024-07-05 17:29:45,35.7775500697516,73.8592647551348,73.8592647551348,33.5537119953567,64.6024837040333
2024-07-05 17:29:55,40.0280732917516,74.9291301251348,74.9291301251348,33.5540962894364,64.6032723933209
2024-07-05 17:30:00,37.1560981417516,73.3837690351348,73.3837690351348,33.5550453418234,64.603524818237
2024-07-05 17:30:10,31.1823898297516,70.1741729251348,70.1741729251348,33.5553237637622,64.6038396704115
2024-07-05 17:30:20,27.0467456137516,68.2127530801348,68.2127530801348,33.556849564829,64.6040146487714
2024-07-05 17:30:30,24.5194074817516,65.5380896551348,65.5380896551348,33.557755675491,64.6040308652408
2024-07-05 17:30:35,22.6813433857516,65.0625939351348,65.0625939351348,33.5591500217964,64.6062582208808
2024-07-05 17:30:45,21.6474323317516,65.7164005501348,65.7164005501348,33.559471146994,64.608753223923
2024-07-05 17:30:55,22.6813433857516,67.0240137801348,67.0240137801348,33.5597623601609,64.6092502210735
2024-07-05 17:31:05,28.0806566677516,69.8769881001348,69.8769881001348,33.5600466137127,64.6127949591472
2024-07-05 17:31:10,33.7097279617516,71.7195340151348,71.7195340151348,33.5616257557917,64.6133094096744
2024-07-05 17:31:20,34.2841229917516,70.4713577501348,70.4713577501348,33.5617956590369,64.6208541964406
2024-07-05 17:31:30,30.0335997697516,68.5099379051348,68.5099379051348,33.5619847239112,64.6241359464165
2024-07-05 17:31:40,23.1408594097516,64.1710394601348,64.1710394601348,33.5623025235063,64.6256795703197
2024-07-05 17:31:45,19.6944892297516,65.0625939351348,65.0625939351348,33.5630877509184,64.6259817901303
2024-07-05 17:31:55,22.7962223917516,67.7372573601348,67.7372573601348,33.5632293213216,64.6295784744048
2024-07-05 17:32:05,24.8640444997516,68.6288118351348,68.6288118351348,33.5634958216487,64.6299517789773
2024-07-05 17:32:15,26.1277135657516,67.3806355701348,67.3806355701348,33.5639173964536,64.6308017941791
2024-07-05 17:32:20,25.4384395297516,66.8457028851348,66.8457028851348,33.5646870493285,64.6327926832294
2024-07-05 17:32:30,23.4854964277516,67.3806355701348,67.3806355701348,33.5656758841561,64.6360281587382
2024-07-05 17:32:45,22.3367063677516,68.7476857651348,68.7476857651348,33.5695449117944,64.6369433963581
2024-07-05 17:32:55,24.6342864877516,70.7091056101348,70.7091056101348,33.569801036336,64.6373841722967
2024-07-05 17:33:00,25.0938025117516,69.2231814851348,69.2231814851348,33.5700024365505,64.6432437871547
2024-07-05 17:33:10,24.5194074817516,69.3420554151348,69.3420554151348,33.5702069076176,64.6444250233077
2024-07-05 17:33:20,21.6474323317516,68.5693748701348,68.5693748701348,33.5704434522088,64.6463343468108
2024-07-05 17:33:30,21.0730373017516,68.0344421851348,68.0344421851348,33.5704836104708,64.6471611578229
2024-07-05 17:33:40,21.6474323317516,72.1355927701348,72.1355927701348,33.5705105655762,64.6480834200744
2024-07-05 17:33:45,21.5325533257516,72.4327775951348,72.4327775951348,33.5712158217507,64.6499151602831
2024-07-05 17:33:55,20.9581582957516,71.6600970501348,71.6600970501348,33.5712346658999,64.6568422242033
2024-07-05 17:34:05,19.6944892297516,67.9155682551348,67.9155682551348,33.572501053199,64.6668904495083
2024-07-05 17:34:15,19.3498522117516,66.4890810951348,66.4890810951348,33.5733169042898,64.6688062485906
2024-07-05 17:34:20,19.8093682357516,66.8457028851348,66.8457028851348,33.5734973770459,64.6695734400886
2024-07-05 17:34:30,20.9581582957516,69.6986772051348,69.6986772051348,33.5736783475405,64.673214568311
2024-07-05 17:34:40,20.7284002837516,74.2753235101348,74.2753235101348,33.5737814958338,64.6770865604407
2024-07-05 17:34:45,19.8093682357516,72.6110884901348,72.6110884901348,33.5747173566111,64.6781003239602
2024-07-05 17:34:55,17.7415461277516,70.2930468551348,70.2930468551348,33.5753081794267,64.6809578420445
2024-07-05 17:35:05,16.7076350737516,68.2127530801348,68.2127530801348,33.5753327984976,64.6820384332334
2024-07-05 17:35:10,16.8225140797516,64.6465351801348,64.6465351801348,33.5757606801363,64.6873292809097
2024-07-05 17:35:20,16.4778770617516,65.7758375151348,65.7758375151348,33.5760802048965,64.6898645300844
2024-07-05 17:35:30,17.8564251337516,67.3806355701348,67.3806355701348,33.5763349090481,64.6907210534281
2024-07-05 17:35:35,17.0522720917516,66.5485180601348,66.5485180601348,33.57633985005,64.69175509346
2024-07-05 17:35:45,18.3159411577516,66.3702071651348,66.3702071651348,33.5783062930992,64.6919137815586
2024-07-05 17:35:55,22.2218273617516,68.1533161151348,68.1533161151348,33.5790347854566,64.6987890620405
2024-07-05 17:36:00,23.1408594097516,69.5798032751348,69.5798032751348,33.5797433455534,64.6997580385545
2024-07-05 17:36:10,24.1747704637516,69.9364250651348,69.9364250651348,33.5798998338261,64.7007673368541
2024-07-05 17:36:20,20.0391262477516,69.8769881001348,69.8769881001348,33.5804494988831,64.7015934407902
2024-07-05 17:36:30,17.5117881157516,65.2409048301348,65.2409048301348,33.5807213803308,64.7029943241235
2024-07-05 17:36:35,16.0183610377516,63.2794849851348,63.2794849851348,33.5814340203725,64.7067775897931
2024-07-05 17:36:45,15.3290870017516,62.4473674751348,62.4473674751348,33.5832965025823,64.7088697862199
2024-07-05 17:36:55,15.4439660077516,64.0521655301348,64.0521655301348,33.5840088172301,64.7096975057008
2024-07-05 17:37:00,16.0183610377516,65.9541484101348,65.9541484101348,33.5854005097928,64.7119272084591
2024-07-05 17:37:10,16.3629980557516,64.8248460751348,64.8248460751348,33.5857913255808,64.7142827255138
2024-07-05 17:37:20,18.3159411577516,66.6079550251348,66.6079550251348,33.5865953206065,64.7156674298477
2024-07-05 17:37:25,19.9242472417516,67.6778203951348,67.6778203951348,33.5869117286569,64.7195860821511
2024-07-05 17:37:35,20.4986422717516,69.6392402401348,69.6392402401348,33.5880386096855,64.7204106379547
2024-07-05 17:37:45,19.8093682357516,73.0271472451348,73.0271472451348,33.5882254770269,64.7216934809855
2024-07-05 17:37:50,22.4515853737516,75.9395585301348,75.9395585301348,33.5882310458344,64.7267331171025
2024-07-05 17:38:00,23.2557384157516,75.7612476351348,75.7612476351348,33.5882686482492,64.7279617253622
2024-07-05 17:38:10,23.1408594097516,74.3347604751348,74.3347604751348,33.5899019458577,64.7283616860028
2024-07-05 17:38:15,22.6813433857516,72.1355927701348,72.1355927701348,33.5899209889615,64.7313678409523
2024-07-05 17:38:25,19.0052151937516,67.6778203951348,67.6778203951348,33.5900113838907,64.7318978905015
2024-07-05 17:38:35,19.2349732057516,66.1918962701348,66.1918962701348,33.5901303415305,64.733282391251
2024-07-05 17:38:40,20.0391262477516,65.5975266201348,65.5975266201348,33.5914309343574,64.7403612164198
2024-07-05 17:38:50,20.7284002837516,68.6882488001348,68.6882488001348,33.5922687921486,64.7416700761814
2024-07-05 17:39:00,19.9242472417516,68.6288118351348,68.6288118351348,33.5923815830733,64.7448144456651
2024-07-05 17:39:10,20.4986422717516,69.6392402401348,69.6392402401348,33.5924494706694,64.7458970972286
2024-07-05 17:39:15,19.4647312177516,68.1533161151348,68.1533161151348,33.5924811816636,64.7506789472268
2024-07-05 17:39:25,19.2349732057516,64.7654091101348,64.7654091101348,33.5927197520119,64.7526270699046
2024-07-05 17:39:35,19.9242472417516,64.6465351801348,64.6465351801348,33.5938098336128,64.7537125237098
2024-07-05 17:39:40,17.6266671217516,62.9823001601348,62.9823001601348,33.5943717160257,64.7544859482768
2024-07-05 17:39:50,17.2820301037516,63.4577958801348,63.4577958801348,33.5945002845947,64.7559602703244
2024-07-05 17:40:00,17.6266671217516,66.3107702001348,66.3107702001348,33.5947559651977,64.7582031988602
2024-07-05 17:40:05,17.5117881157516,66.1918962701348,66.1918962701348,33.5948785303744,64.758508289647
2024-07-05 17:40:15,19.6944892297516,67.6183834301348,67.6183834301348,33.595877689715,64.7615508070463
2024-07-05 17:40:25,26.9318666077516,73.0271472451348,73.0271472451348,33.5961830720726,64.7638890525034
2024-07-05 17:40:35,36.3519450997516,81.0511375201348,81.0511375201348,33.5963058707431,64.7640603119821
2024-07-05 17:40:40,56.1111341317516,96.2670005601348,96.2670005601348,33.5965722492222,64.7650869528116
2024-07-05 17:40:50,62.5443584677516,100.427588110135,108.481194892505,33.5966602264263,64.7665200520608
2024-07-05 17:41:00,59.5575043117516,96.1481266301348,99.2625071862526,33.5971432822109,64.7723391671068
2024-07-05 17:41:10,45.6571445857516,85.3900359651348,85.3900359651348,33.5978072492743,64.7773712126488
2024-07-05 17:41:20,27.2765036257516,75.8801215651348,75.8801215651348,33.5979479051554,64.778156003091
2024-07-05 17:41:25,18.8903361877516,71.1251643651348,71.1251643651348,33.5980404240057,64.7822083054957
2024-07-05 17:41:35,17.1671510977516,70.8279795401348,70.8279795401348,33.5980868945879,64.7875460896861
2024-07-05 17:41:45,17.0522720917516,68.6882488001348,68.6882488001348,33.5994871613807,64.7881501885591
2024-07-05 17:41:55,18.0861831457516,70.2930468551348,70.2930468551348,33.6010022275466,64.7903149249007
2024-07-05 17:42:00,18.5456991697516,67.4995095001348,67.4995095001348,33.6021516281718,64.7911892504204
2024-07-05 17:42:10,18.8903361877516,67.5589464651348,67.5589464651348,33.6023229191024,64.7916487312163
2024-07-05 17:42:20,18.4308201637516,67.0834507451348,67.0834507451348,33.6023758360652,64.7935297043979
2024-07-05 17:42:25,18.5456991697516,69.2231814851348,69.2231814851348,33.6023772621538,64.795720493258
2024-07-05 17:42:35,20.6135212777516,71.8978449101348,71.8978449101348,33.602547851188,64.7976323457656
2024-07-05 17:42:45,21.1879163077516,71.4223491901348,71.4223491901348,33.6034322791245,64.7991238894107
2024-07-05 17:42:55,21.8771903437516,67.7372573601348,67.7372573601348,33.6036062505272,64.7999686750497
2024-07-05 17:43:00,29.4592047397516,72.4922145601348,72.4922145601348,33.604023930101,64.8006779887078
2024-07-05 17:43:10,35.7775500697516,76.1178694251348,76.1178694251348,33.6056276869228,64.8018514852756
2024-07-05 17:43:20,34.7436390157516,76.4744912151348,76.4744912151348,33.6063244681281,64.8021505596614
2024-07-05 17:43:30,37.6156141657516,78.5547849901348,78.5547849901348,33.6064960665634,64.802547521378
2024-07-05 17:43:40,23.0259804037516,71.8978449101348,71.8978449101348,33.6080388391103,64.8034070158155
2024-07-05 17:43:45,23.8301334457516,73.1460211751348,73.1460211751348,33.6082410237673,64.806564614387
2024-07-05 17:43:55,22.4515853737516,69.9364250651348,69.9364250651348,33.6082586537949,64.8094740917283
2024-07-05 17:44:10,20.7284002837516,67.2617616401348,67.2617616401348,33.6084981217105,64.8132830676871
2024-07-05 17:44:15,21.1879163077516,65.3003417951348,65.3003417951348,33.6086750925166,64.8140997121923
2024-07-05 17:44:25,21.3027953137516,67.3806355701348,67.3806355701348,33.6088298568255,64.8162056442427
2024-07-05 17:44:35,20.6135212777516,67.9155682551348,67.9155682551348,33.6094434246473,64.8168675434389
2024-07-05 17:44:45,19.9242472417516,68.8665596951348,68.8665596951348,33.6094881946144,64.8177160321456
2024-07-05 17:44:50,19.8093682357516,68.2127530801348,68.2127530801348,33.6107619127997,64.8200584818303
2024-07-05 17:45:00,21.4176743197516,71.3629122251348,71.3629122251348,33.6118813506791,64.8206623012804
2024-07-05 17:45:10,21.7623113377516,73.8592647551348,73.8592647551348,33.6128506433309,64.8244663649701
2024-07-05 17:45:20,19.9242472417516,74.7508192301348,74.7508192301348,33.6132391465306,64.8246330510267
2024-07-05 17:45:25,20.6135212777516,78.1981632001348,78.1981632001348,33.6137969395276,64.8256947987371
2024-07-05 17:45:35,35.5477920577516,83.9635488051348,83.9635488051348,33.6148743468708,64.8292109079434
2024-07-05 17:45:45,43.1298064537516,86.3410274051348,86.3410274051348,33.6150433469107,64.8297225129333
2024-07-05 17:47:10,120.558256497752,114.870770605135,300.429428075194,31.63,50.37207
2024-07-05 17:47:20,218.894685633752,189.820789413831,376.072835102886,31.63,50.51855
2024-07-05 17:47:30,173.976994287752,166.759241050135,341.520764836732,31.66,50.3877
2024-07-05 17:47:35,141.695993601752,145.956303300135,316.689225847501,31.68,50.30371
2024-07-05 17:47:45,121.707046557752,131.810305630135,301.313112736732,31.7,50.20801
2024-07-05 17:47:55,66.6800026837516,87.6486406351348,122.266675612505,31.72,50.33301
2024-07-05 17:48:05,68.1734297617516,87.2920188451348,127.244765872505,31.61,50.39453
2024-07-05 17:48:10,55.1921020837516,80.3973309051348,91.9868368062526,31.66,50.58301
2024-07-05 17:48:20,50.5969418437516,81.2294484151348,84.3282364062526,31.66,50.52246
2024-07-05 17:48:30,56.3408921437516,89.6100604801348,93.9014869062526,31.68,50.45117
2024-07-05 17:48:40,57.1450451857516,90.9176737101348,95.2417419762526,31.75,50.34766
2024-07-05 17:48:45,55.6516181077516,95.1971351901348,95.1971351901348,31.77,50.26563
2024-07-05 17:48:55,42.2107744057516,88.6590690401348,88.6590690401348,31.78,50.19238
2024-07-05 17:49:05,33.0204539257516,92.1658499751348,92.1658499751348,31.79,50.09668
2024-07-05 17:49:10,28.7699307037516,89.0751277951348,89.0751277951348,31.75,50.05371
2024-07-05 17:49:20,29.9187207637516,94.7810764351348,94.7810764351348,31.75,50.06641
2024-07-05 17:49:30,28.0806566677516,91.6309172901348,91.6309172901348,31.77,50.06934
2024-07-05 17:49:40,26.0128345597516,87.7675145651348,87.7675145651348,31.83,49.8916
2024-07-05 17:49:45,25.0938025117516,88.4213211801348,88.4213211801348,31.87,49.85937
2024-07-05 17:49:55,28.9996887157516,88.3618842151348,88.3618842151348,31.92,49.81543
2024-07-05 17:50:05,33.2502119377516,83.7258009451348,83.7258009451348,31.98,49.54102
2024-07-05 17:50:10,40.3727103097516,81.8238180651348,81.8238180651348,32.02,49.47168
2024-07-05 17:50:20,57.2599241917516,86.2815904401348,95.4332069862526,32.08,49.40527
2024-07-05 17:50:30,66.5651236777516,89.9666822701348,121.883745592505,32.15,49.00781
2024-07-05 17:50:35,58.6384722637516,86.7570861601348,97.7307871062526,32.15,48.75
2024-07-05 17:50:45,48.0696037117516,82.5370616451348,82.5370616451348,32.18,48.79004
2024-07-05 17:50:55,32.5609379017516,74.5725083351348,74.5725083351348,32.22,48.66016
2024-07-05 17:51:00,26.8169876017516,72.0761558051348,72.0761558051348,32.24,48.69922
2024-07-05 17:51:10,27.5062616377516,74.5725083351348,74.5725083351348,32.27,48.73828
2024-07-05 17:51:20,25.4384395297516,73.0271472451348,73.0271472451348,32.32,48.57227
2024-07-05 17:51:25,24.7491654937516,74.7508192301348,74.7508192301348,32.32,48.62109
2024-07-05 17:51:35,24.0598914577516,78.0792892701348,78.0792892701348,32.28,48.6416
2024-07-05 17:51:45,21.3027953137516,72.9082733151348,72.9082733151348,32.32,48.58496
2024-07-05 17:51:50,20.9581582957516,75.6423737051348,75.6423737051348,32.25,48.77344
2024-07-05 17:52:00,25.4384395297516,74.1564495801348,74.1564495801348,32.27,48.75098
2024-07-05 17:52:10,26.8169876017516,74.5725083351348,74.5725083351348,32.29,48.56836
2024-07-05 17:52:15,28.3104146797516,75.6423737051348,75.6423737051348,32.34,48.53711
2024-07-05 17:52:25,29.1145677217516,77.1282978301348,77.1282978301348,32.44,48.33984
2024-07-05 17:52:35,23.4854964277516,73.7998277901348,73.7998277901348,32.39,48.28516
2024-07-05 17:52:45,22.7962223917516,75.4640628101348,75.4640628101348,32.29,48.22656
2024-07-05 17:52:50,23.3706174217516,73.6215168951348,73.6215168951348,32.22,47.99707
2024-07-05 17:53:00,20.9581582957516,66.1918962701348,66.1918962701348,32.24,48.09766
2024-07-05 17:53:10,20.4986422717516,66.3107702001348,66.3107702001348,32.32,48.08105
2024-07-05 17:53:15,19.1200941997516,66.0135853751348,66.0135853751348,32.33,48.13184
2024-07-05 17:53:25,20.3837632657516,73.6215168951348,73.6215168951348,32.31,48.15332
2024-07-05 17:53:35,20.8432792897516,75.7612476351348,75.7612476351348,32.25,48.27051
2024-07-05 17:53:40,20.9581582957516,78.6736589201348,78.6736589201348,32.36,48.13477
2024-07-05 17:53:50,20.9581582957516,75.4046258451348,75.4046258451348,32.39,48.02832
2024-07-05 17:54:00,21.4176743197516,73.6215168951348,73.6215168951348,32.41,47.78516
2024-07-05 17:54:05,21.7623113377516,72.1355927701348,72.1355927701348,32.47,47.66797
2024-07-05 17:54:15,21.6474323317516,69.8175511351348,69.8175511351348,32.53,47.52637
2024-07-05 17:54:25,21.5325533257516,70.1741729251348,70.1741729251348,32.47,47.45898
2024-07-05 17:54:30,21.6474323317516,70.7091056101348,70.7091056101348,32.32,47.73926
2024-07-05 17:54:40,31.2972688357516,83.7852379101348,83.7852379101348,32.37,47.95117
2024-07-05 17:54:50,40.0280732917516,104.766486555135,103.177657703423,32.38,47.94141
2024-07-05 17:55:00,52.2052479277516,122.419265160135,114.946176773423,32.31,48.01855
2024-07-05 17:55:05,64.6121805757516,140.428665555135,126.952443703423,32.28,47.9668
2024-07-05 17:55:15,67.0246397017516,136.268078005135,124.17871867009,32.19,48.01953
2024-07-05 17:55:25,63.9229065397516,130.502692400135,120.335128266757,32.18,48.3125
2024-07-05 17:55:30,57.7194402157516,123.013634810135,115.342423206757,32.11,48.45215
2024-07-05 17:55:40,39.5685572677516,102.270134025135,101.513422683423,32.07,48.50879
2024-07-05 17:55:50,34.5138810037516,92.8196565901348,92.8196565901348,32.14,48.58984
2024-07-05 17:55:55,28.1955356737516,80.6945157301348,80.6945157301348,32.18,48.76465
2024-07-05 17:56:05,25.3235605237516,75.7612476351348,75.7612476351348,32.15,48.43164
2024-07-05 17:56:15,25.5533185357516,77.1877347951348,77.1877347951348,32.11,48.66016
2024-07-05 17:56:20,29.8038417577516,81.7643811001348,81.7643811001348,32.1,48.74414
2024-07-05 17:56:30,27.5062616377516,74.2158865451348,74.2158865451348,32.15,48.73828
2024-07-05 17:56:40,30.2633577817516,76.7716760401348,76.7716760401348,32.1,48.84277
2024-07-05 17:56:45,30.7228738057516,83.6663639801348,83.6663639801348,32.06,49.01074
2024-07-05 17:56:55,29.5740837457516,88.9562538651348,88.9562538651348,32.02,48.99414
2024-07-05 17:57:05,28.8848097097516,93.6517741001348,93.6517741001348,31.96,48.86426
2024-07-05 17:57:10,25.7830765477516,83.3691791551348,83.3691791551348,31.87,48.76953
2024-07-05 17:57:20,23.4854964277516,77.3066087251348,77.3066087251348,31.8,49.31348
2024-07-05 17:57:30,21.8771903437516,68.8665596951348,68.8665596951348,31.71,49.5
2024-07-05 17:57:40,19.9242472417516,67.7372573601348,67.7372573601348,31.65,49.77441
2024-07-05 17:57:45,21.4176743197516,68.8071227301348,68.8071227301348,31.66,49.8125
2024-07-05 17:57:55,23.7152544397516,69.1637445201348,69.1637445201348,31.61,49.7207
2024-07-05 17:58:05,24.2896494697516,68.9854336251348,68.9854336251348,31.54,49.95898
2024-07-05 17:58:15,27.0467456137516,68.6882488001348,68.6882488001348,31.47,50.06055
2024-07-05 17:58:20,32.6758169077516,68.8665596951348,68.8665596951348,31.4,50.46875
2024-07-05 17:58:30,30.8377528117516,67.1428877101348,67.1428877101348,31.4,50.48145
2024-07-05 17:58:40,29.1145677217516,65.0625939351348,65.0625939351348,31.38,50.63672
2024-07-05 17:58:50,25.5533185357516,64.8842830401348,64.8842830401348,31.33,50.64551
2024-07-05 17:58:55,27.2765036257516,69.0448705901348,69.0448705901348,31.36,50.59961
2024-07-05 17:59:05,31.6419058537516,72.4327775951348,72.4327775951348,31.46,50.43848
2024-07-05 17:59:15,33.9394859737516,75.1668779851348,75.1668779851348,31.54,50.38672
2024-07-05 17:59:25,35.2031550397516,74.8102561951348,74.8102561951348,33.6150995432883,50.20898
2024-07-05 17:59:30,31.6419058537516,73.7403908251348,73.7403908251348,31.63,50.15137
2024-07-05 17:59:40,30.8377528117516,73.5026429651348,73.5026429651348,33.6152761940139,64.829807331454
2024-07-05 17:59:50,31.5270268477516,76.3556172851348,76.3556172851348,31.73,49.94238
2024-07-09 09:24:05,18.4308201637516,58.8217126101348,58.8217126101348,33.73,47.04297
2024-07-09 09:24:15,18.6605781757516,58.7622756451348,58.7622756451348,33.63,46.78711
2024-07-09 09:24:20,19.6944892297516,59.6538301201348,59.6538301201348,33.8,46.80469
2024-07-09 09:24:30,19.9242472417516,60.7831324551348,60.7831324551348,33.75,46.24902
2024-07-09 09:24:40,19.9242472417516,60.8425694201348,60.8425694201348,34.3950758965285,67.9534733147704
2024-07-09 09:24:45,19.9242472417516,60.8425694201348,60.8425694201348,34.3964263121965,42.83984
2024-07-09 09:24:55,19.9242472417516,60.8425694201348,60.8425694201348,33.52,46.93457
2024-07-09 09:25:05,19.1200941997516,61.4369390701348,61.4369390701348,34.3968494471055,67.9560437868412
2024-07-09 09:25:10,19.4647312177516,61.3775021051348,61.3775021051348,34.3986788216755,67.9562206903353
2024-07-09 09:25:20,19.2349732057516,61.0803172801348,61.0803172801348,34.3996491072279,67.9562976977601
2024-07-09 09:25:30,19.5796102237516,60.6048215601348,60.6048215601348,34.3998551736986,46.64941
2024-07-09 09:25:40,19.3498522117516,61.1397542451348,61.1397542451348,33.62,46.48047
2024-07-09 09:25:45,19.2349732057516,61.5558130001348,61.5558130001348,33.58,67.9565236117459
2024-07-09 09:25:55,19.0052151937516,61.5558130001348,61.5558130001348,33.47,42.87793
2024-07-09 09:26:05,18.7754571817516,60.2481997701348,60.2481997701348,34.4006332268705,46.73633
2024-07-09 09:26:15,18.7754571817516,58.8217126101348,58.8217126101348,34.4022692507203,67.9569330728226
2024-07-09 09:26:20,18.8903361877516,58.8217126101348,58.8217126101348,34.4029449617408,67.9575258599063
2024-07-09 09:26:30,19.5796102237516,59.7727040501348,59.7727040501348,34.4032958855556,67.9579935531331
2024-07-09 09:26:40,21.1879163077516,60.0698888751348,60.0698888751348,33.81,67.9604436889665
2024-07-09 09:26:45,23.2557384157516,61.7935608601348,61.7935608601348,34.4034771048755,67.9624383429973
2024-07-09 09:26:55,26.3574715777516,63.8144176701348,63.8144176701348,34.4038929780138,67.9638123896454
2024-07-09 09:27:05,31.4121478417516,67.2617616401348,67.2617616401348,33.37,46.00293
2024-07-09 09:27:15,33.3650909437516,68.3316270101348,68.3316270101348,34.4046981798826,67.969508322922
2024-07-09 09:27:20,30.8377528117516,68.3316270101348,68.3316270101348,33.48,45.79297
2024-07-09 09:27:30,27.8508986557516,64.4087873201348,64.4087873201348,33.84,67.9698925301051
2024-07-09 09:27:35,22.6813433857516,60.5453845951348,60.5453845951348,33.96,67.9729465315011
2024-07-09 09:27:45,20.8432792897516,61.3775021051348,61.3775021051348,34.46,43.59668
2024-07-09 09:27:55,23.7152544397516,63.2200480201348,63.2200480201348,34.4051430873049,67.9731624471631
2024-07-09 09:28:00,32.2163008837516,68.9854336251348,68.9854336251348,34.4052378641016,41.94434
2024-07-09 09:28:10,32.6758169077516,69.1637445201348,69.1637445201348,34.4054285768985,67.9742058868703
2024-07-09 09:28:20,31.6419058537516,66.9645768151348,66.9645768151348,34.4055158713167,67.9748570556895
2024-07-09 09:28:25,22.5664643797516,62.6256783701348,62.6256783701348,34.4061831963932,34.28613
2024-07-09 09:28:35,21.0730373017516,60.7831324551348,60.7831324551348,34.4074259349212,40.01758
2024-07-09 09:28:45,21.8771903437516,61.1397542451348,61.1397542451348,36.41,67.9773158404208
2024-07-09 09:28:50,22.9111013977516,61.4963760351348,61.4963760351348,36.38,40.10352
2024-07-09 09:29:00,24.0598914577516,61.4963760351348,61.4963760351348,34.4074394643743,67.9787869785368
2024-07-09 09:29:10,24.4045284757516,61.8529978251348,61.8529978251348,36.13,33.8125
2024-07-09 09:29:15,25.2086815177516,62.9823001601348,62.9823001601348,34.4077190916272,67.9813568693433
2024-07-09 09:29:25,26.0128345597516,64.1710394601348,64.1710394601348,36.22,39.9043
2024-07-09 09:29:35,25.2086815177516,64.5276612501348,64.5276612501348,34.408806050696,67.9833698180994
2024-07-09 09:29:40,24.5194074817516,62.5068044401348,62.5068044401348,35.86,67.9844039464143
2024-07-09 09:29:50,20.4986422717516,60.7831324551348,60.7831324551348,35.82,40.15234
2024-07-09 09:30:00,19.8093682357516,60.9614433501348,60.9614433501348,34.411198787838,67.9868206800451
2024-07-09 09:30:10,20.6135212777516,62.0907456851348,62.0907456851348,34.4117359530532,67.9893522204537
2024-07-09 09:30:15,20.9581582957516,62.3284935451348,62.3284935451348,35.68,41.16309
2024-07-09 09:30:25,21.6474323317516,64.2899133901348,64.2899133901348,35.63,67.9896820611449
2024-07-09 09:30:35,21.0730373017516,64.1116024951348,64.1116024951348,35.68,41.44727
2024-07-09 09:30:45,22.6813433857516,65.6569635851348,65.6569635851348,34.4123214083802,67.9908214029141
2024-07-09 09:30:50,23.7152544397516,62.6256783701348,62.6256783701348,34.4128641723559,67.9913017177823
2024-07-09 09:31:00,24.5194074817516,64.4087873201348,64.4087873201348,34.4131727603282,67.9914958630068
2024-07-09 09:31:10,24.4045284757516,66.1918962701348,66.1918962701348,-15.68,67.9916227556132
2024-07-09 09:31:20,21.7623113377516,64.2899133901348,64.2899133901348,35.74,40.56543
2024-07-09 09:31:25,20.6135212777516,63.1606110551348,63.1606110551348,34.4135535922149,67.9924219271164
2024-07-09 09:31:35,20.0391262477516,61.1397542451348,61.1397542451348,34.4143665156803,67.9956274786428
2024-07-09 09:31:45,19.8093682357516,60.0698888751348,60.0698888751348,34.4148156421957,67.9989424221384
2024-07-09 09:31:50,20.3837632657516,59.6538301201348,59.6538301201348,34.4177589612654,41.03906
2024-07-09 09:32:00,21.4176743197516,60.4859476301348,60.4859476301348,34.4178671509691,68.0004086378976
2024-07-09 09:32:10,23.7152544397516,61.0208803151348,61.0208803151348,34.4187641457868,68.0026470152998
2024-07-09 09:32:15,24.8640444997516,62.3284935451348,62.3284935451348,35.64,41.20898
2024-07-09 09:32:25,24.4045284757516,62.0313087201348,62.0313087201348,-54.77,41.26367
2024-07-09 09:32:35,23.2557384157516,64.6465351801348,64.6465351801348,35.38,68.0045853303979
2024-07-09 09:32:40,21.5325533257516,64.6465351801348,64.6465351801348,34.4191148744891,68.0083981090746
2024-07-09 09:32:50,20.8432792897516,68.9854336251348,68.9854336251348,35.25,41.3457
2024-07-09 09:33:00,21.3027953137516,71.6006600851348,71.6006600851348,34.4196721158034,68.0095824225328
2024-07-09 09:33:05,22.1069483557516,72.3139036651348,72.3139036651348,34.419966311499,68.0120722199007
2024-07-09 09:33:15,22.1069483557516,70.1741729251348,70.1741729251348,34.420764701915,68.0152081205928
2024-07-09 09:33:25,22.4515853737516,71.6600970501348,71.6600970501348,34.4211257463927,42.18848
2024-07-09 09:33:30,24.5194074817516,72.9082733151348,72.9082733151348,34.75,68.0176187708945
2024-07-09 09:33:40,24.8640444997516,72.8488363501348,72.8488363501348,34.4222047043595,68.0188109210193
2024-07-09 09:33:50,26.0128345597516,71.8978449101348,71.8978449101348,34.4228433956012,68.0205088629415
2024-07-09 09:33:55,25.0938025117516,67.4995095001348,67.4995095001348,34.4229118638062,68.020715534749
2024-07-09 09:34:05,23.6003754337516,63.2794849851348,63.2794849851348,34.4238180156543,68.023486252861
2024-07-09 09:34:15,24.6342864877516,62.9823001601348,62.9823001601348,34.4240442838213,68.0237785198892
2024-07-09 09:34:25,24.6342864877516,65.0625939351348,65.0625939351348,34.4245845887849,44.79492
2024-07-09 09:34:30,25.5533185357516,67.7372573601348,67.7372573601348,33.43,45.2373
2024-07-09 09:34:40,26.5872295897516,70.4119207851348,70.4119207851348,34.4247881585618,41.42871
2024-07-09 09:34:45,26.9318666077516,73.2648951051348,73.2648951051348,33.43,45.62891
2024-07-09 09:34:55,28.3104146797516,74.9885670901348,74.9885670901348,33.42,35.6377
2024-07-09 09:35:05,28.5401726917516,73.3837690351348,73.3837690351348,33.41,68.0242202667914
2024-07-09 09:35:15,27.9657776617516,73.9781386851348,73.9781386851348,33.4,45.79785
2024-07-09 09:35:20,30.9526318177516,73.7403908251348,73.7403908251348,34.4248852825141,68.024236385401
2024-07-09 09:35:30,31.2972688357516,76.8311130051348,76.8311130051348,33.26,46.28516
2024-07-09 09:35:35,31.4121478417516,80.9917005551348,80.9917005551348,34.4252486881867,68.0244372999299
2024-07-09 09:35:45,28.9996887157516,80.4567678701348,80.4567678701348,33.17,68.0247788077565
2024-07-09 09:35:55,25.7830765477516,76.6528021101348,76.6528021101348,33.16,46.71582
2024-07-09 09:36:00,25.8979555537516,73.5620799301348,73.5620799301348,33.09,46.66016
2024-07-09 09:36:10,26.4723505837516,68.8071227301348,68.8071227301348,34.4255172123335,68.0258007891467
2024-07-09 09:36:20,26.4723505837516,68.2127530801348,68.2127530801348,33.26,45.7832
2024-07-09 09:36:30,26.4723505837516,68.6288118351348,68.6288118351348,33.37,46.06348
2024-07-09 09:36:35,24.9789235057516,67.3211986051348,67.3211986051348,34.4256350747819,68.0323340901792
2024-07-09 09:36:45,24.2896494697516,67.4400725351348,67.4400725351348,33.42,45.99512
2024-07-09 09:36:55,26.2425925717516,67.0834507451348,67.0834507451348,33.34,46.13379
2024-07-09 09:37:00,29.3443257337516,73.5026429651348,73.5026429651348,-16.01,42.32422
2024-07-09 09:37:10,32.2163008837516,80.1595830451348,80.1595830451348,34.4256671166692,68.034327058762
2024-07-09 09:37:20,31.6419058537516,82.4776246801348,82.4776246801348,34.4259145902743,46.23535
2024-07-09 09:37:30,29.9187207637516,80.6350787651348,80.6350787651348,34.4263948514096,43.12207
2024-07-09 09:37:40,24.9789235057516,70.9468534701348,70.9468534701348,32.7,47.19336
2024-07-09 09:37:45,25.0938025117516,72.0167188401348,72.0167188401348,34.4275030968972,68.0348881228477
2024-07-09 09:37:55,25.7830765477516,73.7403908251348,73.7403908251348,32.45,68.0371332850573
2024-07-09 09:38:05,26.7021085957516,74.9291301251348,74.9291301251348,34.4278597308303,68.0375991124882
2024-07-09 09:38:10,26.4723505837516,73.7998277901348,73.7998277901348,34.4281449309074,68.0383637403121
2024-07-09 09:38:20,27.2765036257516,70.7091056101348,70.7091056101348,32.04,48.58887
2024-07-09 09:38:30,25.3235605237516,66.6673919901348,66.6673919901348,34.4287695940344,68.039546793521
2024-07-09 09:38:40,26.0128345597516,68.7476857651348,68.7476857651348,31.89,49.10937
2024-07-09 09:38:50,25.3235605237516,69.9958620301348,69.9958620301348,31.88,49.18164
2024-07-09 09:41:00,22.7962223917516,75.8801215651348,75.8801215651348,34.4289191939142,68.0402579985469
2024-07-09 09:41:10,20.4986422717516,65.9541484101348,65.9541484101348,34.4298187601125,68.0427408428688
2024-07-09 09:41:20,21.7623113377516,68.3316270101348,68.3316270101348,34.4306064543026,68.0429689851182
2024-07-09 09:42:30,22.9111013977516,66.8457028851348,66.8457028851348,30.72,52.32422
2024-07-09 09:42:40,25.2086815177516,73.2054581401348,73.2054581401348,34.430855135028,68.0443591658817
2024-07-09 09:42:50,25.6681975417516,76.4744912151348,76.4744912151348,30.78,50.2627
2024-07-09 09:42:55,26.1277135657516,74.9885670901348,74.9885670901348,30.81,52.09277
2024-07-09 09:43:05,26.0128345597516,73.0271472451348,73.0271472451348,34.4311882318248,68.0444248223962
2024-07-09 09:43:15,25.7830765477516,72.7299624201348,72.7299624201348,30.29,53.31934
2024-07-09 09:43:20,24.7491654937516,69.9364250651348,69.9364250651348,30.12,52.37402
2024-07-09 09:43:30,24.2896494697516,71.0062904351348,71.0062904351348,30.09,68.0467025571071
2024-07-09 09:43:40,24.7491654937516,71.5412231201348,71.5412231201348,34.4313677407425,68.0490489076789
2024-07-09 09:43:45,28.1955356737516,75.7612476351348,75.7612476351348,30.39,54.32422
2024-07-09 09:43:55,31.1823898297516,81.6455071701348,81.6455071701348,34.4313682175593,68.0503926339098
2024-07-09 09:44:05,33.3650909437516,84.4984814901348,84.4984814901348,34.4314767166543,68.0532439426221
2024-07-09 09:44:10,31.9865428717516,81.1700114501348,81.1700114501348,34.4315697593589,68.0562888664435
2024-07-09 09:44:20,29.3443257337516,76.1773063901348,76.1773063901348,34.431841079199,68.0565083893198
2024-07-09 09:44:30,26.1277135657516,71.0062904351348,71.0062904351348,30.48,53.18359
2024-07-09 09:44:35,25.0938025117516,68.8665596951348,68.8665596951348,30.43,68.05827297178
2024-07-09 09:44:45,24.1747704637516,68.8071227301348,68.8071227301348,34.4322315937211,68.0642869519025
2024-07-09 09:44:55,23.8301334457516,67.2023246751348,67.2023246751348,34.4326204864496,68.0651794687318
2024-07-09 09:45:00,22.9111013977516,67.2617616401348,67.2617616401348,30.48,68.065510865414
2024-07-09 09:45:10,21.9920693497516,66.1324593051348,66.1324593051348,30.45,53.04688
2024-07-09 09:45:20,22.3367063677516,67.3806355701348,67.3806355701348,30.39,53.02734
2024-07-09 09:45:30,22.1069483557516,66.5485180601348,66.5485180601348,30.38,53.20801
2024-07-09 09:45:35,22.5664643797516,64.8842830401348,64.8842830401348,30.34,53.28906
2024-07-09 09:45:45,23.7152544397516,65.2409048301348,65.2409048301348,34.4328537491921,68.0672057471306
2024-07-09 09:45:55,24.9789235057516,66.5485180601348,66.5485180601348,34.4333027246802,68.0694678098549
2024-07-09 09:46:00,25.7830765477516,68.0344421851348,68.0344421851348,30.45,53.01074
2024-07-09 09:46:10,26.9318666077516,69.4014923801348,69.4014923801348,34.4338015576746,68.0710888251352
2024-07-09 09:46:20,27.0467456137516,68.5099379051348,68.5099379051348,34.4343031338364,68.0720172966628
2024-07-09 09:46:25,26.0128345597516,67.9155682551348,67.9155682551348,34.4350280328002,68.0783234087222
2024-07-09 09:46:35,26.7021085957516,68.3316270101348,68.3316270101348,30.53,51.35156
2024-07-09 09:46:45,25.6681975417516,67.0834507451348,67.0834507451348,34.436120069633,28.58496
2024-07-09 09:46:50,24.6342864877516,66.4296441301348,66.4296441301348,34.4377834863365,68.0812563616446
2024-07-09 09:47:00,25.0938025117516,66.9645768151348,66.9645768151348,34.4380059774439,68.0824126791721
2024-07-09 09:47:10,24.7491654937516,66.7268289551348,66.7268289551348,30.68,53.02539
2024-07-09 09:47:15,32.7906959137516,71.1251643651348,71.1251643651348,34.4380644127227,68.0840898624555
2024-07-09 09:47:25,32.3311798897516,70.0552989951348,70.0552989951348,34.4381473203971,68.0842612580406
2024-07-09 09:47:35,33.5948489557516,70.0552989951348,70.0552989951348,34.4391979616866,68.08455043122
2024-07-09 09:47:40,30.9526318177516,67.0834507451348,67.0834507451348,34.4394038361742,68.085364325129
2024-07-09 09:47:50,24.2896494697516,64.0521655301348,64.0521655301348,34.4396757131067,68.0856161055988
2024-07-09 09:48:00,23.8301334457516,63.8144176701348,63.8144176701348,30.41,53.51465
2024-07-09 09:48:05,23.4854964277516,64.7059721451348,64.7059721451348,30.39,53.59766
2024-07-09 09:48:15,24.6342864877516,66.0730223401348,66.0730223401348,34.4402579346263,68.0858640727235
2024-07-09 09:48:25,25.8979555537516,66.4890810951348,66.4890810951348,34.4404373564211,68.0869876626639
2024-07-09 09:48:30,26.7021085957516,70.8279795401348,70.8279795401348,34.4406049840874,68.0936962210826
2024-07-09 09:48:40,29.8038417577516,70.6496686451348,70.6496686451348,30.26,68.0949289631384
2024-07-09 09:48:50,35.0882760337516,75.1668779851348,75.1668779851348,30.35,52.53613
2024-07-09 09:48:55,38.8792832317516,74.7508192301348,74.7508192301348,30.41,53.75684
2024-07-09 09:49:05,44.1637175077516,77.6632305151348,77.6632305151348,34.4407225207856,68.0951971027921
2024-07-09 09:49:15,43.3595644657516,81.8832550301348,81.8832550301348,30.46,53.64258
2024-07-09 09:49:20,45.6571445857516,84.4984814901348,84.4984814901348,30.51,68.0961530760067
2024-07-09 09:49:30,53.1242799757516,94.7216394701348,94.7216394701348,34.4415704089994,68.0966942670499
2024-07-09 09:49:40,51.7457319037516,94.2461437501348,94.2461437501348,30.61,68.101027303917
2024-07-09 09:49:45,51.7457319037516,92.2252869401348,92.2252869401348,34.4418950505577,68.1027146059865
2024-07-09 09:50:00,40.3727103097516,84.6767923851348,84.6767923851348,34.4423048191644,68.102844304332
2024-07-09 09:50:05,34.0543649797516,77.0094239001348,77.0094239001348,34.442330774608,68.1043483417
2024-07-09 09:50:15,28.8848097097516,72.0167188401348,72.0167188401348,30.47,53.31543
2024-07-09 09:50:25,27.7360196497516,70.8874165051348,70.8874165051348,34.4437944571144,53.49512
2024-07-09 09:50:30,28.6550516977516,74.3347604751348,74.3347604751348,30.45,54.00195
2024-07-09 09:50:40,32.1014218777516,81.1700114501348,81.1700114501348,34.4444212191958,68.1089195712342
2024-07-09 09:50:50,40.9471053397516,86.8759600901348,86.8759600901348,34.4448071784109,53.38477
2024-07-09 09:50:55,68.8627037977516,97.1585550351348,129.542345992505,34.444941816347,53.3623
2024-07-09 09:51:05,67.2543977137516,95.0782612601348,124.181325712505,34.4459472907075,68.1097475784961
2024-07-09 09:51:15,63.8080275337516,86.4599013351348,112.693425112505,34.446043579463,51.82227
2024-07-09 09:51:20,45.1976285617516,78.2576001651348,78.2576001651348,34.4462925886763,68.1101590191889
2024-07-09 09:51:30,29.2294467277516,70.3524838201348,70.3524838201348,34.4471753497165,68.1130476520841
2024-07-09 09:51:40,28.5401726917516,71.5412231201348,71.5412231201348,34.4483875786381,68.1149226146977
2024-07-09 09:51:45,27.6211406437516,70.2336098901348,70.2336098901348,30.73,52.95898
2024-07-09 09:51:55,30.0335997697516,72.6705254551348,72.6705254551348,34.4488216516441,68.1197254289358
2024-07-09 09:52:05,33.9394859737516,75.9395585301348,75.9395585301348,34.4492690548891,68.1205562536446
2024-07-09 09:52:10,36.5817031117516,81.8238180651348,81.8238180651348,30.75,53.28711
2024-07-09 09:52:20,37.2709771477516,82.7748095051348,82.7748095051348,34.4492924303998,68.121172110716
2024-07-09 09:52:30,38.4197672077516,86.1627165101348,86.1627165101348,34.4493360577055,68.1221380747216
2024-07-09 09:52:35,41.9810163937516,87.2920188451348,87.2920188451348,34.4497600878906,52.07422
2024-07-09 09:52:45,44.9678705497516,88.7185060051348,88.7185060051348,34.4498556295971,68.1226115140175
2024-07-09 09:52:55,39.9131942857516,79.7435242901348,79.7435242901348,34.4505038563361,49.72656
2024-07-09 09:53:05,36.8114611237516,78.4953480251348,78.4953480251348,34.4509246795318,68.126810166183
2024-07-09 09:53:10,34.7436390157516,76.4744912151348,76.4744912151348,31.1,68.1298915843614
2024-07-09 09:53:20,34.7436390157516,78.4359110601348,78.4359110601348,34.4510420150717,68.131030271325
2024-07-09 09:53:30,34.6287600097516,77.6037935501348,77.6037935501348,34.4514950503637,68.1310384482585
2024-07-09 09:53:35,31.5270268477516,73.8592647551348,73.8592647551348,30.95,52.52148
2024-07-09 09:53:45,33.3650909437516,75.9989954951348,75.9989954951348,34.451670965942,68.1320902817128
2024-07-09 09:53:55,57.4896822037516,93.4140262401348,95.8161370062526,31.05,52.26563
2024-07-09 09:54:00,69.4370988277516,103.518310290135,131.456996092505,31.09,52.32031
2024-07-09 09:54:10,107.691807825752,122.122080335135,258.972692752505,31.1,68.1326846087642
2024-07-09 09:54:20,101.603220507752,111.720611460135,238.677401692505,31.15,52.14355
2024-07-09 09:54:30,105.968622735752,111.007367880135,253.228742452505,31.18,68.1333604963226
2024-07-09 09:54:35,87.1284657517515,103.696621185135,190.428219172505,34.4520098806516,68.133574761145
2024-07-09 09:54:45,66.5651236777516,100.487025075135,121.883745592505,34.4520683313782,68.1387685356553
2024-07-09 09:54:55,72.8834690077516,111.423426635135,142.944896692505,31.0,51.30273
2024-07-09 09:55:00,74.9512911157516,116.772753485135,149.837637052505,34.4523365700335,68.1412053537977
2024-07-09 09:55:30,86.7838287337516,124.677869830135,189.279429112505,34.4530327130454,68.1414394005358
2024-07-09 09:55:45,71.8495579537516,112.255544145135,139.498526512505,34.4538722929155,68.1416567344952
2024-07-09 09:56:25,41.2917423577516,76.2367433551348,76.2367433551348,34.4552850952271,68.144511737106
2024-07-09 09:56:35,30.3782367877516,70.1741729251348,70.1741729251348,34.4555571973269,68.1446037475639
2024-07-09 09:56:45,31.2972688357516,72.8488363501348,72.8488363501348,31.04,48.91992
2024-07-09 09:56:50,44.3934755197516,90.9176737101348,90.9176737101348,34.4560986156358,50.31152
2024-07-09 09:57:00,52.4350059397516,97.2179920001348,97.2179920001348,31.08,50.2627
2024-07-09 09:57:10,56.1111341317516,101.081394725135,100.720929816757,34.4567119023861,68.1457132583436
2024-07-09 09:57:15,51.4010948857516,92.6413456951348,92.6413456951348,34.4570195671935,52.20996
2024-07-09 09:57:25,49.4481517837516,88.0052624251348,88.0052624251348,31.12,52.28516
2024-07-09 09:57:35,57.6045612097516,91.7497912201348,96.0076020162526,31.09,52.42871
2024-07-09 09:57:40,66.3353656657516,95.6726309101348,121.117885552505,34.4575184680272,68.1477683306845
2024-07-09 09:57:50,71.2751629237516,100.130403285135,137.583876412505,31.17,52.24414
2024-07-09 09:58:00,61.7402054257516,99.7737814951348,105.800684752505,34.457941660684,68.1489570858803
2024-07-09 09:58:05,58.1789562397516,100.308714180135,100.205809453423,34.4581817107876,68.1490414826013
2024-07-09 09:58:15,53.8135540117516,101.972949200135,101.315299466757,31.19,52.18359
2024-07-09 09:58:25,50.1374258197516,100.962520795135,100.64168053009,34.4584779737826,68.1548285686046
2024-07-09 09:58:30,48.8737567537516,95.9698157351348,95.9698157351348,31.13,52.10547
2024-07-09 09:58:40,45.6571445857516,91.5714803251348,91.5714803251348,31.14,68.1563959323462
2024-07-09 09:58:50,44.6232335317516,90.0855562001348,90.0855562001348,31.14,52.0332
2024-07-09 09:58:55,43.3595644657516,86.0438425801348,86.0438425801348,31.14,68.1585357859135
2024-07-09 09:59:05,41.2917423577516,86.9353970551348,86.9353970551348,31.13,52.09277
2024-07-09 09:59:15,38.8792832317516,83.4286161201348,83.4286161201348,34.4586217102821,68.1598119854022
2024-07-09 09:59:20,37.2709771477516,81.1105744851348,81.1105744851348,31.18,51.67188
2024-07-09 09:59:30,42.4405324177516,84.7362293501348,84.7362293501348,31.18,68.1627502717067
2024-07-09 09:59:40,45.6571445857516,87.7675145651348,87.7675145651348,34.4591532758201,68.1691174362046
2024-07-09 09:59:45,46.4612976277516,88.5401951101348,88.5401951101348,34.4597290279192,51.68262
2024-07-09 09:59:55,51.1713368737516,89.5506235151348,89.5506235151348,31.14,68.1694850896576
2024-07-09 10:00:00,51.0564578677516,89.7289344101348,89.7289344101348,34.4600590507755,68.1702974823962
2024-07-09 10:00:10,57.6045612097516,94.7810764351348,96.0076020162526,34.46101404011,68.1707036854931
2024-07-09 10:00:20,58.8682302757516,96.8613702101348,98.1137171262526,31.12,68.1709337827512
2024-07-09 10:00:30,52.8945219637516,93.2357153451348,93.2357153451348,34.4620019173709,68.1724562063307
2024-07-09 10:00:35,44.8529915437516,87.7675145651348,87.7675145651348,34.4620591116305,68.1734382575272
2024-07-09 10:00:45,42.3256534117516,82.7153725401348,82.7153725401348,34.4625973340688,68.1749902463577
2024-07-09 10:00:55,47.0356926577516,89.6100604801348,89.6100604801348,30.94,52.10547
2024-07-09 10:01:00,54.0433120237516,95.0188242951348,95.0188242951348,34.4629226106482,51.9834
2024-07-09 10:01:10,61.9699634377516,99.1199748801348,106.566544792505,31.22,68.1759336611334
2024-07-09 10:01:20,64.1526645517516,99.0605379151348,113.842215172505,31.24,51.69238
2024-07-09 10:01:25,63.6931485277516,94.4838916101348,112.310495092505,31.25,51.69238
2024-07-09 10:01:35,61.8550844317516,93.4734632051348,106.183614772505,31.23,51.92187
2024-07-09 10:01:45,57.0301661797516,91.5714803251348,95.0502769662526,34.4631980121069,68.1763583003387
2024-07-09 10:01:50,55.8813761197516,89.4911865501348,93.1356268662526,34.4638835995893,68.1767748520159
2024-07-09 10:02:00,61.9699634377516,89.3723126201348,106.566544792505,31.09,68.1769396194836
2024-07-09 10:02:10,94.9402381597516,104.588175660135,216.467460532505,34.4645872690041,68.1771895614957
2024-07-09 10:02:15,100.799067465752,104.885360485135,235.996891552505,34.4647057112255,68.1780545948812
2024-07-09 10:02:25,108.266202855752,109.105385000135,260.887342852505,30.85,52.19434
2024-07-09 10:02:35,110.678661981752,109.640317685135,268.928873272505,34.4648779106024,68.1788606382693
2024-07-09 10:02:40,89.8855618957516,98.8822270201348,199.618539652505,34.4651796802973,68.1826060877674
2024-07-09 10:02:50,82.8779425297516,95.3160091201348,176.259808432505,30.88,52.27051
2024-07-09 10:03:00,74.9512911157516,91.0365476401348,149.837637052505,30.82,51.87598
2024-07-09 10:03:05,47.7249666937516,77.1282978301348,79.5416111562526,34.4655219812686,68.1839017079281
2024-07-09 10:03:15,43.1298064537516,74.8696931601348,74.8696931601348,30.75,68.1842021612335
2024-07-09 10:03:25,52.8945219637516,87.2920188451348,88.1575366062526,30.72,52.55566
2024-07-09 10:03:30,59.0979882877516,101.675764375135,101.11717625009,30.68,52.00488
2024-07-09 10:03:40,65.1865756057516,110.472435195135,117.288585352505,30.65,52.70605
2024-07-09 10:03:50,59.4426253057516,107.857208735135,105.238139156757,34.4655782439349,52.99219
2024-07-09 10:03:55,52.6647639517516,104.588175660135,103.058783773423,34.4658354934142,68.1857423165671
2024-07-09 10:04:05,51.8606109097516,97.9906725451348,97.9906725451348,30.58,52.97656
2024-07-09 10:04:15,53.8135540117516,96.3264375251348,96.3264375251348,30.6,68.187161747764
2024-07-09 10:04:20,48.7588777477516,91.5714803251348,91.5714803251348,34.4696930234625,68.1915724039465
2024-07-09 10:04:30,43.7042014837516,82.8936834351348,82.8936834351348,34.4720784688407,68.1916519018848
2024-07-09 10:04:40,37.2709771477516,77.3066087251348,77.3066087251348,34.472338389396,52.89453
2024-07-09 10:04:45,35.8924290757516,74.8696931601348,74.8696931601348,34.4724829964069,68.1917534529163
2024-07-09 10:04:55,36.9263401297516,75.2263149501348,75.2263149501348,34.4728422602062,68.1926204035556
2024-07-09 10:05:05,39.6834362737516,79.2680285701348,79.2680285701348,30.66,68.1938541399924
2024-07-09 10:05:10,43.1298064537516,84.4984814901348,84.4984814901348,30.63,52.75195
2024-07-09 10:05:20,44.0488385017516,84.7362293501348,84.7362293501348,30.69,53.04688
2024-07-09 10:05:30,42.9000484417516,83.9635488051348,83.9635488051348,34.4728744711124,68.1967665748277
2024-07-09 10:05:35,42.9000484417516,79.7435242901348,79.7435242901348,30.84,52.4248
2024-07-09 10:05:45,46.2315396157516,82.1210028901348,82.1210028901348,34.4732589744862,68.1968181148735
2024-07-09 10:05:50,47.7249666937516,83.0719943301348,83.0719943301348,30.88,52.3916
2024-07-09 10:06:00,48.8737567537516,83.4880530851348,83.4880530851348,30.94,52.29004
2024-07-09 10:06:10,48.7588777477516,84.7956663151348,84.7956663151348,30.81,68.2001009917721
2024-07-09 10:06:15,41.0619843457516,79.5652133951348,79.5652133951348,30.79,52.38184
2024-07-09 10:06:25,38.9941622377516,78.4359110601348,78.4359110601348,34.4735189209201,68.2114061771775
2024-07-09 10:06:35,38.1900091957516,80.7539526951348,80.7539526951348,30.88,52.46484
2024-07-09 10:06:40,44.1637175077516,83.9041118401348,83.9041118401348,30.91,50.36035
2024-07-09 10:06:50,61.1658103957516,91.9281021151348,103.886034652505,30.94,68.2119257209379
2024-07-09 10:07:00,71.7346789477516,95.8509418051348,139.115596492505,34.4740334534976,49.87305
2024-07-09 10:07:05,71.5049209357516,96.6830593151348,138.349736452505,34.4746341375026,68.2136442354126
2024-07-09 10:07:15,68.7478247917516,92.7602196251348,129.159415972505,31.1,51.63965
2024-07-09 10:07:25,63.6931485277516,90.6799258501348,112.310495092505,34.4751287973392,68.2153309585694
2024-07-09 10:07:30,67.7139137377516,87.4703297401348,125.713045792505,31.09,51.63867
2024-07-09 10:07:40,71.6197999417516,89.0751277951348,138.732666472505,31.17,51.46484
2024-07-09 10:07:50,61.5104474137516,82.8936834351348,105.034824712505,34.4765546177242,68.2179852789691
2024-07-09 10:07:55,48.7588777477516,75.7612476351348,81.2647962462526,34.47719479226,51.05371
2024-07-09 10:08:05,45.3125075677516,76.0584324601348,76.0584324601348,31.2,51.2793
2024-07-09 10:08:15,41.4066213637516,72.8488363501348,72.8488363501348,31.22,51.34863
2024-07-09 10:08:20,45.6571445857516,75.8801215651348,76.0952409762526,34.4787896363151,51.18359
2024-07-09 10:08:30,46.0017816037516,76.9499869351348,76.9499869351348,31.21,51.20313
2024-07-09 10:08:40,51.8606109097516,78.4953480251348,86.4343515162526,34.4796853804608,68.2218327403815
2024-07-09 10:08:45,55.6516181077516,81.8832550301348,92.7526968462526,31.13,68.2253608503721
2024-07-09 10:08:55,54.8474650657516,82.8936834351348,91.4124417762526,34.4801654061299,68.2290680937948
2024-07-09 10:09:05,48.7588777477516,80.2190200101348,81.2647962462526,31.13,51.42383
2024-07-09 10:09:10,41.1768633517516,75.9395585301348,75.9395585301348,31.03,51.66797
2024-07-09 10:09:20,35.3180340457516,72.5516515251348,72.5516515251348,34.4804951392446,68.2309483688119
2024-07-09 10:09:25,30.8377528117516,68.1533161151348,68.1533161151348,30.98,68.2331162319975
2024-07-09 10:09:35,30.8377528117516,67.7372573601348,67.7372573601348,34.4807816976243,49.43359
2024-07-09 10:09:45,31.6419058537516,68.0938791501348,68.0938791501348,34.4808824118435,51.67383
2024-07-09 10:09:50,35.0882760337516,70.3524838201348,70.3524838201348,34.4808940568661,68.2355840580051
2024-07-09 10:10:00,36.6965821177516,71.1846013301348,71.1846013301348,31.0,51.82129
2024-07-09 10:10:10,52.3201269337516,82.1210028901348,87.2002115562526,34.4814154454307,68.2359649246731
2024-07-09 10:10:15,56.5706501557516,84.1418597001348,94.2844169262526,30.98,51.97852
2024-07-09 10:10:25,58.2938352457516,85.4494729301348,97.1563920762526,34.4814680195533,68.2367774257664
2024-07-09 10:10:35,51.9754899157516,82.1210028901348,86.6258165262526,34.481717593469,68.2396061919149
2024-07-09 10:10:40,40.4875893157516,75.6423737051348,75.6423737051348,34.4817869838687,68.243371090331
2024-07-09 10:10:50,34.6287600097516,73.2054581401348,73.2054581401348,34.4822426678749,50.05176
2024-07-09 10:11:00,29.6889627517516,68.9854336251348,68.9854336251348,30.81,52.23828
2024-07-09 10:11:05,29.8038417577516,67.7372573601348,67.7372573601348,34.4825839913428,68.2443653559829
2024-07-09 10:11:15,31.1823898297516,68.4505009401348,68.4505009401348,30.98,68.2448605005561
2024-07-09 10:11:25,36.9263401297516,72.9082733151348,72.9082733151348,31.03,51.75488
2024-07-09 10:11:30,43.2446854597516,77.0688608651348,77.0688608651348,34.4829722052869,68.2452318742681
2024-07-09 10:11:40,46.4612976277516,78.0198523051348,78.0198523051348,34.483662658036,49.54785
2024-07-09 10:11:50,47.7249666937516,78.0792892701348,79.5416111562526,34.4838625582126,68.2468543783498
2024-07-09 10:11:55,45.4273865737516,74.9885670901348,75.7123109562526,34.4841953471101,68.2471184677292
2024-07-09 10:12:05,37.3858561537516,69.9958620301348,69.9958620301348,34.4844927570133,68.2474571598661
2024-07-09 10:12:15,33.1353329317516,68.6288118351348,68.6288118351348,34.4844928258599,68.2479979393505
2024-07-09 10:12:20,25.4384395297516,64.9437200051348,64.9437200051348,31.06,51.36719
2024-07-09 10:12:30,24.7491654937516,64.4087873201348,64.4087873201348,34.4848083398866,68.2508327463042
2024-07-09 10:12:40,28.9996887157516,67.9155682551348,67.9155682551348,31.11,51.70117
2024-07-09 10:12:50,33.3650909437516,68.9854336251348,68.9854336251348,34.4853854056059,68.2515337148477
2024-07-09 10:12:55,37.5007351597516,72.0761558051348,72.0761558051348,31.16,51.88574
2024-07-09 10:13:05,40.3727103097516,75.4640628101348,75.4640628101348,34.4864155822902,68.2518163397172
2024-07-09 10:13:15,39.5685572677516,78.5547849901348,78.5547849901348,31.28,50.9043
2024-07-09 10:13:20,36.5817031117516,76.0584324601348,76.0584324601348,34.48656366089,68.2521731878773
2024-07-09 10:13:30,31.0675108237516,71.4817861551348,71.4817861551348,31.18,68.252508717953
2024-07-09 10:13:50,30.6079947997516,67.7372573601348,67.7372573601348,34.486754252262,68.2535501801131
2024-07-09 10:13:55,37.5007351597516,70.6496686451348,70.6496686451348,34.487423273675,68.2539179238644
2024-07-09 10:14:05,39.4536782617516,73.0865842101348,73.0865842101348,34.4891055322715,68.2541912622235
2024-07-09 10:14:15,36.3519450997516,71.3629122251348,71.3629122251348,34.48998565619,68.2547189845564
2024-07-09 10:14:20,29.1145677217516,67.7372573601348,67.7372573601348,34.4900639383467,68.2552593000997
2024-07-09 10:14:30,27.1616246197516,69.1637445201348,69.1637445201348,34.4904527177388,68.2580195416394
2024-07-09 10:14:40,27.5062616377516,71.4817861551348,71.4817861551348,34.4908953669869,68.2582775736686
2024-07-09 10:14:45,31.9865428717516,73.2054581401348,73.2054581401348,34.4916640856606,68.2589392731797
2024-07-09 10:14:55,36.8114611237516,76.2367433551348,76.2367433551348,34.4916804379702,68.2632893258305
2024-07-09 10:15:00,36.6965821177516,73.6215168951348,73.6215168951348,34.4926259656601,68.2640767313372
2024-07-09 10:15:10,35.7775500697516,72.0167188401348,72.0167188401348,34.4928124886433,68.2641400777912
2024-07-09 10:15:20,34.1692439857516,72.7299624201348,72.7299624201348,34.4942285392962,68.2698181812467
2024-07-09 10:15:30,37.8453721777516,73.3243320701348,73.3243320701348,34.4943809740617,68.2709235310146
2024-07-09 10:15:35,62.3146004557516,87.8269515301348,107.715334852505,34.494768776489,68.2719325979784
2024-07-09 10:15:45,67.8287927437516,87.8269515301348,126.095975812505,34.4951376788046,68.2724250241939
2024-07-09 10:15:55,78.1679032837516,92.1658499751348,160.559677612505,34.4967503783047,68.272712080421
2024-07-09 10:16:00,68.2883087677516,85.5089098951348,127.627695892505,34.4969601463622,68.2739397732122
2024-07-09 10:16:10,68.5180667797516,86.6382122301348,128.393555932505,34.4970171179945,68.2746762630003
2024-07-09 10:16:20,68.6329457857516,87.3514558101348,128.776485952505,34.4973451028583,68.2766535298006
2024-07-09 10:16:25,65.3014546117516,87.0542709851348,117.671515372505,34.4982400713448,68.2770328140922
2024-07-09 10:16:35,61.8550844317516,84.3796075601348,106.183614772505,34.4982476905929,68.2770878701803
2024-07-09 10:16:45,58.7533512697516,81.9426919951348,97.9222521162526,34.4983556313147,68.2844513898654
2024-07-09 10:16:55,55.8813761197516,80.0407091151348,93.1356268662526,34.4992388582984,68.2847739088447
2024-07-09 10:17:00,53.0094009697516,79.9218351851348,88.3490016162526,34.4995271738488,68.2854887879071
2024-07-09 10:17:10,50.0225468137516,77.0094239001348,83.3709113562526,34.5010139939154,68.285591751596
2024-07-09 10:17:20,47.1505716637516,75.9395585301348,78.5842861062526,34.5014942913634,68.2860279909824
2024-07-09 10:17:30,43.4744434717516,71.9572818751348,72.4574057862526,34.5015227660676,68.2866550883
2024-07-09 10:17:35,47.2654506697516,73.0865842101348,78.7757511162526,34.5017636136025,68.2915989542509
2024-07-09 10:17:45,50.4820628377516,75.1074410201348,84.1367713962526,34.5022773410529,68.2925568541702
2024-07-09 10:17:55,65.9907286477516,84.2607336301348,119.969095492505,34.5028648538444,68.2945744436076
2024-07-09 10:18:00,73.5727430437516,89.5506235151348,145.242476812505,34.5045393593653,68.2947407974324
2024-07-09 10:18:10,69.5519778337516,88.6590690401348,131.839926112505,34.5048013217895,68.2951459219127
2024-07-09 10:18:20,75.1810491277516,90.9771106751348,150.603497092505,34.5050283473225,68.2971719646175
2024-07-09 10:18:25,74.3768960857516,91.6903542551348,147.922986952505,34.5062103422648,68.2976669921075
2024-07-09 10:18:35,71.9644369597516,90.0855562001348,139.881456532505,34.5073578368266,68.2978718430658
2024-07-09 10:18:45,64.2675435577516,85.9249686501348,114.225145192505,34.5075757183537,68.2983010181559
2024-07-09 10:18:50,48.8737567537516,76.2367433551348,81.4562612562526,34.5080253334027,68.298950524388
2024-07-09 10:19:00,36.3519450997516,69.1043075551348,69.1043075551348,34.5080485798025,68.3006387802969
2024-07-09 10:19:10,38.3048882017516,69.9958620301348,69.9958620301348,34.5083492580078,68.3008047925415
2024-07-09 10:19:15,38.7644042257516,70.1147359601348,70.1147359601348,34.5086440496814,68.3022688018368
2024-07-09 10:19:25,42.2107744057516,71.4223491901348,71.4223491901348,34.5101874007851,68.3026390180654
2024-07-09 10:19:35,37.9602511837516,69.5798032751348,69.5798032751348,34.511025918836,68.3064679298069
2024-07-09 10:19:40,35.8924290757516,69.4014923801348,69.4014923801348,34.5119633098395,68.3084869178096
2024-07-09 10:19:50,42.9000484417516,75.3451888801348,75.3451888801348,34.5121121778543,68.3087982741287
2024-07-09 10:19:55,45.0827495557516,77.6037935501348,77.6037935501348,34.5125495633726,68.3096765489333
2024-07-09 10:20:05,46.2315396157516,78.7925328501348,78.7925328501348,34.5126526527519,68.3137840294558
2024-07-09 10:20:15,43.3595644657516,76.6528021101348,76.6528021101348,34.512783073478,68.3142911257756
2024-07-09 10:20:25,43.8190804897516,76.2367433551348,76.2367433551348,34.5131267693391,68.316276070795
2024-07-09 10:20:30,57.2599241917516,84.9739772101348,95.4332069862526,34.5131802667927,68.3184384859576
2024-07-09 10:20:40,61.9699634377516,88.1835733201348,106.566544792505,34.5133977862455,68.3203376871223
2024-07-09 10:20:50,63.5782695217516,89.4911865501348,111.927565072505,34.5149577034634,68.321144694579
2024-07-09 10:20:55,58.4087142517516,88.1835733201348,97.3478570862526,34.5150026100866,68.3228640351049
2024-07-09 10:21:05,57.2599241917516,85.9844056151348,95.4332069862526,34.515448044518,68.3233099711265
2024-07-09 10:21:15,59.6723833177516,86.6976491951348,99.4539721962526,34.5162632460035,68.3308773986907
2024-07-09 10:21:20,64.9568175937516,90.2044301301348,116.522725312505,34.5163971106273,68.3331211834937
2024-07-09 10:21:30,70.4710098817516,93.2357153451348,134.903366272505,34.5175993971495,68.3339887734826
2024-07-09 10:21:40,71.2751629237516,93.2951523101348,137.583876412505,34.5176052812375,68.3379463135733
2024-07-09 10:21:45,66.6800026837516,89.6100604801348,122.266675612505,34.5184106140791,68.3379645834739
2024-07-09 10:21:55,57.4896822037516,84.3796075601348,95.8161370062526,34.5199798929411,68.3405193901635
2024-07-09 10:22:05,42.2107744057516,77.4849196201348,77.4849196201348,34.5202829623279,68.3441401461045
2024-07-09 10:22:10,46.0017816037516,80.9322635901348,80.9322635901348,34.520777377735,68.3452187528479
2024-07-09 10:22:20,53.0094009697516,84.2607336301348,88.3490016162526,34.5216510324092,68.3452577668805
2024-07-09 10:22:30,59.4426253057516,90.3827410251348,99.0710421762526,34.5217751103587,68.3455042409885
2024-07-09 10:22:35,61.9699634377516,93.2357153451348,106.566544792505,34.5218121637926,68.3455174441524
2024-07-09 10:22:45,64.9568175937516,95.1971351901348,116.522725312505,34.5219187378363,68.3461452325246
2024-07-09 10:22:55,73.3429850317516,97.6340507551348,144.476616772505,34.5219579191328,68.3463377767809
2024-07-09 10:23:00,80.9249994277516,96.6830593151348,169.749998092505,34.5222372100376,68.3463637443075
2024-07-09 10:23:10,81.6142734637516,92.7007826601348,172.047578212505,34.5227480882565,68.3467364804489
2024-07-09 10:23:20,74.7215331037516,88.4807581451348,149.071777012505,34.5228588087198,68.3468448483369
2024-07-09 10:23:25,53.8135540117516,76.8311130051348,89.6892566862526,34.5234260563048,68.3524010496537
2024-07-09 10:23:35,44.1637175077516,73.0865842101348,73.6061958462526,34.5245586019866,68.3551162923762
2024-07-09 10:23:45,36.4668241057516,70.3524838201348,70.3524838201348,34.5264411613455,68.35805434535
2024-07-09 10:23:50,39.3387992557516,71.5412231201348,71.5412231201348,34.526604570655,68.360043383081
2024-07-09 10:24:00,48.4142407297516,74.9291301251348,80.6904012162526,34.5269014109637,68.3626333396265
2024-07-09 10:24:10,48.2993617237516,74.6913822651348,80.4989362062526,34.5271040321429,68.3692086091117
2024-07-09 10:24:15,56.1111341317516,78.2576001651348,93.5185568862526,34.5274172217703,68.3697943691698
2024-07-09 10:24:25,53.3540379877516,78.1387262351348,88.9233966462526,34.5293035247094,68.3711378351304
2024-07-09 10:24:35,52.6647639517516,77.9604153401348,87.7746065862526,34.5294522987959,68.372236188613
2024-07-09 10:24:40,60.2467783477516,82.5370616451348,100.822594492505,34.5299275686529,68.3723924233335
2024-07-09 10:24:50,52.7796429577516,81.7049441351348,87.9660715962526,34.530011714031,68.3764388088977
2024-07-09 10:25:00,54.2730700357516,83.1314312951348,90.4551167262526,34.5302259485517,68.3788694643804
2024-07-09 10:25:05,55.1921020837516,86.1627165101348,91.9868368062526,34.5303032128872,68.3792586903571
2024-07-09 10:25:15,70.7007678937516,100.130403285135,135.669226312505,34.530330074457,68.3807739873781
2024-07-09 10:25:25,80.4654834037516,110.175250370135,168.218278012505,34.5303650997191,68.3813263944728
2024-07-09 10:25:30,79.4315723497516,110.412998230135,164.771907832505,34.5307747264644,68.3826641486629
2024-07-09 10:25:40,69.2073408157516,102.686192780135,130.691136052505,34.5310845915645,68.3832409196631
2024-07-09 10:25:50,38.6495252197516,76.2961803201348,76.2961803201348,34.5337125284506,68.3860203306317
2024-07-09 10:25:55,36.4668241057516,72.9677102801348,72.9677102801348,34.5339213737964,68.3866305057144
2024-07-09 10:26:05,43.3595644657516,76.2367433551348,76.2367433551348,34.5349270086107,68.3875266322249
2024-07-09 10:26:10,48.4142407297516,81.4077593101348,81.4077593101348,34.535851886018,68.3878822750288
2024-07-09 10:26:20,51.6308528977516,84.7956663151348,86.0514214962526,34.5359100234365,68.3898577162187
2024-07-09 10:26:30,51.6308528977516,85.1522881051348,86.0514214962526,34.5374238494819,68.3919715283764
2024-07-09 10:26:35,42.9000484417516,78.0198523051348,78.0198523051348,34.5378843560905,68.3920426260496
2024-07-09 10:26:45,39.9131942857516,74.1564495801348,74.1564495801348,34.5392170784586,68.3923326496837
2024-07-09 10:26:55,36.9263401297516,74.7508192301348,74.7508192301348,34.5397133040239,68.3924376637
2024-07-09 10:27:05,36.4668241057516,73.9781386851348,73.9781386851348,34.5397283140166,68.3927746885092
2024-07-09 10:27:10,37.8453721777516,74.5725083351348,74.5725083351348,34.5413132426735,68.3940987157345
2024-07-09 10:27:20,43.9339594957516,76.8905499701348,76.8905499701348,34.5414643630524,68.3957274279996
2024-07-09 10:27:30,47.9547247057516,78.9114067801348,79.9245411762526,34.5417910020921,68.3969176122579
2024-07-09 10:27:35,48.2993617237516,81.5266332401348,81.5266332401348,34.5421367255619,68.3974718745588
2024-07-09 10:27:45,57.6045612097516,85.2711620351348,96.0076020162526,34.5423541246502,68.3982400978428
2024-07-09 10:27:55,69.8966148517516,92.8790935551348,132.988716172505,34.543136555693,68.399007380447
2024-07-09 10:28:05,83.4523375597516,101.200268655135,178.174458532505,34.5432822454354,68.3994199914612
2024-07-09 10:28:10,88.7367718357516,102.270134025135,195.789239452505,34.543905082647,68.3998111189783
2024-07-09 10:28:20,88.8516508417515,100.011529355135,196.172169472505,34.5440405745587,68.4013913692085
2024-07-09 10:28:30,76.4447181937516,92.1064130101348,154.815727312505,34.5445498319694,68.4015453289638
2024-07-09 10:28:35,58.8682302757516,80.7539526951348,98.1137171262526,34.5457548699391,68.4020703674966
2024-07-09 10:28:45,51.0564578677516,77.4849196201348,85.0940964462526,34.5460486164291,68.4040357838101
2024-07-09 10:28:55,38.1900091957516,73.6809538601348,73.6809538601348,34.5476678656323,68.4062328839476
2024-07-09 10:29:05,43.7042014837516,85.6872207901348,85.6872207901348,34.5477438642454,68.4063166626716
2024-07-09 10:29:10,57.8343192217516,100.130403285135,100.086935523423,34.5487227599781,68.40652531741
2024-07-09 10:29:20,75.1810491277516,115.584014185135,150.603497092505,34.5492095075389,68.4078340392131
2024-07-09 10:29:30,92.4129000277516,126.579852710135,208.043000092505,34.5495962178483,68.4093507603078
2024-07-09 10:29:35,95.6295121957516,128.838457380135,218.765040652505,34.5520571767672,68.4112732585738
2024-07-09 10:29:45,90.4599569257516,123.786315355135,201.533189752505,34.5533490722722,68.4158891461766
2024-07-09 10:29:55,76.7893552117516,114.157527025135,155.964517372505,34.5537407022082,68.4166869294572
2024-07-09 10:30:00,61.7402054257516,101.735201340135,105.800684752505,34.5537613799786,68.4171270506337
2024-07-09 10:30:10,53.1242799757516,97.4557398601348,97.4557398601348,34.5543362695434,68.420210481502
2024-07-09 10:30:20,48.9886357597516,94.7810764351348,94.7810764351348,34.5546291492044,68.4214943450929
2024-07-09 10:30:25,52.0903689217516,100.605899005135,100.40393267009,34.5549748804847,68.4373005996218
2024-07-09 10:30:35,50.2523048257516,101.913512235135,101.275674823423,34.5551318240902,68.4374864391702
2024-07-09 10:30:45,45.4273865737516,98.2878573701348,98.2878573701348,34.5574142202607,68.4387757482813
2024-07-09 10:30:50,45.6571445857516,96.0292527001348,96.0292527001348,34.5576396447688,68.4389045628571
2024-07-09 10:31:00,42.9000484417516,93.7112110651348,93.7112110651348,34.5591994797503,68.4424430644176
2024-07-09 10:31:10,52.5498849457516,99.1794118451348,99.1794118451348,34.5597839246859,68.4436935553547
2024-07-09 10:31:15,59.6723833177516,101.259705620135,100.839803746757,34.56071646267,68.4454592426048
2024-07-09 10:31:25,63.3485115097516,103.577747255135,111.161705032505,34.5615126511909,68.4480551821583
2024-07-09 10:31:30,72.6537109957516,98.4661682651348,142.179036652505,34.5615827011219,68.4489529203726
2024-07-09 10:31:40,66.9097606957516,90.6799258501348,123.032535652505,34.562568073901,68.4490189037123
2024-07-09 10:31:50,64.7270595817516,85.2711620351348,115.756865272505,34.5627574894796,68.450571909659
2024-07-09 10:31:55,59.5575043117516,82.0021289601348,99.2625071862526,34.5639755746426,68.4538453907926
2024-07-09 10:32:05,48.8737567537516,78.1387262351348,81.4562612562526,34.5643154755021,68.4579456358317
2024-07-09 10:32:15,42.0958953997516,75.6423737051348,75.6423737051348,34.5646852364906,68.4584337554178
2024-07-09 10:32:20,42.0958953997516,77.1877347951348,77.1877347951348,34.5652896726679,68.459053533868
2024-07-09 10:32:30,45.1976285617516,81.7049441351348,81.7049441351348,34.5656213711558,68.4641550408073
2024-07-09 10:32:40,51.2862158797516,84.4390445251348,85.4770264662526,34.565788147471,68.4652313891083
2024-07-09 10:32:45,63.9229065397516,91.6903542551348,113.076355132505,34.5659104417993,68.4654639001967
2024-07-09 10:32:55,74.4917750917516,93.8300849951348,148.305916972505,34.5664430329062,68.466041926098
2024-07-09 10:33:05,83.4523375597516,94.5433285751348,178.174458532505,34.5665196141105,68.4665691200616
2024-07-09 10:33:10,83.7969745777516,94.6622025051348,179.323248592505,34.5666121265781,68.4676530555651
2024-07-09 10:33:20,66.9097606957516,88.1241363551348,123.032535652505,34.5677685394599,68.4681644559422
2024-07-09 10:33:30,62.7741164797516,90.2044301301348,109.247054932505,34.5681758712708,68.4690383386262
2024-07-09 10:33:35,50.2523048257516,85.2711620351348,85.2711620351348,34.5683389386626,68.471694427656
2024-07-09 10:33:45,48.6439987417516,83.7258009451348,83.7258009451348,34.5686298073827,68.4739816097817
2024-07-09 10:33:55,33.5948489557516,72.7893993851348,72.7893993851348,34.569042210726,68.4758745156542
2024-07-09 10:34:00,33.8246069677516,69.9364250651348,69.9364250651348,34.569135704158,68.4769673896325
2024-07-09 10:34:10,36.8114611237516,70.7091056101348,70.7091056101348,34.5693917520277,68.4786625537384
2024-07-09 10:34:20,33.9394859737516,70.4713577501348,70.4713577501348,34.5697736648261,68.4807948367659
2024-07-09 10:34:30,37.2709771477516,79.4463394651348,79.4463394651348,34.5698634124679,68.4820585860247
2024-07-09 10:34:35,34.8585180217516,78.0792892701348,78.0792892701348,34.5698911820199,68.48248321239
2024-07-09 10:37:25,75.1810491277516,96.3858744901348,150.603497092505,34.5701559478413,68.4840953585082
2024-07-09 10:37:35,71.0454049117516,92.7007826601348,136.818016372505,34.5701650861272,68.4859426915436
2024-07-09 10:37:40,83.7969745777516,101.438016515135,179.323248592505,34.5705191610641,68.4866847229945
2024-07-09 10:37:50,88.2772558117516,103.934369045135,194.257519372505,34.5708127757989,68.4874200050468
2024-07-09 10:38:00,88.1623768057516,109.045948035135,193.874589352505,34.5712693032273,68.4890333988858
2024-07-09 10:38:05,97.1229392737516,116.000072940135,223.743130912505,34.5714481709745,68.4890488210955
2024-07-09 10:38:15,116.307733275752,120.517282280135,287.692444252505,34.5727850408267,68.4894231701338
2024-07-09 10:38:25,123.430231647752,119.269106015135,302.63863972904,34.5730240396878,68.4916324426796
2024-07-09 10:38:30,129.403939959752,120.041786560135,307.23379996904,34.5731152546676,68.4923612429345
2024-07-09 10:38:40,141.236477577752,126.460978780135,316.335751982886,34.5732430219606,68.4940351386131
2024-07-09 10:38:50,135.952043301752,123.429693565135,312.270802539809,34.5736095990349,68.4950727938199
2024-07-09 10:38:55,127.450996857752,118.793610295135,305.731536044424,34.573881935024,68.496139983189
2024-07-09 10:39:05,121.707046557752,115.524577220135,301.313112736732,34.5752900581939,68.4977526769308
2024-07-09 10:39:10,64.0377855457516,87.1731449151348,113.459285152505,34.5756415962503,68.5021964448417
2024-07-09 10:39:20,52.0903689217516,83.7852379101348,86.8172815362526,34.5783163942111,68.5030482418469
2024-07-09 10:39:30,85.8647966857516,101.497453480135,186.215988952505,34.5787712326051,68.5031597534207
2024-07-09 10:39:35,159.731997543752,144.945880838831,330.563075033655,34.5793741079202,68.5041162428796
2024-07-09 10:39:45,171.105019137752,150.295207688831,339.311553182886,34.5794929616782,68.5050342143609
2024-07-09 10:39:55,203.615777835752,167.115856896438,364.319829104424,34.5795438007253,68.5051375520933
2024-07-09 10:40:00,167.428890945752,148.274344935135,336.483762265963,34.5814586497994,68.5058643568419
2024-07-09 10:40:10,123.659989659752,122.419265160135,302.815376661347,34.5817334776287,68.5061931386989
2024-07-09 10:40:20,141.006719565752,129.670568946438,316.159015050578,34.5817805146091,68.5082878307115
2024-07-09 10:40:30,185.350027369652,152.969871113831,350.269251822809,34.5821084559052,68.5115590995332
2024-07-09 10:40:35,187.532716995752,153.861425588831,351.948243842886,34.5825478066714,68.5129241078368
2024-07-09 10:40:45,172.368688203752,145.064748825135,340.283606310578,34.5827616839762,68.5131323920784
2024-07-09 10:40:55,136.066922307752,124.440121970135,312.359171005963,34.5831094072137,68.5146937552728
2024-07-09 10:41:00,99.7651564117516,108.332704455135,232.550521372505,34.5842119311875,68.5153766713496
2024-07-09 10:41:10,75.7554441577516,102.032386165135,152.518147192505,34.5859220064387,68.5179595784315
2024-07-09 10:41:20,72.4239529837516,100.011529355135,141.413176612505,34.5869180795408,68.5181424816949
2024-07-09 10:41:25,65.5312126237516,98.8227900551348,118.437375412505,34.5873826668686,68.52047223444
2024-07-09 10:41:35,90.0004409017516,114.335837920135,200.001469672505,34.5877818347716,68.5254004642117
2024-07-09 10:41:45,82.6481845177516,105.836351925135,175.493948392505,34.5883232805656,68.5261621853898
2024-07-09 10:41:50,91.8385049977516,111.126241810135,206.128349992505,34.5889773806888,68.5262316191382
2024-07-09 10:42:00,92.4129000277516,106.846780330135,208.043000092505,34.5906648428895,68.5270149238418
2024-07-09 10:42:10,82.3035474997516,100.487025075135,174.345158332505,34.5910829663579,68.5311002524027
2024-07-09 10:42:15,111.597694029752,118.971921190135,271.992313432505,34.5916347036153,68.5325081773098
2024-07-09 10:42:25,174.206740811851,150.414075675135,341.697492932193,34.5921485136025,68.5350261611581
2024-07-09 10:42:35,179.031682039652,152.791554275135,345.408986184348,34.5928293651263,68.536498640379
2024-07-09 10:42:40,148.703612967752,134.187784230135,322.079702282886,34.5929463231924,68.53658803817
2024-07-09 10:42:50,96.2039072257516,106.965654260135,220.679690752505,34.593083627587,68.5384928055909
2024-07-09 10:43:00,51.6308528977516,84.8551032801348,86.0514214962526,34.5930949847818,68.5433560816662
2024-07-09 10:43:05,53.4689169937516,86.2815904401348,89.1148616562526,34.5937877030407,68.5441043906805
2024-07-09 10:43:15,66.4502446717516,89.1345647601348,121.500815572505,34.5939384211577,68.5473471319721
2024-07-09 10:43:25,68.0585507557516,88.4213211801348,126.861835852505,34.5949420180295,68.551160845091
2024-07-09 10:43:30,92.5277790337516,98.9416639851348,208.425930112505,34.5953462322821,68.5515668447635
2024-07-09 10:43:40,90.9194729497516,98.1689834401348,203.064909832505,34.5964888113343,68.5518845172147
2024-07-09 10:43:50,82.9928215357516,95.6726309101348,176.642738452505,34.5969831111409,68.5525731175591
2024-07-09 10:43:55,64.9568175937516,85.8655316851348,116.522725312505,34.5971007097817,68.5530894413831
2024-07-09 10:44:05,60.3616573537516,90.9176737101348,101.205524512505,34.5973291526001,68.5534466609143
2024-07-09 10:44:15,83.6820955717515,103.696621185135,178.940318572505,34.5981189168807,68.5534599080773
2024-07-09 10:44:20,91.6087469857516,112.255544145135,205.362489952505,34.5986531348308,68.5540540846883
2024-07-09 10:44:30,89.8855618957516,114.811333640135,199.618539652505,34.5990636945414,68.5548374892887
2024-07-09 10:44:35,69.4370988277516,97.1585550351348,131.456996092505,34.5992943174628,68.5562077977351
2024-07-09 10:44:45,63.0038744917516,91.3337324651348,110.012914972505,34.6003104356208,68.5599960576454
2024-07-09 10:44:55,64.3824225637516,87.8863884951348,114.608075212505,34.6007702980142,68.5619820153074
2024-07-09 10:45:00,84.6011276197516,103.696621185135,182.003758732505,34.6018633879041,68.5624332523355
2024-07-09 10:45:10,89.0814088537516,108.332704455135,196.938029512505,34.6021244025305,68.5624730387085
2024-07-09 10:45:25,53.9284330177516,86.7570861601348,89.8807216962526,34.6034711537392,68.5634598509179
2024-07-09 10:45:35,41.5215003697516,79.0302807101348,79.0302807101348,34.6045746621041,68.5636946337123
2024-07-09 10:45:40,42.9000484417516,78.5547849901348,78.5547849901348,34.6054134557292,68.5686604224173
2024-07-09 10:45:50,39.2239202497516,75.7612476351348,75.7612476351348,34.6068134835617,68.5691305641733
2024-07-09 10:46:00,37.7304931717516,74.3347604751348,74.3347604751348,34.6080049427584,68.5698260141411
2024-07-09 10:47:30,25.2086815177516,69.5798032751348,69.5798032751348,31.97,49.21582
2024-07-09 10:47:40,32.5609379017516,75.3451888801348,75.3451888801348,31.75,49.59375
2024-07-09 10:47:45,29.4592047397516,73.0865842101348,73.0865842101348,34.6081529100806,49.49316
2024-07-09 10:47:55,29.4592047397516,73.0865842101348,73.0865842101348,34.6088657749495,49.47266
2024-07-09 10:48:05,24.9789235057516,66.8457028851348,66.8457028851348,31.75,49.72852
2024-07-09 10:48:10,26.0128345597516,65.6569635851348,65.6569635851348,34.6089051707035,49.38965
2024-07-09 10:48:20,28.5401726917516,70.0552989951348,70.0552989951348,34.6097511772579,47.28809
2024-07-09 10:48:30,35.2031550397516,75.5234997751348,75.5234997751348,34.6104382392637,68.570866237499
2024-07-09 10:48:35,39.6834362737516,79.0897176751348,79.0897176751348,34.6110337653934,68.5717513802022
2024-07-09 10:48:45,40.1429522977516,79.2680285701348,79.2680285701348,31.75,50.17871
2024-07-09 10:48:50,41.8661373877516,78.6142219551348,78.6142219551348,31.89,47.17383
2024-07-09 10:49:00,40.0280732917516,75.5829367401348,75.5829367401348,34.6112405968184,68.5722759771203
2024-07-09 10:49:10,36.4668241057516,74.0375756501348,74.0375756501348,32.7,68.5733423234595
2024-07-09 10:49:15,35.8924290757516,71.8978449101348,71.8978449101348,32.33,68.5733645332861
2024-07-09 10:49:25,31.7567848597516,69.5203663101348,69.5203663101348,32.45,48.41309
2024-07-09 10:49:35,36.9263401297516,74.3941974401348,74.3941974401348,34.6117442730251,68.5817890568022
2024-07-09 10:49:40,50.1374258197516,80.5162048351348,83.5623763662526,32.67,47.71582
2024-07-09 10:49:50,63.2336325037516,85.7466577551348,110.778775012505,34.6117619722817,68.5839454255786
2024-07-09 10:50:00,103.785921621752,105.063671380135,245.953072072505,34.6121468706415,68.584055396796
2024-07-09 10:50:10,120.558256497752,114.633022745135,300.429428075194,32.86,47.66211
2024-07-09 10:50:15,126.761722821752,118.496425470135,305.201325247501,34.6132878945932,47.43066
2024-07-09 10:50:25,122.281441587752,115.940635975135,301.754955067501,34.6138270645323,68.5870551474741
2024-07-09 10:50:30,93.4468110817516,119.685164770135,211.489370272505,34.6139314363916,68.5872165006227
2024-07-09 10:50:40,93.4468110817516,119.685164770135,211.489370272505,33.27,46.69043
2024-07-09 10:50:50,72.5388319897516,110.710183055135,141.796106632505,33.42,46.39844
2024-07-09 10:50:55,73.1132270197516,98.1095464751348,143.710756732505,33.57,46.00977
2024-07-09 10:51:05,79.3166933437516,120.517282280135,164.388977812505,33.71,45.74219
2024-07-09 10:51:15,65.6460916297516,122.181517300135,118.820305432505,33.85,45.52344
2024-07-09 10:51:20,55.9962551257516,119.506853875135,113.00456925009,33.99,45.14551
2024-07-09 10:51:30,47.2654506697516,105.539167100135,103.692778066757,34.11,44.85156
2024-07-09 10:51:40,35.0882760337516,78.4953480251348,78.4953480251348,34.15,44.6709
2024-07-09 10:51:45,29.3443257337516,71.8384079451348,71.8384079451348,34.31,44.17188
2024-07-09 10:51:55,27.9657776617516,71.7789709801348,71.7789709801348,34.35,43.99121
2024-07-09 10:52:05,27.1616246197516,71.7195340151348,71.7195340151348,34.48,43.83203
2024-07-09 10:52:10,26.3574715777516,70.1147359601348,70.1147359601348,34.6,43.71973
2024-07-09 10:52:20,27.5062616377516,69.5798032751348,69.5798032751348,34.74,43.62305
2024-07-09 10:52:25,46.0017816037516,81.3483223451348,81.3483223451348,34.84,43.3252
2024-07-09 10:52:35,65.1865756057516,98.2284204051348,117.288585352505,34.97,42.63672
2024-07-09 10:52:45,78.6274193077516,103.518310290135,162.091397692505,35.05,42.27539
2024-07-09 10:52:50,95.3997541837516,111.601737530135,217.999180612505,35.14,42.0625
2024-07-09 10:53:00,76.5595971997516,97.6340507551348,155.198657332505,35.04,42.37305
2024-07-09 10:53:10,62.1997214497516,85.4494729301348,107.332404832505,34.83,42.66016
2024-07-09 10:53:15,46.6910556397516,80.6945157301348,80.6945157301348,34.82,42.61133
2024-07-09 10:53:25,42.4405324177516,78.7330958851348,78.7330958851348,34.8,42.36328
2024-07-09 10:53:35,43.8190804897516,82.8936834351348,82.8936834351348,34.56,42.19336
2024-07-09 10:53:40,43.8190804897516,82.8936834351348,82.8936834351348,34.4,42.39941
2024-07-09 10:53:50,38.8792832317516,82.6559355751348,82.6559355751348,34.3,42.9668
2024-07-09 10:54:00,38.0751301897516,80.8728266251348,80.8728266251348,34.16,43.57813
2024-07-09 10:54:10,40.1429522977516,84.2012966651348,84.2012966651348,34.18,43.49609
2024-07-09 10:54:15,38.4197672077516,81.9426919951348,81.9426919951348,34.33,43.30176
2024-07-09 10:54:25,40.6024683217516,86.4004643701348,86.4004643701348,34.51,42.74219
2024-07-09 10:54:35,35.4329130517516,81.4077593101348,81.4077593101348,34.63,42.45801
2024-07-09 10:54:40,43.0149274477516,86.0438425801348,86.0438425801348,34.67,68.590349577736
2024-07-09 10:54:50,43.0149274477516,86.0438425801348,86.0438425801348,34.68,68.5905366295723
2024-07-09 10:54:55,71.3900419297516,100.249277215135,137.966806432505,34.69,68.5932243789676
2024-07-09 10:55:05,99.4205193937516,116.297257765135,231.401731312505,34.72,41.96289
2024-07-09 10:55:15,103.785921621752,119.685164770135,245.953072072505,34.6,42.20898
2024-07-09 10:55:20,84.0267325897516,109.105385000135,180.089108632505,34.67,42.08105
2024-07-09 10:55:30,54.5028280477516,89.5506235151348,90.8380467462526,34.67,42.10645
2024-07-09 10:55:40,57.7194402157516,90.4421779901348,96.1990670262526,34.66,42.28906
2024-07-09 10:55:45,73.6876220497516,99.2388488101348,145.625406832505,34.52,42.95117
2024-07-09 10:55:55,76.2149601817516,101.972949200135,154.049867272505,34.48,43.15723
2024-07-09 10:56:05,75.2959281337516,101.259705620135,150.986427112505,34.6140101646994,68.596272970375
2024-07-09 10:56:10,73.9173800617516,100.070966320135,146.391266872505,34.67,42.78027
2024-07-09 10:56:20,77.3637502417516,94.0083958901348,157.879167472505,34.59,42.67578
2024-07-09 10:56:30,125.957569779752,117.783181890135,304.582745984424,34.6144507629473,68.5967115135861
2024-07-09 10:56:35,142.844783661752,127.471407185135,317.57291050904,34.6147255171844,68.5976692221313
2024-07-09 10:56:45,165.246201319652,139.893738813831,334.804770245886,33.82,43.7334
2024-07-09 10:56:55,174.091873293752,145.302496685135,341.609133302886,34.53,43.30859
2024-07-09 10:57:00,157.319538417752,136.030336088831,328.707337244424,34.616156082234,68.5997352901803
2024-07-09 10:57:10,144.223331733752,128.541272555135,318.633332102886,34.6170200286214,68.6003997698689
2024-07-09 10:57:20,126.187327791752,118.199240645135,304.759482916732,34.6175269582919,68.6011186071878
2024-07-09 10:57:25,118.949950413752,113.979216130135,296.499834712505,34.6177486790517,42.12305
2024-07-09 10:57:35,102.062736531752,104.409864765135,240.209121772505,34.6178975992958,68.6022989340705
2024-07-09 10:57:45,81.0398784337515,92.3441608701348,170.132928112505,34.68,42.0332
2024-07-09 10:57:50,54.5028280477516,79.8623982201348,90.8380467462526,34.74,41.86621
2024-07-09 10:58:00,56.6855291617516,82.1210028901348,94.4758819362526,34.7,41.8623
2024-07-09 10:58:05,61.2806894017516,85.9249686501348,104.268964672505,34.6186432926201,68.60254700748
2024-07-09 10:58:15,104.015679633752,109.640317685135,246.718932112505,34.6188456216218,68.603801318107
2024-07-09 10:58:25,109.529871921752,112.433855040135,265.099573072505,34.84,41.39551
2024-07-09 10:58:30,103.211526591752,106.074099785135,244.038421972505,34.61921374263,68.6039546874668
2024-07-09 10:58:40,99.7651564117516,103.815495115135,232.550521372505,34.72,41.67969
2024-07-09 10:58:50,71.3900419297516,90.5610519201348,137.966806432505,34.73,41.47168
2024-07-09 10:58:55,67.8287927437516,89.9072453051348,126.095975812505,34.63,41.79492
2024-07-09 10:59:05,73.8025010557516,93.8300849951348,146.008336852505,34.54,42.14258
2024-07-09 10:59:15,48.8737567537516,81.2888853801348,81.4562612562526,34.59,41.99902
2024-07-09 10:59:20,47.0356926577516,77.6037935501348,78.3928210962526,34.61,42.07617
2024-07-09 10:59:30,76.1000811757516,97.3963028951348,153.666937252505,34.78,41.74609
2024-07-09 10:59:40,87.0135867457516,101.675764375135,190.045289152505,34.8,41.65039
2024-07-09 10:59:45,91.3789889737516,107.441149980135,204.596629912505,35.01,41.2998
2024-07-09 10:59:55,85.1755226497516,107.619460875135,183.918408832505,35.23,40.75488
2024-07-09 11:00:05,75.6405651517516,101.675764375135,152.135217172505,35.29,40.47656
2024-07-09 11:00:10,91.6087469857516,111.423426635135,205.362489952505,35.47,40.04785
2024-07-09 11:00:20,108.036444843752,114.751896675135,260.121482812505,35.81,39.48633
2024-07-09 11:00:30,105.394227705752,115.227392395135,251.314092352505,36.15,39.02246
2024-07-09 11:00:35,94.4807221357516,120.101223525135,214.935740452505,36.4,38.29004
2024-07-09 11:00:45,87.8177397877516,121.884332475135,192.725799292505,36.57,37.77246
2024-07-09 11:00:55,89.3111668657516,124.440121970135,197.703889552505,37.08,36.98633
2024-07-09 11:01:00,88.7367718357516,116.891627415135,195.789239452505,37.14,36.50879
2024-07-09 11:01:10,82.3035474997516,104.350427800135,174.345158332505,37.05,36.81152
2024-07-09 11:01:20,57.9491982277516,89.9072453051348,96.5819970462526,36.96,36.95215
2024-07-09 11:01:25,57.4896822037516,89.0751277951348,95.8161370062526,36.78,37.37012
2024-07-09 11:01:35,65.1865756057516,94.4838916101348,117.288585352505,36.54,37.7959
2024-07-09 11:01:45,68.4031877737516,97.5151768251348,128.010625912505,36.45,37.77637
2024-07-09 11:01:55,59.6723833177516,89.2534386901348,99.4539721962526,36.52,37.6582
2024-07-09 11:02:00,43.7042014837516,80.1001460801348,80.1001460801348,36.61,37.81348
2024-07-09 11:02:10,39.9131942857516,76.5933651451348,76.5933651451348,36.76,37.67676
2024-07-09 11:02:15,41.9810163937516,80.0407091151348,80.0407091151348,36.92,37.55469
2024-07-09 11:02:25,53.8135540117516,93.5923371351348,93.5923371351348,36.84,37.47363
2024-07-09 11:02:35,67.2543977137516,105.241982275135,124.181325712505,36.91,37.24512
2024-07-09 11:02:40,80.1208463857516,109.283695895135,167.069487952505,36.44,68.6054490033816
2024-07-09 11:02:50,82.3035474997516,106.609032470135,174.345158332505,34.6194930790777,68.6081151021753
2024-07-09 11:03:00,71.6197999417516,100.962520795135,138.732666472505,36.67,37.57129
2024-07-09 11:03:05,61.2806894017516,98.9416639851348,104.268964672505,36.6,37.94824
2024-07-09 11:03:15,49.3332727777516,97.7529246851348,97.7529246851348,36.43,68.608311746364
2024-07-09 11:03:25,42.7851694357516,90.2638670951348,90.2638670951348,36.49,68.6084057057385
2024-07-09 11:03:30,41.5215003697516,90.6204888851348,90.6204888851348,36.64,37.60645
2024-07-09 11:03:40,37.1560981417516,86.3410274051348,86.3410274051348,36.88,37.42773
2024-07-09 11:03:50,29.2294467277516,83.1908682601348,83.1908682601348,37.06,36.99707
2024-07-09 11:03:55,37.1560981417516,92.9385305201348,92.9385305201348,37.09,36.90137
2024-07-09 11:04:05,46.3464186217516,93.7706480301348,93.7706480301348,37.09,36.81348
2024-07-09 11:04:15,52.6647639517516,96.0292527001348,96.0292527001348,37.07,36.66406
2024-07-09 11:04:20,55.6516181077516,92.7007826601348,92.7526968462526,37.1,36.71582
2024-07-09 11:04:30,44.8529915437516,80.8728266251348,80.8728266251348,37.11,36.77832
2024-07-09 11:04:40,65.6460916297516,95.4348830501348,118.820305432505,37.17,36.63477
2024-07-09 11:04:45,74.0322590677516,102.805066710135,146.774196892505,37.12,36.90332
2024-07-09 11:04:55,86.7838287337516,112.552728970135,189.279429112505,36.99,36.99121
2024-07-09 11:05:05,87.2433447577516,114.573585780135,190.811149192505,37.01,36.88184
2024-07-09 11:05:10,71.8495579537516,103.042814570135,139.498526512505,37.1,36.93848
2024-07-09 11:05:20,63.6931485277516,95.1971351901348,112.310495092505,37.17,36.69727
2024-07-09 11:05:30,55.7664971137516,90.9176737101348,92.9441618562526,37.15,36.50879
2024-07-09 11:05:35,53.1242799757516,85.8060947201348,88.5404666262526,37.07,36.55273
2024-07-09 11:05:45,42.6702904297516,78.9708437451348,78.9708437451348,37.05,36.81055
2024-07-09 11:05:55,45.3125075677516,79.5652133951348,79.5652133951348,37.03,36.61035
2024-07-09 11:06:00,38.0751301897516,76.1178694251348,76.1178694251348,37.01,36.88184
2024-07-09 11:06:10,50.2523048257516,84.1418597001348,84.1418597001348,36.99,36.80566
2024-07-09 11:06:15,51.8606109097516,83.4880530851348,86.4343515162526,37.04,68.6104910151809
2024-07-09 11:06:25,62.8889954857516,94.5433285751348,109.629984952505,34.6195162314959,68.612798121874
2024-07-09 11:06:35,95.8592702077516,113.206535585135,219.530900692505,37.23,68.6135920355616
2024-07-09 11:06:40,108.610839873752,127.709160988831,262.036132912505,34.6197173114396,68.6147259288332
2024-07-09 11:06:50,122.281441587752,133.652857488831,301.754955067501,37.37,36.09277
2024-07-09 11:07:00,108.840597885752,125.212802515135,262.801992952505,34.6202427599673,68.6182348446489
2024-07-09 11:07:05,78.8571773197516,104.112679940135,162.857257732505,38.06,68.6195841053882
2024-07-09 11:07:15,81.0398784337515,104.885360485135,170.132928112505,38.25,27.65234
2024-07-09 11:07:25,94.0212061117516,112.909350760135,213.404020372505,38.35,34.65625
2024-07-09 11:07:30,105.049590687752,118.555862435135,250.165302292505,38.64,33.96973
2024-07-09 11:07:40,108.266202855752,119.447416910135,260.887342852505,34.6210992181705,68.6213819173537
2024-07-09 11:07:50,88.1623768057516,106.549595505135,193.874589352505,34.6214534808341,68.6223916403829
2024-07-09 11:07:55,78.0530242777516,97.9906725451348,160.176747592505,38.54,33.85156
2024-07-09 11:08:05,65.6460916297516,89.9666822701348,118.820305432505,38.6,68.6252273646461
2024-07-09 11:08:15,61.2806894017516,86.6382122301348,104.268964672505,34.6224056301953,25.70508
2024-07-09 11:08:20,64.8419385877516,88.8373799351348,116.139795292505,34.6228095992626,68.6284705782306
2024-07-09 11:08:30,66.2204866597516,90.8582367451348,120.734955532505,34.6228779150508,68.6285508471871
2024-07-09 11:08:40,64.8419385877516,93.2357153451348,116.139795292505,38.79,33.96777
2024-07-09 11:08:45,71.3900419297516,99.8332184601348,137.966806432505,38.82,33.74707
2024-07-09 11:08:55,54.2730700357516,92.4035978351348,92.4035978351348,38.75,33.97754
2024-07-09 11:09:05,48.8737567537516,88.3024472501348,88.3024472501348,38.86,34.09766
2024-07-09 11:09:10,43.1298064537516,84.5579184551348,84.5579184551348,39.2,33.6875
2024-07-09 11:09:20,36.6965821177516,88.9562538651348,88.9562538651348,39.49,33.14844
2024-07-09 11:09:30,41.5215003697516,91.4526063951348,91.4526063951348,39.41,32.58301
2024-07-09 11:09:35,39.4536782617516,88.6590690401348,88.6590690401348,39.33,32.67676
2024-07-09 11:09:45,39.4536782617516,82.0021289601348,82.0021289601348,39.45,32.54785
2024-07-09 11:09:55,34.5138810037516,71.1846013301348,71.1846013301348,39.31,68.6319115475116
2024-07-09 11:10:00,37.5007351597516,73.7998277901348,73.7998277901348,39.02,33.5498
2024-07-09 11:10:10,92.2980210217516,106.549595505135,207.660070072505,38.91,30.61523
2024-07-09 11:10:15,109.989387945752,118.199240645135,266.631293152505,34.6231752018326,25.50879
2024-07-09 11:10:25,120.213619479752,124.737306795135,300.164322676732,39.09,33.51758
2024-07-09 11:10:35,89.3111668657516,104.647612625135,197.703889552505,38.99,33.72266
2024-07-09 11:11:05,27.8508986557516,74.2753235101348,74.2753235101348,34.6234236161114,68.6341905371799
2024-07-09 11:11:50,32.3311798897516,75.2857519151348,75.2857519151348,34.6236123098052,68.6348944335319
2024-07-09 11:12:05,55.5367391017516,85.2117250701348,92.5612318362527,34.6238578786963,68.637145437469
2024-07-09 11:12:30,151.001193087752,132.880171000135,323.847071605963,34.6241667233308,68.639196725914
2024-07-09 11:12:40,147.210185889752,130.562123421438,320.930912222886,34.6254666934497,68.6438618627669
2024-07-09 11:13:00,97.5824552977516,106.192973715135,225.274850992505,34.6258365175524,68.6452950762592
2024-07-09 11:13:10,89.5409248777516,101.616327410135,198.469749592505,34.6259145796975,68.6481867144776
2024-07-09 11:13:15,63.6931485277516,85.2117250701348,112.310495092505,34.6260665225307,68.6499158798762
2024-07-09 11:13:25,39.9131942857516,72.3733406301348,72.3733406301348,34.6261059317177,68.6499961729065
2024-07-09 11:13:35,42.4405324177516,71.7789709801348,71.7789709801348,34.6270665737433,68.654173518102
2024-07-09 11:13:55,65.3014546117516,83.0125573651348,117.671515372505,34.6270988241866,68.6541986638498
2024-07-09 11:14:00,84.4862486137516,94.3650176801348,181.620828712505,34.6280763585358,68.6557549246191
2024-07-09 11:14:20,101.373462495752,104.409864765135,237.911541652505,34.6286538461288,68.6558602662408
2024-07-09 11:14:30,82.0737894877516,94.7810764351348,173.579298292505,34.6292404446628,68.6570752205247
2024-07-09 11:14:45,56.2260131377516,84.2012966651348,93.7100218962526,34.6299036318906,68.6586336120292
2024-07-09 11:15:00,77.5935082537516,101.556890445135,158.645027512505,34.6304770636311,68.661265098203
2024-07-09 11:15:15,89.4260458717516,102.983377605135,198.086819572505,34.6324132464032,68.6633180263551
2024-07-09 11:15:25,74.9512911157516,95.7320678751348,149.837637052505,34.6335969132518,68.6646904452283
2024-07-09 11:15:35,79.2018143377516,96.9208071751348,164.006047792505,34.6341881810564,68.665248233081
2024-07-09 11:16:00,85.8647966857516,99.6549075651348,186.215988952505,34.6342763270598,68.665446276783
2024-07-09 11:16:10,80.1208463857516,96.1481266301348,167.069487952505,34.6344301723306,68.6676334839419
2024-07-09 11:16:15,68.1734297617516,90.2044301301348,127.244765872505,34.6346498120538,68.6686515965813
2024-07-09 11:16:30,137.100833361752,131.453677896438,313.154487201347,34.6350674525614,68.6690162543088
2024-07-09 11:16:50,128.370028905752,123.370256600135,306.438483773655,34.635601825664,68.6764851995357
2024-07-09 11:17:05,56.2260131377516,78.6142219551348,93.7100218962526,34.6359847827301,68.677233326658
2024-07-09 11:17:20,58.4087142517516,80.7539526951348,97.3478570862526,34.6369430568402,68.6789128414044
2024-07-09 11:17:30,56.4557711497516,81.6455071701348,94.0929519162526,34.638487478443,68.678925082482
2024-07-09 11:17:45,39.2239202497516,72.3733406301348,72.3733406301348,34.6385145463122,68.6791129844472
2024-07-09 11:17:55,35.2031550397516,71.5412231201348,71.5412231201348,34.6387794261966,68.6810865149186
2024-07-09 11:18:05,28.9996887157516,67.9155682551348,67.9155682551348,34.6397410768521,68.681174509789
2024-07-09 11:18:30,36.5817031117516,73.8592647551348,73.8592647551348,34.6397830726789,68.6827827498259
2024-07-09 11:18:55,64.3824225637516,88.0646993901348,114.608075212505,34.6400579754234,68.683453350723
2024-07-09 11:19:10,69.0924618097516,88.3024472501348,130.308206032505,34.6403929749676,68.6850785935425
2024-07-09 11:19:50,38.9941622377516,77.6037935501348,77.6037935501348,34.6411799301906,68.6876106721877
2024-07-09 11:20:40,51.5159738917516,80.6350787651348,85.8599564862526,34.6412761770365,68.6881904526921
2024-07-09 11:20:55,45.0827495557516,74.8102561951348,75.1379159262526,34.641399025591,68.6888000969796
2024-07-09 11:21:05,42.6702904297516,73.8592647551348,73.8592647551348,34.6421618101973,68.6893924447312
2024-07-09 11:21:30,40.3727103097516,72.9677102801348,72.9677102801348,34.6439552109914,68.6931754576991
2024-07-09 11:21:55,29.2294467277516,69.9958620301348,69.9958620301348,34.643976188264,68.6936516840522
2024-07-09 11:22:45,66.2204866597516,90.9771106751348,120.734955532505,34.6443591667561,68.6948392744444
2024-07-09 11:23:20,77.5935082537516,95.4943200151348,158.645027512505,34.6444408840823,68.6957333734295
2024-07-09 11:23:25,75.1810491277516,94.0083958901348,150.603497092505,34.6449541277214,68.6966995426275
2024-07-09 11:24:00,58.8682302757516,83.6663639801348,98.1137171262526,34.6452372257087,68.6971658815305
2024-07-09 11:24:10,54.1581910297516,83.0125573651348,90.2636517162526,34.6452852423401,68.6973611534317
2024-07-09 11:24:15,53.2391589817516,84.1418597001348,88.7319316362526,34.6458550679771,68.6983019557363
2024-07-09 11:24:55,55.5367391017516,82.5370616451348,92.5612318362527,34.6459881038227,68.7006638433676
2024-07-09 11:25:15,69.5519778337516,91.2148585351348,131.839926112505,34.6470529112561,68.7010585981681
2024-07-09 11:25:40,67.5990347317516,91.3931694301348,125.330115772505,34.6472262873406,68.7030440679552
2024-07-09 11:25:55,38.1900091957516,72.3733406301348,72.3733406301348,34.6480315676127,68.7033157896274
2024-07-09 11:26:05,38.6495252197516,70.7091056101348,70.7091056101348,34.6482182675552,68.7057925901623
2024-07-09 11:26:10,34.0543649797516,66.2513332351348,66.2513332351348,34.6484516260983,68.7103511519787
2024-07-09 11:26:30,34.9733970277516,67.3806355701348,67.3806355701348,34.6486038397944,68.7105472585706
2024-07-09 11:26:45,35.5477920577516,69.4014923801348,69.4014923801348,34.6487181255419,68.7109792620413
2024-07-09 11:27:00,65.1865756057516,87.0542709851348,117.288585352505,34.6493974388043,68.7154384760791
2024-07-09 11:27:30,58.5235932577516,91.0365476401348,97.5393220962526,34.6495165398738,68.7169990077916
2024-07-09 11:29:25,34.5138810037516,65.7758375151348,65.7758375151348,34.6495570848508,68.7181706744987
2024-07-09 11:29:50,31.1823898297516,67.9155682551348,67.9155682551348,34.6504716890106,68.7225201605075
2024-07-09 11:29:55,33.5948489557516,68.3316270101348,68.3316270101348,34.652680135829,68.7238607355482
2024-07-09 11:30:05,38.6495252197516,72.1950297351348,72.1950297351348,34.654041604444,68.7243392082395
2024-07-09 11:30:15,38.8792832317516,72.0167188401348,72.0167188401348,34.6542373904265,68.7255574248441
2024-07-09 11:30:25,33.2502119377516,69.1043075551348,69.1043075551348,34.6542445601416,68.7289595530123
2024-07-09 11:30:30,30.1484787757516,66.8457028851348,66.8457028851348,34.65485209063,68.7302793257054
2024-07-09 11:31:05,21.7623113377516,63.6361067751348,63.6361067751348,34.6550338605279,68.7342947736505
2024-07-09 11:31:40,22.5664643797516,64.4087873201348,64.4087873201348,34.6563091178399,68.7368120038563
2024-07-09 11:31:50,22.6813433857516,64.1710394601348,64.1710394601348,34.6569992281519,68.7376493688408
2024-07-09 11:32:20,24.5194074817516,62.5068044401348,62.5068044401348,34.6573927863259,68.7391608864159
2024-07-09 11:32:35,26.0128345597516,62.8039892651348,62.8039892651348,34.6589520770446,68.7393040642682
2024-07-09 11:32:45,25.7830765477516,63.3983589151348,63.3983589151348,34.6589942187939,68.7406420568481
2024-07-09 11:33:00,22.5664643797516,63.4577958801348,63.4577958801348,34.6601554572946,68.7412700086267
2024-07-09 11:33:20,19.2349732057516,61.3775021051348,61.3775021051348,34.6605347781719,68.7417349361587
2024-07-09 11:33:25,19.2349732057516,61.1991912101348,61.1991912101348,34.6606822630828,68.7422674257436
2024-07-09 11:33:35,20.3837632657516,61.2586281751348,61.2586281751348,34.660865379943,68.7424482962826
2024-07-09 11:33:45,22.2218273617516,63.4577958801348,63.4577958801348,34.6610446862776,68.7459790204939
2024-07-09 11:34:00,23.7152544397516,63.5766698101348,63.5766698101348,34.6617864140574,68.7466457614352
2024-07-09 11:34:15,23.7152544397516,63.6361067751348,63.6361067751348,34.6618450934006,68.7468414315127
2024-07-09 11:34:25,22.3367063677516,62.7445523001348,62.7445523001348,34.6623983651638,68.7472556106705
2024-07-09 11:34:35,20.0391262477516,59.5349561901348,59.5349561901348,34.6637586644237,68.7487815225712
2024-07-09 11:35:25,59.0979882877516,79.2085916051348,98.4966471462526,34.6640770650464,68.7500546035912
2024-07-09 11:35:35,65.9907286477516,83.1314312951348,119.969095492505,34.6646935583327,68.7520561917287
2024-07-09 11:35:45,67.2543977137516,83.9635488051348,124.181325712505,34.6648415729411,68.7540219236803
2024-07-09 11:35:50,42.2107744057516,73.0271472451348,73.0271472451348,34.6648681584318,68.755072484601
2024-07-09 11:36:15,29.6889627517516,63.2794849851348,63.2794849851348,34.6648800552683,68.7570104908068
2024-07-09 11:37:25,49.3332727777516,73.7403908251348,82.2221212962526,34.6649353512602,68.758848671588
2024-07-09 11:37:40,58.4087142517516,79.2085916051348,97.3478570862526,34.6650066699942,68.7589761596872
2024-07-09 11:38:00,50.9415788617516,75.9395585301348,84.9026314362526,34.6650227518926,68.7612654912092
2024-07-09 11:38:40,27.5062616377516,66.6079550251348,66.6079550251348,34.6652781037101,68.7635709267579
2024-07-09 11:38:50,22.2218273617516,62.9228631951348,62.9228631951348,34.6657500377128,68.7636497208434
2024-07-09 11:39:25,35.8924290757516,68.2721900451348,68.2721900451348,34.665773665063,68.764072307562
2024-07-09 11:39:35,29.5740837457516,64.6465351801348,64.6465351801348,34.6667774281406,68.7647255918906
2024-07-09 11:39:45,33.1353329317516,66.1918962701348,66.1918962701348,34.6671200023961,68.766307409797
2024-07-09 11:39:50,34.7436390157516,68.9259966601348,68.9259966601348,34.6676127508385,68.7675054703846
2024-07-09 11:40:10,31.2972688357516,67.7372573601348,67.7372573601348,34.6676822245655,68.7734550520428
2024-07-09 11:40:25,27.2765036257516,63.1606110551348,63.1606110551348,34.6678968588694,68.7738291433236
2024-07-09 11:40:40,31.5270268477516,65.0031569701348,65.0031569701348,34.6684719948029,68.776958779773
2024-07-09 11:40:50,30.8377528117516,65.2409048301348,65.2409048301348,34.6689571766687,68.7789227061005
2024-07-09 11:41:35,17.6266671217516,58.2867799251348,58.2867799251348,34.6692504521203,68.7847498932466
2024-07-09 11:41:40,17.7415461277516,58.6434017151348,58.6434017151348,34.6697815135366,68.788271214935
2024-07-09 11:41:50,17.6266671217516,58.8217126101348,58.8217126101348,34.6700804088642,68.7901083322093
2024-07-09 11:42:00,19.3498522117516,61.2586281751348,61.2586281751348,34.6702434783913,68.7912362233424
2024-07-09 11:42:15,30.6079947997516,68.3910639751348,68.3910639751348,34.6707245082161,68.7912520769141
2024-07-09 11:42:25,34.9733970277516,70.8279795401348,70.8279795401348,34.6713209776257,68.7927235131261
2024-07-09 11:42:35,36.5817031117516,71.3629122251348,71.3629122251348,34.671440957274,68.7979495908104
2024-07-09 11:42:40,35.5477920577516,70.2336098901348,70.2336098901348,34.6723567546806,68.7999361929191
2024-07-09 11:43:00,37.3858561537516,71.4223491901348,71.4223491901348,34.6724575251377,68.8030508323091
2024-07-09 11:43:05,39.1090412437516,71.6600970501348,71.6600970501348,34.6741246509917,68.8041780791548
2024-07-09 11:43:25,85.6350386737516,95.0188242951348,185.450128912505,34.6742322951065,68.8054952352384
2024-07-09 11:44:00,46.0017816037516,76.3556172851348,76.6696360062526,34.6746931184829,68.8055307505178
2024-07-09 11:44:10,31.2972688357516,68.9259966601348,68.9259966601348,34.6752508034822,68.8088100424284
2024-07-09 11:44:15,31.8716638657516,68.6882488001348,68.6882488001348,34.6753405223902,68.8107175217429
2024-07-09 11:44:35,41.5215003697516,74.5130713701348,74.5130713701348,34.6760983014524,68.8117170669648
2024-07-09 11:45:10,32.9055749197516,66.8457028851348,66.8457028851348,34.6762120585763,68.8124427234001
2024-07-09 11:45:35,49.6779097957516,74.9885670901348,82.7965163262526,34.6765984396685,68.8168592537306
2024-07-09 11:45:45,51.9754899157516,76.8905499701348,86.6258165262526,34.6777155740732,68.8183622416863
2024-07-09 11:45:55,48.2993617237516,75.3451888801348,80.4989362062526,34.6783169518037,68.8188340525486
2024-07-09 11:46:20,65.3014546117516,82.8342464701348,117.671515372505,34.6784402648905,68.8198859482043
2024-07-09 11:46:50,49.6779097957516,75.9395585301348,82.7965163262526,34.6788532618902,68.8201391927126
2024-07-09 11:47:00,43.7042014837516,72.8488363501348,72.8488363501348,34.678940985752,68.8201783289889
2024-07-09 11:47:10,35.4329130517516,67.0834507451348,67.0834507451348,34.6795602189363,68.820601133682
2024-07-09 11:47:45,29.8038417577516,68.1533161151348,68.1533161151348,34.6799726637426,68.8234411246353
2024-07-09 11:48:00,27.9657776617516,67.3806355701348,67.3806355701348,34.6805775511087,68.8238338539373
2024-07-09 11:48:10,29.5740837457516,69.7581141701348,69.7581141701348,34.6811035545203,68.8254507498524
2024-07-09 11:48:45,39.9131942857516,69.2231814851348,69.2231814851348,34.6812039522271,68.8255052928034
2024-07-09 11:49:00,25.8979555537516,63.3389219501348,63.3389219501348,34.6817762332449,68.8259262419631
2024-07-09 11:49:10,28.9996887157516,64.2899133901348,64.2899133901348,34.6819937696143,68.8296093891593
2024-07-09 11:49:25,66.3353656657516,83.5474900501348,121.117885552505,34.6823262376646,68.8302068955442
2024-07-09 11:49:35,94.2509641237516,99.2982857751348,214.169880412505,34.6828450830585,68.8318134436748
2024-07-09 11:49:50,79.6613303617516,91.0959846051348,165.537767872505,34.6836718340264,68.8325143962075
2024-07-09 11:50:25,135.952043301752,122.657013020135,312.270802539809,34.6839850367614,68.8330474492678
2024-07-09 11:51:15,29.2294467277516,65.8947114451348,65.8947114451348,34.6848069092966,68.8359584141234
2024-07-09 11:51:20,28.6550516977516,66.4890810951348,66.4890810951348,34.6850287535082,68.8382224944917
2024-07-09 11:51:30,30.4931157937516,67.2617616401348,67.2617616401348,34.6856652800951,68.8384451187521
2024-07-09 11:51:55,46.2315396157516,75.8206846001348,77.0525660262526,34.685937651294,68.8390181996667
2024-07-09 11:52:05,58.1789562397516,81.8832550301348,96.9649270662526,34.6866747018031,68.8392118624358
2024-07-09 11:52:30,60.5914153657516,83.3097421901348,101.971384552505,34.6867417464313,68.8437732623836
2024-07-09 11:53:15,52.7796429577516,76.8905499701348,87.9660715962526,34.6871382086759,68.8439919758218
2024-07-09 11:54:30,78.2827822897516,139.002184338831,160.942607632505,34.6873518696691,68.8442107267742
2024-07-09 11:54:50,67.5990347317516,96.5047484201348,125.330115772505,34.6880990242595,68.8460156419815
2024-07-09 11:55:00,66.7948816897516,91.8092281851348,122.649605632505,34.6884130043679,68.8464531219255
2024-07-09 11:55:15,46.5761766337516,79.3869025001348,79.3869025001348,34.688917595653,68.8519009863738
2024-07-09 11:55:35,31.1823898297516,63.9332916001348,63.9332916001348,34.6891346696915,68.8531963044422
2024-07-09 11:56:05,29.6889627517516,66.6673919901348,66.6673919901348,34.6899946963143,68.8536360149193
2024-07-09 11:56:15,31.0675108237516,67.5589464651348,67.5589464651348,34.6903159820235,68.8538018072073
2024-07-09 11:56:55,58.9831092817516,87.2920188451348,98.3051821362526,34.69031937514,68.8547837483547
2024-07-09 11:57:20,31.7567848597516,70.6496686451348,70.6496686451348,34.6905442243262,68.8570439628127
2024-07-09 11:57:55,42.3256534117516,74.3347604751348,74.3347604751348,34.6913580500611,68.858370701958
2024-07-09 11:58:30,35.2031550397516,73.7403908251348,73.7403908251348,34.6914992612398,68.8598824831097
2024-07-09 11:58:55,54.0433120237516,83.4286161201348,90.0721867062526,34.6919172459631,68.8622168971564
2024-07-09 11:59:00,56.9152871737516,85.5683468601348,94.8588119562526,34.6924234232937,68.8639840280953
2024-07-09 11:59:20,58.9831092817516,83.9635488051348,98.3051821362526,34.6933307554133,68.866571256097
2024-07-09 11:59:35,61.8550844317516,84.1418597001348,106.183614772505,34.6936266239434,68.8671969862252
2024-07-09 11:59:45,61.0509313897516,83.4880530851348,103.503104632505,34.6937236578191,68.867276605427
2024-07-09 12:00:30,35.4329130517516,77.7226674801348,77.7226674801348,34.6939565253367,68.8693996029623
2024-07-09 12:00:40,58.5235932577516,94.5433285751348,97.5393220962526,34.6941346306304,68.8696792532843
2024-07-09 12:00:50,57.3748031977516,93.6517741001348,95.6246719962526,34.6952027757642,68.8701485866305
2024-07-09 12:00:55,57.2599241917516,95.6726309101348,95.6726309101348,34.6964987102867,68.8707253873368
2024-07-09 12:01:15,54.7325860597516,91.5120433601348,91.5120433601348,34.6965739121553,68.8716782035502
2024-07-09 12:01:20,67.3692767197516,98.8822270201348,124.564255732505,34.696712372378,68.872244366423
2024-07-09 12:01:30,73.2281060257516,102.864503675135,144.093686752505,34.6974334782636,68.8750865797844
2024-07-09 12:01:45,75.8703231637516,97.0396811051348,152.901077212505,34.697914410303,68.8773104637549
2024-07-09 12:02:05,65.6460916297516,89.4317495851348,118.820305432505,34.6983021448523,68.8798511736176
2024-07-09 12:02:10,61.0509313897516,88.5996320751348,103.503104632505,34.6986446534764,68.8801621263169
2024-07-09 12:02:30,48.5291197357516,82.7748095051348,82.7748095051348,34.6991752087161,68.8809497608943
2024-07-09 12:02:45,50.3671838317516,85.8060947201348,85.8060947201348,34.7003979048781,68.8811141655041
2024-07-09 12:03:10,42.9000484417516,83.7852379101348,83.7852379101348,34.701155277389,68.8814500066295
2024-07-09 12:03:20,39.4536782617516,81.2888853801348,81.2888853801348,34.7014922428838,68.8820439317847
2024-07-09 12:03:50,42.4405324177516,78.3764740951348,78.3764740951348,-0.55,68.8828121831538
2024-07-09 12:03:55,47.9547247057516,81.7643811001348,81.7643811001348,-0.55,68.8844794950105
2024-07-09 12:04:05,55.3069810897516,88.0052624251348,92.1783018162526,-0.55,68.8857641248149
2024-07-09 12:04:10,59.4426253057516,92.7602196251348,99.0710421762526,-0.13,68.8861578345371
2024-07-09 12:04:20,58.4087142517516,91.7497912201348,97.3478570862526,-0.3,68.888451304851
2024-07-09 12:04:30,60.0170203357516,88.7779429701348,100.056734452505,-0.13,68.89131327935
2024-07-09 12:04:35,58.4087142517516,83.3691791551348,97.3478570862526,-0.55,68.8957928539246
2024-07-09 12:04:45,53.3540379877516,81.2888853801348,88.9233966462526,-0.55,68.8968968484837
2024-07-09 12:04:55,49.3332727777516,78.2576001651348,82.2221212962526,-0.55,68.8971790789567
2024-07-09 12:05:00,38.7644042257516,72.9082733151348,72.9082733151348,-0.12,68.8982802433074
2024-07-09 12:05:10,36.2370660937516,73.3243320701348,73.3243320701348,-0.55,68.9044520659008
2024-07-09 12:05:20,56.9152871737516,86.8165231251348,94.8588119562526,-0.55,68.905437843833
2024-07-09 12:05:25,57.7194402157516,88.4213211801348,96.1990670262526,-0.55,68.9067089524472
2024-07-09 12:05:35,63.2336325037516,93.1168414151348,110.778775012505,-0.55,68.90766287929
2024-07-09 12:05:45,55.6516181077516,88.8373799351348,92.7526968462526,-0.12,68.9079545133999
2024-07-09 12:05:50,58.5235932577516,86.3410274051348,97.5393220962526,-0.55,68.9126697305199
2024-07-09 12:06:00,67.3692767197516,89.6694974451348,124.564255732505,-0.55,68.9137065629754
2024-07-09 12:06:10,68.9775828037516,89.7289344101348,129.925276012505,-0.12,68.9171797156506
2024-07-09 12:06:30,52.8945219637516,81.9426919951348,88.1575366062526,34.7022371056419,68.9185763831006
2024-07-09 12:06:40,60.1318993417516,85.0334141751348,100.439664472505,34.7028713475422,68.921283716124
2024-07-09 12:06:45,71.0454049117516,93.3545892751348,136.818016372505,34.703710142735,68.9218654820381
2024-07-09 12:06:55,77.3637502417516,96.3858744901348,157.879167472505,34.7047851215244,68.9224268027646
2024-07-09 12:07:05,72.0793159657516,94.3650176801348,140.264386552505,34.7049808604776,36.55859
2024-07-09 12:07:10,64.6121805757516,90.9176737101348,115.373935252505,34.7053240726135,36.96094
2024-07-09 12:07:20,82.4184265057516,97.6934877201348,174.728088352505,32.76,45.39746
2024-07-09 12:07:30,89.1962878597516,99.6549075651348,197.320959532505,34.7060764675088,68.923560378043
2024-07-09 12:07:35,97.5824552977516,103.399436360135,225.274850992505,34.7070439256726,68.9248720970888
2024-07-09 12:07:45,82.3035474997516,94.3650176801348,174.345158332505,34.7073033178631,68.9254119856801
2024-07-09 12:07:55,60.0170203357516,82.5964986101348,100.056734452505,32.57,45.99219
2024-07-09 12:08:00,45.5422655797516,79.0302807101348,79.0302807101348,34.7073196222018,68.9297658809548
2024-07-09 12:08:10,37.2709771477516,74.2158865451348,74.2158865451348,34.7073649961452,68.9310021597458
2024-07-09 12:08:20,40.1429522977516,78.1387262351348,78.1387262351348,34.7074432952035,37.84668
2024-07-09 12:08:30,42.6702904297516,78.9114067801348,78.9114067801348,32.69,46.24414
2024-07-09 12:08:35,48.4142407297516,86.1032795451348,86.1032795451348,32.57,46.20898
2024-07-09 12:08:45,60.5914153657516,92.8196565901348,101.971384552505,32.52,45.91504
2024-07-09 12:08:55,67.8287927437516,94.8405134001348,126.095975812505,34.7084288951045,68.9324621576433
2024-07-09 12:09:00,73.1132270197516,95.0188242951348,143.710756732505,34.7087508290189,46.05566
2024-07-09 12:09:10,62.4294794617516,87.0542709851348,108.098264872505,34.7098835444681,68.933387046761
2024-07-09 12:09:20,47.7249666937516,80.1595830451348,80.1595830451348,34.7100001997899,68.9360313631382
2024-07-09 12:09:30,42.5554114237516,78.2576001651348,78.2576001651348,34.7100906384932,68.9362202797007
2024-07-09 12:09:35,43.1298064537516,77.7821044451348,77.7821044451348,34.7103293173022,68.9395096020476
2024-07-09 12:09:45,45.1976285617516,78.3764740951348,78.3764740951348,34.7103676106281,68.9400197685527
2024-07-09 12:09:50,54.3879490417516,82.9531204001348,90.6465817362526,34.7108733304056,68.9447332950173
2024-07-09 12:10:00,59.6723833177516,87.7675145651348,99.4539721962526,32.61,45.62305
2024-07-09 12:10:10,62.4294794617516,92.8196565901348,108.098264872505,32.67,45.19727
2024-07-09 12:10:15,58.9831092817516,90.0261192351348,98.3051821362526,32.65,45.38672
2024-07-09 12:10:25,50.8266998557516,86.5787752651348,86.5787752651348,32.68,68.9458035002269
2024-07-09 12:10:35,55.4218600957516,90.5016149551348,92.3697668262526,32.75,45.2168
2024-07-09 12:10:40,66.3353656657516,93.2951523101348,121.117885552505,32.74,45.27539
2024-07-09 12:10:50,86.6689497277516,105.539167100135,188.896499092505,32.69,36.65527
2024-07-09 12:11:00,99.9949144237516,115.286829360135,233.316381412505,32.68,36.5752
2024-07-09 12:11:05,95.1699961717516,112.255544145135,217.233320572505,34.7109357896005,68.9467685953793
2024-07-09 12:11:15,84.3713696077516,107.916645700135,181.237898692505,32.69,68.9482123410202
2024-07-09 12:11:25,64.0377855457516,97.1585550351348,113.459285152505,34.7127330725246,68.9521985149443
2024-07-09 12:11:30,55.8813761197516,99.9520923901348,99.9520923901348,34.7137637417769,68.9526059143791
2024-07-09 12:11:40,47.2654506697516,94.5433285751348,94.5433285751348,34.7144510580482,68.9538206236003
2024-07-09 12:11:50,42.2107744057516,92.9979674851348,92.9979674851348,32.56,68.9560588125063
2024-07-09 12:11:55,35.3180340457516,87.3514558101348,87.3514558101348,34.715046742251,68.9574301469408
2024-07-09 12:12:05,31.6419058537516,78.1981632001348,78.1981632001348,22.76,68.9583112412569
2024-07-09 12:12:10,32.9055749197516,79.5652133951348,79.5652133951348,32.43,45.08887
2024-07-09 12:12:20,33.5948489557516,78.2576001651348,78.2576001651348,34.7152696105085,36.54297
2024-07-09 12:12:30,33.5948489557516,78.3170371301348,78.3170371301348,34.7158902622148,68.9604659915276
2024-07-09 12:12:35,34.3990019977516,78.8519698151348,78.8519698151348,32.46,68.9607587253334
2024-07-09 12:12:45,37.2709771477516,78.9114067801348,78.9114067801348,34.7168399771628,68.961753765224
2024-07-09 12:12:55,40.3727103097516,82.8342464701348,82.8342464701348,32.53,45.20703
2024-07-09 12:13:00,41.4066213637516,83.7258009451348,83.7258009451348,32.58,36.52637
2024-07-09 12:13:10,38.1900091957516,81.1105744851348,81.1105744851348,34.7168682695078,68.9623909905231
2024-07-09 12:13:20,37.5007351597516,80.6350787651348,80.6350787651348,34.717084010795,68.9635207780491
2024-07-09 12:13:25,32.6758169077516,74.8102561951348,74.8102561951348,32.77,44.84473
2024-07-09 12:13:35,33.1353329317516,75.8801215651348,75.8801215651348,34.7177812234301,35.96191
2024-07-09 12:13:45,34.1692439857516,75.9395585301348,75.9395585301348,32.9,68.9653312381321
2024-07-09 12:13:50,36.6965821177516,78.7330958851348,78.7330958851348,32.98,68.966945478266
2024-07-09 12:14:00,40.0280732917516,79.6840873251348,79.6840873251348,34.7189233322809,68.9670474319288
2024-07-09 12:14:10,42.5554114237516,83.4286161201348,83.4286161201348,34.7192575102693,68.9696287856209
2024-07-09 12:14:15,41.1768633517516,81.7049441351348,81.7049441351348,33.22,68.9707672446965
2024-07-09 12:14:25,48.0696037117516,84.9739772101348,84.9739772101348,33.27,43.6875
2024-07-09 12:14:35,55.5367391017516,85.9249686501348,92.5612318362527,33.27,68.9716554787054
2024-07-09 12:14:45,51.8606109097516,80.5756418001348,86.4343515162526,34.7207646184505,68.975216918989
2024-07-09 12:14:50,52.5498849457516,80.1001460801348,87.5831415762526,33.1,43.49121
2024-07-09 12:15:00,44.6232335317516,75.9395585301348,75.9395585301348,34.7208544166039,68.9756903603003
2024-07-09 12:15:10,51.8606109097516,81.0511375201348,86.4343515162526,34.7209319697801,68.9758623466278
2024-07-09 12:15:15,53.0094009697516,79.8029612551348,88.3490016162526,34.7219350925349,68.9762973128439
2024-07-09 12:15:25,46.8059346457516,76.5933651451348,78.0098910762526,34.722997707017,35.81738
2024-07-09 12:15:30,36.2370660937516,71.3034752601348,71.3034752601348,34.7240877280692,68.9773417325094
2024-07-09 12:15:40,23.7152544397516,65.5975266201348,65.5975266201348,32.71,68.9774741933789
2024-07-09 12:15:50,25.0938025117516,65.5380896551348,65.5380896551348,34.7258398735739,68.9776067178998
2024-07-09 12:16:00,30.4931157937516,69.9958620301348,69.9958620301348,34.7263609908093,68.9836407429368
2024-07-09 12:16:05,43.3595644657516,76.1773063901348,76.1773063901348,34.7265126612154,68.9916460015735
2024-07-09 12:16:15,50.2523048257516,80.5162048351348,83.7538413762526,32.62,44.72168
2024-07-09 12:16:25,48.4142407297516,78.7330958851348,80.6904012162526,34.7282412713276,68.99176995366
2024-07-09 12:16:30,42.6702904297516,75.7612476351348,75.7612476351348,32.68,44.46387
2024-07-09 12:16:40,33.2502119377516,70.6496686451348,70.6496686451348,32.64,44.61621
2024-07-09 12:16:50,33.4799699497516,71.1251643651348,71.1251643651348,32.61,44.90234
2024-07-09 12:16:55,36.2370660937516,71.9572818751348,71.9572818751348,32.59,44.62305
2024-07-09 12:17:05,36.3519450997516,71.5412231201348,71.5412231201348,34.7285475512793,35.55957
2024-07-09 12:17:15,33.5948489557516,68.6288118351348,68.6288118351348,32.5,44.5791
2024-07-09 12:17:20,30.7228738057516,67.2023246751348,67.2023246751348,32.91,44.70215
2024-07-09 12:17:30,29.6889627517516,68.3316270101348,68.3316270101348,32.52,44.70117
2024-07-09 12:17:40,27.6211406437516,67.8561312901348,67.8561312901348,34.7291145064802,68.9931475064682
2024-07-09 12:17:45,27.2765036257516,68.0938791501348,68.0938791501348,34.729232765989,68.9932104329744
2024-07-09 12:18:15,23.6003754337516,63.8144176701348,63.8144176701348,34.7295260502421,68.9937306432518
2024-07-09 12:18:25,23.2557384157516,64.6465351801348,64.6465351801348,34.7297436167947,68.9940228158888
2024-07-09 12:19:30,24.0598914577516,68.6882488001348,68.6882488001348,34.729894191066,68.998551302391
2024-07-09 12:19:40,24.5194074817516,68.5693748701348,68.5693748701348,34.7305092426419,69.0025322036828
2024-07-09 12:19:55,23.9450124517516,68.5099379051348,68.5099379051348,34.7308037653232,69.0027925549114
2024-07-09 12:20:10,22.2218273617516,66.3702071651348,66.3702071651348,34.7312068505551,69.0042088343402
2024-07-09 12:20:30,21.5325533257516,65.6569635851348,65.6569635851348,34.7314359046329,69.0048961915844
2024-07-09 12:20:35,22.4515853737516,69.5798032751348,69.5798032751348,34.7314666896984,69.0056961605055
2024-07-09 12:20:55,25.4384395297516,77.1877347951348,77.1877347951348,34.7317790082804,69.0087373279938
2024-07-09 12:21:10,24.1747704637516,72.6110884901348,72.6110884901348,34.7321704629604,69.0090783046443
2024-07-09 12:21:20,23.9450124517516,72.3139036651348,72.3139036651348,34.7327873199125,69.0100722154051
2024-07-09 12:21:25,23.1408594097516,71.1846013301348,71.1846013301348,34.7341699922493,69.0104487907181
2024-07-09 12:21:35,24.2896494697516,71.5412231201348,71.5412231201348,34.7343611239813,69.0104565404049
2024-07-09 12:21:55,24.0598914577516,69.9958620301348,69.9958620301348,34.7352206062885,69.0108174931992
2024-07-09 12:22:10,20.9581582957516,63.0417371251348,63.0417371251348,34.7354223723043,69.016233364573
2024-07-09 12:22:20,20.9581582957516,63.2200480201348,63.2200480201348,34.7354614627361,69.0169667534982
2024-07-09 12:22:45,23.0259804037516,68.6288118351348,68.6288118351348,34.735570699497,69.0176724667978
2024-07-09 12:23:00,21.9920693497516,66.3702071651348,66.3702071651348,34.736969258518,69.0189093795368
2024-07-09 12:23:15,23.4854964277516,67.6183834301348,67.6183834301348,34.737261919596,69.0197302184449
2024-07-09 12:24:50,27.2765036257516,66.9645768151348,66.9645768151348,34.7373889724634,69.0206555893108
2024-07-09 12:25:00,33.3650909437516,68.2721900451348,68.2721900451348,34.7376049184992,69.0207581110118
2024-07-09 12:25:10,37.0412191357516,71.4817861551348,71.4817861551348,34.7376849782272,69.021400982172
2024-07-09 12:25:25,32.3311798897516,69.7581141701348,69.7581141701348,34.7380702542147,69.0234847858327
2024-07-09 12:25:50,37.9602511837516,75.7612476351348,75.7612476351348,34.7389971153126,69.0305027221423
2024-07-09 12:26:00,33.1353329317516,73.5026429651348,73.5026429651348,34.7405018825084,69.0307690732276
2024-07-09 12:26:15,26.9318666077516,82.5370616451348,82.5370616451348,34.7406304402433,69.0318716379501
2024-07-09 12:26:25,33.1353329317516,109.878065545135,106.58537703009,34.74119889422,69.0337713033805
2024-07-09 12:27:05,91.6087469857516,220.965753130135,205.362489952505,34.7413457000492,69.0341526493488
2024-07-09 12:27:25,160.765908597752,294.548709856438,331.35839122904,34.7414784461897,69.0376557703964
2024-07-09 12:27:50,97.9270923157516,237.489223456438,226.423641052505,34.7421640110647,69.0376764261267
2024-07-09 12:31:00,31.6419058537516,84.0229857701348,84.0229857701348,34.7425785509292,69.038334939897
2024-07-09 12:31:10,30.6079947997516,82.6559355751348,82.6559355751348,34.7426965132088,69.0423054059232
2024-07-09 12:31:55,26.3574715777516,75.9989954951348,75.9989954951348,34.7437664987295,69.0426300334001
2024-07-09 12:32:20,27.8508986557516,80.3973309051348,80.3973309051348,34.7449976599156,69.0435047723404
2024-07-09 12:32:45,33.4799699497516,93.1168414151348,93.1168414151348,34.7450096191633,69.0450318172382
2024-07-09 12:34:00,28.5401726917516,71.1251643651348,71.1251643651348,34.745029921602,69.0452053454046
2024-07-09 12:34:15,24.6342864877516,67.5589464651348,67.5589464651348,34.7451345673846,69.0454966266
2024-07-09 12:34:30,24.2896494697516,66.7268289551348,66.7268289551348,34.7454773758949,69.0456094127592
2024-07-09 12:35:10,25.5533185357516,68.5693748701348,68.5693748701348,34.7454969664659,69.0508964351686
2024-07-09 12:35:35,23.1408594097516,64.2304764251348,64.2304764251348,34.7457654986121,69.0549292780352
2024-07-09 12:35:45,26.3574715777516,70.2336098901348,70.2336098901348,34.7465049704413,69.0555545893234
2024-07-09 12:36:20,25.7830765477516,67.6183834301348,67.6183834301348,34.7475460172539,69.0612186523339
2024-07-09 12:36:25,25.0938025117516,67.9155682551348,67.9155682551348,34.7477086747596,69.0632447891961
2024-07-09 12:37:10,22.5664643797516,65.6569635851348,65.6569635851348,34.7479945012786,69.0639939942796
2024-07-09 12:38:00,19.5796102237516,59.8321410151348,59.8321410151348,34.7484646944773,69.0653619000392
2024-07-09 12:38:15,17.5117881157516,58.1084690301348,58.1084690301348,34.7495396834812,69.0687490593335
2024-07-09 12:38:35,18.5456991697516,62.5068044401348,62.5068044401348,34.7497873644223,69.0692080366893
2024-07-09 12:38:40,18.6605781757516,63.6955437401348,63.6955437401348,34.7502793651795,69.0695882468892
2024-07-09 12:39:45,24.2896494697516,67.5589464651348,67.5589464651348,34.750908272319,69.0704869840103
2024-07-09 12:40:00,18.0861831457516,59.0000235051348,59.0000235051348,34.7512249381964,69.0764119883577
2024-07-09 15:01:50,13.6059019117516,57.8112842051348,57.8112842051348,0.63,69.0822500663485
2024-07-09 15:02:10,13.0315068817516,56.8602927651348,56.8602927651348,1.61,69.0857993441024
2024-07-09 15:02:35,12.9166278757516,55.4338056051348,55.4338056051348,1.81,69.0862792185157
2024-07-09 15:02:40,12.9166278757516,54.6016880951348,54.6016880951348,1.61,69.0875504312538
2024-07-09 15:03:00,13.0315068817516,56.1470491851348,56.1470491851348,1.61,69.0909249961036
2024-07-09 15:03:15,13.7207809177516,57.6329733101348,57.6329733101348,1.61,69.0910862939084
2024-07-09 15:04:00,17.2820301037516,66.7862659201348,66.7862659201348,34.7550290588872,69.0928314868012
2024-07-09 15:04:10,19.0052151937516,66.6673919901348,66.6673919901348,38.24,33.60547
2024-07-09 15:04:20,20.2688842597516,66.9051398501348,66.9051398501348,34.7555074721455,69.0938649566273
2024-07-09 15:04:25,20.1540052537516,67.0834507451348,67.0834507451348,37.88,69.094482486046
2024-07-09 15:04:35,18.4308201637516,65.8352744801348,65.8352744801348,34.7561325701428,69.0988611386851
2024-07-09 15:04:45,17.1671510977516,65.0031569701348,65.0031569701348,34.7562358400203,26.63867
2024-07-09 15:04:50,16.8225140797516,64.6465351801348,64.6465351801348,34.7562434165627,69.1027897312495
2024-07-09 15:05:00,16.3629980557516,63.8738546351348,63.8738546351348,37.6,34.76074
2024-07-09 15:05:10,15.9034820317516,64.6465351801348,64.6465351801348,34.7562609540253,69.1036709065836
2024-07-09 15:05:15,15.4439660077516,63.2200480201348,63.2200480201348,37.36,69.105050239775
2024-07-09 15:05:25,15.5588450137516,62.9228631951348,62.9228631951348,37.23,35.72363
2024-07-09 15:05:35,16.0183610377516,62.0907456851348,62.0907456851348,34.7571723301057,69.105148555909
2024-07-09 15:05:40,16.4778770617516,63.5172328451348,63.5172328451348,34.7572944315719,69.1055370626124
2024-07-09 15:05:50,16.9373930857516,65.4786526901348,65.4786526901348,37.0,35.83008
2024-07-09 15:06:00,16.9373930857516,66.0730223401348,66.0730223401348,36.88,35.94336
2024-07-09 15:06:05,16.7076350737516,65.2409048301348,65.2409048301348,36.73,36.42676
2024-07-09 15:06:15,16.7076350737516,62.5068044401348,62.5068044401348,36.57,36.69824
2024-07-09 15:06:20,16.2481190497516,62.0907456851348,62.0907456851348,36.41,37.03125
2024-07-09 15:06:30,17.1671510977516,64.9437200051348,64.9437200051348,34.757983264197,69.107192932394
2024-07-09 15:06:40,19.0052151937516,66.6079550251348,66.6079550251348,36.14,37.95996
2024-07-09 15:06:45,20.1540052537516,66.9645768151348,66.9645768151348,34.7581076514071,69.1083822306979
2024-07-09 15:06:55,20.4986422717516,65.7758375151348,65.7758375151348,34.7587079835361,69.108564086688
2024-07-09 15:07:05,19.9242472417516,63.6361067751348,63.6361067751348,35.72,69.1098977618774
2024-07-09 15:07:10,19.2349732057516,64.6465351801348,64.6465351801348,-54.77,69.1119925355024
2024-07-09 15:07:20,19.1200941997516,64.7059721451348,64.7059721451348,34.7591258866237,69.1122013051028
2024-07-09 15:07:30,19.9242472417516,65.3003417951348,65.3003417951348,-54.77,38.46484
2024-07-09 15:07:35,19.5796102237516,66.7268289551348,66.7268289551348,34.7592082408279,69.1124389826763
2024-07-09 15:07:45,24.8640444997516,69.8769881001348,69.8769881001348,35.74,38.54395
2024-07-09 15:07:55,24.8640444997516,68.9854336251348,68.9854336251348,34.7605438586381,69.1140599859824
2024-07-09 15:08:00,25.6681975417516,69.5798032751348,69.5798032751348,35.63,69.115366960353
2024-07-09 15:08:10,28.9996887157516,74.6913822651348,74.6913822651348,35.55,38.54004
2024-07-09 15:08:15,26.7021085957516,74.2158865451348,74.2158865451348,34.7612300402293,69.1158284661984
2024-07-09 15:08:25,27.0467456137516,76.2961803201348,76.2961803201348,35.23,39.04395
2024-07-09 15:08:35,24.9789235057516,73.6809538601348,73.6809538601348,34.7613705707994,69.1159254404615
2024-07-09 15:08:40,19.1200941997516,67.6183834301348,67.6183834301348,34.92,39.61914
2024-07-09 15:08:50,18.6605781757516,67.4995095001348,67.4995095001348,-15.68,69.1171268866
2024-07-09 15:09:25,22.5664643797516,76.1178694251348,76.1178694251348,34.7617049435966,69.1181947951596
2024-07-09 15:09:30,22.5664643797516,76.2961803201348,76.2961803201348,34.7627248146386,69.1193806989251
2024-07-09 15:09:40,21.7623113377516,74.7508192301348,74.7508192301348,34.7642274362983,69.1215375765971
2024-07-09 15:09:50,21.8771903437516,74.3347604751348,74.3347604751348,34.7647572328325,69.1250715804348
2024-07-09 15:09:55,23.9450124517516,73.4432060001348,73.4432060001348,34.764970807661,69.1268654965118
2024-07-09 15:10:05,27.0467456137516,74.0970126151348,74.0970126151348,34.7684212669722,69.1270203331582
2024-07-09 15:10:15,32.6758169077516,84.8551032801348,84.8551032801348,34.7700414210858,69.1272564873811
2024-07-09 15:10:20,36.1221870877516,92.5819087301348,92.5819087301348,34.7715695549027,69.1274396822873
2024-07-09 15:10:30,34.3990019977516,97.9906725451348,97.9906725451348,34.772069303057,69.1324668319023
2024-07-09 15:10:35,31.6419058537516,94.0678328551348,94.0678328551348,34.7723083902691,69.1339018717285
2024-07-09 15:10:45,25.5533185357516,82.2993137851348,82.2993137851348,34.7723703999515,69.1363179201902
2024-07-09 15:10:55,21.6474323317516,74.3941974401348,74.3941974401348,34.7733289594506,69.1364516473096
2024-07-09 15:11:00,20.8432792897516,72.0761558051348,72.0761558051348,34.7736492459287,69.1376676817895
2024-07-09 15:11:10,20.1540052537516,69.5203663101348,69.5203663101348,34.7739278388136,69.1380909049307
2024-07-09 15:11:20,20.3837632657516,71.0062904351348,71.0062904351348,34.7740415759479,69.1388062911835
2024-07-09 15:11:25,19.4647312177516,69.1637445201348,69.1637445201348,34.7742545328221,69.1389194675933
2024-07-09 15:11:35,19.1200941997516,66.1918962701348,66.1918962701348,34.774448625641,69.1389515008325
2024-07-09 15:11:45,20.2688842597516,67.4995095001348,67.4995095001348,34.7744544034178,69.1460719286311
2024-07-09 15:11:50,21.0730373017516,68.0938791501348,68.0938791501348,34.7749392683209,69.1497470034249
2024-07-09 15:12:00,20.8432792897516,67.4995095001348,67.4995095001348,34.7759181881844,69.1509443338786
2024-07-09 15:12:10,19.4647312177516,66.1918962701348,66.1918962701348,34.776353611333,69.1527756801396
2024-07-09 15:12:15,17.3969091097516,63.9927285651348,63.9927285651348,34.7767989185708,69.154759107881
2024-07-09 15:12:25,16.4778770617516,61.3180651401348,61.3180651401348,34.7783186067194,69.1595289682486
2024-07-09 15:12:35,15.6737240197516,59.0594604701348,59.0594604701348,34.7788055118424,69.1608051117023
2024-07-09 15:12:40,16.1332400437516,60.4265106651348,60.4265106651348,34.779040166313,69.1617618980225
2024-07-09 15:12:50,16.8225140797516,64.5276612501348,64.5276612501348,34.7796626668078,69.162630962685
2024-07-09 15:13:00,17.3969091097516,66.4890810951348,66.4890810951348,34.780614269596,69.1630149016693
2024-07-09 15:13:05,20.7284002837516,73.3243320701348,73.3243320701348,34.7807501233689,69.1631678885702
2024-07-09 15:13:15,23.2557384157516,80.0407091151348,80.0407091151348,34.7816367619029,69.1631924796637
2024-07-09 15:13:25,23.4854964277516,79.0897176751348,79.0897176751348,34.7822169767097,69.1635642629445
2024-07-09 15:13:30,23.0259804037516,77.0688608651348,77.0688608651348,34.7836077276217,69.1664808950917
2024-07-09 15:13:40,22.5664643797516,77.9604153401348,77.9604153401348,34.7836476359394,69.1689334727646
2024-07-09 15:13:50,23.3706174217516,79.2085916051348,79.2085916051348,34.7837766371756,69.1705179507503
2024-07-09 15:13:55,24.5194074817516,80.8133896601348,80.8133896601348,34.7850148528563,69.1710247127722
2024-07-09 15:14:05,24.7491654937516,83.0125573651348,83.0125573651348,34.7850316015921,69.1721894284466
2024-07-09 15:14:15,24.2896494697516,79.8623982201348,79.8623982201348,34.7856842113047,69.1729613171007
2024-07-09 15:14:20,24.7491654937516,80.8728266251348,80.8728266251348,34.7857875307497,69.1730262507767
2024-07-09 15:14:30,23.8301334457516,78.6142219551348,78.6142219551348,34.7870132309917,69.1738140938589
2024-07-09 15:14:40,22.6813433857516,73.7998277901348,73.7998277901348,34.7872320218661,69.1780839120623
2024-07-09 15:14:45,20.8432792897516,70.7091056101348,70.7091056101348,34.7872403973977,69.1790165087932
2024-07-09 15:14:55,19.3498522117516,68.9259966601348,68.9259966601348,34.7873544306356,69.179856862045
2024-07-09 15:15:00,19.0052151937516,68.9259966601348,68.9259966601348,34.7876297606004,69.1842017432977
2024-07-09 15:15:10,19.2349732057516,69.9364250651348,69.9364250651348,34.7881544542447,69.186885838076
2024-07-09 15:15:20,21.3027953137516,73.9187017201348,73.9187017201348,34.7893885727481,69.1871805204297
2024-07-09 15:15:25,21.0730373017516,72.3733406301348,72.3733406301348,34.7895541229717,69.1882568008249
2024-07-09 15:15:35,22.1069483557516,71.3034752601348,71.3034752601348,34.7896005340217,69.1888285838612
2024-07-09 15:15:45,22.4515853737516,69.8769881001348,69.8769881001348,34.7905117392636,69.2003733725548
2024-07-09 15:15:50,21.4176743197516,64.6465351801348,64.6465351801348,34.7911163102213,69.2006411987849
2024-07-09 15:16:00,21.6474323317516,66.7862659201348,66.7862659201348,34.7916637777691,69.2013349148089
2024-07-09 15:16:10,20.9581582957516,65.0625939351348,65.0625939351348,34.7919698871701,69.2031127667837
2024-07-09 15:16:15,19.8093682357516,63.8144176701348,63.8144176701348,34.7920474036039,69.2033903142263
2024-07-09 15:16:25,19.2349732057516,65.8352744801348,65.8352744801348,34.792098234606,69.2041750492578
2024-07-09 15:16:35,18.5456991697516,64.1710394601348,64.1710394601348,34.7933983819093,69.2049540792566
2024-07-09 15:16:40,17.9713041397516,64.4087873201348,64.4087873201348,34.793643392594,69.2083382689811
2024-07-09 15:16:50,20.6135212777516,64.4682242851348,64.4682242851348,34.7946330999554,69.2092599578903
2024-07-09 15:16:55,23.2557384157516,64.9437200051348,64.9437200051348,34.7950034012462,69.2096756467648
2024-07-09 15:17:05,25.5533185357516,66.4296441301348,66.4296441301348,34.7951712903702,69.2104921322453
2024-07-09 15:17:15,26.7021085957516,69.6986772051348,69.6986772051348,34.7952830467429,69.2132266412225
2024-07-09 15:17:20,23.9450124517516,69.0448705901348,69.0448705901348,34.7955618424188,69.2161710698457
2024-07-09 15:17:30,21.5325533257516,66.7268289551348,66.7268289551348,34.7966459574801,69.2168018226611
2024-07-09 15:18:25,20.7284002837516,63.5766698101348,63.5766698101348,34.7966522281092,69.2191427411395
2024-07-09 15:18:35,21.4176743197516,67.4400725351348,67.4400725351348,34.7969039418706,69.2213417903875
2024-07-09 15:18:45,20.8432792897516,69.4609293451348,69.4609293451348,34.7978690726605,69.2249448371447
2024-07-09 15:19:30,33.2502119377516,81.4077593101348,81.4077593101348,34.7981957573578,69.2282136565944
2024-07-09 15:19:55,23.3706174217516,68.7476857651348,68.7476857651348,34.7982131322449,69.2284037015818
2024-07-09 15:20:05,24.9789235057516,69.2231814851348,69.2231814851348,34.7987725403132,69.2323908537522
2024-07-09 15:20:20,31.8716638657516,72.1355927701348,72.1355927701348,34.7988117516534,69.2340350374549
2024-07-09 15:20:45,29.9187207637516,73.7998277901348,73.7998277901348,34.7997569046737,69.2345809145321
2024-07-09 15:20:55,27.6211406437516,72.9677102801348,72.9677102801348,34.8000712410633,69.2370240243871
2024-07-09 15:21:00,27.1616246197516,76.2961803201348,76.2961803201348,34.8008584716011,69.2387179168046
2024-07-09 15:21:20,23.3706174217516,71.0062904351348,71.0062904351348,34.8008585753022,69.2403137529924
2024-07-09 15:23:25,35.7775500697516,77.5443565851348,77.5443565851348,34.8008900421351,69.2404737786815
2024-07-09 15:23:45,41.9810163937516,102.626755815135,101.751170543423,34.8030384701058,69.2441000652839
2024-07-09 15:24:10,29.6889627517516,100.249277215135,100.16618481009,34.8031211130102,69.2454249802464
2024-07-09 15:24:50,34.8585180217516,149.225336375135,132.816890916757,34.8031866222259,69.2484687693286
2024-07-09 15:25:05,32.6758169077516,139.715421975135,126.476947983423,34.8036881796631,69.2507450774735
2024-07-09 15:25:15,38.0751301897516,132.939602021438,121.959734680959,34.8046661308239,69.2514602852951
2024-07-09 15:25:40,45.4273865737516,113.087661655135,108.72510777009,34.8059793715715,69.2603031398767
2024-07-09 15:25:55,33.4799699497516,129.313953100135,119.54263540009,34.8062721315424,69.2610158418094
2024-07-09 15:26:25,36.6965821177516,92.2252869401348,92.2252869401348,34.8063629693927,69.2612930489905
2024-07-09 15:27:00,56.3408921437516,124.499558935135,116.33303929009,34.8068915744346,69.2625746304461
2024-07-09 15:27:50,46.9208136517516,84.3796075601348,84.3796075601348,34.8070702398879,69.2644017568438
2024-07-09 15:28:30,44.9678705497516,85.9844056151348,85.9844056151348,34.8070972601945,69.2654197468283
2024-07-09 15:28:40,48.7588777477516,87.8269515301348,87.8269515301348,34.8072761560692,69.2676967251324
2024-07-09 15:28:55,53.4689169937516,89.1345647601348,89.1345647601348,34.8076042018724,69.268281376561
2024-07-09 15:29:05,56.2260131377516,87.9458254601348,93.7100218962526,34.808901272616,69.2685482183066
2024-07-09 15:29:10,57.2599241917516,88.1835733201348,95.4332069862526,34.808984080828,69.2692207600865
2024-07-09 15:29:30,93.1021740637516,106.252410680135,210.340580212505,34.8092939125683,69.2692982641021
2024-07-09 15:29:35,91.0343519557516,102.210697060135,203.447839852505,34.8094407038235,69.2701209902177
2024-07-09 15:30:10,102.981768579752,104.528738695135,243.272561932505,34.8100765631367,69.2754557941173
2024-07-09 15:30:25,92.4129000277516,98.7633530901348,208.043000092505,34.8101315802543,69.2771119178079
2024-07-09 15:31:05,39.6834362737516,80.4567678701348,80.4567678701348,34.8102044488184,69.2775619485269
2024-07-09 15:31:30,40.3727103097516,77.0094239001348,77.0094239001348,34.8110057580133,69.2776091227176
2024-07-09 15:31:40,31.2972688357516,68.9259966601348,68.9259966601348,34.8126492018428,69.2800680357831
2024-07-09 15:31:50,23.1408594097516,63.5172328451348,63.5172328451348,34.812692146667,69.2836133390024
2024-07-09 15:32:30,21.4176743197516,65.6569635851348,65.6569635851348,34.8143387380683,69.2857131684791
2024-07-09 15:32:40,20.8432792897516,65.4192157251348,65.4192157251348,34.814829269097,69.288230253255
2024-07-09 15:33:35,23.1408594097516,65.6569635851348,65.6569635851348,34.8152289913535,69.2958258967678
2024-07-09 15:33:45,26.3574715777516,70.2930468551348,70.2930468551348,34.8153053588536,69.2963589089129
2024-07-09 15:33:55,32.6758169077516,76.4744912151348,76.4744912151348,34.8154030475921,69.3031601511036
2024-07-09 15:34:25,30.3782367877516,69.7581141701348,69.7581141701348,34.8160665735255,69.3039067538905
2024-07-09 15:34:35,30.3782367877516,71.1251643651348,71.1251643651348,34.8161957608746,69.3054526593732
2024-07-09 15:34:45,27.1616246197516,70.2336098901348,70.2336098901348,34.8162455343681,69.3088883007561
2024-07-09 15:35:10,23.6003754337516,67.5589464651348,67.5589464651348,34.8172535629835,69.3090467974484
2024-07-09 15:35:15,22.9111013977516,69.4014923801348,69.4014923801348,34.8173168855978,69.3096140243599
2024-07-09 15:37:00,73.4578640377516,89.0156908301348,144.859546792505,34.8182828514107,69.3115286042584
2024-07-09 15:37:10,66.9097606957516,86.1032795451348,123.032535652505,34.8184091265435,69.3121863832896
2024-07-09 15:37:20,61.6253264197516,82.4181877151348,105.417754732505,34.8185273612486,69.3128685837157
2024-07-09 15:37:25,62.5443584677516,83.9635488051348,108.481194892505,34.8190213981706,69.3137345944742
2024-07-09 15:37:45,51.6308528977516,79.8623982201348,86.0514214962526,34.8190269416264,69.3179527837571
2024-07-09 15:38:20,36.4668241057516,73.2054581401348,73.2054581401348,34.8192073164466,69.3179782337509
2024-07-09 15:38:25,39.7983152797516,74.5130713701348,74.5130713701348,34.8198200268077,69.320381837757
2024-07-09 15:38:35,58.0640772337516,81.9426919951348,96.7734620562526,34.8201619035861,69.3206068214689
2024-07-09 15:40:10,33.5948489557516,73.3837690351348,73.3837690351348,34.8207190382772,69.3212611310906
2024-07-09 15:40:15,34.3990019977516,72.8488363501348,72.8488363501348,34.8215005448029,69.3225264867863
2024-07-09 15:40:35,29.8038417577516,71.2440382951348,71.2440382951348,34.822146167114,69.3248722227459
2024-07-09 15:40:45,43.4744434717516,76.7716760401348,76.7716760401348,34.8229631858003,69.3261018334317
2024-07-09 15:41:10,115.158943215752,111.482863600135,283.863144052505,34.8231158677647,69.3262182924529
2024-07-09 15:43:40,33.4799699497516,71.4223491901348,71.4223491901348,34.8237648741709,69.3269893750365
2024-07-09 15:44:00,39.1090412437516,74.8102561951348,74.8102561951348,34.8240223545014,69.3292274004673
2024-07-09 15:44:15,40.3727103097516,72.0761558051348,72.0761558051348,34.8240823236245,69.3315233148313
2024-07-09 15:45:15,50.8266998557516,80.6350787651348,84.7111664262526,34.824814431568,69.3335501398694
2024-07-09 15:45:50,99.3056403877516,108.094956595135,231.018801292505,34.8269198367377,69.3338804973958
2024-07-09 15:46:00,102.752010567752,109.937502510135,242.506701892505,34.71,69.3351707296937
2024-07-09 15:46:10,85.7499176797516,101.972949200135,185.833058932505,34.8271628232417,69.3369226141496
2024-07-09 15:46:15,78.5125403017516,97.1585550351348,161.708467672505,34.8272080447119,69.3417494836839
2024-07-09 15:46:25,79.6613303617516,100.427588110135,165.537767872505,34.8272549551461,69.3429467701419
2024-07-09 15:46:35,78.9720563257516,100.665335970135,163.240187752505,34.77,69.3439100946189
2024-07-09 15:46:45,76.9042342177516,99.8332184601348,156.347447392505,34.8279771782595,69.3448365449112
2024-07-09 15:46:50,93.3319320757516,107.500586945135,211.106440252505,34.8291546939984,69.3467129507819
2024-07-09 15:47:00,109.989387945752,115.346266325135,266.631293152505,34.8307171351824,69.3479980156571
2024-07-09 15:47:10,115.158943215752,121.171088895135,283.863144052505,34.83075411628,69.3484324169264
2024-07-09 15:47:15,141.810872607752,137.694559221438,316.777594313655,34.67,69.3501320355089
2024-07-09 15:47:25,152.954136189752,140.428665555135,325.349335530578,34.61,69.3553964074869
2024-07-09 15:47:35,160.995655121851,140.488108463831,331.535119324501,34.63,69.3596529647016
2024-07-09 15:47:40,159.042723507752,137.516260213831,330.032864236732,34.8311485541124,69.3617258913798
2024-07-09 15:47:50,146.061395829752,129.967753771438,320.047227561347,34.8314277705885,69.3629016667651
2024-07-09 15:48:00,106.543017765752,109.640317685135,255.143392552505,34.8319046033752,69.3638448113131
2024-07-09 15:48:10,99.0758823757516,106.846780330135,230.252941252505,34.6,69.3671964589741
2024-07-09 15:48:15,63.6931485277516,89.7289344101348,112.310495092505,34.8322494159254,69.3673227826327
2024-07-09 15:48:25,54.7325860597516,83.7258009451348,91.2209767662526,34.8333337158327,69.3674961239466
2024-07-09 15:48:35,48.5291197357516,80.3378939401348,80.8818662262526,34.65,69.3678784423861
2024-07-09 15:48:40,70.4710098817516,89.0751277951348,134.903366272505,34.8336119044215,69.3694207477558
2024-07-09 15:48:50,119.983861467752,114.751896675135,299.946204892505,34.8346174692434,69.3710541645986
2024-07-09 15:49:00,173.862126769652,145.064748825135,341.432405207425,34.8347946482845,69.3728977385386
2024-07-09 15:49:05,216.826863525752,169.849963230135,374.482202712117,34.8349133331079,69.3739328002556
2024-07-09 15:49:15,231.071848781851,178.527766063831,385.439883678347,34.8354094192271,69.3769193899359
2024-07-09 15:49:25,228.314764125752,177.695642610135,383.319049327501,34.8372259375367,69.3789661647277
2024-07-09 15:49:35,202.696745787752,167.591358560135,363.612881375194,34.78,69.3797287459108
2024-07-09 15:49:40,185.120246381851,165.629932771438,350.092497216808,34.85,69.3810916543567
2024-07-09 15:49:50,171.679414167752,155.703965560135,339.753395513655,34.8379615993633,69.3843075866647
2024-07-09 15:50:00,163.637883747752,144.767564000135,333.567602882886,34.82,69.3847338785578
2024-07-09 15:50:05,169.841361559652,143.816572560135,338.33950889204,34.8384877298447,69.3854846632762
2024-07-09 15:50:40,65.7609706357516,119.269106015135,119.203235452505,34.8385388085396,69.3868655318813
2024-07-09 15:50:50,66.3353656657516,118.496425470135,121.117885552505,34.839298488086,69.3878167847788
2024-07-09 15:51:00,77.0191132237516,122.775886950135,156.730377412505,34.8397591527873,69.3885712026308
2024-07-09 15:51:05,81.3845154517516,122.538139090135,171.281718172505,34.8402088380319,69.3891409980726
2024-07-09 15:51:15,87.8177397877516,131.097062050135,192.725799292505,34.8402905658839,69.3894653190999
2024-07-09 15:51:25,87.0135867457516,127.946902905135,190.045289152505,34.8405808143259,69.3933105004917
2024-07-09 15:51:30,81.9589104817516,120.279534420135,173.196368272505,34.8407320764168,69.3938872951894
2024-07-09 15:51:40,71.5049209357516,105.658041030135,138.349736452505,34.8420148439549,69.3955765506165
2024-07-09 15:51:50,64.3824225637516,95.6131939451348,114.608075212505,34.8433271022084,69.3962960663761
2024-07-09 15:51:55,53.2391589817516,86.0438425801348,88.7319316362526,34.8434989398824,69.3986727968678
2024-07-09 15:52:05,59.5575043117516,87.4703297401348,99.2625071862526,34.8445783508228,69.3999777485486
2024-07-09 15:52:15,54.9623440717516,82.9531204001348,91.6039067862526,34.8446141801073,69.3999837848793
2024-07-09 15:52:25,47.1505716637516,76.6528021101348,78.5842861062526,34.8448327663597,69.4004011777629
2024-07-09 15:52:30,56.3408921437516,81.5266332401348,93.9014869062526,34.8451132683207,69.4016110133101
2024-07-09 15:52:40,77.3637502417516,94.3055807151348,157.879167472505,34.8451475669993,69.4058177554917
2024-07-09 15:52:50,87.7028607817516,100.784209900135,192.342869272505,34.8454689449076,69.4059615534494
2024-07-09 15:52:55,95.5146331897516,105.360856205135,218.382110632505,34.8456877239677,69.4089175371201
2024-07-09 15:53:05,77.8232662657516,93.4734632051348,159.410887552505,34.8459664685148,69.4097169794954
2024-07-09 15:53:15,73.6876220497516,88.1241363551348,145.625406832505,34.8464916930923,69.4103480334949
2024-07-09 15:53:20,78.7422983137516,90.9176737101348,162.474327712505,34.8467172740813,69.4110548893349
2024-07-09 15:53:30,89.4260458717516,97.0396811051348,198.086819572505,34.846843384291,69.4124904162514
2024-07-09 15:53:40,96.0890282197516,101.021957760135,220.296760732505,34.8476479542374,69.4126484587099
2024-07-09 15:53:45,99.8800354177516,103.221125465135,232.933451392505,34.8484954907422,69.4152329981295
2024-07-09 15:53:55,103.900800627752,105.598604065135,246.336002092505,34.8494028110286,69.4156616091398
2024-07-09 15:54:05,99.9949144237516,104.766486555135,233.316381412505,34.8496726066174,69.4175300083686
2024-07-09 15:54:15,89.3111668657516,102.151260095135,197.703889552505,34.8497727172668,69.4178641224272
2024-07-09 15:54:20,77.9381452717516,98.4067313001348,159.793817572505,34.8505934698474,69.4187676120509
2024-07-09 15:54:30,70.2412518697516,92.9385305201348,134.137506232505,34.8522843011332,69.4198636711481
2024-07-09 15:54:40,81.6142734637516,99.1794118451348,172.047578212505,34.8529256272061,69.4202102423478
2024-07-09 15:54:45,73.3429850317516,91.9281021151348,144.476616772505,34.853183113899,69.4254709088268
2024-07-09 15:54:55,84.9457646377516,99.4765966701348,183.152548792505,34.8533172616961,69.4260272120784
2024-07-09 15:55:25,192.242767729652,168.007411371438,355.57135979204,34.8539155113885,69.42716416296
2024-07-09 15:55:35,226.017184005752,183.579908088831,381.551680004424,34.8549070689186,69.4280534610643
2024-07-09 15:55:40,201.892592745752,167.294173735135,362.994302112117,34.8554655325524,69.4302291438358
2024-07-09 15:55:50,182.133403713752,157.487074510135,347.794925933655,34.8560798988592,69.430933103219
2024-07-09 15:56:20,104.934711681752,111.185678775135,249.782372272505,34.856207161845,69.4311493328252
2024-07-09 15:56:30,87.0135867457516,98.0501095101348,190.045289152505,34.8575649363924,69.4334634212751
2024-07-09 15:56:40,119.868982461752,116.416131695135,299.563274872505,34.8582957618305,69.4334896387758
2024-07-09 15:56:45,134.688374235752,125.628861270135,311.298749412117,34.8586514058681,69.4368220156345
2024-07-09 15:56:55,144.682847757752,134.187784230135,318.986805967501,34.8589774426131,69.4377987230076
2024-07-09 15:57:05,101.947857525752,114.573585780135,239.826191752505,34.85941636992,69.4388175516019
2024-07-09 15:57:10,90.5748359317516,112.493292005135,201.916119772505,34.8594521974566,69.4414095579328
2024-07-09 15:57:20,93.5616900877516,114.930207570135,211.872300292505,34.8605158359016,69.4421459513538
2024-07-09 15:57:30,79.3166933437516,108.570452315135,164.388977812505,34.8605218714478,69.4426502839869
2024-07-09 15:57:35,61.7402054257516,93.8895219601348,105.800684752505,34.8611332422499,69.4447155661922
2024-07-09 15:57:45,56.8004081677516,87.1731449151348,94.6673469462526,34.8611667610371,69.4449144231585
2024-07-09 15:57:55,57.0301661797516,89.0751277951348,95.0502769662526,34.8612099581308,69.4462546142292
2024-07-09 15:58:00,71.5049209357516,95.1971351901348,138.349736452505,34.8620991090215,69.4476490125489
2024-07-09 15:58:10,75.6405651517516,98.8822270201348,152.135217172505,34.8629456654766,69.4518236772753
2024-07-09 15:58:20,73.8025010557516,94.8405134001348,146.008336852505,34.8634783769348,69.4520284127528
2024-07-09 15:58:25,75.1810491277516,95.8509418051348,150.603497092505,34.8637763080522,69.4520797647792
2024-07-09 15:58:35,61.3955684077516,87.8269515301348,104.651894692505,34.8638934732775,69.4523053439934
2024-07-09 15:58:45,57.3748031977516,84.3796075601348,95.6246719962526,34.8639670004348,69.4525952551439
2024-07-09 15:58:50,111.597694029752,109.521443755135,271.992313432505,34.8640233426066,69.4543204630477
2024-07-09 15:59:00,124.004626677752,116.594442590135,303.080482059809,34.8640670602873,69.4561952902836
2024-07-09 15:59:10,153.643410225752,133.355672663831,325.879546327501,34.8645424283323,69.457070434716
2024-07-09 15:59:15,145.142363781752,129.076199296438,319.340279832117,34.8650889474371,69.458685777862
2024-07-09 15:59:25,134.803253241752,123.548567495135,311.38711787827,34.8651347537285,69.4605859394494
2024-07-09 15:59:35,122.626078605752,120.101223525135,302.020060465963,34.8651613273115,69.4607530663003
2024-07-09 16:00:40,36.3519450997516,79.3869025001348,79.3869025001348,34.8660961721319,69.4619712911035
2024-07-09 16:00:50,43.8190804897516,83.4286161201348,83.4286161201348,34.867088599267,69.4639851241754
2024-07-09 16:00:55,217.631016567752,182.510036775135,375.100781975194,34.8674029655994,69.4641778822956
2024-07-09 16:01:05,337.794445355851,250.268170931438,467.53418873527,34.8675193956711,69.4647654056667
2024-07-09 16:01:15,400.863042625652,288.664450321438,516.048494327425,34.8681611271218,69.4659595727261
2024-07-09 16:01:20,396.842277415652,284.622748588831,512.95559801204,34.8696972624403,69.4665065297339
2024-07-09 16:01:30,259.102337733752,214.071059246438,407.001798256732,34.8699271281103,69.4669716516225
2024-07-09 16:01:40,182.937556755752,178.587197085135,348.413505196732,34.8704338203638,69.4670878547889
2024-07-09 16:01:45,168.118176469652,169.849963230135,337.013981899732,34.871217250806,69.4681673055406
2024-07-09 16:01:55,179.031682039652,175.674785800135,345.408986184348,34.872321372238,69.4695517424898
2024-07-09 16:02:05,214.069778869652,183.758207096438,372.361368361271,34.8729814402821,69.474168456686
2024-07-09 16:02:10,192.242767729652,163.965709638831,355.57135979204,34.874370661112,69.4757534882114
2024-07-09 16:02:20,191.208845187752,169.255593580135,354.776034759809,34.8755167806618,69.4772154369831
2024-07-09 16:02:30,168.233043987752,164.619510310135,337.10234152904,34.8755912422564,69.4780769479988
2024-07-09 16:02:35,125.383174749752,141.260777121438,304.140903653655,34.8757429224866,69.4797744919213
2024-07-09 16:02:45,98.0419713217516,123.726878390135,226.806571072505,34.8761490752067,69.4806151421934
2024-07-09 16:02:55,74.2620170797516,100.130403285135,147.540056932505,34.8764799147725,69.482721345361
2024-07-09 16:03:15,61.6253264197516,94.4838916101348,105.417754732505,34.8766358294927,69.4834194838457
2024-07-09 16:03:25,62.7741164797516,96.0292527001348,109.247054932505,34.8776438004506,69.4846873399952
2024-07-09 16:04:20,36.9263401297516,80.3378939401348,80.3378939401348,34.878103221233,69.486433553728
2024-07-09 16:04:30,57.2599241917516,89.8478083401348,95.4332069862526,34.878736616901,69.4876871459918
2024-07-09 16:04:50,76.9042342177516,111.423426635135,156.347447392505,34.8788924441671,69.491444187809
2024-07-09 16:05:00,73.5727430437516,118.020929750135,145.242476812505,34.8795542282095,69.4919324198976
2024-07-09 16:05:05,90.1153199077516,125.569424305135,200.384399692505,34.8801131298575,69.4927445332027
2024-07-09 16:05:15,94.8253591537516,117.485997065135,216.084530512505,34.8808339448303,69.4951665317134
2024-07-09 16:05:25,88.8516508417515,110.115813405135,196.172169472505,34.8816591261246,69.4959880637415
2024-07-09 16:07:00,202.466987775752,161.469345221438,363.436144442886,34.71,40.4502
2024-07-09 16:07:10,151.345830105752,133.236786846438,324.112177004424,34.68,69.4960981292618
2024-07-09 16:07:20,124.004626677752,119.328542980135,303.080482059809,34.8822443330509,69.4964132000312
2024-07-09 16:07:25,107.691807825752,111.126241810135,258.972692752505,34.8829187175418,34.72656
2024-07-09 16:07:50,124.808779719752,125.034491620135,303.699061322886,34.8829658120388,69.4964859190683
2024-07-09 16:08:10,111.942331047752,112.849913795135,273.141103492505,34.883198104326,69.4973444486466
2024-07-09 16:08:15,97.6973343037516,104.825923520135,225.657781012505,34.8833276363212,69.499354779132
2024-07-09 16:08:25,84.4862486137516,102.805066710135,181.620828712505,34.8835320633938,69.4995006328134
2024-07-09 16:08:35,89.4260458717516,103.993806010135,198.086819572505,34.8835515251784,69.5040508582031
2024-07-09 16:08:40,74.7215331037516,96.1481266301348,149.071777012505,34.8854277923549,69.5059199167892
2024-07-09 16:09:30,83.9118535837516,109.996939475135,179.706178612505,34.8864164821051,69.5104716028143
2024-07-09 16:09:40,117.456523335752,125.926052038831,291.521744452505,34.18,41.76562
2024-07-09 16:09:45,126.646843815752,131.513120805135,305.112956781347,34.18,41.4834
2024-07-09 16:09:55,120.788014509752,125.866609130135,300.606165007501,34.26,41.55176
2024-07-09 16:10:05,92.4129000277516,111.126241810135,208.043000092505,34.8868009128626,69.5156031885954
2024-07-09 16:10:10,71.2751629237516,98.1689834401348,137.583876412505,34.886939687091,69.5159416052826
2024-07-09 16:10:25,34.7436390157516,67.7966943251348,67.7966943251348,33.9,23.25488
2024-07-09 16:10:35,34.2841229917516,71.8978449101348,71.8978449101348,33.88,23.38965
2024-07-09 16:10:40,45.1976285617516,79.6246503601348,79.6246503601348,33.94,23.34863
2024-07-09 16:10:50,53.8135540117516,87.5892036701348,89.6892566862526,33.99,23.4082
2024-07-09 16:11:00,64.7270595817516,97.3963028951348,115.756865272505,34.8870500423474,69.516191114287
2024-07-09 16:11:30,60.9360523837516,86.6382122301348,103.120174612505,34.8872019686607,69.5247776023556
2024-07-09 16:11:40,97.1229392737516,137.635128200135,223.743130912505,34.8882359481385,69.5272898169424
2024-07-09 16:11:45,97.1229392737516,137.635128200135,223.743130912505,34.8883217896062,69.5275901395129
2024-07-09 16:12:05,89.5409248777516,123.786315355135,198.469749592505,34.8884290169166,69.5286694914414
2024-07-09 16:12:25,146.635790859752,136.505819921438,320.489069892117,37.3,69.5287486587009
2024-07-09 16:12:35,111.482815023752,114.930207570135,271.609383412505,34.8885075789151,69.5290882302413
2024-07-09 16:12:40,89.6558038837516,106.787343365135,198.852679612505,37.05,69.5305063266867
2024-07-09 16:12:50,68.8627037977516,95.3754460851348,129.542345992505,37.04,69.5313077148856
2024-07-09 16:13:25,181.903657189652,150.473506696438,347.618197838194,1.61,69.5321890537402
2024-07-09 16:13:30,163.523016229652,143.578824700135,333.479243253579,1.61,69.5328075352652
2024-07-09 16:13:40,146.750669865752,135.376523530135,320.57743835827,1.41,24.67188
2024-07-09 16:13:50,160.076646049652,143.935440546438,330.828189268963,1.61,69.53457036066
2024-07-09 16:13:55,126.072448785752,127.471407185135,304.671114450578,1.41,24.5791
2024-07-09 16:14:05,169.956229077752,154.871848050135,338.427868521347,1.41,24.59277
2024-07-09 16:14:15,223.604713391851,179.775936385135,379.695933378347,1.41,24.4873
2024-07-09 16:14:25,211.197803719652,173.475624038831,370.152156707425,1.41,24.3877
2024-07-09 16:14:30,204.075282371851,169.315036488831,364.673294132193,1.61,69.5360603968938
2024-07-09 16:14:40,140.662082547752,138.407814688831,315.893909652117,0.6,69.5366307706206
2024-07-09 16:14:50,161.110545615752,148.868714585135,331.623496627501,1.61,69.5382277746673
2024-07-09 16:14:55,243.708539441851,186.848941163831,395.16041495527,1.41,24.10352
2024-07-09 16:15:05,286.788166691851,211.218096813831,428.298589762962,1.61,69.5389022181305
2024-07-09 16:18:30,57.3748031977516,90.9771106751348,95.6246719962526,34.8888389040073,37.58203
2024-07-09 16:18:35,261.974312883752,214.011622281438,409.211009910578,34.8899567660757,69.5413096783923
2024-07-09 16:18:45,289.200637305752,230.356787656438,430.15433638904,33.91,42.28027
2024-07-09 16:18:55,236.930689575752,197.488151955135,389.94668428904,33.84,42.58203
2024-07-09 16:19:00,202.581878269652,177.636211588831,363.524521745886,33.8,43.01855
2024-07-09 16:19:10,173.976994287752,159.151309530135,341.520764836732,34.8904205096764,69.5433656904906
2024-07-09 16:19:20,189.026144073752,166.699804085135,353.097033902886,33.82,42.72656
2024-07-09 16:19:30,207.636543045752,176.269155450135,367.412725419809,33.74,69.5444877947603
2024-07-09 16:19:35,228.889159155752,182.807221600135,383.76089165827,33.78,69.5456165207378
2024-07-09 16:19:45,216.022710483752,175.020979185135,373.86362344904,33.77,42.84375
2024-07-09 16:19:55,270.360491809652,202.183666246438,415.661916776656,34.8911195667822,69.5460860847332
2024-07-09 16:20:00,346.640140305752,245.691536513831,474.338569465963,34.8915632569388,69.5475797927059
2024-07-09 16:20:10,301.262932935752,219.777013830135,439.433025335194,34.8917241097281,69.5476271423558
2024-07-09 16:20:20,253.128640909652,192.257699035135,402.406646853579,33.74,42.78027
2024-07-09 16:20:25,198.675980577752,168.245165175135,360.519985059809,34.8921873495752,69.5476563106187
2024-07-09 16:20:35,156.400494881851,153.801982680135,328.000380678347,34.8929103401457,69.5481296354978
2024-07-09 16:20:45,168.807439017752,169.136719650135,337.544183859809,33.82,42.89844
2024-07-09 16:20:50,156.515385375752,164.976132100135,328.088757981347,34.8934050039708,69.5515269656615
2024-07-09 16:21:00,176.159706889652,174.307735605135,343.199774530502,34.8936923972813,69.5547187889847
2024-07-09 16:21:10,178.457287009652,173.535055060135,344.967143853579,33.85,42.79004
2024-07-09 16:21:15,209.244837641851,190.117974238831,368.649875109116,33.84,42.75293
2024-07-09 16:21:25,180.869734647752,168.542350000135,346.822872805963,34.8937779625321,69.5558919806116
2024-07-09 16:22:05,243.478792917752,199.092950010135,394.983686859809,1.41,69.556110664225
2024-07-09 16:24:05,120.673135503752,129.076199296438,300.517796541347,34.8938700399207,69.55883674031
2024-07-09 16:24:10,133.080068151752,129.492269938831,310.061590885963,34.8944935672058,69.55990916309
2024-07-09 16:24:50,192.472514253752,166.937557888831,355.748087887501,0.03,69.5609174828465
2024-07-09 16:25:00,171.334765661851,153.029302135135,339.488281278347,0.03,69.5650092328603
2024-07-09 16:25:10,152.379741159752,137.694559221438,324.907493199809,0.03,69.5666597235339
2024-07-09 16:25:20,192.012986741851,156.417203196438,355.394605186039,0.03,69.5742413601492
2024-07-09 16:26:45,130.667609025752,120.873904070135,308.205853096732,34.8948028261705,69.5747990740586
2024-07-09 16:27:05,141.121598571752,126.817606513831,316.247383516732,34.895501142602,69.5764517667626
2024-07-09 16:28:10,67.0246397017516,93.6517741001348,123.415465672505,1.61,69.5776788868855
2024-07-09 16:28:15,67.8287927437516,94.0678328551348,126.095975812505,1.61,69.5787232651713
2024-07-09 16:28:45,85.5201596677516,110.650746090135,185.067198892505,1.61,69.5791853770654
2024-07-09 16:29:30,124.349263695752,138.467245710135,303.34558745827,1.61,69.5808080197983
2024-07-09 16:29:45,107.232291801752,132.404675280135,257.440972672505,1.61,69.5820448770206
2024-07-09 16:30:05,111.138178005752,130.918751155135,270.460593352505,1.61,69.5826819233612
2024-07-09 16:30:10,106.657896771752,126.520421688831,255.526322572505,1.61,69.583593780505
2024-07-09 16:30:20,95.5146331897516,117.307686170135,218.382110632505,1.61,69.5842061231405
2024-07-09 16:30:30,73.5727430437516,105.717477995135,145.242476812505,0.54,69.5843133031173
2024-07-09 16:30:45,73.8025010557516,101.378579550135,146.008336852505,1.61,69.5847214274907
2024-07-09 16:31:05,87.0135867457516,111.185678775135,190.045289152505,1.61,69.5860467358681
2024-07-09 16:31:10,105.509106711752,121.824895510135,251.697022372505,1.61,69.5876567614528
2024-07-09 16:31:45,105.164469693752,120.160660490135,250.548232312505,34.8958256667725,69.5906974642426
2024-07-09 16:32:40,128.599786917752,122.716449985135,306.615220705963,34.8962710336147,69.5912935201265
2024-07-09 16:32:55,90.1153199077516,111.720611460135,200.384399692505,34.8965448724344,69.5934143939783
2024-07-09 16:33:05,83.2225795477516,108.094956595135,177.408598492505,34.8974199653251,69.5983336112418
2024-07-09 16:33:30,156.860022393752,135.970893180135,328.353863379809,34.899271721786,69.6028635013914
2024-07-09 16:34:10,168.577681005752,143.341070896438,337.367446927501,1.61,69.6039314394106
2024-07-09 16:34:15,138.709139445752,127.590275171438,314.391645727501,0.92,69.6041925352897
2024-07-09 16:34:25,127.680754869752,123.905189285135,305.908272976732,1.61,69.6055407344915
2024-07-09 16:34:35,151.460709111752,138.764430535135,324.200545470578,1.41,69.6077724014881
2024-07-09 16:34:40,152.954136189752,140.131480730135,325.349335530578,1.61,69.6083392580697
2024-07-09 16:34:50,163.408125735752,143.519387735135,333.390865950578,1.41,69.611801602069
2024-07-09 16:35:00,150.311919051752,136.505819921438,323.31686080904,1.61,69.616996071155
2024-07-09 16:35:05,141.121598571752,127.946902905135,316.247383516732,1.61,69.6170239050452
2024-07-09 16:35:15,116.077975263752,118.615299400135,286.926584212505,1.61,69.6178760495382
2024-07-09 16:35:25,151.690467123752,134.603842985135,324.377282402886,1.41,69.6189224107603
2024-07-09 16:35:45,159.731997543752,141.914589680135,330.563075033655,1.41,69.6242097267064
2024-07-09 16:37:05,132.850310139752,162.182600688831,309.884853953655,34.8992987927292,69.6265310771426
2024-07-09 16:37:25,135.607406283752,161.231603305135,312.005697141347,34.8993460561021,69.6267028679615
2024-07-09 16:37:35,132.965189145752,148.928151550135,309.973222419809,34.8996362383671,69.6294029501672
2024-07-09 16:38:00,236.471185039652,186.611187360135,389.593219261271,34.9005869299217,69.6334257724267
2024-07-09 16:38:35,276.219309627752,218.053347788831,420.168699713655,34.9015498338164,69.6335592284481
2024-07-09 16:38:50,153.528531219752,153.029302135135,325.791177861347,34.9016201607133,69.6340193281089
2024-07-09 16:39:10,116.767249299752,131.631994735135,289.224164332505,34.9025918882427,69.6353767360748
2024-07-09 16:39:15,138.134744415752,140.012606800135,313.949803396732,34.9032668817924,69.6409319363628
2024-07-09 16:39:25,204.305063359652,173.653923046438,364.850048738194,34.9044571400542,69.6415642526373
2024-07-09 16:40:00,167.543781439652,142.568402238831,336.572139568963,34.90492123951,69.6417688393626
2024-07-09 16:40:10,88.5070138237515,96.5047484201348,195.023379412505,34.9053817392678,69.6423591749818
2024-07-09 16:40:20,128.025391887752,119.269106015135,306.173378375194,34.9067052507566,69.6443612669006
2024-07-09 16:40:25,185.464894887752,152.316058555135,350.357611452117,34.9067385076803,69.6482497644323
2024-07-09 16:40:35,209.474618629652,166.462056225135,368.826629715117,34.9073810539024,69.6499219276426
2024-07-09 16:40:45,185.579773893752,152.910428205135,350.44597991827,34.9083457824703,69.6501748211961
2024-07-09 16:41:45,140.776961553752,135.495397460135,315.98227811827,34.28,42.02051
2024-07-09 16:41:55,106.428138759752,119.804038700135,254.760462532505,34.9084777362485,69.6519308796614
2024-07-09 16:42:05,92.9872950577516,113.741468270135,209.957650192505,34.9091463200021,69.6534217750303
2024-07-09 16:42:10,97.4675762917516,119.090795120135,224.891920972505,34.9096461290039,69.6544969573656
2024-07-09 16:42:20,100.913946471752,123.013634810135,236.379821572505,34.27,42.03125
2024-07-09 16:42:40,113.091121107752,133.890599405135,276.970403692505,-93.47,69.6547212819613
2024-07-09 16:43:30,239.802664725752,189.999088421438,392.155895942886,34.9104991830554,69.6557933487822
2024-07-09 16:43:40,181.559008683752,162.301468675135,347.353083602886,34.9108685246591,69.6565029187309
2024-07-09 16:44:05,75.9852021697516,107.560023910135,153.284007232505,34.9113841009257,69.6590105097193
2024-07-09 16:45:20,43.5893224777516,75.9395585301348,75.9395585301348,-6.38,69.6594904737359
2024-07-09 16:45:25,35.7775500697516,72.2544667001348,72.2544667001348,-6.38,69.6600069901619
2024-07-09 16:46:20,173.632345781851,146.194051160135,341.255650601424,1.61,69.6601704960785
2024-07-09 16:46:30,173.632345781851,160.696676563831,341.255650601424,1.61,69.6625583151803
2024-07-09 16:46:40,192.127877235752,174.426609535135,355.48298248904,1.61,69.6655543243545
2024-07-09 16:47:05,189.945187609652,173.713365955135,353.803990468963,34.9118150669,69.6664811039626
2024-07-09 16:47:30,92.8724160517516,130.264938596438,209.574720172505,34.9119450078253,69.6665947247373
2024-07-09 16:47:40,86.0945546977516,120.220097455135,186.981848992505,34.9135828477353,69.666603635499
2024-07-09 16:47:55,92.4129000277516,115.940635975135,208.043000092505,-17.6,69.6668606715311
2024-07-09 16:50:55,146.291153841752,152.969871113831,320.223964493655,33.96,69.6696884736063
2024-07-09 16:51:05,256.575011089652,193.565306321438,405.057700838194,33.86,69.6730883139736
2024-07-09 16:51:10,236.930689575752,182.391168788831,389.94668428904,34.9140551179664,69.6769310257377
2024-07-09 16:51:20,205.683599943752,164.976132100135,365.910461495194,34.9158650130609,69.6785773830155
2024-07-09 16:51:30,155.596353327752,144.708127035135,327.381810252117,34.9170007648781,69.6790034418785
2024-07-09 16:51:40,137.100833361752,145.421364671438,313.154487201347,34.9177241117748,69.6806574761787
2024-07-09 16:51:45,140.432324535752,145.837435313831,315.717172719809,33.74,69.6829547066942
2024-07-09 17:02:30,93.6765690937516,129.492269938831,212.255230312505,32.77,45.625
2024-07-09 17:02:35,71.0454049117516,110.234687335135,136.818016372505,32.78,45.57715
2024-07-09 17:02:45,79.4315723497516,113.682031305135,164.771907832505,32.82,45.8252
2024-07-09 17:02:55,94.1360851177516,122.538139090135,213.786950392505,32.84,45.80273
2024-07-09 17:04:35,58.8682302757516,92.3441608701348,98.1137171262526,32.59,69.6873768526009
2024-07-09 17:04:40,58.8682302757516,92.3441608701348,98.1137171262526,32.93,69.6926862587956
2024-07-09 17:04:50,57.7194402157516,93.5923371351348,96.1990670262526,34.9179498016441,69.6933386708558
2024-07-09 17:05:00,61.8550844317516,93.9489589251348,106.183614772505,34.9185236670912,69.6935259626307
2024-07-09 17:05:05,59.6723833177516,89.7289344101348,99.4539721962526,34.9185881298647,69.6948988812191
2024-07-09 17:05:30,78.8571773197516,97.5151768251348,162.857257732505,34.9186616855511,69.6968236747437
2024-07-09 17:05:35,102.981768579752,111.898922355135,243.272561932505,34.9188911312874,69.7010604124298
2024-07-09 17:05:45,96.2039072257516,108.451578385135,220.679690752505,34.9192630270664,69.7016678060357
2024-07-09 17:05:55,104.130558639752,114.870770605135,247.101862132505,34.9215652969982,69.70387949025
2024-07-09 17:06:00,86.6689497277516,106.906217295135,188.896499092505,34.9221524423182,69.7049516609649
2024-07-09 17:06:10,75.5256861457516,101.140831690135,151.752287152505,34.9223077943282,69.7057791073455
2024-07-09 17:06:20,78.1679032837516,102.091823130135,160.559677612505,34.9224827774104,69.7062580035602
2024-07-09 17:06:25,65.8758496417516,93.3545892751348,119.586165472505,34.9237036621279,69.7071661881039
2024-07-09 17:06:35,82.1886684937516,101.972949200135,173.962228312505,34.9237590930251,69.7081903498618
2024-07-09 17:06:45,100.799067465752,112.612165935135,235.996891552505,34.924029617985,69.7096815201009
2024-07-09 17:06:55,128.599786917752,127.530844150135,306.615220705963,34.9241272236557,69.7109556803995
2024-07-09 17:07:00,153.413652213752,139.299369163831,325.702809395194,34.9241480111106,69.7114366456288
2024-07-09 17:07:25,129.518818965752,123.667441425135,307.322168435194,33.03,69.71410441604
2024-07-09 17:07:35,109.644750927752,110.472435195135,265.482503092505,32.96,69.7166313558809
2024-07-09 17:07:45,96.6634232497516,103.102251535135,222.211410832505,32.98,69.7175342194056
2024-07-09 17:07:50,71.8495579537516,91.8686651501348,139.498526512505,34.9249068345542,69.7182804098508
2024-07-09 17:08:00,48.0696037117516,82.1210028901348,82.1210028901348,34.9261236083806,69.7188693225943
2024-07-09 17:08:10,41.8661373877516,79.9218351851348,79.9218351851348,33.07,69.7203745631821
2024-07-09 17:08:15,39.1090412437516,76.7716760401348,76.7716760401348,33.07,69.7210852427858
2024-07-09 17:08:25,43.0149274477516,75.8206846001348,75.8206846001348,34.9289727598067,69.7226068707727
2024-07-09 17:08:35,47.9547247057516,78.7330958851348,79.9245411762526,34.9290939357584,69.7237119572703
2024-07-09 17:08:40,52.7796429577516,81.5860702051348,87.9660715962526,33.15,69.7239513502829
2024-07-09 17:08:50,47.7249666937516,80.9917005551348,80.9917005551348,33.18,69.7248858272508
2024-07-09 17:09:00,43.1298064537516,78.1981632001348,78.1981632001348,34.9293104731912,69.7264902559606
2024-07-09 17:09:10,34.8585180217516,72.5516515251348,72.5516515251348,34.9305460056831,69.7274159727146
2024-07-09 17:09:15,30.3782367877516,68.5693748701348,68.5693748701348,34.9306097329184,69.7302138382431
2024-07-09 17:09:25,27.0467456137516,66.1918962701348,66.1918962701348,34.9307346092936,69.730464776399
2024-07-09 17:09:35,26.7021085957516,66.0135853751348,66.0135853751348,33.22,69.7322094161036
2024-07-09 17:09:45,30.2633577817516,69.6392402401348,69.6392402401348,33.25,69.7326577654914
2024-07-09 17:09:50,40.0280732917516,78.0792892701348,78.0792892701348,33.27,69.7328799914186
2024-07-09 17:10:00,63.2336325037516,99.2982857751348,110.778775012505,34.9308182339478,69.7329897647045
2024-07-09 17:10:10,76.6744762057516,108.689326245135,155.581587352505,34.930822483618,69.7333231188833
2024-07-09 17:10:15,77.4786292477516,108.808200175135,158.262097492505,33.29,69.7333233183999
2024-07-09 17:10:25,71.9644369597516,96.2670005601348,139.881456532505,34.9310275214536,69.7338102700191
2024-07-09 17:10:35,58.2938352457516,85.0928511401348,97.1563920762526,34.9315696124273,69.7348284161311
2024-07-09 17:10:45,65.0716965997516,86.3410274051348,116.905655332505,33.28,69.7442504597324
2024-07-09 17:10:50,67.5990347317516,88.1241363551348,125.330115772505,33.37,69.7445996066787
2024-07-09 17:11:00,56.3408921437516,83.3691791551348,93.9014869062526,33.32,69.7526176525227
2024-07-09 17:11:10,48.6439987417516,79.8029612551348,81.0733312362526,34.9319900777811,69.7537688835666
2024-07-09 17:11:15,41.9810163937516,75.6423737051348,75.6423737051348,34.9320227868591,69.7538442600773
2024-07-09 17:11:25,35.2031550397516,70.2336098901348,70.2336098901348,32.98,69.7547780536427
2024-07-09 17:11:35,31.2972688357516,67.8561312901348,67.8561312901348,34.932275347638,69.7549998450831
2024-07-09 17:11:40,33.2502119377516,68.0938791501348,68.0938791501348,34.9323601795016,69.7589305364479
2024-07-09 17:11:50,36.4668241057516,69.4609293451348,69.4609293451348,32.92,69.7640544693145
2024-07-09 17:12:00,35.4329130517516,69.9364250651348,69.9364250651348,32.88,69.7674304940206
2024-07-09 17:12:10,32.4460588957516,68.3316270101348,68.3316270101348,34.9330538856925,69.7701071480528
2024-07-09 17:12:15,23.2557384157516,64.7654091101348,64.7654091101348,34.9351230183773,69.7704858905791
2024-07-09 17:12:25,20.6135212777516,63.1606110551348,63.1606110551348,32.68,69.7726750198404
2024-07-09 17:12:35,20.0391262477516,62.9823001601348,62.9823001601348,32.6,69.7731718933158
2024-07-09 17:12:40,21.5325533257516,63.6361067751348,63.6361067751348,32.51,69.7734977103052
2024-07-09 17:12:50,21.4176743197516,63.8738546351348,63.8738546351348,34.9353328587769,69.7756580917896
2024-07-09 17:13:00,21.3027953137516,63.5172328451348,63.5172328451348,34.9359267276972,69.7771622869411
2024-07-09 17:13:05,21.6474323317516,64.2304764251348,64.2304764251348,34.936388149271,69.7779755961845
2024-07-09 17:13:15,20.3837632657516,65.2409048301348,65.2409048301348,34.9370067885874,69.7779899121148
2024-07-09 17:13:25,36.3519450997516,74.5130713701348,74.5130713701348,34.9374972465032,69.778530296288
2024-07-09 17:13:35,47.3803296757516,79.3869025001348,79.3869025001348,34.9385543061516,69.7818791041265
2024-07-09 17:13:40,54.6177070537516,83.4880530851348,91.0295117562526,32.19,69.7830220302163
2024-07-09 17:13:50,52.0903689217516,81.6455071701348,86.8172815362526,32.13,69.7832120329238
2024-07-09 17:14:00,34.7436390157516,72.3139036651348,72.3139036651348,34.9387576886541,69.7867975152894
2024-07-09 17:14:05,24.4045284757516,66.0730223401348,66.0730223401348,32.14,69.7884288274232
2024-07-09 17:14:15,23.9450124517516,65.0625939351348,65.0625939351348,34.9394241610792,69.7930202356478
2024-07-09 17:14:25,27.3913826317516,66.9645768151348,66.9645768151348,34.9403801737286,69.795069283
2024-07-09 17:14:35,36.1221870877516,71.5412231201348,71.5412231201348,32.29,69.7967957538702
2024-07-09 17:14:40,39.7983152797516,74.0375756501348,74.0375756501348,34.9407765633475,69.7968440064823
2024-07-09 17:15:00,27.2765036257516,66.8457028851348,66.8457028851348,32.43,69.7980404379491
2024-07-09 17:15:10,43.8190804897516,77.9604153401348,77.9604153401348,32.48,69.8004249578322
2024-07-09 17:15:20,39.1090412437516,76.3556172851348,76.3556172851348,34.9408763138174,69.8022175172842
2024-07-09 17:15:25,36.2370660937516,74.8696931601348,74.8696931601348,34.9408859161229,69.8026558269327
2024-07-09 17:15:35,32.5609379017516,70.1147359601348,70.1147359601348,34.9409529763011,69.8029304266416
2024-07-09 17:15:45,28.9996887157516,69.1637445201348,69.1637445201348,34.9410699221594,69.8050142159648
2024-07-09 17:15:55,32.5609379017516,71.8978449101348,71.8978449101348,32.6,69.8148067099706
2024-07-09 17:16:00,37.7304931717516,76.1773063901348,76.1773063901348,34.94108002303,69.8154989404549
2024-07-09 17:16:10,42.2107744057516,79.8029612551348,79.8029612551348,32.63,69.8160275389335
2024-07-09 17:16:20,40.1429522977516,78.1387262351348,78.1387262351348,34.9423393384174,69.8171862361948
2024-07-09 17:16:30,33.5948489557516,72.4327775951348,72.4327775951348,32.68,69.8181208950879
2024-07-09 17:16:35,27.6211406437516,68.3910639751348,68.3910639751348,32.69,69.8184730270438
2024-07-09 17:16:45,23.0259804037516,65.8947114451348,65.8947114451348,34.9450895564986,69.8204571251499
2024-07-09 17:16:55,20.8432792897516,65.0625939351348,65.0625939351348,32.72,69.8205262646402
2024-07-09 17:17:00,25.8979555537516,67.5589464651348,67.5589464651348,32.75,69.8209046847583
2024-07-09 17:17:10,27.3913826317516,67.0240137801348,67.0240137801348,34.9452403822736,69.8213129380598
2024-07-09 17:17:20,28.5401726917516,66.7862659201348,66.7862659201348,-16.67,69.8239748781401
2024-07-09 17:17:30,28.4252936857516,67.6778203951348,67.6778203951348,32.88,69.8269604818265
2024-07-09 17:17:35,24.2896494697516,66.3107702001348,66.3107702001348,32.86,69.8270751750784
2024-07-09 17:17:45,23.6003754337516,67.0240137801348,67.0240137801348,34.945852347819,69.8283703948095
2024-07-09 17:17:55,25.3235605237516,69.8175511351348,69.8175511351348,32.92,69.8289073848811
2024-07-09 17:18:00,26.2425925717516,69.8175511351348,69.8175511351348,32.9,69.8321850164592
2024-07-09 17:18:10,27.7360196497516,70.4713577501348,70.4713577501348,34.9459078326718,69.8333547845645
2024-07-09 17:18:20,28.8848097097516,71.3629122251348,71.3629122251348,34.9500416383566,69.8341284860393
2024-07-09 17:18:25,29.1145677217516,71.2440382951348,71.2440382951348,34.9513889719747,69.8342875425951
2024-07-09 17:18:35,28.9996887157516,70.8279795401348,70.8279795401348,34.9515630639655,69.8352534105534
2024-07-09 17:18:45,28.0806566677516,71.0062904351348,71.0062904351348,34.951976032671,69.8362206194694
2024-07-09 17:18:50,27.0467456137516,69.1637445201348,69.1637445201348,32.89,69.8365099831917
2024-07-09 17:19:00,25.5533185357516,67.7372573601348,67.7372573601348,32.86,69.8388949167002
2024-07-09 17:19:10,28.4252936857516,69.4609293451348,69.4609293451348,32.89,69.8398427105394
2024-07-09 17:19:15,31.0675108237516,71.6600970501348,71.6600970501348,32.92,69.8414237419425
2024-07-09 17:19:25,34.1692439857516,73.1460211751348,73.1460211751348,32.93,69.8428735968481
2024-07-09 17:19:35,39.5685572677516,77.1282978301348,77.1282978301348,34.9522730875658,69.8475210642865
2024-07-09 17:19:45,50.7118208497516,84.3201705951348,84.5197014162526,32.95,69.8497177094448
2024-07-09 17:19:50,51.6308528977516,85.3900359651348,86.0514214962526,32.93,69.8504901260427
2024-07-09 17:20:00,50.7118208497516,84.6767923851348,84.6767923851348,34.9524431433116,69.8511924834144
2024-07-09 17:20:10,49.2183937717516,82.8936834351348,82.8936834351348,34.952481505503,69.851335858464
2024-07-09 17:20:15,48.6439987417516,80.6945157301348,81.0733312362526,34.9526538314496,69.8513358927415
2024-07-09 17:20:25,49.3332727777516,81.9426919951348,82.2221212962526,32.93,69.8537816940085
2024-07-09 17:20:35,47.2654506697516,81.4671962751348,81.4671962751348,34.9528958795075,69.857523836753
2024-07-09 17:20:45,37.0412191357516,75.4640628101348,75.4640628101348,33.01,69.8588037349993
2024-07-09 17:20:50,30.9526318177516,71.8384079451348,71.8384079451348,34.953685171034,69.8591559747335
2024-07-09 17:21:00,28.7699307037516,69.8769881001348,69.8769881001348,34.9542120671504,69.8601267702143
2024-07-09 17:21:10,28.0806566677516,71.2440382951348,71.2440382951348,34.9542798321391,69.8607428567417
2024-07-09 17:21:15,27.9657776617516,71.6600970501348,71.6600970501348,33.04,69.8660847613621
2024-07-09 17:21:25,29.6889627517516,74.5130713701348,74.5130713701348,33.07,69.8674929023695
2024-07-09 17:21:35,29.2294467277516,74.8102561951348,74.8102561951348,-17.32,69.8679497742795
2024-07-09 17:21:40,27.5062616377516,73.1460211751348,73.1460211751348,33.06,69.8717213938966
2024-07-09 17:21:50,29.1145677217516,73.3837690351348,73.3837690351348,34.9543522977468,69.8737818328122
2024-07-09 17:22:00,29.8038417577516,72.1355927701348,72.1355927701348,34.9551305885878,69.8748810836339
2024-07-09 17:22:05,32.9055749197516,71.8384079451348,71.8384079451348,34.9553254109396,69.8751879065908
2024-07-09 17:22:15,43.1298064537516,77.8415414101348,77.8415414101348,34.9561150929439,69.8758868244571
2024-07-09 17:23:10,31.0675108237516,72.3139036651348,72.3139036651348,34.957376653788,69.8773862140251
2024-07-09 17:23:20,30.8377528117516,72.8488363501348,72.8488363501348,34.959883939875,69.8808681351691
2024-07-09 17:23:30,25.6681975417516,71.7195340151348,71.7195340151348,34.96009177033,69.884876846453
2024-07-09 17:23:35,23.7152544397516,70.8874165051348,70.8874165051348,34.9612376243717,69.8850114805227
2024-07-09 17:23:45,22.3367063677516,71.8978449101348,71.8978449101348,34.9617848200465,69.8862992465336
2024-07-09 17:23:55,21.6474323317516,70.2930468551348,70.2930468551348,34.9618303055729,69.8949572021707
2024-07-09 17:24:05,20.4986422717516,66.9645768151348,66.9645768151348,34.9632306657996,69.8952703385595
2024-07-09 17:24:10,25.0938025117516,66.6673919901348,66.6673919901348,34.964253340781,69.8955310565153
2024-07-09 17:24:20,28.3104146797516,67.3211986051348,67.3211986051348,34.9649605621125,69.8961862815859
2024-07-09 17:24:30,34.9733970277516,71.3034752601348,71.3034752601348,34.9652367482604,69.8966363195414
2024-07-09 17:24:40,36.4668241057516,74.5725083351348,74.5725083351348,34.9662960254776,69.8980315063338
2024-07-09 17:24:45,33.8246069677516,73.9781386851348,73.9781386851348,34.966738244091,69.8984454075705
2024-07-09 17:24:55,32.7906959137516,74.5130713701348,74.5130713701348,34.967008235645,69.9003323971738
2024-07-09 17:25:05,28.6550516977516,71.3629122251348,71.3629122251348,34.967968631443,69.9028451754848
2024-07-09 17:25:15,29.1145677217516,69.7581141701348,69.7581141701348,34.967995525603,69.9054818391247
2024-07-09 17:25:20,30.0335997697516,70.4713577501348,70.4713577501348,34.9697051767771,69.9061219929442
2024-07-09 17:25:30,33.2502119377516,71.5412231201348,71.5412231201348,34.9698199969405,69.9062190356729
2024-07-09 17:25:40,37.6156141657516,73.3243320701348,73.3243320701348,34.9704540304749,69.9097066288937
2024-07-09 17:25:45,35.0882760337516,71.6600970501348,71.6600970501348,34.9705146137588,69.9102368222682
2024-07-09 17:25:55,41.0619843457516,73.3243320701348,73.3243320701348,34.9707567049695,69.9107414575401
2024-07-09 17:26:05,66.9097606957516,86.8165231251348,123.032535652505,34.9709218955733,69.9118628816822
2024-07-09 17:26:15,77.2488712357516,92.7602196251348,157.496237452505,34.9727645144993,69.912234728407
2024-07-09 17:26:20,82.5333055117516,96.1481266301348,175.111018372505,34.973928737254,69.9143114566797
2024-07-09 17:26:30,65.4163336177516,89.5506235151348,118.054445392505,34.974724739059,69.9171434359732
2024-07-09 17:26:55,41.4066213637516,78.1387262351348,78.1387262351348,34.9755686686794,69.9183239798269
2024-07-09 17:27:05,45.0827495557516,80.8728266251348,80.8728266251348,34.9757452616654,69.9187832201025
2024-07-09 17:27:15,48.2993617237516,80.9322635901348,80.9322635901348,32.2,69.920668111631
2024-07-09 17:27:25,49.5630307897516,82.3587507501348,82.6050513162526,34.9758029991832,69.9207789775083
2024-07-09 17:27:35,50.5969418437516,83.4286161201348,84.3282364062526,34.9776062079937,69.9215589673899
2024-07-09 17:27:40,47.3803296757516,81.5266332401348,81.5266332401348,32.23,69.9238895380277
2024-07-09 17:27:50,43.2446854597516,77.3660456901348,77.3660456901348,32.23,69.9318667359686
2024-07-09 17:28:35,51.8606109097516,80.3378939401348,86.4343515162526,34.9781128269762,69.9324368457136
2024-07-09 17:28:45,55.5367391017516,80.0407091151348,92.5612318362527,34.9787419082676,69.9347640480146
2024-07-09 17:29:45,35.2031550397516,74.8696931601348,74.8696931601348,34.978857736311,69.9373419524067
2024-07-09 17:29:50,42.0958953997516,90.3233040601348,90.3233040601348,34.9789254918674,69.9377470070181
2024-07-09 17:30:20,37.5007351597516,86.2815904401348,86.2815904401348,34.9789419099018,69.9393165329463
2024-07-09 17:30:55,39.3387992557516,75.5234997751348,75.5234997751348,34.9791827503234,69.9408726920032
2024-07-09 17:31:00,43.9339594957516,78.2576001651348,78.2576001651348,32.31,69.9415069912841
2024-07-09 17:31:20,40.1429522977516,74.8696931601348,74.8696931601348,34.9791973290232,69.941712752649
2024-07-09 17:31:25,38.1900091957516,74.9885670901348,74.9885670901348,32.32,69.9424714943062
2024-07-09 17:32:40,33.2502119377516,73.4432060001348,73.4432060001348,34.9808166186494,69.9456116809123
2024-07-09 17:32:50,32.5609379017516,73.9781386851348,73.9781386851348,34.9814606850081,69.9458871570727
2024-07-09 17:32:55,33.9394859737516,73.2648951051348,73.2648951051348,34.9828692615581,69.9462018997316
2024-07-09 17:33:15,30.0335997697516,69.9364250651348,69.9364250651348,34.9845769332647,69.9479512307134
2024-07-09 17:33:30,22.1069483557516,65.4786526901348,65.4786526901348,34.9861547464066,69.9526618488759
2024-07-09 17:33:40,21.7623113377516,66.9645768151348,66.9645768151348,35.41,69.9545847568361
2024-07-09 17:33:50,20.7284002837516,67.3211986051348,67.3211986051348,35.46,69.9551357805991
2024-07-09 17:34:00,25.0938025117516,68.1533161151348,68.1533161151348,34.9866272437702,69.9554143359592
2024-07-09 17:34:05,28.9996887157516,70.0552989951348,70.0552989951348,34.9866306725523,69.9570118719466
2024-07-09 17:34:15,32.7906959137516,68.5693748701348,68.5693748701348,34.9869855629644,69.9585909173872
2024-07-09 17:34:25,33.5948489557516,68.5099379051348,68.5099379051348,35.44,69.9586397135205
2024-07-09 17:34:30,30.2633577817516,66.9645768151348,66.9645768151348,35.41,69.9623832559871
2024-07-09 17:34:50,27.9657776617516,68.2721900451348,68.2721900451348,34.9878821741922,69.9624695376516
2024-07-09 17:35:05,30.1484787757516,70.4713577501348,70.4713577501348,35.45,69.9626112472803
2024-07-09 17:37:30,35.7775500697516,75.5234997751348,75.5234997751348,32.01,47.65918
2024-07-09 17:37:40,34.0543649797516,70.9468534701348,70.9468534701348,32.0,47.63379
2024-07-09 17:37:50,37.5007351597516,72.1950297351348,72.1950297351348,31.99,47.73047
2024-07-09 17:37:55,47.7249666937516,81.5860702051348,81.5860702051348,32.04,47.68652
2024-07-09 17:38:05,56.3408921437516,86.6976491951348,93.9014869062526,32.07,47.54395
2024-07-09 17:38:15,66.5651236777516,93.7112110651348,121.883745592505,32.12,47.31738
2024-07-09 17:38:25,71.0454049117516,95.3160091201348,136.818016372505,32.2,47.12891
2024-07-09 17:38:30,72.1941949717516,92.7602196251348,140.647316572505,32.24,47.03711
2024-07-09 17:38:40,72.8834690077516,91.6903542551348,142.944896692505,32.25,47.00098
2024-07-09 17:38:50,74.9512911157516,93.2951523101348,149.837637052505,32.26,47.14746
2024-07-09 17:39:00,73.3429850317516,90.9176737101348,144.476616772505,32.27,46.91797
2024-07-09 17:39:05,63.3485115097516,85.9844056151348,111.161705032505,32.27,46.86914
2024-07-09 17:39:15,55.6516181077516,82.1210028901348,92.7526968462526,32.29,46.95605
2024-07-09 17:39:25,53.1242799757516,79.6246503601348,88.5404666262526,32.3,47.00684
2024-07-09 17:39:30,60.9360523837516,82.8936834351348,103.120174612505,32.36,46.74219
2024-07-09 17:39:40,73.8025010557516,91.3337324651348,146.008336852505,32.38,46.63574
2024-07-09 17:39:50,83.1077005417516,98.0501095101348,177.025668472505,32.37,46.69531
2024-07-09 17:39:55,92.6426580397516,107.262839085135,208.808860132505,32.39,46.73437
2024-07-09 17:40:05,95.6295121957516,107.797771770135,218.765040652505,32.39,46.69824
2024-07-09 17:40:15,98.5014873457516,107.203402120135,228.338291152505,32.41,46.72461
2024-07-09 17:40:20,91.1492309617516,100.308714180135,203.830769872505,32.39,46.6377
2024-07-09 17:40:30,75.8703231637516,92.1064130101348,152.901077212505,32.36,46.57227
2024-07-09 17:40:40,56.5706501557516,82.8936834351348,94.2844169262526,32.38,46.75879
2024-07-09 17:40:50,45.7720235917516,77.8415414101348,77.8415414101348,32.4,46.71094
2024-07-09 17:40:55,54.0433120237516,82.5964986101348,90.0721867062526,32.42,46.75
2024-07-09 17:41:05,59.3277462997516,85.4494729301348,98.8795771662526,32.41,46.56641
2024-07-09 17:41:15,55.6516181077516,82.8936834351348,92.7526968462526,32.42,46.60352
2024-07-09 17:41:20,50.4820628377516,80.5162048351348,84.1367713962526,32.37,46.70801
2024-07-09 17:41:30,38.9941622377516,75.2263149501348,75.2263149501348,32.33,46.87402
2024-07-09 17:41:40,37.9602511837516,74.6319453001348,74.6319453001348,32.24,47.04785
2024-07-09 17:41:45,35.2031550397516,74.7508192301348,74.7508192301348,32.21,47.07129
2024-07-09 17:41:55,37.1560981417516,77.0688608651348,77.0688608651348,32.24,47.06055
2024-07-09 17:42:05,39.7983152797516,80.3973309051348,80.3973309051348,32.29,47.04102
2024-07-09 17:42:15,47.2654506697516,85.3900359651348,85.3900359651348,32.29,46.95508
2024-07-09 17:42:20,53.3540379877516,86.0438425801348,88.9233966462526,32.32,46.90918
2024-07-09 17:42:30,59.2128672937516,87.5297667051348,98.6881121562526,32.34,46.96094
2024-07-09 17:42:40,61.2806894017516,90.0261192351348,104.268964672505,32.37,46.95215
2024-07-09 17:42:45,66.7948816897516,91.6903542551348,122.649605632505,32.39,46.92969
2024-07-09 17:42:55,61.5104474137516,88.8373799351348,105.034824712505,32.42,46.9082
2024-07-09 17:43:05,57.9491982277516,85.6277838251348,96.5819970462526,32.42,46.82324
2024-07-09 17:43:15,55.4218600957516,82.3587507501348,92.3697668262526,32.45,46.93652
2024-07-09 17:43:25,49.7927888017516,81.1700114501348,82.9879813362526,32.42,46.89648
2024-07-09 17:43:30,46.2315396157516,80.2190200101348,80.2190200101348,32.43,46.95801
2024-07-09 17:43:40,46.0017816037516,86.6382122301348,86.6382122301348,32.44,46.99609
2024-07-09 17:43:50,42.3256534117516,91.0959846051348,91.0959846051348,32.42,46.98145
2024-07-09 17:43:55,38.1900091957516,88.7779429701348,88.7779429701348,32.4,46.83301
2024-07-09 17:44:05,33.8246069677516,86.0438425801348,86.0438425801348,32.41,46.79883
2024-07-09 17:44:15,32.4460588957516,79.1491546401348,79.1491546401348,32.39,46.88086
2024-07-09 17:44:20,41.9810163937516,97.9906725451348,97.9906725451348,32.39,47.23535
2024-07-09 17:44:30,52.4350059397516,129.908322750135,119.938881833423,32.41,47.13965
2024-07-09 17:44:40,63.0038744917516,150.116890850135,133.411260566757,32.42,47.22559
2024-07-09 17:44:45,66.6800026837516,167.591358560135,145.060905706757,32.43,47.20215
2024-07-09 17:44:55,58.2938352457516,129.076199296438,119.384132864292,32.44,46.99609
2024-07-09 17:45:05,56.9152871737516,113.979216130135,109.31947742009,32.44,47.2041
2024-07-09 17:45:15,65.6460916297516,104.707049590135,118.820305432505,32.4,47.8584
2024-07-09 17:45:25,76.1000811757516,102.864503675135,153.666937252505,32.39,47.37012
2024-07-09 17:45:35,78.8571773197516,111.958359320135,162.857257732505,32.39,46.94238
2024-07-09 17:45:40,71.9644369597516,115.049081500135,139.881456532505,32.35,46.98633
2024-07-09 17:45:50,57.7194402157516,115.702888115135,110.468592076757,32.38,47.02734
2024-07-09 17:46:00,51.4010948857516,109.045948035135,106.030632023423,32.43,46.95801
2024-07-09 17:46:05,49.3332727777516,103.339999395135,102.226666263423,32.45,47.05762
2024-07-09 17:46:15,51.8606109097516,101.319142585135,100.87942839009,32.48,46.9873
2024-07-09 17:46:20,58.6384722637516,102.389007955135,101.59267197009,32.49,46.84277
2024-07-09 17:46:30,57.6045612097516,97.8717986151348,97.8717986151348,32.52,46.54004
2024-07-09 17:46:40,51.9754899157516,91.3931694301348,91.3931694301348,32.53,46.45605
2024-07-09 17:46:45,41.6363793757516,85.0334141751348,85.0334141751348,32.51,46.49023
2024-07-09 17:46:55,31.6419058537516,78.6142219551348,78.6142219551348,32.53,46.43164
2024-07-09 17:47:05,32.1014218777516,79.7435242901348,79.7435242901348,32.55,46.44531
2024-07-09 17:47:10,32.7906959137516,79.6246503601348,79.6246503601348,32.52,46.52832
2024-07-09 17:47:20,34.3990019977516,77.6037935501348,77.6037935501348,32.53,46.67578
2024-07-09 17:47:30,43.1298064537516,80.8133896601348,80.8133896601348,32.56,46.6416
2024-07-09 17:47:35,54.7325860597516,84.7956663151348,91.2209767662526,32.52,46.57617
2024-07-09 17:47:45,58.5235932577516,87.3514558101348,97.5393220962526,32.5,46.59863
2024-07-09 17:47:55,58.4087142517516,87.2920188451348,97.3478570862526,32.49,46.63477
2024-07-09 17:48:05,52.8945219637516,87.2325818801348,88.1575366062526,32.51,46.73437
2024-07-09 17:48:10,51.7457319037516,86.3410274051348,86.3410274051348,32.51,46.70996
2024-07-09 17:48:20,58.7533512697516,91.1554215701348,97.9222521162526,32.53,46.84668
2024-07-09 17:48:30,67.7139137377516,94.7810764351348,125.713045792505,32.55,46.68945
2024-07-09 17:48:35,67.5990347317516,96.6830593151348,125.330115772505,32.57,46.69141
2024-07-09 17:48:45,63.8080275337516,96.8613702101348,112.693425112505,32.58,46.64453
2024-07-09 17:48:55,60.1318993417516,93.2357153451348,100.439664472505,32.59,46.53516
2024-07-09 17:49:00,54.9623440717516,89.3128756551348,91.6039067862526,32.61,46.36621
2024-07-09 17:49:10,52.8945219637516,89.9072453051348,89.9072453051348,32.63,46.41699
2024-07-09 17:49:20,49.6779097957516,87.6486406351348,87.6486406351348,32.63,46.52734
2024-07-09 17:49:25,52.3201269337516,92.5819087301348,92.5819087301348,32.66,46.45703
2024-07-09 17:49:35,54.2730700357516,93.2951523101348,93.2951523101348,32.62,46.33008
2024-07-09 17:49:45,51.8606109097516,91.5120433601348,91.5120433601348,32.62,46.36621
2024-07-09 17:49:50,44.9678705497516,85.8060947201348,85.8060947201348,32.63,46.40527
2024-07-09 17:50:00,39.9131942857516,82.2398768201348,82.2398768201348,32.63,46.52734
2024-07-09 17:50:10,43.7042014837516,85.4494729301348,85.4494729301348,32.65,46.5166
2024-07-09 17:50:15,47.9547247057516,84.5579184551348,84.5579184551348,32.68,46.39746
2024-07-09 17:50:25,53.5837959997516,88.1241363551348,89.3063266662526,32.7,46.3877
2024-07-09 17:50:35,52.7796429577516,83.8446748751348,87.9660715962526,32.69,46.32617
2024-07-09 17:50:45,51.6308528977516,83.0125573651348,86.0514214962526,32.69,46.47266
2024-07-09 17:50:50,48.8737567537516,83.9041118401348,83.9041118401348,32.66,46.32227
2024-07-09 17:51:00,47.3803296757516,85.9844056151348,85.9844056151348,32.7,46.30176
2024-07-09 17:51:10,48.2993617237516,85.6872207901348,85.6872207901348,32.65,46.23535
2024-07-09 17:51:15,47.7249666937516,84.3796075601348,84.3796075601348,32.61,46.46289
2024-07-09 17:51:25,64.4973015697516,91.6309172901348,114.991005232505,32.64,46.65137
2024-07-09 17:51:35,73.6876220497516,93.4140262401348,145.625406832505,32.65,46.65137
2024-07-09 17:51:40,85.5201596677516,100.724772935135,185.067198892505,32.62,46.69629
2024-07-09 17:51:50,88.8516508417515,105.479730135135,196.172169472505,32.58,46.7666
2024-07-09 17:52:00,81.7291524697516,100.784209900135,172.430508232505,32.58,46.49805
2024-07-09 17:52:05,89.8855618957516,105.123108345135,199.618539652505,32.58,46.55957
2024-07-09 17:52:15,96.8931812617516,107.441149980135,222.977270872505,32.57,46.56934
2024-07-09 17:52:25,109.185234903752,110.829056985135,263.950783012505,32.56,46.53223
2024-07-09 17:52:35,110.563782975752,111.542300565135,268.545943252505,32.56,46.4707
2024-07-09 17:52:40,104.590074663752,111.423426635135,248.633582212505,32.55,46.53125
2024-07-09 17:52:50,97.2378182797516,111.542300565135,224.126060932505,32.55,69.9630701424473
2024-07-09 17:53:00,80.1208463857516,107.976082665135,167.069487952505,32.58,69.9638002738339
2024-07-09 17:53:05,60.7062943717516,104.885360485135,103.25690699009,34.9880657050061,69.9660297929744
2024-07-09 17:53:15,55.0772230777516,102.626755815135,101.751170543423,34.9888294848478,69.9663594247484
2024-07-09 17:53:25,54.2730700357516,97.5746137901348,97.5746137901348,32.49,46.92871
2024-07-09 17:53:35,56.4557711497516,96.2670005601348,96.2670005601348,32.52,46.91797
2024-07-09 17:54:45,69.2073408157516,94.6622025051348,130.691136052505,34.9888908065072,69.9705143079501
2024-07-09 17:55:10,71.0454049117516,99.5954706001348,136.818016372505,34.9898166056465,69.9713650594837
2024-07-09 17:55:25,64.2675435577516,97.5151768251348,114.225145192505,34.9898947497261,69.9716850851811
2024-07-09 17:55:45,65.4163336177516,93.9489589251348,118.054445392505,34.9910155555612,69.9717303026726
2024-07-09 17:55:50,70.5858888877516,92.5819087301348,135.286296292505,34.992133084035,69.9717699512936
2024-07-09 17:56:15,120.443377491752,119.150232085135,300.34105960904,34.9929646651295,69.9721831528275
2024-07-09 17:56:25,117.111886317752,119.863475665135,290.372954392505,34.9942550930826,69.9730820622416
2024-07-09 17:56:35,101.258583489752,110.412998230135,237.528611632505,34.9956072364972,69.973237501529
2024-07-09 17:56:40,79.7762093677516,101.200268655135,165.920697892505,34.9972821582917,69.973815062769
2024-07-09 17:57:15,82.7630635237516,104.647612625135,175.876878412505,34.9975389462457,69.9747041276206
2024-07-09 17:57:25,120.213619479752,122.359828195135,300.164322676732,34.9982123388293,69.975314538019
2024-07-09 17:58:00,68.6329457857516,100.249277215135,128.776485952505,34.9983820208379,69.984454116712
2024-07-09 17:58:05,63.9229065397516,102.805066710135,113.076355132505,34.9992226892802,69.986077071465
2024-07-09 17:58:25,69.5519778337516,106.727906400135,131.839926112505,22.76,69.9932302708469
2024-07-09 17:58:40,73.5727430437516,102.923940640135,145.242476812505,34.999336132303,69.9968243588304
2024-07-09 17:59:15,77.1339922297516,110.650746090135,157.113307432505,22.76,69.9980896597441
2024-07-09 17:59:50,72.9983480137516,113.741468270135,143.327826712505,34.9999854685806,69.9984171296736
