created_at,rows_per_timestamp
2022-10-26 17:59:00,11
2022-10-24 19:08:00,11
2022-10-24 19:16:00,11
2022-10-24 19:15:00,11
2022-10-26 17:36:00,11
2022-10-24 19:13:00,11
2022-10-24 19:12:00,11
2022-10-24 19:11:00,11
2022-10-26 17:37:00,11
2022-10-26 17:38:00,11
2022-10-26 17:39:00,11
2022-10-24 19:18:00,11
2022-10-24 19:06:00,11
2022-10-24 19:03:00,11
2022-10-24 19:02:00,11
2022-10-26 17:41:00,11
2022-10-24 19:00:00,11
2022-10-24 18:59:00,11
2022-10-26 17:42:00,11
2022-10-24 18:56:00,11
2022-10-24 19:17:00,11
2022-10-24 19:20:00,11
2022-10-24 18:54:00,11
2022-10-26 17:28:00,11
2022-10-24 19:44:00,11
2022-10-26 17:22:00,11
2022-10-24 19:42:00,11
2022-10-26 17:23:00,11
2022-10-26 17:25:00,11
2022-10-24 19:38:00,11
2022-10-24 19:37:00,11
2022-10-26 17:27:00,11
2022-10-24 19:33:00,11
2022-10-24 19:21:00,11
2022-10-26 17:29:00,11
2022-10-24 19:31:00,11
2022-10-26 17:31:00,11
2022-10-24 19:28:00,11
2022-10-24 19:27:00,11
2022-10-24 19:25:00,11
2022-10-26 17:33:00,11
2022-10-24 19:23:00,11
2022-10-26 17:44:00,11
2022-10-24 18:53:00,11
2022-10-24 19:46:00,11
2022-10-24 18:17:00,11
2022-10-24 18:26:00,11
2022-10-26 17:57:00,11
2022-10-24 18:23:00,11
2022-10-26 17:58:00,11
2022-10-24 18:21:00,11
2022-10-24 18:20:00,11
2022-10-25 19:00:00,11
2022-10-24 18:18:00,11
2022-10-26 18:01:00,11
2022-10-26 17:52:00,11
2022-10-24 18:14:00,11
2022-10-26 18:03:00,11
2022-10-24 18:11:00,11
2022-10-24 18:09:00,11
2022-10-26 18:06:00,11
2022-10-24 18:07:00,11
2022-10-24 18:06:00,11
2022-10-24 18:04:00,11
2022-10-26 17:55:00,11
2022-10-24 18:31:00,11
2022-10-24 18:52:00,11
2022-10-24 18:43:00,11
2022-10-24 18:51:00,11
2022-10-24 18:50:00,11
2022-10-26 17:45:00,11
2022-10-24 18:48:00,11
2022-10-26 17:46:00,11
2022-10-24 18:46:00,11
2022-10-24 18:45:00,11
2022-10-24 18:44:00,11
2022-10-26 17:48:00,11
2022-10-24 18:32:00,11
2022-10-24 18:41:00,11
2022-10-24 18:40:00,11
2022-10-24 18:39:00,11
2022-10-24 18:38:00,11
2022-10-26 17:49:00,11
2022-10-26 17:50:00,11
2022-10-24 18:35:00,11
2022-10-24 18:33:00,11
2022-10-24 19:45:00,11
2022-10-26 17:21:00,11
2022-10-24 18:01:00,11
2022-10-25 19:33:00,11
2022-10-25 19:25:00,11
2022-10-25 18:24:00,11
2022-10-25 18:23:00,11
2022-10-25 18:21:00,11
2022-10-25 18:20:00,11
2022-10-25 19:29:00,11
2022-10-25 18:18:00,11
2022-10-25 19:32:00,11
2022-10-25 18:14:00,11
2022-10-25 18:29:00,11
2022-10-25 18:13:00,11
2022-10-25 18:11:00,11
2022-10-25 19:37:00,11
2022-10-25 19:38:00,11
2022-10-25 19:39:00,11
2022-10-25 19:41:00,11
2022-10-25 18:05:00,11
2022-10-25 18:04:00,11
2022-10-25 19:24:00,11
2022-10-25 19:22:00,11
2022-10-25 19:45:00,11
2022-10-25 19:04:00,11
2022-10-25 18:57:00,11
2022-10-25 18:56:00,11
2022-10-25 19:01:00,11
2022-10-25 19:02:00,11
2022-10-25 19:03:00,11
2022-10-25 18:52:00,11
2022-10-25 18:51:00,11
2022-10-25 18:50:00,11
2022-10-25 18:48:00,11
2022-10-25 19:21:00,11
2022-10-25 18:47:00,11
2022-10-25 19:06:00,11
2022-10-25 19:12:00,11
2022-10-25 19:16:00,11
2022-10-25 19:17:00,11
2022-10-25 19:19:00,11
2022-10-25 18:35:00,11
2022-10-25 18:33:00,11
2022-10-25 19:42:00,11
2022-10-25 19:49:00,11
2022-10-26 17:20:00,11
2022-10-24 20:02:00,11
2022-10-24 20:10:00,11
2022-10-24 20:09:00,11
2022-10-26 17:06:00,11
2022-10-26 17:08:00,11
2022-10-24 20:06:00,11
2022-10-24 20:05:00,11
2022-10-26 17:09:00,11
2022-10-24 20:03:00,11
2022-10-24 20:01:00,11
2022-10-24 20:13:00,11
2022-10-24 19:59:00,11
2022-10-26 17:12:00,11
2022-10-26 17:14:00,11
2022-10-26 17:15:00,11
2022-10-26 17:16:00,11
2022-10-26 17:18:00,11
2022-10-26 17:19:00,11
2022-10-24 19:49:00,11
2022-10-26 17:05:00,11
2022-10-24 20:14:00,11
2022-10-24 20:40:00,11
2022-10-25 19:58:00,11
2022-10-24 20:38:00,11
2022-10-25 19:54:00,11
2022-10-24 20:36:00,11
2022-10-24 20:35:00,11
2022-10-24 20:33:00,11
2022-10-24 20:32:00,11
2022-10-24 20:30:00,11
2022-10-24 20:29:00,11
2022-10-24 20:26:00,11
2022-10-24 20:15:00,11
2022-10-24 20:25:00,11
2022-10-24 20:24:00,11
2022-10-26 17:00:00,11
2022-10-24 20:21:00,11
2022-10-24 20:20:00,11
2022-10-24 20:18:00,11
2022-10-26 17:02:00,11
2022-10-26 17:03:00,11
2022-10-24 18:03:00,11
2022-10-25 18:58:00,11
2022-10-22 19:27:00,11
2022-10-26 18:57:00,11
2022-10-22 19:33:00,11
2022-10-26 19:29:00,11
2022-10-26 19:28:00,11
2022-10-26 19:27:00,11
2022-10-22 19:38:00,11
2022-10-26 19:25:00,11
2022-10-22 19:40:00,11
2022-10-22 19:41:00,11
2022-10-22 18:39:00,11
2022-10-26 20:32:00,11
2022-10-26 19:23:00,11
2022-10-22 19:44:00,11
2022-10-22 18:37:00,11
2022-10-26 19:20:00,11
2022-10-26 19:19:00,11
2022-10-22 19:48:00,11
2022-10-26 19:18:00,11
2022-10-26 20:35:00,11
2022-10-26 20:36:00,11
2022-10-26 19:15:00,11
2022-10-26 19:14:00,11
2022-10-26 19:12:00,11
2022-10-22 19:58:00,11
2022-10-26 19:09:00,11
2022-10-26 20:39:00,11
2022-10-26 20:41:00,11
2022-10-22 18:26:00,11
2022-10-22 18:42:00,11
2022-10-22 19:31:00,11
2022-10-22 19:30:00,11
2022-10-26 19:45:00,11
2022-10-26 20:11:00,11
2022-10-22 19:02:00,11
2022-10-26 20:15:00,11
2022-10-22 18:53:00,11
2022-10-22 19:06:00,11
2022-10-26 20:17:00,11
2022-10-26 20:23:00,11
2022-10-22 19:08:00,11
2022-10-26 20:24:00,11
2022-10-26 19:54:00,11
2022-10-26 19:53:00,11
2022-10-26 19:46:00,11
2022-10-26 19:44:00,11
2022-10-22 19:29:00,11
2022-10-22 18:49:00,11
2022-10-26 19:40:00,11
2022-10-26 20:25:00,11
2022-10-22 18:47:00,11
2022-10-22 18:45:00,11
2022-10-26 19:33:00,11
2022-10-22 19:22:00,11
2022-10-22 19:23:00,11
2022-10-26 19:32:00,11
2022-10-22 19:25:00,11
2022-10-22 19:26:00,11
2022-10-22 18:44:00,11
2022-10-26 18:59:00,11
2022-10-22 18:31:00,11
2022-10-22 20:36:00,11
2022-10-22 20:30:00,11
2022-10-26 20:49:00,11
2022-10-22 20:34:00,11
2022-10-22 20:35:00,11
2022-10-26 18:29:00,11
2022-10-22 18:17:00,11
2022-10-22 18:01:00,11
2022-10-22 20:38:00,11
2022-10-22 18:14:00,11
2022-10-26 18:27:00,11
2022-10-26 20:50:00,11
2022-10-22 20:45:00,11
2022-10-26 18:22:00,11
2022-10-26 18:21:00,11
2022-10-26 20:53:00,11
2022-10-22 20:49:00,11
2022-10-26 20:55:00,11
2022-10-26 20:56:00,11
2022-10-26 18:18:00,11
2022-10-22 18:06:00,11
2022-10-26 18:17:00,11
2022-10-26 18:16:00,11
2022-10-22 18:04:00,11
2022-10-26 20:58:00,11
2022-10-26 18:13:00,11
2022-10-22 20:57:00,11
2022-10-22 18:02:00,11
2022-10-26 18:12:00,11
2022-10-22 20:31:00,11
2022-10-22 18:57:00,11
2022-10-26 18:32:00,11
2022-10-22 20:24:00,11
2022-10-26 18:37:00,11
2022-10-26 20:47:00,11
2022-10-26 18:51:00,11
2022-10-22 20:28:00,11
2022-10-26 18:35:00,11
2022-10-26 18:52:00,11
2022-10-22 20:21:00,11
2022-10-22 18:20:00,11
2022-10-22 20:23:00,11
2022-10-22 20:13:00,11
2022-10-26 20:46:00,11
2022-10-22 20:26:00,11
2022-10-22 20:27:00,11
2022-10-26 18:54:00,11
2022-10-22 18:23:00,11
2022-10-26 20:45:00,10
2022-10-26 20:37:00,10
2022-10-26 20:12:00,10
2022-10-25 19:57:00,10
2022-10-25 19:30:00,10
2022-10-26 20:40:00,10
2022-10-25 19:56:00,10
2022-10-25 19:23:00,10
2022-10-25 19:55:00,10
2022-10-26 20:38:00,10
2022-10-26 20:57:00,10
2022-10-26 20:54:00,10
2022-10-25 19:28:00,10
2022-10-26 20:09:00,10
2022-10-25 19:50:00,10
2022-10-25 19:53:00,10
2022-10-26 20:33:00,10
2022-10-26 20:48:00,10
2022-10-25 19:40:00,10
2022-10-26 20:31:00,10
2022-10-25 19:18:00,10
2022-10-26 20:29:00,10
2022-10-25 19:20:00,10
2022-10-25 19:27:00,10
2022-10-26 20:28:00,10
2022-10-26 20:27:00,10
2022-10-25 19:36:00,10
2022-10-25 19:07:00,10
2022-10-26 20:34:00,10
2022-10-25 19:46:00,10
2022-10-25 19:05:00,10
2022-10-26 20:51:00,10
2022-10-26 20:52:00,10
2022-10-26 20:43:00,10
2022-10-26 18:11:00,10
2022-10-25 19:59:00,10
2022-10-26 19:06:00,10
2022-10-26 18:30:00,10
2022-10-26 18:31:00,10
2022-10-26 18:33:00,10
2022-10-26 18:34:00,10
2022-10-26 18:36:00,10
2022-10-26 18:50:00,10
2022-10-26 18:53:00,10
2022-10-26 17:43:00,10
2022-10-26 18:55:00,10
2022-10-26 18:56:00,10
2022-10-26 18:58:00,10
2022-10-26 19:02:00,10
2022-10-26 17:40:00,10
2022-10-26 19:03:00,10
2022-10-26 19:04:00,10
2022-10-26 17:51:00,10
2022-10-26 17:53:00,10
2022-10-26 17:54:00,10
2022-10-26 18:02:00,10
2022-10-26 18:08:00,10
2022-10-26 18:07:00,10
2022-10-26 18:14:00,10
2022-10-26 18:15:00,10
2022-10-26 18:04:00,10
2022-10-26 18:19:00,10
2022-10-26 18:20:00,10
2022-10-26 18:28:00,10
2022-10-26 18:00:00,10
2022-10-26 18:23:00,10
2022-10-26 18:24:00,10
2022-10-26 18:25:00,10
2022-10-26 18:26:00,10
2022-10-26 17:56:00,10
2022-10-26 19:05:00,10
2022-10-26 19:10:00,10
2022-10-26 20:07:00,10
2022-10-26 19:11:00,10
2022-10-26 17:11:00,10
2022-10-26 19:35:00,10
2022-10-26 17:10:00,10
2022-10-26 19:39:00,10
2022-10-26 19:43:00,10
2022-10-26 19:55:00,10
2022-10-26 19:57:00,10
2022-10-26 17:04:00,10
2022-10-26 19:58:00,10
2022-10-26 20:02:00,10
2022-10-26 20:03:00,10
2022-10-26 20:04:00,10
2022-10-26 17:01:00,10
2022-10-26 20:05:00,10
2022-10-26 20:06:00,10
2022-10-26 19:34:00,10
2022-10-26 17:13:00,10
2022-10-26 17:17:00,10
2022-10-26 19:21:00,10
2022-10-26 19:13:00,10
2022-10-26 19:16:00,10
2022-10-26 17:35:00,10
2022-10-26 19:17:00,10
2022-10-26 17:34:00,10
2022-10-26 17:32:00,10
2022-10-26 17:30:00,10
2022-10-26 18:10:00,10
2022-10-26 19:24:00,10
2022-10-26 17:26:00,10
2022-10-26 19:26:00,10
2022-10-26 17:24:00,10
2022-10-26 19:30:00,10
2022-10-26 19:31:00,10
2022-10-22 18:00:00,10
2022-10-25 19:15:00,10
2022-10-25 18:59:00,10
2022-10-22 20:46:00,10
2022-10-22 20:41:00,10
2022-10-22 20:39:00,10
2022-10-22 20:37:00,10
2022-10-22 20:33:00,10
2022-10-22 20:32:00,10
2022-10-22 20:29:00,10
2022-10-22 20:25:00,10
2022-10-22 20:22:00,10
2022-10-22 20:20:00,10
2022-10-22 20:19:00,10
2022-10-22 20:18:00,10
2022-10-22 20:17:00,10
2022-10-22 20:15:00,10
2022-10-22 20:14:00,10
2022-10-22 20:12:00,10
2022-10-22 20:07:00,10
2022-10-22 20:06:00,10
2022-10-22 20:04:00,10
2022-10-22 20:03:00,10
2022-10-22 20:02:00,10
2022-10-22 20:01:00,10
2022-10-22 20:00:00,10
2022-10-22 19:59:00,10
2022-10-22 20:42:00,10
2022-10-22 20:48:00,10
2022-10-22 19:56:00,10
2022-10-22 20:51:00,10
2022-10-24 18:36:00,10
2022-10-24 18:34:00,10
2022-10-24 18:30:00,10
2022-10-24 18:29:00,10
2022-10-24 18:28:00,10
2022-10-24 18:25:00,10
2022-10-24 18:24:00,10
2022-10-24 18:22:00,10
2022-10-24 18:19:00,10
2022-10-24 18:16:00,10
2022-10-24 18:15:00,10
2022-10-24 18:13:00,10
2022-10-24 18:12:00,10
2022-10-24 18:10:00,10
2022-10-24 18:08:00,10
2022-10-24 18:02:00,10
2022-10-24 18:00:00,10
2022-10-22 20:59:00,10
2022-10-22 20:58:00,10
2022-10-22 20:56:00,10
2022-10-22 20:55:00,10
2022-10-22 20:53:00,10
2022-10-22 20:52:00,10
2022-10-22 19:57:00,10
2022-10-22 19:53:00,10
2022-10-24 18:42:00,10
2022-10-22 18:41:00,10
2022-10-22 18:38:00,10
2022-10-22 18:36:00,10
2022-10-22 18:35:00,10
2022-10-22 18:34:00,10
2022-10-22 18:33:00,10
2022-10-22 18:32:00,10
2022-10-22 18:28:00,10
2022-10-22 18:27:00,10
2022-10-22 18:25:00,10
2022-10-22 18:24:00,10
2022-10-22 18:22:00,10
2022-10-22 18:21:00,10
2022-10-22 18:19:00,10
2022-10-22 18:18:00,10
2022-10-22 18:13:00,10
2022-10-22 18:12:00,10
2022-10-22 18:11:00,10
2022-10-22 18:10:00,10
2022-10-22 18:09:00,10
2022-10-22 18:08:00,10
2022-10-22 18:07:00,10
2022-10-22 18:05:00,10
2022-10-22 18:03:00,10
2022-10-22 18:40:00,10
2022-10-22 18:43:00,10
2022-10-22 19:51:00,10
2022-10-22 18:46:00,10
2022-10-22 19:47:00,10
2022-10-22 19:43:00,10
2022-10-22 19:42:00,10
2022-10-22 19:39:00,10
2022-10-22 19:37:00,10
2022-10-22 19:36:00,10
2022-10-22 19:35:00,10
2022-10-22 19:34:00,10
2022-10-22 19:32:00,10
2022-10-22 19:28:00,10
2022-10-22 19:24:00,10
2022-10-25 18:55:00,10
2022-10-22 19:12:00,10
2022-10-22 19:11:00,10
2022-10-22 19:07:00,10
2022-10-22 19:05:00,10
2022-10-22 19:04:00,10
2022-10-22 18:58:00,10
2022-10-22 18:56:00,10
2022-10-22 18:54:00,10
2022-10-22 18:52:00,10
2022-10-22 18:51:00,10
2022-10-22 18:48:00,10
2022-10-24 18:37:00,10
2022-10-22 20:40:00,10
2022-10-25 18:03:00,10
2022-10-24 20:31:00,10
2022-10-25 18:54:00,10
2022-10-24 19:43:00,10
2022-10-24 20:28:00,10
2022-10-24 19:47:00,10
2022-10-25 18:49:00,10
2022-10-24 20:27:00,10
2022-10-24 19:48:00,10
2022-10-24 19:50:00,10
2022-10-25 18:19:00,10
2022-10-24 19:51:00,10
2022-10-25 18:41:00,10
2022-10-24 20:23:00,10
2022-10-25 18:40:00,10
2022-10-25 18:30:00,10
2022-10-24 20:19:00,10
2022-10-24 18:47:00,10
2022-10-24 20:17:00,10
2022-10-24 20:07:00,10
2022-10-25 18:38:00,10
2022-10-25 18:02:00,10
2022-10-24 20:08:00,10
2022-10-24 20:11:00,10
2022-10-25 18:37:00,10
2022-10-25 18:01:00,10
2022-10-25 18:32:00,10
2022-10-25 18:00:00,10
2022-10-24 19:41:00,10
2022-10-24 20:34:00,10
2022-10-25 18:06:00,10
2022-10-24 18:49:00,10
2022-10-24 18:55:00,10
2022-10-24 18:57:00,10
2022-10-24 18:58:00,10
2022-10-25 18:07:00,10
2022-10-24 19:01:00,10
2022-10-25 18:09:00,10
2022-10-25 18:17:00,10
2022-10-24 19:09:00,10
2022-10-24 19:10:00,10
2022-10-24 19:14:00,10
2022-10-24 19:19:00,10
2022-10-24 20:37:00,10
2022-10-24 19:24:00,10
2022-10-24 19:26:00,10
2022-10-25 18:10:00,10
2022-10-24 19:29:00,10
2022-10-25 18:12:00,10
2022-10-24 19:30:00,10
2022-10-24 19:32:00,10
2022-10-24 19:34:00,10
2022-10-24 19:35:00,10
2022-10-24 19:36:00,10
2022-10-24 20:12:00,10
2023-02-01 19:54:00,9
2023-01-30 17:43:00,9
2023-02-01 19:56:00,9
2023-02-01 19:52:00,9
2023-02-01 19:32:00,9
2023-01-30 17:45:00,9
2023-02-01 19:27:00,9
2023-02-01 19:01:00,9
2023-02-01 19:03:00,9
2023-02-01 19:06:00,9
2023-02-01 19:11:00,9
2023-02-01 19:15:00,9
2023-02-01 19:24:00,9
2023-01-30 17:52:00,9
2023-02-01 19:48:00,9
2023-02-01 19:34:00,9
2023-01-30 17:50:00,9
2023-02-01 19:36:00,9
2023-02-01 19:44:00,9
2023-02-01 19:46:00,9
2023-01-30 17:47:00,9
2023-02-01 19:57:00,9
2023-01-30 17:26:00,9
2023-01-30 17:41:00,9
2023-02-06 16:26:00,9
2023-01-30 17:12:00,9
2023-01-30 17:11:00,9
2023-01-30 17:08:00,9
2023-01-30 17:05:00,9
2023-02-06 16:19:00,9
2023-02-06 16:23:00,9
2023-02-06 16:32:00,9
2023-01-30 17:39:00,9
2023-02-06 16:34:00,9
2023-02-06 16:37:00,9
2023-02-06 16:39:00,9
2023-02-06 16:45:00,9
2023-02-06 16:51:00,9
2023-02-06 16:55:00,9
2023-01-30 17:15:00,9
2023-01-30 17:17:00,9
2023-01-30 17:18:00,9
2023-01-30 17:21:00,9
2023-01-30 17:23:00,9
2023-01-30 17:24:00,9
2023-02-06 16:17:00,9
2023-02-06 16:12:00,9
2023-02-01 18:50:00,9
2023-02-06 16:08:00,9
2023-02-06 16:04:00,9
2023-01-30 17:28:00,9
2023-01-30 17:30:00,9
2023-01-30 17:33:00,9
2023-01-30 17:35:00,9
2023-01-30 17:37:00,9
2023-02-01 19:59:00,9
2023-02-01 18:58:00,9
2023-01-30 19:25:00,9
2023-02-01 18:46:00,9
2023-02-01 17:11:00,9
2023-01-30 18:49:00,9
2023-01-30 18:46:00,9
2023-01-30 18:44:00,9
2023-01-30 18:42:00,9
2023-01-30 18:35:00,9
2023-01-30 18:33:00,9
2023-02-01 17:13:00,9
2023-01-30 18:53:00,9
2023-01-30 18:31:00,9
2023-02-01 17:15:00,9
2023-02-01 17:21:00,9
2023-02-01 17:24:00,9
2023-01-30 18:29:00,9
2023-02-01 17:26:00,9
2023-01-30 18:51:00,9
2023-01-30 18:55:00,9
2023-02-01 17:30:00,9
2023-01-30 19:34:00,9
2023-01-30 19:27:00,9
2023-01-30 19:20:00,9
2023-01-30 19:17:00,9
2023-01-30 19:05:00,9
2023-01-30 19:29:00,9
2023-01-30 19:32:00,9
2023-01-30 19:36:00,9
2023-02-06 17:03:00,9
2023-01-30 19:02:00,9
2023-01-30 19:00:00,9
2023-01-30 19:38:00,9
2023-02-01 17:01:00,9
2023-02-01 17:07:00,9
2023-02-01 17:09:00,9
2023-02-01 17:28:00,9
2023-01-30 18:27:00,9
2023-01-30 17:54:00,9
2023-02-01 18:11:00,9
2023-02-01 17:58:00,9
2023-02-01 18:00:00,9
2023-02-01 18:02:00,9
2023-02-01 18:04:00,9
2023-02-01 18:06:00,9
2023-02-01 18:09:00,9
2023-02-01 18:14:00,9
2023-02-01 17:54:00,9
2023-02-01 18:15:00,9
2023-02-01 18:19:00,9
2023-02-01 18:22:00,9
2023-02-01 18:36:00,9
2023-02-01 18:39:00,9
2023-02-01 18:41:00,9
2023-02-01 17:56:00,9
2023-01-30 18:01:00,9
2023-02-01 17:32:00,9
2023-01-30 18:23:00,9
2023-02-01 17:34:00,9
2023-02-01 17:36:00,9
2023-02-01 17:38:00,9
2023-01-30 18:25:00,9
2023-02-01 17:43:00,9
2023-02-01 17:46:00,9
2023-02-01 17:48:00,9
2023-01-30 18:04:00,9
2023-02-01 17:50:00,9
2023-02-01 17:52:00,9
2023-01-30 18:21:00,9
2023-01-30 18:11:00,9
2023-01-30 18:08:00,9
2023-01-30 18:06:00,9
2023-02-06 16:58:00,9
2023-02-08 18:13:00,9
2023-02-06 17:10:00,9
2023-02-07 18:20:00,9
2023-02-07 18:26:00,9
2023-02-07 16:57:00,9
2023-02-07 18:33:00,9
2023-02-07 18:35:00,9
2023-02-07 18:39:00,9
2023-02-07 18:42:00,9
2023-02-07 18:46:00,9
2023-02-07 18:48:00,9
2023-02-07 18:49:00,9
2023-02-07 18:56:00,9
2023-02-07 18:59:00,9
2023-02-07 19:00:00,9
2023-02-07 19:04:00,9
2023-02-07 19:07:00,9
2023-02-07 19:22:00,9
2023-02-07 19:25:00,9
2023-02-07 16:50:00,9
2023-02-07 19:27:00,9
2023-02-07 16:48:00,9
2023-02-08 16:30:00,9
2023-02-07 16:45:00,9
2023-02-08 16:33:00,9
2023-02-08 16:39:00,9
2023-02-08 16:41:00,9
2023-02-08 16:47:00,9
2023-02-08 16:52:00,9
2023-02-07 16:43:00,9
2023-02-08 16:54:00,9
2023-02-08 16:55:00,9
2023-02-07 18:23:00,9
2023-02-07 17:00:00,9
2023-02-06 17:12:00,9
2023-02-07 17:02:00,9
2023-02-07 17:44:00,9
2023-02-07 17:46:00,9
2023-02-07 17:49:00,9
2023-02-07 17:42:00,9
2023-02-07 17:38:00,9
2023-02-07 17:35:00,9
2023-02-07 17:31:00,9
2023-02-07 17:29:00,9
2023-01-30 17:00:00,9
2023-02-07 17:51:00,9
2023-02-07 17:53:00,9
2023-02-07 17:56:00,9
2023-02-07 17:58:00,9
2023-02-07 18:02:00,9
2023-02-07 18:04:00,9
2023-02-07 17:26:00,9
2023-02-07 18:07:00,9
2023-02-07 18:08:00,9
2023-02-07 17:22:00,9
2023-02-07 18:11:00,9
2023-02-07 18:13:00,9
2023-02-07 17:18:00,9
2023-02-07 17:13:00,9
2023-02-07 18:16:00,9
2023-02-07 17:11:00,9
2023-02-07 17:10:00,9
2023-02-07 17:07:00,9
2023-02-07 17:05:00,9
2023-02-07 18:18:00,9
2023-02-08 16:58:00,9
2023-02-08 17:01:00,9
2023-02-07 16:40:00,9
2023-02-07 16:35:00,9
2023-02-08 18:51:00,9
2023-02-08 18:55:00,9
2023-02-08 18:57:00,9
2023-02-08 19:02:00,9
2023-02-06 18:11:00,9
2023-02-06 18:08:00,9
2023-02-08 19:09:00,9
2023-02-06 18:06:00,9
2023-02-06 18:03:00,9
2023-02-06 18:01:00,9
2023-02-06 17:59:00,9
2023-02-06 17:56:00,9
2023-02-08 19:20:00,9
2023-02-06 17:54:00,9
2023-02-06 17:49:00,9
2023-02-08 19:22:00,9
2023-02-08 19:25:00,9
2023-02-06 17:43:00,9
2023-02-06 17:41:00,9
2023-02-06 17:36:00,9
2023-02-06 17:34:00,9
2023-02-06 17:32:00,9
2023-02-06 17:28:00,9
2023-02-06 17:26:00,9
2023-02-06 17:24:00,9
2023-02-06 17:21:00,9
2023-02-06 17:19:00,9
2023-02-06 17:16:00,9
2023-02-06 17:14:00,9
2023-02-06 18:14:00,9
2023-02-06 18:18:00,9
2023-02-06 18:25:00,9
2023-02-06 18:54:00,9
2023-02-08 17:08:00,9
2023-02-07 16:33:00,9
2023-02-07 16:31:00,9
2023-02-08 17:10:00,9
2023-02-08 17:14:00,9
2023-02-08 17:16:00,9
2023-02-08 17:19:00,9
2023-02-08 17:21:00,9
2023-02-08 17:23:00,9
2023-02-06 18:57:00,9
2023-02-08 17:37:00,9
2023-02-08 17:43:00,9
2023-02-08 17:46:00,9
2023-02-06 18:46:00,9
2023-02-08 18:47:00,9
2023-02-06 18:44:00,9
2023-02-08 18:09:00,9
2023-02-08 18:11:00,9
2023-02-06 18:41:00,9
2023-02-06 18:36:00,9
2023-02-08 18:23:00,9
2023-02-08 18:31:00,9
2023-02-08 18:35:00,9
2023-02-06 18:35:00,9
2023-02-06 18:32:00,9
2023-02-06 18:29:00,9
2023-02-08 18:43:00,9
2023-02-06 18:27:00,9
2023-01-30 17:03:00,9
2023-02-01 18:59:00,9
2023-01-28 19:39:00,9
2022-10-26 19:07:00,9
2022-10-25 19:43:00,9
2022-10-22 20:47:00,9
2022-10-25 19:44:00,9
2023-01-28 18:44:00,9
2022-10-25 19:51:00,9
2022-10-22 20:16:00,9
2022-10-25 19:52:00,9
2022-10-26 17:07:00,9
2022-10-22 20:05:00,9
2022-10-26 18:05:00,9
2023-01-28 18:48:00,9
2022-10-26 18:49:00,9
2022-10-26 19:01:00,9
2023-01-28 17:46:00,9
2022-10-22 20:54:00,9
2023-01-28 18:56:00,9
2022-10-22 19:21:00,9
2022-10-22 19:20:00,9
2023-01-28 18:58:00,9
2023-01-28 17:42:00,9
2022-10-26 19:42:00,9
2022-10-26 19:47:00,9
2023-01-28 17:40:00,9
2022-10-26 19:52:00,9
2022-10-22 19:16:00,9
2023-01-28 17:36:00,9
2022-10-26 20:08:00,9
2023-01-28 17:34:00,9
2023-01-28 18:37:00,9
2023-01-28 17:57:00,9
2022-10-26 20:14:00,9
2023-01-28 18:22:00,9
2023-01-28 18:10:00,9
2022-10-25 18:15:00,9
2022-10-25 18:22:00,9
2023-01-28 18:05:00,9
2022-10-25 18:28:00,9
2023-01-28 18:16:00,9
2023-01-28 18:03:00,9
2022-10-24 20:04:00,9
2022-10-24 20:00:00,9
2022-10-25 18:34:00,9
2022-10-25 18:36:00,9
2023-01-28 18:20:00,9
2022-10-25 18:42:00,9
2022-10-25 18:53:00,9
2022-10-24 18:05:00,9
2022-10-24 19:53:00,9
2023-01-28 18:25:00,9
2022-10-25 19:08:00,9
2023-01-28 18:27:00,9
2022-10-25 19:09:00,9
2022-10-24 19:39:00,9
2022-10-25 19:13:00,9
2022-10-24 19:22:00,9
2023-01-28 17:59:00,9
2022-10-25 19:14:00,9
2022-10-24 19:07:00,9
2023-01-28 18:32:00,9
2022-10-24 19:05:00,9
2022-10-22 19:13:00,9
2023-01-28 18:53:00,9
2022-10-25 18:08:00,9
2023-01-28 19:18:00,9
2023-01-28 19:35:00,9
2023-01-28 17:23:00,9
2022-10-22 19:03:00,9
2023-01-28 19:26:00,9
2022-10-26 20:42:00,9
2023-01-28 19:15:00,9
2023-01-28 19:33:00,9
2022-10-26 20:26:00,9
2023-01-28 17:16:00,9
2022-10-22 18:29:00,9
2022-10-22 19:00:00,9
2022-10-22 18:50:00,9
2023-01-28 17:14:00,9
2022-10-22 18:30:00,9
2023-01-28 17:12:00,9
2023-01-28 19:19:00,9
2023-01-28 19:21:00,9
2022-10-22 18:16:00,9
2023-01-28 17:20:00,9
2023-01-28 17:27:00,9
2023-01-28 17:10:00,9
2023-01-28 19:24:00,9
2023-01-28 19:37:00,9
2022-10-22 19:01:00,9
2023-02-07 17:24:00,8
2023-02-07 17:28:00,8
2023-01-28 17:11:00,8
2023-02-06 17:27:00,8
2022-10-25 19:31:00,8
2023-02-07 17:23:00,8
2023-02-06 17:35:00,8
2023-01-28 17:13:00,8
2023-02-07 17:30:00,8
2023-02-07 17:12:00,8
2023-02-06 17:29:00,8
2023-02-07 17:27:00,8
2023-02-07 17:19:00,8
2023-02-07 17:20:00,8
2023-02-07 17:25:00,8
2023-02-06 17:30:00,8
2023-02-06 17:33:00,8
2024-03-06 17:05:00,8
2023-02-07 17:17:00,8
2023-02-07 17:36:00,8
2022-10-25 19:34:00,8
2023-02-06 17:31:00,8
2023-02-07 17:21:00,8
2023-02-07 17:40:00,8
2023-02-07 17:37:00,8
2023-02-07 18:05:00,8
2023-02-06 17:17:00,8
2023-01-28 17:18:00,8
2023-02-07 18:00:00,8
2023-02-07 18:01:00,8
2023-02-06 17:15:00,8
2023-02-07 18:03:00,8
2023-02-07 18:06:00,8
2023-02-07 17:39:00,8
2023-01-28 17:19:00,8
2023-02-07 18:09:00,8
2023-02-07 18:10:00,8
2022-10-25 18:16:00,8
2023-02-07 18:12:00,8
2024-03-06 17:32:00,8
2023-02-07 17:59:00,8
2023-02-06 17:18:00,8
2023-02-07 17:57:00,8
2023-02-07 17:55:00,8
2023-02-07 17:54:00,8
2023-01-28 17:17:00,8
2023-02-07 17:52:00,8
2023-02-07 17:50:00,8
2023-02-06 17:20:00,8
2022-10-25 18:46:00,8
2023-02-07 17:45:00,8
2023-02-07 17:43:00,8
2023-02-06 17:22:00,8
2023-02-06 17:23:00,8
2023-02-07 17:41:00,8
2023-02-07 17:08:00,8
2023-01-28 17:15:00,8
2023-02-07 17:09:00,8
2023-02-06 18:02:00,8
2023-02-06 17:37:00,8
2023-02-06 18:30:00,8
2023-02-06 18:33:00,8
2023-02-06 17:50:00,8
2023-02-06 18:34:00,8
2022-10-26 20:30:00,8
2023-02-06 17:48:00,8
2023-02-06 18:37:00,8
2023-02-06 18:38:00,8
2023-02-06 18:40:00,8
2023-02-06 18:42:00,8
2023-02-06 17:47:00,8
2023-02-06 18:43:00,8
2023-02-06 18:45:00,8
2023-02-06 18:47:00,8
2023-02-06 18:48:00,8
2023-02-06 18:49:00,8
2023-02-06 18:31:00,8
2023-02-06 17:53:00,8
2024-03-06 19:30:00,8
2023-02-06 18:28:00,8
2023-02-06 17:58:00,8
2023-02-06 18:04:00,8
2023-02-06 18:05:00,8
2023-02-06 18:10:00,8
2023-02-06 17:57:00,8
2023-02-06 18:12:00,8
2023-02-06 18:13:00,8
2023-02-06 18:15:00,8
2023-02-06 18:20:00,8
2023-02-06 17:55:00,8
2023-02-06 18:21:00,8
2023-02-06 18:22:00,8
2023-02-06 18:23:00,8
2024-03-06 17:21:00,8
2023-02-06 18:26:00,8
2023-02-06 17:46:00,8
2023-02-06 17:45:00,8
2023-02-06 18:50:00,8
2023-02-06 18:53:00,8
2022-10-26 17:47:00,8
2023-02-06 17:42:00,8
2023-02-07 16:51:00,8
2023-02-07 16:52:00,8
2023-02-07 16:53:00,8
2023-02-07 16:56:00,8
2022-10-26 20:44:00,8
2023-02-07 16:58:00,8
2023-02-07 16:59:00,8
2023-02-06 17:39:00,8
2023-02-07 17:01:00,8
2023-02-06 17:38:00,8
2023-02-06 18:00:00,8
2023-02-07 17:04:00,8
2023-02-07 17:06:00,8
2023-02-07 16:47:00,8
2023-02-07 16:46:00,8
2023-02-07 16:44:00,8
2023-02-07 16:30:00,8
2024-03-06 19:26:00,8
2023-02-06 18:55:00,8
2022-10-26 19:22:00,8
2023-02-06 18:58:00,8
2023-02-07 18:14:00,8
2023-02-06 18:59:00,8
2023-02-07 16:32:00,8
2022-10-26 19:00:00,8
2023-02-07 16:34:00,8
2023-02-06 17:44:00,8
2023-02-07 16:36:00,8
2023-02-07 16:37:00,8
2024-03-06 17:12:00,8
2023-02-07 16:39:00,8
2023-02-07 17:03:00,8
2023-02-07 18:40:00,8
2023-02-07 18:15:00,8
2023-02-08 17:31:00,8
2023-02-08 18:12:00,8
2023-02-08 18:15:00,8
2023-02-08 18:17:00,8
2023-02-08 18:18:00,8
2023-02-08 18:19:00,8
2023-02-08 18:20:00,8
2023-02-08 18:21:00,8
2023-02-08 18:22:00,8
2023-02-08 18:24:00,8
2023-02-08 18:25:00,8
2023-02-08 18:26:00,8
2023-02-08 18:27:00,8
2023-02-08 18:28:00,8
2023-02-08 18:29:00,8
2023-02-08 18:30:00,8
2022-10-22 19:14:00,8
2023-02-08 18:36:00,8
2023-02-08 18:37:00,8
2023-02-08 18:39:00,8
2023-02-08 18:10:00,8
2023-02-08 18:08:00,8
2023-02-08 18:07:00,8
2023-02-08 17:42:00,8
2023-02-08 17:33:00,8
2023-02-08 17:34:00,8
2023-02-08 17:35:00,8
2023-02-08 17:36:00,8
2023-02-08 17:38:00,8
2023-02-08 17:39:00,8
2023-02-08 17:40:00,8
2023-02-08 17:41:00,8
2023-02-08 17:44:00,8
2024-03-06 16:24:00,8
2023-02-08 17:45:00,8
2023-02-08 17:47:00,8
2023-02-08 17:52:00,8
2023-02-08 17:55:00,8
2023-02-08 17:56:00,8
2023-02-08 17:57:00,8
2023-02-08 18:01:00,8
2023-02-08 18:02:00,8
2024-03-06 16:13:00,8
2023-02-08 18:42:00,8
2022-10-22 19:10:00,8
2024-03-03 15:30:00,8
2023-02-08 19:17:00,8
2023-02-08 19:18:00,8
2023-02-08 19:21:00,8
2023-02-08 19:23:00,8
2023-02-08 19:24:00,8
2024-03-03 17:01:00,8
2024-03-03 16:29:00,8
2024-03-03 16:07:00,8
2024-03-03 15:14:00,8
2023-02-08 19:13:00,8
2024-03-03 14:58:00,8
2024-03-03 14:49:00,8
2024-03-03 14:46:00,8
2024-03-03 13:37:00,8
2024-03-03 12:18:00,8
2024-03-02 18:22:00,8
2024-03-02 18:08:00,8
2024-03-02 17:47:00,8
2023-02-08 19:14:00,8
2023-02-08 19:12:00,8
2023-02-08 18:44:00,8
2023-02-08 18:59:00,8
2023-02-08 18:45:00,8
2023-02-08 18:46:00,8
2023-02-08 18:48:00,8
2023-02-08 18:50:00,8
2023-02-08 18:52:00,8
2023-02-08 18:53:00,8
2023-02-08 18:54:00,8
2023-02-08 18:58:00,8
2023-02-08 19:00:00,8
2023-02-08 19:11:00,8
2023-02-08 19:03:00,8
2023-02-08 19:04:00,8
2023-02-08 19:05:00,8
2023-02-08 19:06:00,8
2023-02-08 19:07:00,8
2023-02-08 19:08:00,8
2022-10-22 18:55:00,8
2023-02-08 19:10:00,8
2023-02-08 17:32:00,8
2023-02-08 17:30:00,8
2023-02-07 18:17:00,8
2023-02-08 17:29:00,8
2023-02-07 18:50:00,8
2023-02-07 18:51:00,8
2023-02-07 18:53:00,8
2023-02-07 18:54:00,8
2023-02-07 18:57:00,8
2023-02-07 18:58:00,8
2022-10-24 19:40:00,8
2023-02-07 19:01:00,8
2023-02-07 19:02:00,8
2023-02-07 19:03:00,8
2023-02-07 19:05:00,8
2023-02-07 19:06:00,8
2023-02-07 19:08:00,8
2023-02-07 19:09:00,8
2023-02-07 19:11:00,8
2023-02-07 19:12:00,8
2024-03-06 16:48:00,8
2023-02-07 19:21:00,8
2023-01-30 17:01:00,8
2023-02-07 18:47:00,8
2024-03-06 19:44:00,8
2023-02-07 18:45:00,8
2023-02-07 18:28:00,8
2023-02-07 18:19:00,8
2022-10-24 20:39:00,8
2023-02-07 18:21:00,8
2023-02-07 18:22:00,8
2022-10-24 20:22:00,8
2023-02-07 18:24:00,8
2023-02-07 18:25:00,8
2023-02-07 18:27:00,8
2023-02-07 18:29:00,8
2023-02-07 18:44:00,8
2023-02-07 18:30:00,8
2023-02-07 18:31:00,8
2023-02-07 18:32:00,8
2023-02-07 18:34:00,8
2023-02-07 18:37:00,8
2023-02-07 18:38:00,8
2023-02-06 17:09:00,8
2023-02-07 18:41:00,8
2023-02-07 19:28:00,8
2023-02-07 19:29:00,8
2023-02-08 16:31:00,8
2023-02-08 17:17:00,8
2023-02-08 17:06:00,8
2023-02-08 17:07:00,8
2023-02-08 17:09:00,8
2024-03-06 19:56:00,8
2023-02-08 17:11:00,8
2023-02-08 17:12:00,8
2023-02-08 17:13:00,8
2023-02-08 17:15:00,8
2023-02-08 17:18:00,8
2023-02-08 17:04:00,8
2023-02-08 17:20:00,8
2022-10-22 19:46:00,8
2023-02-08 17:22:00,8
2023-02-08 17:24:00,8
2023-02-08 17:25:00,8
2023-02-08 17:26:00,8
2023-02-08 17:27:00,8
2023-02-08 17:28:00,8
2023-02-08 17:05:00,8
2023-02-08 17:00:00,8
2023-02-08 16:32:00,8
2023-02-08 16:46:00,8
2023-02-08 16:34:00,8
2023-02-08 16:35:00,8
2023-02-08 16:36:00,8
2023-02-08 16:37:00,8
2023-02-08 16:38:00,8
2024-03-06 19:51:00,8
2023-02-08 16:40:00,8
2023-02-08 16:45:00,8
2022-10-22 20:44:00,8
2023-02-08 16:59:00,8
2023-02-08 16:48:00,8
2024-03-06 16:40:00,8
2023-02-08 16:50:00,8
2023-02-08 16:51:00,8
2023-02-08 16:53:00,8
2022-10-22 20:11:00,8
2023-02-08 16:56:00,8
2023-02-08 16:57:00,8
2023-02-06 17:11:00,8
2023-02-07 19:26:00,8
2023-01-30 19:19:00,8
2023-02-01 17:19:00,8
2023-02-01 17:08:00,8
2023-02-01 17:10:00,8
2023-01-28 18:31:00,8
2023-02-01 17:12:00,8
2023-02-01 17:14:00,8
2023-02-01 17:16:00,8
2023-02-01 17:17:00,8
2023-02-01 17:18:00,8
2023-02-01 17:20:00,8
2023-02-01 17:06:00,8
2023-01-30 17:16:00,8
2023-02-01 17:22:00,8
2023-02-01 17:23:00,8
2023-02-01 17:25:00,8
2023-01-28 18:26:00,8
2023-02-01 17:27:00,8
2023-02-01 17:29:00,8
2023-01-28 18:24:00,8
2023-01-28 18:33:00,8
2023-01-28 18:34:00,8
2023-01-28 18:23:00,8
2023-01-30 19:26:00,8
2023-01-28 18:47:00,8
2023-01-30 19:18:00,8
2023-01-28 18:46:00,8
2023-01-30 19:21:00,8
2023-01-30 19:22:00,8
2023-01-30 19:23:00,8
2023-01-30 19:24:00,8
2023-01-28 18:45:00,8
2023-01-30 19:28:00,8
2023-01-30 19:39:00,8
2023-01-28 18:43:00,8
2023-01-30 19:30:00,8
2023-01-30 19:31:00,8
2023-01-28 19:32:00,8
2023-01-30 19:33:00,8
2023-01-30 19:35:00,8
2023-01-30 19:37:00,8
2023-01-28 18:35:00,8
2023-02-01 17:31:00,8
2023-02-01 17:33:00,8
2023-01-30 17:06:00,8
2023-02-01 18:23:00,8
2023-02-01 18:10:00,8
2023-01-28 18:06:00,8
2023-02-01 18:12:00,8
2023-02-01 18:13:00,8
2023-01-28 18:04:00,8
2023-02-01 18:18:00,8
2023-02-01 18:20:00,8
2023-01-28 18:02:00,8
2023-02-01 18:25:00,8
2023-02-01 18:08:00,8
2024-03-06 18:08:00,8
2023-02-01 18:28:00,8
2023-02-01 18:29:00,8
2023-02-01 18:32:00,8
2023-01-30 17:14:00,8
2023-01-28 18:01:00,8
2023-02-01 18:37:00,8
2023-02-01 18:38:00,8
2023-01-28 18:07:00,8
2023-02-01 18:07:00,8
2023-02-01 17:35:00,8
2024-03-06 19:02:00,8
2023-01-28 18:21:00,8
2023-02-01 17:37:00,8
2023-02-01 17:39:00,8
2023-02-01 17:44:00,8
2023-02-01 17:45:00,8
2023-02-01 17:47:00,8
2023-02-01 17:49:00,8
2023-02-01 17:51:00,8
2023-02-01 17:53:00,8
2023-01-28 18:08:00,8
2023-01-28 18:14:00,8
2023-01-30 17:32:00,8
2023-02-01 17:57:00,8
2023-02-01 17:59:00,8
2023-02-01 18:01:00,8
2023-02-01 18:03:00,8
2023-01-28 18:09:00,8
2023-02-01 18:05:00,8
2023-01-30 19:16:00,8
2023-01-30 19:15:00,8
2023-01-30 19:14:00,8
2023-01-30 18:05:00,8
2023-01-28 19:27:00,8
2023-01-30 17:59:00,8
2023-01-30 18:00:00,8
2023-01-28 19:13:00,8
2023-01-30 17:25:00,8
2023-01-30 18:02:00,8
2023-01-30 18:03:00,8
2023-01-28 19:28:00,8
2023-01-28 19:29:00,8
2023-01-30 17:02:00,8
2023-01-30 17:22:00,8
2023-01-28 19:30:00,8
2023-01-30 17:20:00,8
2023-01-30 18:07:00,8
2023-01-30 17:19:00,8
2023-01-30 18:09:00,8
2023-01-30 18:10:00,8
2023-01-30 18:12:00,8
2023-01-30 17:56:00,8
2023-01-30 17:27:00,8
2023-01-30 19:11:00,8
2023-01-30 17:42:00,8
2023-01-28 19:23:00,8
2023-01-30 17:36:00,8
2023-01-28 19:22:00,8
2023-01-30 17:38:00,8
2023-01-30 17:40:00,8
2023-01-28 19:20:00,8
2023-01-30 17:31:00,8
2023-01-28 19:25:00,8
2023-01-30 17:44:00,8
2023-01-28 19:14:00,8
2023-01-30 17:46:00,8
2023-01-28 19:17:00,8
2023-01-30 17:29:00,8
2023-01-30 17:48:00,8
2023-01-30 17:49:00,8
2023-01-28 19:16:00,8
2023-01-30 17:51:00,8
2023-01-30 17:53:00,8
2023-01-30 18:14:00,8
2023-01-30 18:15:00,8
2023-01-30 18:17:00,8
2023-01-28 18:51:00,8
2023-01-30 18:45:00,8
2023-02-06 17:07:00,8
2023-01-30 18:47:00,8
2023-01-30 18:48:00,8
2023-01-28 18:54:00,8
2023-01-30 18:50:00,8
2023-01-30 18:52:00,8
2023-01-28 18:52:00,8
2024-03-06 18:31:00,8
2023-01-30 18:18:00,8
2023-01-30 18:59:00,8
2023-01-28 18:50:00,8
2023-01-30 19:01:00,8
2023-01-28 18:49:00,8
2023-01-30 19:03:00,8
2023-01-30 19:04:00,8
2023-01-28 19:31:00,8
2023-01-30 19:06:00,8
2023-01-30 18:43:00,8
2023-01-28 18:57:00,8
2023-01-30 18:41:00,8
2023-01-30 18:40:00,8
2023-01-30 18:22:00,8
2023-01-28 19:04:00,8
2023-01-28 19:38:00,8
2023-01-30 18:24:00,8
2023-01-28 19:03:00,8
2023-01-30 18:26:00,8
2023-01-28 19:02:00,8
2023-01-30 18:28:00,8
2023-01-28 19:01:00,8
2023-01-30 18:30:00,8
2023-01-28 19:00:00,8
2023-01-30 17:04:00,8
2023-01-28 18:59:00,8
2023-01-30 18:36:00,8
2023-01-30 18:37:00,8
2023-01-30 18:38:00,8
2023-01-30 18:39:00,8
2023-01-28 18:00:00,8
2023-02-01 17:55:00,8
2023-01-30 17:34:00,8
2023-02-01 19:25:00,8
2023-02-06 16:16:00,8
2023-02-06 16:18:00,8
2023-02-01 19:37:00,8
2023-02-01 19:35:00,8
2023-02-06 16:20:00,8
2023-01-28 17:47:00,8
2023-01-28 19:34:00,8
2023-02-01 19:33:00,8
2023-01-28 17:32:00,8
2023-01-28 17:48:00,8
2023-02-06 16:24:00,8
2023-01-28 17:49:00,8
2023-02-01 19:26:00,8
2024-03-06 19:08:00,8
2023-02-01 19:41:00,8
2023-02-01 19:23:00,8
2023-02-01 19:22:00,8
2023-02-01 19:20:00,8
2023-02-01 19:19:00,8
2023-02-06 16:25:00,8
2023-02-01 19:18:00,8
2023-02-01 19:17:00,8
2023-02-01 19:16:00,8
2023-01-28 17:31:00,8
2023-02-01 19:14:00,8
2024-03-06 17:53:00,8
2023-02-06 16:27:00,8
2023-02-06 16:28:00,8
2023-02-01 19:39:00,8
2023-02-01 19:42:00,8
2023-02-06 16:30:00,8
2023-01-28 17:41:00,8
2023-02-06 16:05:00,8
2023-02-06 16:03:00,8
2023-02-06 16:06:00,8
2023-02-06 16:07:00,8
2023-02-06 16:02:00,8
2023-01-30 17:07:00,8
2023-02-06 16:09:00,8
2023-01-28 17:38:00,8
2023-02-01 19:58:00,8
2023-01-30 17:09:00,8
2023-01-28 17:39:00,8
2023-02-06 16:10:00,8
2023-02-01 19:55:00,8
2023-02-06 16:11:00,8
2023-02-01 19:43:00,8
2023-01-28 17:35:00,8
2023-02-01 19:53:00,8
2023-02-01 19:51:00,8
2023-02-06 16:14:00,8
2023-02-01 19:50:00,8
2023-02-01 19:49:00,8
2023-01-30 17:10:00,8
2023-01-28 17:43:00,8
2023-02-01 19:47:00,8
2023-01-28 17:44:00,8
2023-02-01 19:45:00,8
2023-01-28 17:45:00,8
2023-02-06 16:15:00,8
2023-02-06 16:29:00,8
2023-02-01 19:21:00,8
2023-02-06 16:31:00,8
2023-02-01 18:48:00,8
2023-01-28 17:26:00,8
2023-02-01 19:00:00,8
2023-01-28 17:56:00,8
2023-02-01 18:57:00,8
2023-01-28 17:30:00,8
2023-02-01 18:56:00,8
2023-01-30 17:13:00,8
2023-02-01 18:54:00,8
2023-02-06 16:49:00,8
2023-02-06 16:50:00,8
2023-01-28 17:25:00,8
2023-02-01 18:51:00,8
2023-02-06 16:53:00,8
2023-02-01 18:49:00,8
2023-02-06 16:54:00,8
2023-01-28 17:54:00,8
2023-02-01 18:47:00,8
2023-01-28 17:24:00,8
2023-02-06 16:56:00,8
2023-01-28 17:58:00,8
2023-02-06 16:57:00,8
2023-02-06 16:59:00,8
2023-02-06 17:01:00,8
2023-02-06 17:02:00,8
2023-01-28 17:22:00,8
2024-03-06 17:38:00,8
2023-02-06 17:05:00,8
2023-02-06 17:06:00,8
2023-02-01 18:42:00,8
2023-02-01 18:40:00,8
2023-02-01 19:02:00,8
2023-02-06 16:46:00,8
2023-01-28 17:37:00,8
2023-02-06 16:35:00,8
2023-01-28 17:52:00,8
2023-02-06 16:36:00,8
2023-02-01 19:04:00,8
2023-02-06 16:38:00,8
2023-02-06 16:40:00,8
2023-02-01 19:05:00,8
2023-02-01 19:10:00,8
2023-01-28 17:28:00,8
2023-01-28 17:53:00,8
2023-02-01 19:08:00,8
2023-01-28 17:29:00,8
2023-02-06 16:41:00,8
2023-02-06 16:42:00,8
2023-02-01 19:07:00,8
2023-02-06 16:33:00,8
2023-01-28 19:36:00,8
2024-03-03 13:00:00,7
2024-03-03 13:01:00,7
2024-03-02 18:01:00,7
2024-03-02 18:02:00,7
2024-03-03 13:02:00,7
2024-03-03 13:14:00,7
2024-03-03 12:58:00,7
2024-03-02 18:00:00,7
2024-03-03 12:59:00,7
2024-03-03 13:20:00,7
2024-03-03 12:57:00,7
2024-03-03 12:56:00,7
2024-03-03 13:21:00,7
2024-03-03 13:15:00,7
2024-03-03 13:16:00,7
2024-03-02 17:59:00,7
2024-03-02 17:58:00,7
2024-03-03 13:22:00,7
2024-03-02 18:25:00,7
2024-03-02 17:57:00,7
2024-03-03 13:03:00,7
2024-03-03 13:12:00,7
2024-03-02 18:26:00,7
2024-03-03 13:04:00,7
2024-03-03 13:10:00,7
2024-03-03 13:09:00,7
2024-03-02 18:09:00,7
2024-03-02 18:12:00,7
2024-03-02 18:07:00,7
2024-03-03 13:07:00,7
2024-03-02 17:55:00,7
2024-03-02 18:06:00,7
2024-03-02 18:13:00,7
2024-03-02 18:14:00,7
2024-03-02 18:15:00,7
2024-03-03 13:06:00,7
2024-03-02 18:05:00,7
2024-03-02 18:16:00,7
2024-03-02 18:17:00,7
2024-03-03 13:17:00,7
2024-03-02 18:18:00,7
2024-03-02 18:19:00,7
2024-03-02 18:21:00,7
2024-03-02 17:54:00,7
2024-03-03 13:05:00,7
2024-03-03 13:18:00,7
2024-03-02 18:23:00,7
2024-03-02 17:56:00,7
2024-03-02 18:24:00,7
2024-03-03 13:11:00,7
2024-03-03 13:19:00,7
2024-03-02 18:03:00,7
2024-03-03 12:20:00,7
2024-03-02 18:27:00,7
2024-03-02 19:43:00,7
2024-03-02 19:51:00,7
2024-03-03 12:33:00,7
2024-03-02 19:49:00,7
2024-03-02 19:48:00,7
2024-03-02 19:47:00,7
2024-03-03 12:34:00,7
2024-03-02 19:46:00,7
2024-03-02 19:44:00,7
2024-03-03 12:35:00,7
2024-03-03 12:36:00,7
2024-03-02 19:41:00,7
2024-03-03 12:31:00,7
2024-03-02 19:40:00,7
2024-03-02 19:36:00,7
2024-03-02 19:35:00,7
2024-03-02 19:34:00,7
2024-03-02 19:30:00,7
2024-03-02 19:29:00,7
2024-03-03 12:37:00,7
2024-03-03 12:38:00,7
2024-03-02 19:28:00,7
2024-03-02 19:26:00,7
2024-03-02 19:53:00,7
2024-03-03 12:30:00,7
2024-03-02 18:30:00,7
2024-03-02 20:04:00,7
2024-03-03 12:17:00,7
2024-03-03 12:16:00,7
2024-03-03 12:22:00,7
2024-03-03 12:23:00,7
2024-03-03 12:15:00,7
2024-03-02 20:08:00,7
2024-03-03 12:24:00,7
2024-03-02 20:07:00,7
2024-03-02 20:06:00,7
2024-03-03 12:25:00,7
2024-03-02 20:03:00,7
2024-03-03 12:29:00,7
2024-03-02 20:01:00,7
2024-03-02 20:00:00,7
2024-03-02 19:59:00,7
2024-03-03 12:26:00,7
2024-03-02 19:58:00,7
2024-03-02 19:57:00,7
2024-03-03 12:27:00,7
2024-03-02 19:55:00,7
2024-03-02 19:54:00,7
2024-03-03 12:28:00,7
2024-03-03 12:39:00,7
2024-03-02 19:23:00,7
2024-03-02 19:22:00,7
2024-03-02 18:42:00,7
2024-03-03 12:47:00,7
2024-03-02 18:52:00,7
2024-03-02 18:50:00,7
2024-03-03 12:48:00,7
2024-03-03 12:49:00,7
2024-03-03 12:21:00,7
2024-03-03 12:51:00,7
2024-03-02 18:48:00,7
2024-03-02 18:47:00,7
2024-03-02 18:43:00,7
2024-03-02 18:40:00,7
2024-03-03 12:40:00,7
2024-03-02 18:39:00,7
2024-03-02 18:37:00,7
2024-03-02 18:36:00,7
2024-03-02 18:35:00,7
2024-03-02 18:34:00,7
2024-03-02 18:33:00,7
2024-03-02 18:32:00,7
2024-03-02 18:31:00,7
2024-03-03 12:53:00,7
2024-03-03 12:54:00,7
2024-03-03 12:46:00,7
2024-03-02 18:53:00,7
2024-03-03 12:45:00,7
2024-03-03 12:44:00,7
2024-03-02 19:18:00,7
2024-03-03 12:41:00,7
2024-03-03 12:42:00,7
2024-03-02 19:17:00,7
2024-03-02 19:15:00,7
2024-03-02 19:14:00,7
2024-03-02 19:13:00,7
2024-03-02 19:11:00,7
2024-03-02 19:10:00,7
2024-03-02 19:08:00,7
2024-03-02 19:06:00,7
2024-03-02 19:05:00,7
2024-03-02 19:04:00,7
2024-03-02 19:03:00,7
2024-03-02 19:02:00,7
2024-03-02 19:00:00,7
2024-03-03 12:43:00,7
2024-03-02 18:59:00,7
2024-03-02 18:58:00,7
2024-03-02 18:56:00,7
2024-03-02 18:54:00,7
2024-03-02 18:49:00,7
2024-03-06 17:37:00,7
2024-03-02 17:53:00,7
2024-03-01 18:48:00,7
2024-03-01 18:45:00,7
2024-03-01 18:44:00,7
2024-03-01 18:43:00,7
2024-03-01 18:42:00,7
2024-03-01 18:41:00,7
2024-03-01 18:39:00,7
2024-03-01 18:38:00,7
2024-03-01 18:37:00,7
2024-03-01 18:36:00,7
2024-03-01 18:35:00,7
2024-03-01 18:34:00,7
2024-03-01 18:33:00,7
2024-03-01 18:32:00,7
2024-03-01 18:31:00,7
2024-03-01 18:30:00,7
2024-03-01 18:29:00,7
2024-03-01 18:28:00,7
2024-03-01 18:27:00,7
2024-03-01 18:26:00,7
2024-03-01 18:47:00,7
2024-03-01 18:49:00,7
2024-03-01 18:24:00,7
2024-03-01 18:50:00,7
2024-03-01 19:10:00,7
2024-03-01 19:09:00,7
2024-03-01 19:08:00,7
2024-03-01 19:07:00,7
2024-03-01 19:06:00,7
2024-03-01 19:05:00,7
2024-03-01 19:03:00,7
2024-03-01 19:02:00,7
2024-03-01 19:01:00,7
2024-03-01 19:00:00,7
2024-03-01 18:59:00,7
2024-03-01 18:58:00,7
2024-03-01 18:57:00,7
2024-03-01 18:56:00,7
2024-03-01 18:55:00,7
2024-03-01 18:54:00,7
2024-03-01 18:53:00,7
2024-03-01 18:52:00,7
2024-03-01 18:51:00,7
2024-03-01 18:25:00,7
2024-03-01 18:23:00,7
2024-03-02 17:52:00,7
2024-03-01 17:54:00,7
2024-03-01 17:52:00,7
2024-03-01 17:50:00,7
2024-03-01 17:49:00,7
2024-03-01 17:48:00,7
2024-03-01 17:47:00,7
2024-03-01 17:46:00,7
2024-03-01 17:45:00,7
2024-03-01 17:43:00,7
2024-03-01 17:42:00,7
2024-03-01 17:41:00,7
2024-03-01 17:40:00,7
2024-03-01 17:38:00,7
2024-03-01 17:37:00,7
2024-03-01 17:33:00,7
2024-03-01 17:32:00,7
2024-03-01 17:31:00,7
2024-03-01 17:30:00,7
2024-03-01 17:28:00,7
2024-03-01 17:27:00,7
2024-03-01 17:53:00,7
2024-03-01 17:55:00,7
2024-03-01 18:22:00,7
2024-03-01 17:57:00,7
2024-03-01 18:21:00,7
2024-03-01 18:20:00,7
2024-03-01 18:19:00,7
2024-03-01 18:17:00,7
2024-03-01 18:16:00,7
2024-03-01 18:15:00,7
2024-03-01 18:14:00,7
2024-03-01 18:13:00,7
2024-03-01 18:12:00,7
2024-03-01 18:11:00,7
2024-03-01 18:10:00,7
2024-03-01 18:09:00,7
2024-03-01 18:08:00,7
2024-03-01 18:06:00,7
2024-03-01 18:05:00,7
2024-03-01 18:03:00,7
2024-03-01 18:02:00,7
2024-03-01 18:01:00,7
2024-03-01 18:00:00,7
2024-03-01 19:11:00,7
2024-03-01 19:12:00,7
2024-03-01 19:13:00,7
2024-03-02 17:24:00,7
2024-03-02 17:22:00,7
2024-03-02 17:21:00,7
2024-03-02 17:20:00,7
2024-03-02 17:19:00,7
2024-03-02 17:17:00,7
2024-03-02 17:16:00,7
2024-03-02 17:15:00,7
2024-03-02 17:14:00,7
2024-03-02 17:13:00,7
2024-03-02 17:12:00,7
2024-03-02 17:11:00,7
2024-03-02 17:10:00,7
2024-03-02 17:09:00,7
2024-03-02 17:08:00,7
2024-03-02 17:07:00,7
2024-03-02 17:06:00,7
2024-03-02 17:05:00,7
2024-03-02 17:03:00,7
2024-03-02 17:02:00,7
2024-03-02 17:23:00,7
2024-03-02 17:25:00,7
2024-03-01 19:14:00,7
2024-03-02 17:26:00,7
2024-03-02 17:51:00,7
2024-03-02 17:50:00,7
2024-03-02 17:48:00,7
2024-03-02 17:45:00,7
2024-03-02 17:44:00,7
2024-03-02 17:43:00,7
2024-03-02 17:42:00,7
2024-03-02 17:41:00,7
2024-03-02 17:40:00,7
2024-03-02 17:39:00,7
2024-03-02 17:38:00,7
2024-03-02 17:37:00,7
2024-03-02 17:36:00,7
2024-03-02 17:35:00,7
2024-03-02 17:33:00,7
2024-03-02 17:31:00,7
2024-03-02 17:30:00,7
2024-03-02 17:28:00,7
2024-03-02 17:27:00,7
2024-03-02 17:01:00,7
2024-03-01 20:04:00,7
2024-03-01 20:03:00,7
2024-03-01 20:02:00,7
2024-03-01 19:39:00,7
2024-03-01 19:37:00,7
2024-03-01 19:36:00,7
2024-03-01 19:35:00,7
2024-03-01 19:34:00,7
2024-03-01 19:33:00,7
2024-03-01 19:32:00,7
2024-03-01 19:30:00,7
2024-03-01 19:29:00,7
2024-03-01 19:28:00,7
2024-03-01 19:26:00,7
2024-03-01 19:23:00,7
2024-03-01 19:22:00,7
2024-03-01 19:21:00,7
2024-03-01 19:20:00,7
2024-03-01 19:19:00,7
2024-03-01 19:18:00,7
2024-03-01 19:17:00,7
2024-03-01 19:16:00,7
2024-03-01 19:40:00,7
2024-03-01 19:41:00,7
2024-03-01 19:42:00,7
2024-03-01 19:53:00,7
2024-03-01 20:01:00,7
2024-03-01 20:00:00,7
2024-03-01 19:59:00,7
2024-03-01 19:58:00,7
2024-03-01 19:57:00,7
2024-03-01 19:56:00,7
2024-03-01 19:55:00,7
2024-03-01 19:54:00,7
2024-03-03 13:25:00,7
2024-03-01 19:43:00,7
2024-03-01 19:52:00,7
2024-03-01 19:51:00,7
2024-03-01 19:50:00,7
2024-03-01 19:49:00,7
2024-03-01 19:48:00,7
2024-03-01 19:47:00,7
2024-03-01 19:45:00,7
2024-03-01 19:44:00,7
2024-03-03 13:23:00,7
2024-03-03 17:11:00,7
2024-03-03 13:26:00,7
2024-03-06 18:19:00,7
2024-03-06 16:50:00,7
2024-03-06 16:49:00,7
2024-03-06 16:47:00,7
2024-03-06 16:46:00,7
2024-03-06 16:44:00,7
2024-03-06 16:43:00,7
2024-03-06 19:50:00,7
2024-03-06 18:18:00,7
2024-03-06 18:20:00,7
2024-03-06 16:38:00,7
2024-03-06 18:23:00,7
2024-03-06 18:55:00,7
2024-03-06 18:54:00,7
2024-03-06 16:42:00,7
2024-03-06 16:41:00,7
2024-03-06 19:52:00,7
2024-03-06 19:53:00,7
2024-03-06 19:55:00,7
2024-03-06 16:51:00,7
2024-03-06 16:52:00,7
2024-03-06 16:53:00,7
2024-03-06 18:56:00,7
2024-03-06 19:00:00,7
2024-03-06 16:58:00,7
2024-03-06 18:59:00,7
2024-03-06 18:14:00,7
2024-03-06 19:42:00,7
2024-03-06 18:16:00,7
2024-03-06 18:17:00,7
2024-03-06 19:43:00,7
2024-03-06 16:57:00,7
2024-03-06 19:46:00,7
2024-03-06 19:47:00,7
2024-03-06 16:56:00,7
2024-03-06 16:55:00,7
2024-03-06 19:49:00,7
2024-03-06 18:58:00,7
2024-03-06 18:57:00,7
2024-03-06 16:54:00,7
2024-03-06 16:39:00,7
2024-03-06 18:24:00,7
2024-03-06 19:41:00,7
2024-03-06 18:40:00,7
2024-03-06 16:28:00,7
2024-03-06 16:27:00,7
2024-03-06 16:26:00,7
2024-03-06 16:25:00,7
2024-03-06 20:03:00,7
2024-03-06 20:04:00,7
2024-03-06 18:52:00,7
2024-03-06 16:23:00,7
2024-03-06 16:22:00,7
2024-03-06 18:25:00,7
2024-03-06 18:41:00,7
2024-03-06 18:42:00,7
2024-03-06 20:05:00,7
2024-03-06 18:44:00,7
2024-03-06 18:51:00,7
2024-03-06 18:50:00,7
2024-03-06 18:49:00,7
2024-03-06 16:21:00,7
2024-03-06 16:29:00,7
2024-03-06 16:30:00,7
2024-03-06 18:39:00,7
2024-03-06 16:31:00,7
2024-03-06 18:26:00,7
2024-03-06 18:27:00,7
2024-03-06 18:29:00,7
2024-03-06 18:30:00,7
2024-03-06 19:58:00,7
2024-03-06 19:59:00,7
2024-03-06 20:00:00,7
2024-03-06 20:01:00,7
2024-03-06 18:33:00,7
2024-03-06 18:34:00,7
2024-03-06 18:37:00,7
2024-03-06 18:53:00,7
2024-03-06 18:38:00,7
2024-03-06 20:02:00,7
2024-03-06 16:37:00,7
2024-03-06 16:36:00,7
2024-03-06 16:35:00,7
2024-03-06 19:01:00,7
2024-03-06 19:03:00,7
2024-03-06 16:18:00,7
2024-03-06 19:21:00,7
2024-03-06 19:17:00,7
2024-03-06 17:24:00,7
2024-03-06 17:23:00,7
2024-03-06 19:18:00,7
2024-03-06 17:22:00,7
2024-03-06 19:19:00,7
2024-03-06 19:20:00,7
2024-03-06 17:47:00,7
2024-03-06 17:17:00,7
2024-03-06 17:52:00,7
2024-03-06 19:22:00,7
2024-03-06 19:24:00,7
2024-03-06 19:25:00,7
2024-03-06 17:16:00,7
2024-03-06 17:15:00,7
2024-03-06 17:48:00,7
2024-03-06 17:14:00,7
2024-03-06 17:49:00,7
2024-03-06 17:46:00,7
2024-03-06 17:25:00,7
2024-03-06 19:16:00,7
2024-03-06 17:26:00,7
2024-03-06 19:10:00,7
2024-03-06 17:39:00,7
2024-03-06 17:40:00,7
2024-03-06 17:30:00,7
2024-03-06 17:41:00,7
2024-03-06 17:42:00,7
2024-03-06 17:43:00,7
2024-03-06 17:29:00,7
2024-03-06 17:28:00,7
2024-03-06 17:27:00,7
2024-03-06 19:11:00,7
2024-03-06 17:44:00,7
2024-03-06 17:45:00,7
2024-03-06 19:12:00,7
2024-03-06 19:13:00,7
2024-03-06 19:09:00,7
2024-03-06 19:14:00,7
2024-03-06 19:27:00,7
2024-03-06 17:11:00,7
2024-03-06 19:04:00,7
2024-03-06 18:09:00,7
2024-03-06 18:03:00,7
2024-03-06 18:04:00,7
2024-03-06 18:05:00,7
2024-03-06 18:06:00,7
2024-03-06 18:07:00,7
2024-03-06 17:00:00,7
2024-03-06 16:59:00,7
2024-03-06 19:35:00,7
2024-03-06 18:10:00,7
2024-03-06 19:28:00,7
2024-03-06 18:11:00,7
2024-03-06 19:36:00,7
2024-03-06 18:12:00,7
2024-03-06 18:13:00,7
2024-03-06 19:37:00,7
2024-03-06 19:39:00,7
2024-03-06 19:40:00,7
2024-03-06 19:05:00,7
2024-03-06 19:34:00,7
2024-03-06 17:01:00,7
2024-03-06 17:02:00,7
2024-03-06 18:02:00,7
2024-03-06 17:08:00,7
2024-03-06 19:07:00,7
2024-03-06 17:07:00,7
2024-03-06 17:06:00,7
2024-03-06 17:54:00,7
2024-03-06 17:55:00,7
2024-03-06 19:29:00,7
2024-03-06 19:06:00,7
2024-03-01 17:25:00,7
2024-03-06 19:31:00,7
2024-03-06 17:03:00,7
2024-03-06 17:57:00,7
2024-03-06 17:58:00,7
2024-03-06 17:59:00,7
2024-03-06 19:32:00,7
2024-03-06 18:00:00,7
2024-03-06 18:01:00,7
2024-03-06 16:20:00,7
2024-03-06 18:48:00,7
2024-03-03 13:27:00,7
2024-03-03 15:18:00,7
2024-03-03 15:29:00,7
2024-03-03 15:25:00,7
2024-03-03 15:24:00,7
2024-03-03 15:23:00,7
2024-03-03 15:22:00,7
2024-03-03 15:21:00,7
2024-03-03 15:20:00,7
2024-03-03 15:19:00,7
2024-03-03 15:17:00,7
2024-03-03 15:04:00,7
2024-03-03 15:16:00,7
2024-03-03 15:13:00,7
2024-03-03 15:12:00,7
2024-03-03 15:11:00,7
2024-03-03 15:09:00,7
2024-03-03 15:08:00,7
2024-03-03 15:07:00,7
2024-03-03 15:06:00,7
2024-03-03 15:32:00,7
2024-03-03 15:33:00,7
2024-03-03 15:34:00,7
2024-03-03 15:35:00,7
2024-03-03 15:53:00,7
2024-03-03 15:52:00,7
2024-03-03 15:51:00,7
2024-03-03 15:50:00,7
2024-03-03 15:49:00,7
2024-03-03 15:48:00,7
2024-03-03 15:47:00,7
2024-03-03 15:46:00,7
2024-03-03 15:44:00,7
2024-03-03 15:43:00,7
2024-03-03 15:42:00,7
2024-03-03 15:41:00,7
2024-03-03 15:40:00,7
2024-03-03 15:39:00,7
2024-03-03 15:38:00,7
2024-03-03 15:37:00,7
2024-03-03 15:36:00,7
2024-03-03 15:05:00,7
2024-03-03 15:03:00,7
2024-03-03 15:55:00,7
2024-03-03 13:44:00,7
2024-03-03 13:54:00,7
2024-03-03 13:53:00,7
2024-03-03 13:51:00,7
2024-03-03 13:50:00,7
2024-03-03 13:49:00,7
2024-03-03 13:48:00,7
2024-03-03 13:47:00,7
2024-03-03 13:45:00,7
2024-03-03 13:42:00,7
2024-03-03 15:02:00,7
2024-03-03 13:41:00,7
2024-03-03 13:40:00,7
2024-03-03 13:35:00,7
2024-03-03 13:34:00,7
2024-03-03 13:33:00,7
2024-03-03 13:32:00,7
2024-03-03 13:29:00,7
2024-03-03 13:28:00,7
2024-03-03 13:55:00,7
2024-03-03 13:56:00,7
2024-03-03 13:57:00,7
2024-03-03 13:58:00,7
2024-03-03 15:01:00,7
2024-03-03 15:00:00,7
2024-03-03 14:59:00,7
2024-03-03 14:57:00,7
2024-03-03 14:56:00,7
2024-03-03 14:55:00,7
2024-03-03 14:54:00,7
2024-03-03 14:53:00,7
2024-03-03 14:52:00,7
2024-03-03 14:51:00,7
2024-03-03 14:48:00,7
2024-03-03 14:10:00,7
2024-03-03 14:04:00,7
2024-03-03 14:03:00,7
2024-03-03 14:01:00,7
2024-03-03 14:00:00,7
2024-03-03 13:59:00,7
2024-03-03 15:54:00,7
2024-03-03 15:56:00,7
2024-03-06 16:17:00,7
2024-03-03 17:20:00,7
2024-03-03 17:29:00,7
2024-03-03 17:28:00,7
2024-03-03 17:27:00,7
2024-03-03 17:26:00,7
2024-03-03 17:25:00,7
2024-03-03 17:23:00,7
2024-03-03 17:22:00,7
2024-03-03 17:21:00,7
2024-03-03 17:19:00,7
2024-03-03 17:03:00,7
2024-03-03 17:18:00,7
2024-03-03 17:16:00,7
2024-03-03 17:15:00,7
2024-03-03 17:13:00,7
2024-03-03 17:12:00,7
2024-03-03 17:10:00,7
2024-03-03 17:09:00,7
2024-03-03 17:06:00,7
2024-03-03 17:30:00,7
2024-03-03 17:31:00,7
2024-03-03 17:35:00,7
2024-03-03 17:36:00,7
2024-03-06 16:16:00,7
2024-03-06 18:45:00,7
2024-03-06 18:46:00,7
2024-03-06 20:06:00,7
2024-03-06 18:47:00,7
2024-03-06 16:12:00,7
2024-03-06 16:11:00,7
2024-03-03 17:45:00,7
2024-03-06 20:07:00,7
2024-03-03 17:44:00,7
2024-03-03 17:43:00,7
2024-03-03 17:42:00,7
2024-03-03 17:41:00,7
2024-03-03 17:40:00,7
2024-03-03 17:39:00,7
2024-03-03 17:38:00,7
2024-03-03 17:37:00,7
2024-03-03 17:04:00,7
2024-03-03 17:02:00,7
2024-03-03 15:57:00,7
2024-03-03 16:09:00,7
2024-03-03 16:17:00,7
2024-03-03 16:16:00,7
2024-03-03 16:15:00,7
2024-03-03 16:14:00,7
2024-03-03 16:13:00,7
2024-03-03 16:12:00,7
2024-03-03 16:11:00,7
2024-03-03 16:10:00,7
2024-03-03 16:08:00,7
2024-03-03 17:00:00,7
2024-03-03 16:06:00,7
2024-03-03 16:05:00,7
2024-03-03 16:03:00,7
2024-03-03 16:02:00,7
2024-03-03 16:01:00,7
2024-03-03 16:00:00,7
2024-03-03 15:59:00,7
2024-03-03 15:58:00,7
2024-03-03 16:19:00,7
2024-03-03 16:20:00,7
2024-03-03 16:22:00,7
2024-03-03 16:23:00,7
2024-03-03 16:59:00,7
2024-03-03 16:58:00,7
2024-03-03 16:57:00,7
2024-03-03 16:56:00,7
2024-03-03 16:55:00,7
2024-03-03 16:47:00,7
2024-03-03 16:46:00,7
2024-03-03 16:35:00,7
2024-03-03 16:34:00,7
2024-03-03 16:33:00,7
2024-03-03 16:32:00,7
2024-03-03 16:31:00,7
2024-03-03 16:30:00,7
2024-03-03 16:28:00,7
2024-03-03 16:27:00,7
2024-03-03 16:26:00,7
2024-03-03 16:24:00,7
2024-03-01 17:26:00,7
2024-03-03 12:52:00,7
2022-10-22 19:49:00,7
2023-02-08 18:03:00,7
2023-01-28 18:28:00,7
2023-01-28 18:29:00,7
2023-01-28 18:30:00,7
2023-02-08 18:32:00,7
2022-10-24 19:52:00,7
2023-02-06 16:52:00,7
2023-01-30 17:55:00,7
2023-01-28 18:15:00,7
2023-02-08 17:58:00,7
2022-10-22 19:52:00,7
2022-10-22 19:50:00,7
2023-01-30 18:32:00,7
2022-10-22 19:45:00,7
2023-01-30 18:56:00,7
2023-01-28 18:17:00,7
2023-02-08 18:38:00,7
2023-02-08 17:03:00,7
2023-02-07 16:49:00,7
2022-10-26 19:36:00,7
2023-02-08 19:19:00,7
2023-02-08 19:16:00,7
2023-02-08 19:15:00,7
2023-02-08 19:01:00,7
2023-02-08 18:56:00,7
2022-10-25 18:25:00,7
2023-01-28 18:12:00,7
2023-02-08 18:49:00,7
2023-01-28 17:33:00,7
2023-01-28 17:51:00,7
2023-02-08 18:41:00,7
2022-10-24 19:57:00,7
2023-01-28 18:11:00,7
2023-02-08 17:50:00,7
2022-10-26 18:09:00,7
2023-02-06 16:44:00,7
2023-02-01 18:35:00,7
2023-02-06 18:19:00,7
2023-02-01 18:26:00,7
2023-02-01 18:30:00,7
2023-02-07 19:24:00,7
2023-02-06 16:21:00,7
2023-02-07 16:38:00,7
2023-02-01 18:43:00,7
2023-02-06 18:09:00,7
2023-02-06 17:04:00,7
2023-02-06 17:00:00,7
2023-02-06 18:39:00,7
2023-02-07 19:20:00,7
2023-02-01 18:55:00,7
2023-02-07 19:10:00,7
2023-02-08 16:44:00,7
2023-02-01 19:09:00,7
2023-02-08 16:49:00,7
2023-02-01 18:16:00,7
2023-02-06 18:07:00,7
2023-02-01 17:40:00,7
2023-02-06 17:13:00,7
2023-02-01 17:02:00,7
2023-02-06 17:52:00,7
2023-02-06 17:40:00,7
2023-02-06 17:25:00,7
2023-02-08 19:26:00,6
2024-03-03 17:08:00,6
2023-02-07 17:14:00,6
2024-03-03 17:17:00,6
2024-03-01 19:04:00,6
2024-03-03 17:32:00,6
2023-02-07 18:52:00,6
2024-03-03 17:33:00,6
2024-03-03 17:34:00,6
2024-03-06 17:04:00,6
2023-02-08 17:48:00,6
2024-03-06 16:45:00,6
2024-03-06 16:15:00,6
2024-03-01 19:15:00,6
2024-03-01 19:46:00,6
2024-03-01 19:24:00,6
2023-02-08 18:14:00,6
2023-02-08 18:06:00,6
2024-03-01 19:38:00,6
2024-03-01 19:31:00,6
2024-03-06 16:33:00,6
2024-03-03 17:07:00,6
2024-03-06 16:34:00,6
2024-03-01 19:27:00,6
2024-03-01 19:25:00,6
2023-01-28 19:05:00,6
2024-03-03 15:28:00,6
2024-03-03 17:05:00,6
2024-03-03 16:53:00,6
2024-03-02 17:49:00,6
2024-03-02 19:56:00,6
2024-03-02 19:52:00,6
2024-03-02 19:50:00,6
2024-03-02 19:45:00,6
2024-03-02 19:42:00,6
2024-03-02 19:39:00,6
2024-03-02 19:37:00,6
2024-03-02 19:33:00,6
2024-03-02 19:32:00,6
2024-03-02 19:31:00,6
2024-03-02 19:27:00,6
2024-03-02 19:21:00,6
2024-03-02 18:04:00,6
2024-03-02 19:20:00,6
2024-03-02 19:19:00,6
2024-03-02 19:16:00,6
2024-03-02 19:12:00,6
2024-03-02 19:09:00,6
2024-03-02 19:07:00,6
2024-03-02 19:01:00,6
2024-03-02 18:57:00,6
2024-03-02 18:55:00,6
2024-03-02 18:51:00,6
2024-03-02 18:44:00,6
2024-03-02 18:41:00,6
2024-03-02 18:38:00,6
2024-03-02 20:02:00,6
2024-03-02 20:05:00,6
2024-03-02 17:46:00,6
2024-03-03 15:10:00,6
2024-03-03 16:49:00,6
2024-03-03 16:45:00,6
2024-03-03 16:38:00,6
2024-03-03 16:36:00,6
2024-03-03 16:25:00,6
2024-03-03 16:18:00,6
2024-03-03 16:04:00,6
2024-03-03 15:45:00,6
2024-03-03 15:31:00,6
2024-03-02 17:18:00,6
2024-03-03 15:26:00,6
2024-03-03 15:15:00,6
2024-03-02 17:29:00,6
2024-03-02 20:09:00,6
2024-03-03 14:02:00,6
2024-03-02 17:32:00,6
2024-03-03 13:46:00,6
2024-03-03 13:39:00,6
2024-03-03 13:38:00,6
2024-03-03 13:36:00,6
2024-03-03 13:24:00,6
2024-03-03 13:13:00,6
2024-03-03 12:55:00,6
2024-03-03 12:50:00,6
2024-03-03 12:32:00,6
2024-03-03 12:19:00,6
2023-02-07 16:54:00,6
2024-03-02 18:20:00,6
2024-03-02 18:28:00,6
2022-10-24 19:56:00,6
2022-10-25 18:31:00,6
2024-03-01 18:04:00,6
2022-10-25 18:27:00,6
2024-03-06 19:38:00,6
2024-03-06 17:35:00,6
2024-03-01 18:07:00,6
2022-10-24 19:58:00,6
2023-01-30 17:58:00,6
2023-01-28 18:38:00,6
2024-03-06 19:45:00,6
2022-10-24 19:55:00,6
2023-01-30 18:13:00,6
2023-01-30 18:20:00,6
2023-01-30 18:34:00,6
2024-03-06 18:36:00,6
2024-03-01 18:18:00,6
2024-03-06 19:33:00,6
2024-03-01 17:59:00,6
2022-10-22 20:50:00,6
2024-03-01 17:35:00,6
2024-03-01 17:39:00,6
2024-03-06 19:15:00,6
2024-03-01 17:44:00,6
2022-10-26 20:01:00,6
2024-03-01 17:36:00,6
2022-10-26 19:41:00,6
2024-03-06 19:23:00,6
2024-03-01 17:34:00,6
2022-10-25 19:35:00,6
2024-03-01 17:51:00,6
2023-01-28 18:13:00,6
2024-03-01 17:29:00,6
2022-10-25 19:48:00,6
2024-03-01 17:56:00,6
2022-10-25 19:47:00,6
2023-01-28 18:36:00,6
2022-10-24 18:27:00,6
2024-03-06 19:48:00,6
2024-03-06 18:35:00,6
2023-02-06 18:52:00,6
2023-02-06 18:16:00,6
2023-02-06 18:24:00,6
2024-03-06 18:15:00,6
2023-02-01 18:24:00,6
2023-02-06 17:08:00,6
2023-02-01 18:33:00,6
2023-02-01 19:12:00,6
2024-03-06 17:33:00,6
2023-02-01 19:38:00,6
2023-02-06 16:13:00,6
2024-03-06 17:13:00,6
2023-02-06 16:47:00,6
2023-02-07 16:42:00,6
2024-03-06 17:10:00,6
2024-03-06 17:31:00,6
2022-10-26 20:22:00,6
2024-03-06 20:08:00,6
2022-10-22 19:09:00,6
2024-03-06 18:28:00,6
2024-03-06 19:57:00,6
2024-03-06 18:22:00,6
2024-03-06 18:21:00,6
2022-10-22 19:15:00,6
2024-03-06 19:54:00,6
2023-02-06 16:22:00,5
2023-01-30 18:16:00,5
2024-03-06 18:32:00,5
2024-03-02 18:29:00,5
2024-03-03 14:50:00,5
2024-03-03 15:27:00,5
2024-03-02 19:38:00,5
2024-03-03 14:47:00,5
2024-03-03 14:45:00,5
2024-03-03 13:52:00,5
2023-01-30 19:10:00,5
2024-03-06 17:56:00,5
2023-02-01 17:03:00,5
2023-02-01 18:53:00,5
2023-02-01 18:52:00,5
2023-02-01 18:17:00,5
2023-01-30 18:57:00,5
2023-01-28 19:12:00,5
2023-01-28 18:55:00,5
2023-02-01 17:05:00,5
2024-03-02 19:24:00,5
2024-03-06 17:09:00,5
2022-10-26 20:16:00,5
2022-10-24 20:16:00,5
2023-02-08 18:33:00,5
2023-02-08 18:16:00,5
2023-02-08 17:53:00,5
2022-10-22 19:55:00,5
2024-03-06 16:32:00,5
2022-10-22 19:19:00,5
2022-10-22 18:59:00,5
2023-02-08 16:43:00,5
2023-02-07 19:23:00,5
2024-03-06 17:20:00,5
2024-03-06 17:18:00,5
2023-02-06 18:51:00,5
2023-02-07 19:13:00,5
2023-02-07 18:55:00,5
2023-02-06 18:56:00,5
2023-02-08 18:40:00,5
2023-02-08 17:59:00,5
2022-10-26 19:56:00,5
2022-10-25 19:26:00,5
2024-03-03 17:46:00,5
2022-10-26 19:08:00,5
2024-03-03 16:54:00,5
2024-03-03 17:14:00,5
2023-02-01 18:21:00,4
2024-03-03 16:40:00,4
2023-02-07 19:19:00,4
2023-02-07 19:16:00,4
2023-02-01 18:34:00,4
2024-03-03 16:39:00,4
2023-01-28 19:11:00,4
2024-03-03 14:11:00,4
2022-10-26 19:59:00,4
2023-02-07 18:43:00,4
2023-02-07 18:36:00,4
2024-03-02 18:45:00,4
2023-02-07 17:48:00,4
2023-02-07 17:47:00,4
2023-02-07 17:32:00,4
2023-02-07 17:16:00,4
2024-03-03 14:43:00,4
2024-03-03 16:52:00,4
2024-03-03 16:44:00,4
2022-10-25 18:39:00,4
2023-01-30 17:57:00,4
2023-02-08 18:34:00,4
2024-03-06 16:19:00,4
2024-03-03 13:30:00,4
2022-10-24 19:54:00,4
2023-01-30 18:54:00,4
2023-02-08 18:00:00,4
2023-02-07 16:55:00,4
2022-10-26 20:13:00,4
2024-03-06 17:36:00,4
2023-01-30 19:08:00,4
2023-02-08 17:51:00,4
2022-10-22 19:18:00,4
2023-01-28 19:07:00,4
2024-03-06 17:34:00,4
2023-02-06 16:48:00,4
2024-03-01 17:58:00,4
2024-03-02 18:10:00,4
2024-03-02 17:34:00,4
2024-03-01 18:40:00,4
2024-03-02 17:04:00,4
2024-03-03 14:44:00,3
2023-02-01 18:27:00,3
2023-02-07 19:15:00,3
2024-03-02 18:46:00,3
2024-03-03 16:41:00,3
2023-01-30 19:09:00,3
2023-01-30 19:12:00,3
2023-02-07 19:17:00,3
2023-01-28 17:21:00,3
2023-02-01 17:42:00,3
2023-02-06 17:51:00,3
2023-01-28 17:55:00,3
2024-03-06 16:14:00,3
2024-03-02 18:11:00,3
2022-10-22 19:17:00,3
2023-02-01 17:04:00,3
2023-01-28 18:18:00,3
2022-10-22 20:10:00,3
2024-03-01 18:46:00,3
2023-01-28 18:19:00,3
2022-10-26 20:10:00,3
2024-03-03 16:21:00,3
2024-03-02 19:25:00,3
2023-02-01 19:13:00,3
2022-10-22 20:43:00,3
2024-03-06 17:51:00,3
2023-02-07 17:34:00,3
2022-10-26 19:48:00,3
2023-02-01 19:40:00,3
2023-02-06 16:01:00,3
2022-10-22 20:09:00,2
2023-01-30 19:13:00,2
2022-10-26 19:38:00,2
2023-01-30 18:19:00,2
2023-01-30 19:07:00,2
2022-10-24 20:41:00,2
2023-02-01 17:41:00,2
2023-01-28 17:50:00,2
2024-03-06 17:19:00,2
2023-01-28 19:10:00,2
2024-03-03 16:48:00,2
2022-10-26 20:00:00,2
2022-10-25 19:11:00,2
2023-02-06 18:17:00,2
2023-02-01 18:45:00,2
2024-03-03 16:37:00,2
2022-10-26 20:18:00,2
2024-07-05 17:36:45,1
2024-07-05 17:38:35,1
2024-07-05 17:36:35,1
2024-07-05 17:38:15,1
2024-07-05 17:36:30,1
2024-07-05 17:36:20,1
2024-07-05 16:30:40,1
2024-07-05 17:38:40,1
2024-07-05 17:38:25,1
2024-07-05 17:36:55,1
2024-07-05 17:38:10,1
2024-07-05 17:38:00,1
2024-07-05 17:37:50,1
2024-07-05 17:37:00,1
2024-07-05 17:37:45,1
2024-07-05 17:37:35,1
2024-07-05 17:37:25,1
2024-07-05 17:37:10,1
2024-07-05 17:37:20,1
2024-07-05 17:24:50,1
2024-07-05 17:40:15,1
2024-07-05 17:38:50,1
2024-07-05 17:41:10,1
2024-07-05 17:42:55,1
2024-07-05 17:42:45,1
2024-07-05 17:42:35,1
2024-07-05 17:42:25,1
2024-07-05 17:42:20,1
2024-07-05 17:42:10,1
2024-07-05 17:42:00,1
2024-07-05 17:41:55,1
2024-07-05 17:41:45,1
2024-07-05 16:30:05,1
2024-07-05 17:41:35,1
2024-07-05 16:30:15,1
2024-07-05 17:41:25,1
2024-07-05 17:41:20,1
2024-07-05 17:41:00,1
2024-07-05 17:39:00,1
2024-07-05 17:40:50,1
2024-07-05 17:40:40,1
2024-07-05 17:40:35,1
2024-07-05 17:40:25,1
2024-07-05 16:30:25,1
2024-07-05 17:40:05,1
2024-07-05 16:30:30,1
2024-07-05 17:40:00,1
2024-07-05 17:39:50,1
2024-07-05 17:39:40,1
2024-07-05 17:39:35,1
2024-07-05 17:39:25,1
2024-07-05 17:39:15,1
2024-07-05 17:39:10,1
2024-07-05 17:36:10,1
2024-07-05 16:31:40,1
2024-07-05 17:36:00,1
2024-07-05 16:30:50,1
2024-07-05 16:46:40,1
2024-07-05 16:46:30,1
2024-07-05 17:34:30,1
2024-07-05 16:46:20,1
2024-07-05 16:46:15,1
2024-07-05 17:34:40,1
2024-07-05 17:34:45,1
2024-07-05 16:46:05,1
2024-07-05 16:36:25,1
2024-07-05 16:36:15,1
2024-07-05 16:36:10,1
2024-07-05 16:36:00,1
2024-07-05 16:35:50,1
2024-07-05 16:35:00,1
2024-07-05 16:34:55,1
2024-07-05 17:34:20,1
2024-07-05 17:34:15,1
2024-07-05 16:46:45,1
2024-07-05 16:47:30,1
2024-07-05 17:33:30,1
2024-07-05 16:48:10,1
2024-07-05 16:48:05,1
2024-07-05 16:47:55,1
2024-07-05 16:47:45,1
2024-07-05 16:47:40,1
2024-07-05 16:47:20,1
2024-07-05 17:34:05,1
2024-07-05 16:47:15,1
2024-07-05 16:47:05,1
2024-07-05 16:46:55,1
2024-07-05 17:33:40,1
2024-07-05 17:33:45,1
2024-07-05 17:33:55,1
2024-07-05 16:34:45,1
2024-07-05 16:34:35,1
2024-07-05 17:34:55,1
2024-07-05 17:35:35,1
2024-07-05 16:32:20,1
2024-07-05 16:32:15,1
2024-07-05 16:32:05,1
2024-07-05 16:31:55,1
2024-07-05 16:31:50,1
2024-07-05 17:43:10,1
2024-07-05 17:35:45,1
2024-07-05 16:32:40,1
2024-07-05 17:35:55,1
2024-07-05 16:31:30,1
2024-07-05 16:31:20,1
2024-07-05 16:31:15,1
2024-07-05 16:31:05,1
2024-07-05 16:30:55,1
2024-07-05 16:32:30,1
2024-07-05 16:32:45,1
2024-07-05 16:34:30,1
2024-07-05 16:33:45,1
2024-07-05 17:35:05,1
2024-07-05 17:35:10,1
2024-07-05 16:34:20,1
2024-07-05 16:34:10,1
2024-07-05 16:34:05,1
2024-07-05 16:33:55,1
2024-07-05 17:35:20,1
2024-07-05 16:32:55,1
2024-07-05 16:33:35,1
2024-07-05 16:33:30,1
2024-07-05 17:35:30,1
2024-07-05 16:33:20,1
2024-07-05 16:33:10,1
2024-07-05 16:33:05,1
2024-07-05 17:43:00,1
2024-07-05 17:47:10,1
2024-07-05 17:43:20,1
2024-07-05 17:58:05,1
2024-07-05 17:57:10,1
2024-07-05 17:57:20,1
2024-07-05 17:57:30,1
2024-07-05 17:57:40,1
2024-07-05 17:57:45,1
2024-07-05 17:57:55,1
2024-07-05 17:58:15,1
2024-07-05 17:59:25,1
2024-07-05 17:58:20,1
2024-07-05 17:58:30,1
2024-07-05 17:58:40,1
2024-07-05 17:58:50,1
2024-07-05 17:58:55,1
2024-07-05 17:59:05,1
2024-07-05 17:57:05,1
2024-07-05 17:56:55,1
2024-07-05 17:56:45,1
2024-07-05 17:56:40,1
2024-07-05 17:56:30,1
2024-07-05 17:56:20,1
2024-07-05 17:56:15,1
2024-07-05 17:56:05,1
2024-07-05 17:55:55,1
2024-07-05 17:55:50,1
2024-07-05 17:55:40,1
2024-07-05 17:55:30,1
2024-07-05 17:55:25,1
2024-07-05 17:55:15,1
2024-07-05 17:55:05,1
2024-07-05 17:55:00,1
2024-07-05 17:54:50,1
2024-07-05 17:59:15,1
2024-07-05 17:59:30,1
2024-07-05 17:43:30,1
2024-07-09 09:27:15,1
2024-07-09 09:26:20,1
2024-07-09 09:26:30,1
2024-07-09 09:26:40,1
2024-07-09 09:26:45,1
2024-07-09 09:26:55,1
2024-07-09 09:27:05,1
2024-07-09 09:27:20,1
2024-07-05 17:59:40,1
2024-07-09 09:27:30,1
2024-07-09 09:27:35,1
2024-07-09 09:27:45,1
2024-07-09 09:27:55,1
2024-07-09 09:28:00,1
2024-07-09 09:28:10,1
2024-07-09 09:26:15,1
2024-07-09 09:26:05,1
2024-07-09 09:25:55,1
2024-07-09 09:25:45,1
2024-07-09 09:25:40,1
2024-07-09 09:25:30,1
2024-07-09 09:25:20,1
2024-07-09 09:25:10,1
2024-07-09 09:25:05,1
2024-07-09 09:24:55,1
2024-07-09 09:24:45,1
2024-07-09 09:24:40,1
2024-07-09 09:24:30,1
2024-07-09 09:24:20,1
2024-07-09 09:24:15,1
2024-07-09 09:24:05,1
2024-07-05 17:59:50,1
2024-07-05 17:54:40,1
2024-07-05 17:54:30,1
2024-07-05 17:54:25,1
2024-07-05 17:48:20,1
2024-07-05 17:47:30,1
2024-07-05 17:47:35,1
2024-07-05 17:47:45,1
2024-07-05 17:47:55,1
2024-07-05 17:48:05,1
2024-07-05 17:48:10,1
2024-07-05 17:48:30,1
2024-07-05 17:54:15,1
2024-07-05 17:48:40,1
2024-07-05 17:48:45,1
2024-07-05 17:48:55,1
2024-07-05 17:49:05,1
2024-07-05 17:49:10,1
2024-07-05 17:49:20,1
2024-07-05 17:47:20,1
2024-07-05 16:48:30,1
2024-07-05 17:45:45,1
2024-07-05 17:45:35,1
2024-07-05 17:45:25,1
2024-07-05 17:45:20,1
2024-07-05 17:45:10,1
2024-07-05 17:45:00,1
2024-07-05 17:44:50,1
2024-07-05 17:44:45,1
2024-07-05 17:44:35,1
2024-07-05 17:44:25,1
2024-07-05 17:44:15,1
2024-07-05 17:44:10,1
2024-07-05 17:43:55,1
2024-07-05 17:43:45,1
2024-07-05 17:43:40,1
2024-07-05 17:49:30,1
2024-07-05 17:49:40,1
2024-07-05 17:49:45,1
2024-07-05 17:52:10,1
2024-07-05 17:54:05,1
2024-07-05 17:54:00,1
2024-07-05 17:53:50,1
2024-07-05 17:53:40,1
2024-07-05 17:53:35,1
2024-07-05 17:53:25,1
2024-07-05 17:53:15,1
2024-07-05 17:53:10,1
2024-07-05 17:53:00,1
2024-07-05 17:52:50,1
2024-07-05 17:52:45,1
2024-07-05 17:52:35,1
2024-07-05 17:52:25,1
2024-07-05 17:52:15,1
2024-07-05 17:52:00,1
2024-07-05 17:49:55,1
2024-07-05 17:51:50,1
2024-07-05 17:51:45,1
2024-07-05 17:51:35,1
2024-07-05 17:51:25,1
2024-07-05 17:51:20,1
2024-07-05 17:51:10,1
2024-07-05 17:51:00,1
2024-07-05 17:50:55,1
2024-07-05 17:50:45,1
2024-07-05 17:50:35,1
2024-07-05 17:50:30,1
2024-07-05 17:50:20,1
2024-07-05 17:50:10,1
2024-07-05 17:50:05,1
2024-07-05 16:48:20,1
2024-07-05 16:48:55,1
2024-07-05 16:48:40,1
2024-07-05 17:14:05,1
2024-07-05 17:29:10,1
2024-07-05 17:14:50,1
2024-07-05 17:14:40,1
2024-07-05 17:14:35,1
2024-07-05 17:29:20,1
2024-07-05 17:14:25,1
2024-07-05 17:14:15,1
2024-07-05 17:14:00,1
2024-07-05 17:12:45,1
2024-07-05 17:29:25,1
2024-07-05 17:13:50,1
2024-07-05 17:13:40,1
2024-07-05 17:13:30,1
2024-07-05 17:13:20,1
2024-07-05 17:13:10,1
2024-07-05 17:13:00,1
2024-07-05 17:15:00,1
2024-07-05 17:15:10,1
2024-07-05 17:29:00,1
2024-07-05 17:15:15,1
2024-07-05 17:17:00,1
2024-07-05 17:16:55,1
2024-07-05 17:16:45,1
2024-07-05 17:16:35,1
2024-07-05 17:28:35,1
2024-07-05 17:16:25,1
2024-07-05 17:28:45,1
2024-07-05 17:16:20,1
2024-07-05 17:16:10,1
2024-07-05 17:16:00,1
2024-07-05 17:28:50,1
2024-07-05 17:15:50,1
2024-07-05 17:15:45,1
2024-07-05 17:15:35,1
2024-07-05 17:15:25,1
2024-07-05 17:12:50,1
2024-07-05 17:12:35,1
2024-07-05 17:17:10,1
2024-07-05 17:09:00,1
2024-07-05 17:09:45,1
2024-07-05 17:29:45,1
2024-07-05 17:09:35,1
2024-07-05 17:09:25,1
2024-07-05 17:09:20,1
2024-07-05 17:09:10,1
2024-07-05 17:29:55,1
2024-07-05 17:08:55,1
2024-07-05 17:12:25,1
2024-07-05 17:08:45,1
2024-07-05 17:08:35,1
2024-07-05 17:08:25,1
2024-07-05 17:08:20,1
2024-07-05 17:08:10,1
2024-07-05 17:08:00,1
2024-07-05 17:07:55,1
2024-07-05 17:09:55,1
2024-07-05 17:10:00,1
2024-07-05 17:10:10,1
2024-07-05 17:10:20,1
2024-07-05 17:12:15,1
2024-07-05 17:12:10,1
2024-07-05 17:29:35,1
2024-07-05 17:12:00,1
2024-07-05 17:11:50,1
2024-07-05 17:11:45,1
2024-07-05 17:11:35,1
2024-07-05 17:11:25,1
2024-07-05 17:11:20,1
2024-07-05 17:11:10,1
2024-07-05 17:11:00,1
2024-07-05 17:10:55,1
2024-07-05 17:10:45,1
2024-07-05 17:10:35,1
2024-07-05 17:10:30,1
2024-07-05 17:28:25,1
2024-07-05 17:17:20,1
2024-07-05 16:48:45,1
2024-07-05 17:25:50,1
2024-07-05 17:22:25,1
2024-07-05 17:25:30,1
2024-07-05 17:25:40,1
2024-07-05 17:22:15,1
2024-07-05 17:22:10,1
2024-07-05 17:22:00,1
2024-07-05 17:21:50,1
2024-07-05 17:21:45,1
2024-07-05 17:20:45,1
2024-07-05 17:21:35,1
2024-07-05 17:21:25,1
2024-07-05 17:25:55,1
2024-07-05 17:21:15,1
2024-07-05 17:26:05,1
2024-07-05 17:21:10,1
2024-07-05 17:21:00,1
2024-07-05 17:22:35,1
2024-07-05 17:25:25,1
2024-07-05 17:22:40,1
2024-07-05 17:22:50,1
2024-07-05 17:24:35,1
2024-07-05 17:24:25,1
2024-07-05 17:24:15,1
2024-07-05 17:24:10,1
2024-07-05 17:25:00,1
2024-07-05 17:25:05,1
2024-07-05 17:24:00,1
2024-07-05 17:23:50,1
2024-07-05 17:23:40,1
2024-07-05 17:23:30,1
2024-07-05 17:23:25,1
2024-07-05 17:23:15,1
2024-07-05 17:23:05,1
2024-07-05 17:23:00,1
2024-07-05 17:25:15,1
2024-07-05 17:20:50,1
2024-07-05 17:20:35,1
2024-07-05 17:28:15,1
2024-07-05 17:27:40,1
2024-07-05 17:18:35,1
2024-07-05 17:27:15,1
2024-07-05 17:18:25,1
2024-07-05 17:18:20,1
2024-07-05 17:18:10,1
2024-07-05 17:27:25,1
2024-07-05 17:27:30,1
2024-07-05 17:18:00,1
2024-07-05 17:20:25,1
2024-07-05 17:17:55,1
2024-07-05 17:17:45,1
2024-07-05 17:27:50,1
2024-07-05 17:28:00,1
2024-07-05 17:28:05,1
2024-07-05 17:17:35,1
2024-07-05 17:17:25,1
2024-07-05 17:27:05,1
2024-07-05 17:18:45,1
2024-07-05 17:18:55,1
2024-07-05 17:27:00,1
2024-07-05 17:20:20,1
2024-07-05 17:20:10,1
2024-07-05 17:20:00,1
2024-07-05 17:26:15,1
2024-07-05 17:19:55,1
2024-07-05 17:19:45,1
2024-07-05 17:26:25,1
2024-07-05 17:19:35,1
2024-07-05 17:19:25,1
2024-07-05 17:19:20,1
2024-07-05 17:26:30,1
2024-07-05 17:19:10,1
2024-07-05 17:19:00,1
2024-07-05 17:26:40,1
2024-07-05 17:26:50,1
2024-07-05 17:07:45,1
2024-07-05 17:07:35,1
2024-07-05 17:07:30,1
2024-07-05 16:55:10,1
2024-07-05 16:55:40,1
2024-07-05 17:32:20,1
2024-07-05 17:32:30,1
2024-07-05 17:32:45,1
2024-07-05 16:55:30,1
2024-07-05 16:55:20,1
2024-07-05 17:32:55,1
2024-07-05 16:55:05,1
2024-07-05 16:53:45,1
2024-07-05 16:54:55,1
2024-07-05 16:54:45,1
2024-07-05 16:54:40,1
2024-07-05 16:54:30,1
2024-07-05 16:54:20,1
2024-07-05 16:54:10,1
2024-07-05 16:54:05,1
2024-07-05 16:55:45,1
2024-07-05 16:55:55,1
2024-07-05 16:56:05,1
2024-07-05 16:56:10,1
2024-07-05 16:58:05,1
2024-07-05 16:57:55,1
2024-07-05 16:57:45,1
2024-07-05 16:57:35,1
2024-07-05 17:32:05,1
2024-07-05 16:57:30,1
2024-07-05 16:57:20,1
2024-07-05 16:57:10,1
2024-07-05 16:57:00,1
2024-07-05 17:32:15,1
2024-07-05 16:56:55,1
2024-07-05 16:56:45,1
2024-07-05 16:56:35,1
2024-07-05 16:56:30,1
2024-07-05 16:56:20,1
2024-07-05 16:53:55,1
2024-07-05 16:53:40,1
2024-07-05 17:07:20,1
2024-07-05 16:49:55,1
2024-07-05 17:33:10,1
2024-07-05 16:50:50,1
2024-07-05 16:50:40,1
2024-07-05 16:50:30,1
2024-07-05 16:50:20,1
2024-07-05 16:50:10,1
2024-07-05 16:50:00,1
2024-07-05 16:49:45,1
2024-07-05 16:53:30,1
2024-07-05 16:49:35,1
2024-07-05 16:49:30,1
2024-07-05 16:49:20,1
2024-07-05 16:49:10,1
2024-07-05 16:49:05,1
2024-07-05 17:33:20,1
2024-07-05 17:24:40,1
2024-07-05 16:50:55,1
2024-07-05 16:51:05,1
2024-07-05 16:51:15,1
2024-07-05 16:51:20,1
2024-07-05 17:33:00,1
2024-07-05 16:53:20,1
2024-07-05 16:53:15,1
2024-07-05 16:53:05,1
2024-07-05 16:52:55,1
2024-07-05 16:52:45,1
2024-07-05 16:52:40,1
2024-07-05 16:52:30,1
2024-07-05 16:52:20,1
2024-07-05 16:52:15,1
2024-07-05 16:52:05,1
2024-07-05 16:51:55,1
2024-07-05 16:51:45,1
2024-07-05 16:51:40,1
2024-07-05 16:51:30,1
2024-07-05 16:58:10,1
2024-07-05 16:58:20,1
2024-07-05 16:58:30,1
2024-07-05 17:04:05,1
2024-07-05 17:04:45,1
2024-07-05 17:30:30,1
2024-07-05 17:04:40,1
2024-07-05 17:04:30,1
2024-07-05 17:04:20,1
2024-07-05 17:04:15,1
2024-07-05 17:30:35,1
2024-07-05 17:30:45,1
2024-07-05 16:58:35,1
2024-07-05 17:03:55,1
2024-07-05 17:03:50,1
2024-07-05 17:03:40,1
2024-07-05 17:03:30,1
2024-07-05 17:03:25,1
2024-07-05 17:30:55,1
2024-07-05 17:03:15,1
2024-07-05 17:04:55,1
2024-07-05 17:05:05,1
2024-07-05 17:05:10,1
2024-07-05 17:05:20,1
2024-07-05 17:07:10,1
2024-07-05 17:07:05,1
2024-07-05 17:30:00,1
2024-07-05 17:30:10,1
2024-07-05 17:06:45,1
2024-07-05 17:06:35,1
2024-07-05 17:06:30,1
2024-07-05 17:06:20,1
2024-07-05 17:06:10,1
2024-07-05 17:06:05,1
2024-07-05 17:05:55,1
2024-07-05 17:05:45,1
2024-07-05 17:05:40,1
2024-07-05 17:05:30,1
2024-07-05 17:30:20,1
2024-07-05 17:03:05,1
2024-07-05 17:03:00,1
2024-07-05 17:02:50,1
2024-07-05 17:31:40,1
2024-07-05 17:31:45,1
2024-07-05 17:00:35,1
2024-07-05 17:00:25,1
2024-07-05 17:31:55,1
2024-07-05 17:00:20,1
2024-07-05 17:00:10,1
2024-07-05 17:00:05,1
2024-07-05 16:59:55,1
2024-07-05 16:59:45,1
2024-07-05 16:59:35,1
2024-07-05 16:59:25,1
2024-07-05 16:59:20,1
2024-07-05 16:59:10,1
2024-07-05 16:58:55,1
2024-07-05 16:58:45,1
2024-07-05 17:00:45,1
2024-07-05 17:31:30,1
2024-07-05 17:02:40,1
2024-07-05 17:00:55,1
2024-07-05 17:31:05,1
2024-07-05 17:02:35,1
2024-07-05 17:02:25,1
2024-07-05 17:02:15,1
2024-07-05 17:02:10,1
2024-07-05 17:02:00,1
2024-07-05 17:01:50,1
2024-07-05 17:01:45,1
2024-07-05 17:01:35,1
2024-07-05 17:01:25,1
2024-07-05 17:31:10,1
2024-07-05 17:01:20,1
2024-07-05 17:01:10,1
2024-07-05 17:01:00,1
2024-07-05 17:31:20,1
2024-07-05 17:06:55,1
2023-12-21 11:03:10,1
2024-07-05 16:30:00,1
2024-07-05 11:54:40,1
2024-07-05 11:54:25,1
2024-07-05 11:54:15,1
2024-07-05 11:54:05,1
2024-07-05 11:54:00,1
2024-07-05 11:53:50,1
2024-07-05 11:53:40,1
2024-07-05 11:53:35,1
2024-07-05 11:53:25,1
2024-07-05 11:53:15,1
2024-07-05 11:53:05,1
2024-07-05 11:53:00,1
2024-07-05 11:52:50,1
2024-07-05 11:52:40,1
2024-07-05 11:52:30,1
2024-07-05 11:52:25,1
2024-07-05 11:52:10,1
2024-07-05 11:52:05,1
2024-07-05 11:51:55,1
2024-07-05 11:51:45,1
2024-07-05 11:51:40,1
2024-07-05 11:51:30,1
2024-07-05 11:54:30,1
2024-07-05 11:54:50,1
2024-07-05 11:58:15,1
2024-07-05 11:55:00,1
2024-07-05 11:57:55,1
2024-07-05 11:57:50,1
2024-07-05 11:57:40,1
2024-07-05 11:57:30,1
2024-07-05 11:57:20,1
2024-07-05 11:57:15,1
2024-07-05 11:57:05,1
2024-07-05 11:56:55,1
2024-07-05 11:56:50,1
2024-07-05 11:56:40,1
2024-07-05 11:56:30,1
2024-07-05 11:56:20,1
2024-07-05 11:56:15,1
2024-07-05 11:56:05,1
2024-07-05 11:55:55,1
2024-07-05 11:55:50,1
2024-07-05 11:55:40,1
2024-07-05 11:55:30,1
2024-07-05 11:55:25,1
2024-07-05 11:55:15,1
2024-07-05 11:55:05,1
2024-07-05 11:51:20,1
2024-07-05 11:51:15,1
2024-07-05 11:51:05,1
2024-07-05 11:50:55,1
2024-07-05 11:47:30,1
2024-07-05 11:47:20,1
2024-07-05 11:47:15,1
2024-07-05 11:47:05,1
2024-07-05 11:46:55,1
2024-07-05 11:46:50,1
2024-07-05 11:46:40,1
2024-07-05 11:46:30,1
2024-07-05 11:46:25,1
2024-07-05 11:46:15,1
2024-07-05 11:46:05,1
2024-07-05 11:46:00,1
2024-07-05 11:45:50,1
2024-07-05 11:45:40,1
2024-07-05 11:45:35,1
2024-07-05 11:45:25,1
2024-07-05 11:45:15,1
2024-07-05 11:45:10,1
2024-07-05 11:45:00,1
2024-07-05 11:44:50,1
2024-07-05 11:44:45,1
2024-07-05 11:47:40,1
2024-07-05 11:47:45,1
2024-07-05 11:47:55,1
2024-07-05 11:49:35,1
2024-07-05 11:50:50,1
2024-07-05 11:50:40,1
2024-07-05 11:50:30,1
2024-07-05 11:50:25,1
2024-07-05 11:50:15,1
2024-07-05 11:50:05,1
2024-07-05 11:50:00,1
2024-07-05 11:49:50,1
2024-07-05 11:49:40,1
2024-07-05 11:49:25,1
2024-07-05 11:48:00,1
2024-07-05 11:49:15,1
2024-07-05 11:49:10,1
2024-07-05 11:49:00,1
2024-07-05 11:48:50,1
2024-07-05 11:48:45,1
2024-07-05 11:48:35,1
2024-07-05 11:48:25,1
2024-07-05 11:48:20,1
2024-07-05 11:48:10,1
2024-07-05 11:58:05,1
2024-07-05 11:58:20,1
2024-07-05 16:29:50,1
2024-07-05 12:12:05,1
2024-07-05 12:11:50,1
2024-07-05 12:11:40,1
2024-07-05 12:11:35,1
2024-07-05 12:11:25,1
2024-07-05 12:11:15,1
2024-07-05 12:10:35,1
2024-07-05 12:10:25,1
2024-07-05 12:10:15,1
2024-07-05 12:10:10,1
2024-07-05 12:10:00,1
2024-07-05 12:09:50,1
2024-07-05 12:09:45,1
2024-07-05 12:09:35,1
2024-07-05 12:09:25,1
2024-07-05 12:09:20,1
2024-07-05 12:09:10,1
2024-07-05 12:09:05,1
2024-07-05 12:08:40,1
2024-07-05 12:07:55,1
2024-07-05 12:07:45,1
2024-07-05 12:07:40,1
2024-07-05 12:11:55,1
2024-07-05 12:12:15,1
2024-07-05 11:58:30,1
2024-07-05 12:12:20,1
2024-07-05 12:17:35,1
2024-07-05 12:17:20,1
2024-07-05 12:17:10,1
2024-07-05 12:17:05,1
2024-07-05 12:16:55,1
2024-07-05 12:16:30,1
2024-07-05 12:16:15,1
2024-07-05 12:15:55,1
2024-07-05 12:15:40,1
2024-07-05 12:15:10,1
2024-07-05 12:14:55,1
2024-07-05 12:14:30,1
2024-07-05 12:14:20,1
2024-07-05 12:13:45,1
2024-07-05 12:13:35,1
2024-07-05 12:13:30,1
2024-07-05 12:13:20,1
2024-07-05 12:12:55,1
2024-07-05 12:12:45,1
2024-07-05 12:12:40,1
2024-07-05 12:12:30,1
2024-07-05 12:06:20,1
2024-07-05 12:06:10,1
2024-07-05 12:05:30,1
2024-07-05 12:05:25,1
2024-07-05 12:01:40,1
2024-07-05 12:01:35,1
2024-07-05 12:01:25,1
2024-07-05 12:01:15,1
2024-07-05 12:01:10,1
2024-07-05 12:01:00,1
2024-07-05 12:00:50,1
2024-07-05 12:00:45,1
2024-07-05 12:00:35,1
2024-07-05 12:00:25,1
2024-07-05 12:00:20,1
2024-07-05 12:00:10,1
2024-07-05 12:00:00,1
2024-07-05 11:59:55,1
2024-07-05 11:59:45,1
2024-07-05 11:59:35,1
2024-07-05 11:59:30,1
2024-07-05 11:59:20,1
2024-07-05 11:59:10,1
2024-07-05 11:59:05,1
2024-07-05 11:58:40,1
2024-07-05 12:01:50,1
2024-07-05 12:02:00,1
2024-07-05 12:02:05,1
2024-07-05 12:04:00,1
2024-07-05 12:05:15,1
2024-07-05 12:05:05,1
2024-07-05 12:05:00,1
2024-07-05 12:04:50,1
2024-07-05 12:04:40,1
2024-07-05 12:04:35,1
2024-07-05 12:04:25,1
2024-07-05 12:04:15,1
2024-07-05 12:04:10,1
2024-07-05 12:03:50,1
2024-07-05 12:02:15,1
2024-07-05 12:03:45,1
2024-07-05 12:03:35,1
2024-07-05 12:03:15,1
2024-07-05 12:03:05,1
2024-07-05 12:02:55,1
2024-07-05 12:02:50,1
2024-07-05 12:02:40,1
2024-07-05 12:02:30,1
2024-07-05 12:02:25,1
2024-07-05 11:44:35,1
2024-07-05 11:44:25,1
2024-07-05 11:44:20,1
2024-07-05 11:26:55,1
2024-07-05 11:26:40,1
2024-07-05 11:26:15,1
2024-07-05 11:26:05,1
2024-07-05 11:25:55,1
2024-07-05 11:25:50,1
2024-07-05 11:25:25,1
2024-07-05 11:25:20,1
2024-07-05 11:24:45,1
2024-07-05 11:24:30,1
2024-07-05 11:24:05,1
2024-07-05 11:23:55,1
2024-07-05 11:23:30,1
2024-07-05 11:22:45,1
2024-07-05 11:22:30,1
2024-07-05 11:22:10,1
2024-07-05 11:21:30,1
2024-07-05 11:21:25,1
2024-07-05 11:21:15,1
2024-07-05 11:21:05,1
2024-07-05 11:21:00,1
2024-07-05 11:20:50,1
2024-07-05 11:26:50,1
2024-07-05 11:27:05,1
2024-07-05 11:44:10,1
2024-07-05 11:27:15,1
2024-07-05 11:30:10,1
2024-07-05 11:30:00,1
2024-07-05 11:29:50,1
2024-07-05 11:29:45,1
2024-07-05 11:29:35,1
2024-07-05 11:29:25,1
2024-07-05 11:29:20,1
2024-07-05 11:29:10,1
2024-07-05 11:29:00,1
2024-07-05 11:28:55,1
2024-07-05 11:28:45,1
2024-07-05 11:28:35,1
2024-07-05 11:28:30,1
2024-07-05 11:28:20,1
2024-07-05 11:28:10,1
2024-07-05 11:28:05,1
2024-07-05 11:27:55,1
2024-07-05 11:27:45,1
2024-07-05 11:27:40,1
2024-07-05 11:27:30,1
2024-07-05 11:27:20,1
2024-07-05 11:20:40,1
2024-07-05 11:20:35,1
2024-07-05 11:20:05,1
2024-07-05 11:20:00,1
2024-07-05 11:15:35,1
2024-07-05 11:15:25,1
2024-07-05 11:15:20,1
2024-07-05 11:15:10,1
2024-07-05 11:15:00,1
2024-07-05 11:14:55,1
2024-07-05 11:14:45,1
2024-07-05 11:14:35,1
2024-07-05 11:14:15,1
2024-07-05 11:14:05,1
2024-07-05 11:13:55,1
2024-07-05 11:13:45,1
2024-07-05 11:13:40,1
2024-07-05 11:13:30,1
2024-07-05 11:13:20,1
2024-07-05 11:13:10,1
2024-07-05 11:13:00,1
2024-07-05 11:12:50,1
2024-07-05 11:12:45,1
2024-07-05 11:12:35,1
2024-07-05 11:12:25,1
2024-07-05 11:16:05,1
2024-07-05 11:16:10,1
2024-07-05 11:16:20,1
2024-07-05 11:18:10,1
2024-07-05 11:19:50,1
2024-07-05 11:19:45,1
2024-07-05 11:19:35,1
2024-07-05 11:19:25,1
2024-07-05 11:19:20,1
2024-07-05 11:19:10,1
2024-07-05 11:18:35,1
2024-07-05 11:18:25,1
2024-07-05 11:18:15,1
2024-07-05 11:17:55,1
2024-07-05 11:16:30,1
2024-07-05 11:17:50,1
2024-07-05 11:17:40,1
2024-07-05 11:17:30,1
2024-07-05 11:17:25,1
2024-07-05 11:17:15,1
2024-07-05 11:17:05,1
2024-07-05 11:16:55,1
2024-07-05 11:16:45,1
2024-07-05 11:16:35,1
2024-07-05 11:30:15,1
2024-07-05 11:30:25,1
2024-07-05 11:30:35,1
2024-07-05 11:37:35,1
2024-07-05 11:40:45,1
2024-07-05 11:40:35,1
2024-07-05 11:40:25,1
2024-07-05 11:40:20,1
2024-07-05 11:40:10,1
2024-07-05 11:40:00,1
2024-07-05 11:39:55,1
2024-07-05 11:39:45,1
2024-07-05 11:39:35,1
2024-07-05 11:39:25,1
2024-07-05 11:39:20,1
2024-07-05 11:39:10,1
2024-07-05 11:39:00,1
2024-07-05 11:38:50,1
2024-07-05 11:38:40,1
2024-07-05 11:38:35,1
2024-07-05 11:38:25,1
2024-07-05 11:38:15,1
2024-07-05 11:38:10,1
2024-07-05 11:38:00,1
2024-07-05 11:37:50,1
2024-07-05 11:40:50,1
2024-07-05 11:41:00,1
2024-07-05 11:41:10,1
2024-07-05 11:42:50,1
2024-07-05 11:44:05,1
2024-07-05 11:43:55,1
2024-07-05 11:43:45,1
2024-07-05 11:43:40,1
2024-07-05 11:43:30,1
2024-07-05 11:43:20,1
2024-07-05 11:43:15,1
2024-07-05 11:43:05,1
2024-07-05 11:42:55,1
2024-07-05 11:42:40,1
2024-07-05 11:41:15,1
2024-07-05 11:42:30,1
2024-07-05 11:42:25,1
2024-07-05 11:42:15,1
2024-07-05 11:42:05,1
2024-07-05 11:42:00,1
2024-07-05 11:41:50,1
2024-07-05 11:41:40,1
2024-07-05 11:41:35,1
2024-07-05 11:41:25,1
2024-07-05 11:37:45,1
2024-07-05 11:37:20,1
2024-07-05 11:30:45,1
2024-07-05 11:37:10,1
2024-07-05 11:33:45,1
2024-07-05 11:33:35,1
2024-07-05 11:33:30,1
2024-07-05 11:33:20,1
2024-07-05 11:33:10,1
2024-07-05 11:33:05,1
2024-07-05 11:32:55,1
2024-07-05 11:32:45,1
2024-07-05 11:32:40,1
2024-07-05 11:32:30,1
2024-07-05 11:32:20,1
2024-07-05 11:32:15,1
2024-07-05 11:32:05,1
2024-07-05 11:31:55,1
2024-07-05 11:31:50,1
2024-07-05 11:31:40,1
2024-07-05 11:31:30,1
2024-07-05 11:31:20,1
2024-07-05 11:31:10,1
2024-07-05 11:31:00,1
2024-07-05 11:30:50,1
2024-07-05 11:33:55,1
2024-07-05 11:34:00,1
2024-07-05 11:34:10,1
2024-07-05 11:35:50,1
2024-07-05 11:37:05,1
2024-07-05 11:36:55,1
2024-07-05 11:36:45,1
2024-07-05 11:36:40,1
2024-07-05 11:36:30,1
2024-07-05 11:36:20,1
2024-07-05 11:36:15,1
2024-07-05 11:36:05,1
2024-07-05 11:35:55,1
2024-07-05 11:35:40,1
2024-07-05 11:34:20,1
2024-07-05 11:35:35,1
2024-07-05 11:35:25,1
2024-07-05 11:35:15,1
2024-07-05 11:35:05,1
2024-07-05 11:35:00,1
2024-07-05 11:34:50,1
2024-07-05 11:34:40,1
2024-07-05 11:34:35,1
2024-07-05 11:34:25,1
2024-07-05 12:17:55,1
2024-07-05 12:18:00,1
2024-07-05 12:18:55,1
2024-07-05 15:54:30,1
2024-07-05 15:54:00,1
2024-07-05 15:53:50,1
2024-07-05 15:53:25,1
2024-07-05 15:53:20,1
2024-07-05 15:53:10,1
2024-07-05 15:53:00,1
2024-07-05 15:52:55,1
2024-07-05 15:52:45,1
2024-07-05 15:52:35,1
2024-07-05 15:52:30,1
2024-07-05 15:51:55,1
2024-07-05 15:51:50,1
2024-07-05 15:51:40,1
2024-07-05 15:51:30,1
2024-07-05 15:51:25,1
2024-07-05 15:51:15,1
2024-07-05 15:51:05,1
2024-07-05 15:50:55,1
2024-07-05 15:50:50,1
2024-07-05 15:50:40,1
2024-07-05 15:50:30,1
2024-07-05 15:54:25,1
2024-07-05 15:54:40,1
2024-07-05 15:43:15,1
2024-07-05 15:55:05,1
2024-07-05 15:58:20,1
2024-07-05 15:58:10,1
2024-07-05 15:58:05,1
2024-07-05 15:57:55,1
2024-07-05 15:57:45,1
2024-07-05 15:57:40,1
2024-07-05 15:57:30,1
2024-07-05 15:57:20,1
2024-07-05 15:57:15,1
2024-07-05 15:57:05,1
2024-07-05 15:56:55,1
2024-07-05 15:56:50,1
2024-07-05 15:56:40,1
2024-07-05 15:56:30,1
2024-07-05 15:56:25,1
2024-07-05 15:56:15,1
2024-07-05 15:56:05,1
2024-07-05 15:55:40,1
2024-07-05 15:55:30,1
2024-07-05 15:55:20,1
2024-07-05 15:55:15,1
2024-07-05 15:50:20,1
2024-07-05 15:50:15,1
2024-07-05 15:50:05,1
2024-07-05 15:49:55,1
2024-07-05 15:46:25,1
2024-07-05 15:46:15,1
2024-07-05 15:46:05,1
2024-07-05 15:46:00,1
2024-07-05 15:45:50,1
2024-07-05 15:45:40,1
2024-07-05 15:45:35,1
2024-07-05 15:45:25,1
2024-07-05 15:45:15,1
2024-07-05 15:45:05,1
2024-07-05 15:45:00,1
2024-07-05 15:44:50,1
2024-07-05 15:44:40,1
2024-07-05 15:44:35,1
2024-07-05 15:44:25,1
2024-07-05 15:44:15,1
2024-07-05 15:44:10,1
2024-07-05 15:44:00,1
2024-07-05 15:43:50,1
2024-07-05 15:43:40,1
2024-07-05 15:43:35,1
2024-07-05 15:46:35,1
2024-07-05 15:46:45,1
2024-07-05 15:46:50,1
2024-07-05 15:48:30,1
2024-07-05 15:49:50,1
2024-07-05 15:49:40,1
2024-07-05 15:49:30,1
2024-07-05 15:49:25,1
2024-07-05 15:49:15,1
2024-07-05 15:49:05,1
2024-07-05 15:49:00,1
2024-07-05 15:48:50,1
2024-07-05 15:48:40,1
2024-07-05 15:48:25,1
2024-07-05 15:47:00,1
2024-07-05 15:48:15,1
2024-07-05 15:48:05,1
2024-07-05 15:48:00,1
2024-07-05 15:47:50,1
2024-07-05 15:47:40,1
2024-07-05 15:47:35,1
2024-07-05 15:47:25,1
2024-07-05 15:47:15,1
2024-07-05 15:47:10,1
2024-07-05 16:14:20,1
2024-07-05 16:14:25,1
2024-07-05 16:14:35,1
2024-07-05 16:21:50,1
2024-07-05 16:25:40,1
2024-07-05 16:25:30,1
2024-07-05 16:25:25,1
2024-07-05 16:25:15,1
2024-07-05 16:25:05,1
2024-07-05 16:24:55,1
2024-07-05 16:24:45,1
2024-07-05 16:24:35,1
2024-07-05 16:24:25,1
2024-07-05 16:24:20,1
2024-07-05 16:24:10,1
2024-07-05 16:24:00,1
2024-07-05 16:23:55,1
2024-07-05 16:23:45,1
2024-07-05 16:23:35,1
2024-07-05 16:23:30,1
2024-07-05 16:23:20,1
2024-07-05 16:22:55,1
2024-07-05 16:22:45,1
2024-07-05 16:22:15,1
2024-07-05 16:22:10,1
2024-07-05 16:25:50,1
2024-07-05 16:26:00,1
2024-07-05 16:26:05,1
2024-07-05 16:28:15,1
2024-07-05 16:29:40,1
2024-07-05 16:29:35,1
2024-07-09 09:28:25,1
2024-07-05 16:29:25,1
2024-07-05 16:29:15,1
2024-07-05 16:29:05,1
2024-07-05 16:29:00,1
2024-07-05 16:28:30,1
2024-07-05 16:28:20,1
2024-07-05 16:28:05,1
2024-07-05 16:26:25,1
2024-07-05 16:27:40,1
2024-07-05 16:27:35,1
2024-07-05 16:27:25,1
2024-07-05 16:27:15,1
2024-07-05 16:27:10,1
2024-07-05 16:27:00,1
2024-07-05 16:26:50,1
2024-07-05 16:26:45,1
2024-07-05 16:26:35,1
2024-07-05 16:22:00,1
2024-07-05 16:21:45,1
2024-07-05 16:14:45,1
2024-07-05 16:21:35,1
2024-07-05 16:17:45,1
2024-07-05 16:17:35,1
2024-07-05 16:17:25,1
2024-07-05 16:17:20,1
2024-07-05 16:17:10,1
2024-07-05 16:17:00,1
2024-07-05 16:16:50,1
2024-07-05 16:16:45,1
2024-07-05 16:16:35,1
2024-07-05 16:16:25,1
2024-07-05 16:16:15,1
2024-07-05 16:16:10,1
2024-07-05 16:16:00,1
2024-07-05 16:15:50,1
2024-07-05 16:15:45,1
2024-07-05 16:15:35,1
2024-07-05 16:15:25,1
2024-07-05 16:15:20,1
2024-07-05 16:15:10,1
2024-07-05 16:15:00,1
2024-07-05 16:14:50,1
2024-07-05 16:17:50,1
2024-07-05 16:18:00,1
2024-07-05 16:18:10,1
2024-07-05 16:19:50,1
2024-07-05 16:21:25,1
2024-07-05 16:21:20,1
2024-07-05 16:21:10,1
2024-07-05 16:21:00,1
2024-07-05 16:20:45,1
2024-07-05 16:20:25,1
2024-07-05 16:20:15,1
2024-07-05 16:20:10,1
2024-07-05 16:20:00,1
2024-07-05 16:19:40,1
2024-07-05 16:18:15,1
2024-07-05 16:19:35,1
2024-07-05 16:19:25,1
2024-07-05 16:19:15,1
2024-07-05 16:19:10,1
2024-07-05 16:19:00,1
2024-07-05 16:18:50,1
2024-07-05 16:18:45,1
2024-07-05 16:18:35,1
2024-07-05 16:18:25,1
2024-07-05 15:43:25,1
2024-07-05 15:43:10,1
2024-07-05 12:19:20,1
2024-07-05 15:21:05,1
2024-07-05 15:20:50,1
2024-07-05 15:20:40,1
2024-07-05 15:20:35,1
2024-07-05 15:20:25,1
2024-07-05 15:20:15,1
2024-07-05 15:20:10,1
2024-07-05 15:20:00,1
2024-07-05 15:19:50,1
2024-07-05 15:19:45,1
2024-07-05 15:19:35,1
2024-07-05 15:19:25,1
2024-07-05 15:19:20,1
2024-07-05 15:19:10,1
2024-07-05 12:40:20,1
2024-07-05 12:39:35,1
2024-07-05 12:39:15,1
2024-07-05 12:38:50,1
2024-07-05 12:38:35,1
2024-07-05 12:38:10,1
2024-07-05 12:36:40,1
2024-07-05 12:36:30,1
2024-07-05 15:21:00,1
2024-07-05 15:21:15,1
2024-07-05 15:43:00,1
2024-07-05 15:21:25,1
2024-07-05 15:24:20,1
2024-07-05 15:24:10,1
2024-07-05 15:24:05,1
2024-07-05 15:23:55,1
2024-07-05 15:23:45,1
2024-07-05 15:23:40,1
2024-07-05 15:23:30,1
2024-07-05 15:23:20,1
2024-07-05 15:23:15,1
2024-07-05 15:23:05,1
2024-07-05 15:22:55,1
2024-07-05 15:22:50,1
2024-07-05 15:22:40,1
2024-07-05 15:22:30,1
2024-07-05 15:22:25,1
2024-07-05 15:22:15,1
2024-07-05 15:22:05,1
2024-07-05 15:21:55,1
2024-07-05 15:21:50,1
2024-07-05 15:21:40,1
2024-07-05 15:21:30,1
2024-07-05 12:35:30,1
2024-07-05 12:32:35,1
2024-07-05 12:31:25,1
2024-07-05 12:31:15,1
2024-07-05 12:26:50,1
2024-07-05 12:26:45,1
2024-07-05 12:26:35,1
2024-07-05 12:26:25,1
2024-07-05 12:26:15,1
2024-07-05 12:26:05,1
2024-07-05 12:25:50,1
2024-07-05 12:25:40,1
2024-07-05 12:25:35,1
2024-07-05 12:25:15,1
2024-07-05 12:24:50,1
2024-07-05 12:24:20,1
2024-07-05 12:23:50,1
2024-07-05 12:23:25,1
2024-07-05 12:22:55,1
2024-07-05 12:22:40,1
2024-07-05 12:22:30,1
2024-07-05 12:22:10,1
2024-07-05 12:20:25,1
2024-07-05 12:20:15,1
2024-07-05 12:20:05,1
2024-07-05 12:27:00,1
2024-07-05 12:27:30,1
2024-07-05 12:28:00,1
2024-07-05 12:29:45,1
2024-07-05 12:31:05,1
2024-07-05 12:30:55,1
2024-07-05 12:30:45,1
2024-07-05 12:30:35,1
2024-07-05 12:30:25,1
2024-07-05 12:30:20,1
2024-07-05 12:30:10,1
2024-07-05 12:30:00,1
2024-07-05 12:29:55,1
2024-07-05 12:29:35,1
2024-07-05 12:28:10,1
2024-07-05 12:29:25,1
2024-07-05 12:29:20,1
2024-07-05 12:29:10,1
2024-07-05 12:29:00,1
2024-07-05 12:28:55,1
2024-07-05 12:28:45,1
2024-07-05 12:28:35,1
2024-07-05 12:28:25,1
2024-07-05 12:28:20,1
2024-07-05 15:24:30,1
2024-07-05 15:24:35,1
2024-07-05 15:24:45,1
2024-07-05 15:34:15,1
2024-07-05 15:39:20,1
2024-07-05 15:39:10,1
2024-07-05 15:39:05,1
2024-07-05 15:38:55,1
2024-07-05 15:38:45,1
2024-07-05 15:38:40,1
2024-07-05 15:38:30,1
2024-07-05 15:38:20,1
2024-07-05 15:38:15,1
2024-07-05 15:38:05,1
2024-07-05 15:37:55,1
2024-07-05 15:37:50,1
2024-07-05 15:37:40,1
2024-07-05 15:37:30,1
2024-07-05 15:37:25,1
2024-07-05 15:37:15,1
2024-07-05 15:37:05,1
2024-07-05 15:37:00,1
2024-07-05 15:36:50,1
2024-07-05 15:36:40,1
2024-07-05 15:36:35,1
2024-07-05 15:39:30,1
2024-07-05 15:39:40,1
2024-07-05 15:39:50,1
2024-07-05 15:41:35,1
2024-07-05 15:42:50,1
2024-07-05 15:42:40,1
2024-07-05 15:42:35,1
2024-07-05 15:42:25,1
2024-07-05 15:42:15,1
2024-07-05 15:42:10,1
2024-07-05 15:42:00,1
2024-07-05 15:41:50,1
2024-07-05 15:41:45,1
2024-07-05 15:41:25,1
2024-07-05 15:40:00,1
2024-07-05 15:41:15,1
2024-07-05 15:41:10,1
2024-07-05 15:41:00,1
2024-07-05 15:40:50,1
2024-07-05 15:40:45,1
2024-07-05 15:40:35,1
2024-07-05 15:40:25,1
2024-07-05 15:40:20,1
2024-07-05 15:40:10,1
2024-07-05 15:34:20,1
2024-07-05 15:34:05,1
2024-07-05 15:24:55,1
2024-07-05 15:33:55,1
2024-07-05 15:27:50,1
2024-07-05 15:27:40,1
2024-07-05 15:27:30,1
2024-07-05 15:27:25,1
2024-07-05 15:27:15,1
2024-07-05 15:27:05,1
2024-07-05 15:27:00,1
2024-07-05 15:26:50,1
2024-07-05 15:26:40,1
2024-07-05 15:26:35,1
2024-07-05 15:26:25,1
2024-07-05 15:26:20,1
2024-07-05 15:26:10,1
2024-07-05 15:26:00,1
2024-07-05 15:25:55,1
2024-07-05 15:25:45,1
2024-07-05 15:25:35,1
2024-07-05 15:25:30,1
2024-07-05 15:25:20,1
2024-07-05 15:25:10,1
2024-07-05 15:25:00,1
2024-07-05 15:28:00,1
2024-07-05 15:28:05,1
2024-07-05 15:28:25,1
2024-07-05 15:30:25,1
2024-07-05 15:32:55,1
2024-07-05 15:32:45,1
2024-07-05 15:32:15,1
2024-07-05 15:31:50,1
2024-07-05 15:31:10,1
2024-07-05 15:31:00,1
2024-07-05 15:30:50,1
2024-07-05 15:30:45,1
2024-07-05 15:30:35,1
2024-07-05 15:30:00,1
2024-07-05 15:28:35,1
2024-07-05 15:29:55,1
2024-07-05 15:29:45,1
2024-07-05 15:29:35,1
2024-07-05 15:29:25,1
2024-07-05 15:29:15,1
2024-07-05 15:29:10,1
2024-07-05 15:29:00,1
2024-07-05 15:28:50,1
2024-07-05 15:28:45,1
2024-07-09 09:28:20,1
2024-07-09 09:28:35,1
2024-07-05 11:12:10,1
2024-07-09 15:46:15,1
2024-07-09 15:46:00,1
2024-07-09 15:45:50,1
2024-07-09 15:45:15,1
2024-07-09 15:44:15,1
2024-07-09 15:44:00,1
2024-07-09 15:43:40,1
2024-07-09 15:41:10,1
2024-07-09 15:40:45,1
2024-07-09 15:40:35,1
2024-07-09 15:40:15,1
2024-07-09 15:40:10,1
2024-07-09 15:38:35,1
2024-07-09 15:38:25,1
2024-07-09 15:38:20,1
2024-07-09 15:37:45,1
2024-07-09 15:37:25,1
2024-07-09 15:37:20,1
2024-07-09 15:37:10,1
2024-07-09 15:37:00,1
2024-07-09 15:35:15,1
2024-07-09 15:35:10,1
2024-07-09 15:34:45,1
2024-07-09 15:34:35,1
2024-07-09 15:46:10,1
2024-07-09 15:46:25,1
2024-07-09 15:33:55,1
2024-07-09 15:46:35,1
2024-07-09 15:49:50,1
2024-07-09 15:49:40,1
2024-07-09 15:49:35,1
2024-07-09 15:49:25,1
2024-07-09 15:49:15,1
2024-07-09 15:49:05,1
2024-07-09 15:49:00,1
2024-07-09 15:48:50,1
2024-07-09 15:48:40,1
2024-07-09 15:48:35,1
2024-07-09 15:48:25,1
2024-07-09 15:48:15,1
2024-07-09 15:48:10,1
2024-07-09 15:48:00,1
2024-07-09 15:47:50,1
2024-07-09 15:47:40,1
2024-07-09 15:47:35,1
2024-07-09 15:47:25,1
2024-07-09 15:47:15,1
2024-07-09 15:47:10,1
2024-07-09 15:47:00,1
2024-07-09 15:46:50,1
2024-07-09 15:46:45,1
2024-07-09 15:34:25,1
2024-07-09 15:33:45,1
2024-07-09 15:15:35,1
2024-07-09 15:23:25,1
2024-07-09 15:21:00,1
2024-07-09 15:20:55,1
2024-07-09 15:20:45,1
2024-07-09 15:20:20,1
2024-07-09 15:20:05,1
2024-07-09 15:19:55,1
2024-07-09 15:19:30,1
2024-07-09 15:18:45,1
2024-07-09 15:18:35,1
2024-07-09 15:18:25,1
2024-07-09 15:17:30,1
2024-07-09 15:17:20,1
2024-07-09 15:17:15,1
2024-07-09 15:17:05,1
2024-07-09 15:16:55,1
2024-07-09 15:16:50,1
2024-07-09 15:16:40,1
2024-07-09 15:16:35,1
2024-07-09 15:16:25,1
2024-07-09 15:16:15,1
2024-07-09 15:16:10,1
2024-07-09 15:16:00,1
2024-07-09 15:15:50,1
2024-07-09 15:21:20,1
2024-07-09 15:23:45,1
2024-07-09 15:33:35,1
2024-07-09 15:24:10,1
2024-07-09 15:32:40,1
2024-07-09 15:32:30,1
2024-07-09 15:31:50,1
2024-07-09 15:31:40,1
2024-07-09 15:31:30,1
2024-07-09 15:31:05,1
2024-07-09 15:30:25,1
2024-07-09 15:30:10,1
2024-07-09 15:29:35,1
2024-07-09 15:29:30,1
2024-07-09 15:29:10,1
2024-07-09 15:29:05,1
2024-07-09 15:28:55,1
2024-07-09 15:28:40,1
2024-07-09 15:28:30,1
2024-07-09 15:27:50,1
2024-07-09 15:27:00,1
2024-07-09 15:26:25,1
2024-07-09 15:25:55,1
2024-07-09 15:25:40,1
2024-07-09 15:25:15,1
2024-07-09 15:25:05,1
2024-07-09 15:24:50,1
2024-07-09 15:50:00,1
2024-07-09 15:50:05,1
2024-07-09 15:50:40,1
2024-07-09 16:04:30,1
2024-07-09 16:03:25,1
2024-07-09 16:03:15,1
2024-07-09 16:02:55,1
2024-07-09 16:02:45,1
2024-07-09 16:02:35,1
2024-07-09 16:02:30,1
2024-07-09 16:02:20,1
2024-07-09 16:02:10,1
2024-07-09 16:02:05,1
2024-07-09 16:01:55,1
2024-07-09 16:01:45,1
2024-07-09 16:01:40,1
2024-07-09 16:01:30,1
2024-07-09 16:01:20,1
2024-07-09 16:01:15,1
2024-07-09 16:01:05,1
2024-07-09 16:00:55,1
2024-07-09 16:00:50,1
2024-07-09 16:00:40,1
2024-07-09 15:59:35,1
2024-07-09 15:59:25,1
2024-07-09 15:59:15,1
2024-07-09 15:59:10,1
2024-07-09 16:04:20,1
2024-07-09 16:04:50,1
2024-07-09 15:50:50,1
2024-07-09 16:05:00,1
2024-07-09 16:10:50,1
2024-07-09 16:10:40,1
2024-07-09 16:10:35,1
2024-07-09 16:10:25,1
2024-07-09 16:10:10,1
2024-07-09 16:10:05,1
2024-07-09 16:09:55,1
2024-07-09 16:09:45,1
2024-07-09 16:09:40,1
2024-07-09 16:09:30,1
2024-07-09 16:08:40,1
2024-07-09 16:08:35,1
2024-07-09 16:08:25,1
2024-07-09 16:08:15,1
2024-07-09 16:08:10,1
2024-07-09 16:07:50,1
2024-07-09 16:07:25,1
2024-07-09 16:07:20,1
2024-07-09 16:07:10,1
2024-07-09 16:07:00,1
2024-07-09 16:05:25,1
2024-07-09 16:05:15,1
2024-07-09 16:05:05,1
2024-07-09 15:59:00,1
2024-07-09 15:58:50,1
2024-07-09 15:58:45,1
2024-07-09 15:58:35,1
2024-07-09 15:54:05,1
2024-07-09 15:53:55,1
2024-07-09 15:53:45,1
2024-07-09 15:53:40,1
2024-07-09 15:53:30,1
2024-07-09 15:53:20,1
2024-07-09 15:53:15,1
2024-07-09 15:53:05,1
2024-07-09 15:52:55,1
2024-07-09 15:52:50,1
2024-07-09 15:52:40,1
2024-07-09 15:52:30,1
2024-07-09 15:52:25,1
2024-07-09 15:52:15,1
2024-07-09 15:52:05,1
2024-07-09 15:51:55,1
2024-07-09 15:51:50,1
2024-07-09 15:51:40,1
2024-07-09 15:51:30,1
2024-07-09 15:51:25,1
2024-07-09 15:51:15,1
2024-07-09 15:51:05,1
2024-07-09 15:51:00,1
2024-07-09 15:54:15,1
2024-07-09 15:54:20,1
2024-07-09 15:54:30,1
2024-07-09 15:57:05,1
2024-07-09 15:58:25,1
2024-07-09 15:58:20,1
2024-07-09 15:58:10,1
2024-07-09 15:58:00,1
2024-07-09 15:57:55,1
2024-07-09 15:57:45,1
2024-07-09 15:57:35,1
2024-07-09 15:57:30,1
2024-07-09 15:57:20,1
2024-07-09 15:57:10,1
2024-07-09 15:56:55,1
2024-07-09 15:54:40,1
2024-07-09 15:56:45,1
2024-07-09 15:56:40,1
2024-07-09 15:56:30,1
2024-07-09 15:56:20,1
2024-07-09 15:55:50,1
2024-07-09 15:55:40,1
2024-07-09 15:55:35,1
2024-07-09 15:55:25,1
2024-07-09 15:54:55,1
2024-07-09 15:54:45,1
2024-07-09 15:15:45,1
2024-07-09 15:15:25,1
2024-07-09 16:11:30,1
2024-07-09 12:19:30,1
2024-07-09 12:18:15,1
2024-07-09 12:17:45,1
2024-07-09 12:17:40,1
2024-07-09 12:17:30,1
2024-07-09 12:17:20,1
2024-07-09 12:17:15,1
2024-07-09 12:17:05,1
2024-07-09 12:16:55,1
2024-07-09 12:16:50,1
2024-07-09 12:16:40,1
2024-07-09 12:16:30,1
2024-07-09 12:16:25,1
2024-07-09 12:16:15,1
2024-07-09 12:16:05,1
2024-07-09 12:16:00,1
2024-07-09 12:15:50,1
2024-07-09 12:15:40,1
2024-07-09 12:15:30,1
2024-07-09 12:15:25,1
2024-07-09 12:15:15,1
2024-07-09 12:15:10,1
2024-07-09 12:15:00,1
2024-07-09 12:14:50,1
2024-07-09 12:18:25,1
2024-07-09 12:19:40,1
2024-07-09 12:14:35,1
2024-07-09 12:19:55,1
2024-07-09 12:27:05,1
2024-07-09 12:26:25,1
2024-07-09 12:26:15,1
2024-07-09 12:26:00,1
2024-07-09 12:25:50,1
2024-07-09 12:25:25,1
2024-07-09 12:25:10,1
2024-07-09 12:25:00,1
2024-07-09 12:24:50,1
2024-07-09 12:23:15,1
2024-07-09 12:23:00,1
2024-07-09 12:22:45,1
2024-07-09 12:22:20,1
2024-07-09 12:22:10,1
2024-07-09 12:21:55,1
2024-07-09 12:21:35,1
2024-07-09 12:21:25,1
2024-07-09 12:21:20,1
2024-07-09 12:21:10,1
2024-07-09 12:20:55,1
2024-07-09 12:20:35,1
2024-07-09 12:20:30,1
2024-07-09 12:20:10,1
2024-07-09 12:14:45,1
2024-07-09 12:14:25,1
2024-07-09 15:15:20,1
2024-07-09 12:10:40,1
2024-07-09 12:10:25,1
2024-07-09 12:10:15,1
2024-07-09 12:10:10,1
2024-07-09 12:10:00,1
2024-07-09 12:09:50,1
2024-07-09 12:09:45,1
2024-07-09 12:09:35,1
2024-07-09 12:09:30,1
2024-07-09 12:09:20,1
2024-07-09 12:09:10,1
2024-07-09 12:09:00,1
2024-07-09 12:08:55,1
2024-07-09 12:08:45,1
2024-07-09 12:08:35,1
2024-07-09 12:08:30,1
2024-07-09 12:08:20,1
2024-07-09 12:08:10,1
2024-07-09 12:08:00,1
2024-07-09 12:07:55,1
2024-07-09 12:07:45,1
2024-07-09 12:07:35,1
2024-07-09 12:07:30,1
2024-07-09 12:07:20,1
2024-07-09 12:10:35,1
2024-07-09 12:10:50,1
2024-07-09 12:14:15,1
2024-07-09 12:11:00,1
2024-07-09 12:14:10,1
2024-07-09 12:14:00,1
2024-07-09 12:13:50,1
2024-07-09 12:13:45,1
2024-07-09 12:13:35,1
2024-07-09 12:13:25,1
2024-07-09 12:13:20,1
2024-07-09 12:13:10,1
2024-07-09 12:13:00,1
2024-07-09 12:12:55,1
2024-07-09 12:12:45,1
2024-07-09 12:12:35,1
2024-07-09 12:12:30,1
2024-07-09 12:12:20,1
2024-07-09 12:12:10,1
2024-07-09 12:12:05,1
2024-07-09 12:11:55,1
2024-07-09 12:11:50,1
2024-07-09 12:11:40,1
2024-07-09 12:11:30,1
2024-07-09 12:11:25,1
2024-07-09 12:11:15,1
2024-07-09 12:11:05,1
2024-07-09 12:27:25,1
2024-07-09 12:27:50,1
2024-07-09 12:31:00,1
2024-07-09 15:11:45,1
2024-07-09 15:11:25,1
2024-07-09 15:11:20,1
2024-07-09 15:11:10,1
2024-07-09 15:11:00,1
2024-07-09 15:10:55,1
2024-07-09 15:10:45,1
2024-07-09 15:10:35,1
2024-07-09 15:10:30,1
2024-07-09 15:10:20,1
2024-07-09 15:10:15,1
2024-07-09 15:10:05,1
2024-07-09 15:09:55,1
2024-07-09 15:09:50,1
2024-07-09 15:09:40,1
2024-07-09 15:09:30,1
2024-07-09 15:09:25,1
2024-07-09 15:08:50,1
2024-07-09 15:08:40,1
2024-07-09 15:08:35,1
2024-07-09 15:08:25,1
2024-07-09 15:08:15,1
2024-07-09 15:08:10,1
2024-07-09 15:08:00,1
2024-07-09 15:11:35,1
2024-07-09 15:11:50,1
2024-07-09 12:31:10,1
2024-07-09 15:12:00,1
2024-07-09 15:15:10,1
2024-07-09 15:15:00,1
2024-07-09 15:14:55,1
2024-07-09 15:14:45,1
2024-07-09 15:14:40,1
2024-07-09 15:14:30,1
2024-07-09 15:14:20,1
2024-07-09 15:14:15,1
2024-07-09 15:14:05,1
2024-07-09 15:13:55,1
2024-07-09 15:13:50,1
2024-07-09 15:13:40,1
2024-07-09 15:13:30,1
2024-07-09 15:13:25,1
2024-07-09 15:13:15,1
2024-07-09 15:13:05,1
2024-07-09 15:13:00,1
2024-07-09 15:12:50,1
2024-07-09 15:12:40,1
2024-07-09 15:12:35,1
2024-07-09 15:12:25,1
2024-07-09 15:12:15,1
2024-07-09 15:12:10,1
2024-07-09 15:07:55,1
2024-07-09 15:07:45,1
2024-07-09 15:07:35,1
2024-07-09 15:07:30,1
2024-07-09 15:03:00,1
2024-07-09 15:02:40,1
2024-07-09 15:02:35,1
2024-07-09 15:02:10,1
2024-07-09 15:01:50,1
2024-07-09 12:40:00,1
2024-07-09 12:39:45,1
2024-07-09 12:38:40,1
2024-07-09 12:38:35,1
2024-07-09 12:38:15,1
2024-07-09 12:38:00,1
2024-07-09 12:37:10,1
2024-07-09 12:36:25,1
2024-07-09 12:36:20,1
2024-07-09 12:35:45,1
2024-07-09 12:35:35,1
2024-07-09 12:35:10,1
2024-07-09 12:34:30,1
2024-07-09 12:34:15,1
2024-07-09 12:34:00,1
2024-07-09 12:32:45,1
2024-07-09 12:32:20,1
2024-07-09 12:31:55,1
2024-07-09 15:03:15,1
2024-07-09 15:04:00,1
2024-07-09 15:04:10,1
2024-07-09 15:06:00,1
2024-07-09 15:07:20,1
2024-07-09 15:07:10,1
2024-07-09 15:07:05,1
2024-07-09 15:06:55,1
2024-07-09 15:06:45,1
2024-07-09 15:06:40,1
2024-07-09 15:06:30,1
2024-07-09 15:06:20,1
2024-07-09 15:06:15,1
2024-07-09 15:06:05,1
2024-07-09 15:05:50,1
2024-07-09 15:04:20,1
2024-07-09 15:05:40,1
2024-07-09 15:05:35,1
2024-07-09 15:05:25,1
2024-07-09 15:05:15,1
2024-07-09 15:05:10,1
2024-07-09 15:05:00,1
2024-07-09 15:04:50,1
2024-07-09 15:04:45,1
2024-07-09 15:04:35,1
2024-07-09 15:04:25,1
2024-07-09 16:11:00,1
2024-07-09 16:11:40,1
2024-07-09 09:28:45,1
2024-07-09 17:34:30,1
2024-07-09 17:34:15,1
2024-07-09 17:34:05,1
2024-07-09 17:34:00,1
2024-07-09 17:33:50,1
2024-07-09 17:33:40,1
2024-07-09 17:33:30,1
2024-07-09 17:33:15,1
2024-07-09 17:32:55,1
2024-07-09 17:32:50,1
2024-07-09 17:32:40,1
2024-07-09 17:31:25,1
2024-07-09 17:31:20,1
2024-07-09 17:31:00,1
2024-07-09 17:30:55,1
2024-07-09 17:30:20,1
2024-07-09 17:29:50,1
2024-07-09 17:29:45,1
2024-07-09 17:28:45,1
2024-07-09 17:28:35,1
2024-07-09 17:27:50,1
2024-07-09 17:27:40,1
2024-07-09 17:27:35,1
2024-07-09 17:27:25,1
2024-07-09 17:34:25,1
2024-07-09 17:34:50,1
2024-07-09 17:27:05,1
2024-07-09 17:35:05,1
2024-07-09 17:40:40,1
2024-07-09 17:40:30,1
2024-07-09 17:40:20,1
2024-07-09 17:40:15,1
2024-07-09 17:40:05,1
2024-07-09 17:39:55,1
2024-07-09 17:39:50,1
2024-07-09 17:39:40,1
2024-07-09 17:39:30,1
2024-07-09 17:39:25,1
2024-07-09 17:39:15,1
2024-07-09 17:39:05,1
2024-07-09 17:39:00,1
2024-07-09 17:38:50,1
2024-07-09 17:38:40,1
2024-07-09 17:38:30,1
2024-07-09 17:38:25,1
2024-07-09 17:38:15,1
2024-07-09 17:38:05,1
2024-07-09 17:37:55,1
2024-07-09 17:37:50,1
2024-07-09 17:37:40,1
2024-07-09 17:37:30,1
2024-07-09 17:27:15,1
2024-07-09 17:26:55,1
2024-07-09 17:18:20,1
2024-07-09 17:22:00,1
2024-07-09 17:21:40,1
2024-07-09 17:21:35,1
2024-07-09 17:21:25,1
2024-07-09 17:21:15,1
2024-07-09 17:21:10,1
2024-07-09 17:21:00,1
2024-07-09 17:20:50,1
2024-07-09 17:20:45,1
2024-07-09 17:20:35,1
2024-07-09 17:20:25,1
2024-07-09 17:20:15,1
2024-07-09 17:20:10,1
2024-07-09 17:20:00,1
2024-07-09 17:19:50,1
2024-07-09 17:19:45,1
2024-07-09 17:19:35,1
2024-07-09 17:19:25,1
2024-07-09 17:19:15,1
2024-07-09 17:19:10,1
2024-07-09 17:19:00,1
2024-07-09 17:18:50,1
2024-07-09 17:18:45,1
2024-07-09 17:18:35,1
2024-07-09 17:21:50,1
2024-07-09 17:22:05,1
2024-07-09 17:26:30,1
2024-07-09 17:22:15,1
2024-07-09 17:26:20,1
2024-07-09 17:26:15,1
2024-07-09 17:26:05,1
2024-07-09 17:25:55,1
2024-07-09 17:25:45,1
2024-07-09 17:25:40,1
2024-07-09 17:25:30,1
2024-07-09 17:25:20,1
2024-07-09 17:25:15,1
2024-07-09 17:25:05,1
2024-07-09 17:24:55,1
2024-07-09 17:24:45,1
2024-07-09 17:24:40,1
2024-07-09 17:24:30,1
2024-07-09 17:24:20,1
2024-07-09 17:24:10,1
2024-07-09 17:24:05,1
2024-07-09 17:23:55,1
2024-07-09 17:23:45,1
2024-07-09 17:23:35,1
2024-07-09 17:23:30,1
2024-07-09 17:23:20,1
2024-07-09 17:23:10,1
2024-07-09 17:40:50,1
2024-07-09 17:40:55,1
2024-07-09 17:41:05,1
2024-07-09 17:52:15,1
2024-07-09 17:52:00,1
2024-07-09 17:51:50,1
2024-07-09 17:51:40,1
2024-07-09 17:51:35,1
2024-07-09 17:51:25,1
2024-07-09 17:51:15,1
2024-07-09 17:51:10,1
2024-07-09 17:51:00,1
2024-07-09 17:50:50,1
2024-07-09 17:50:45,1
2024-07-09 17:50:35,1
2024-07-09 17:50:25,1
2024-07-09 17:50:15,1
2024-07-09 17:50:10,1
2024-07-09 17:50:00,1
2024-07-09 17:49:50,1
2024-07-09 17:49:45,1
2024-07-09 17:49:35,1
2024-07-09 17:49:25,1
2024-07-09 17:49:20,1
2024-07-09 17:49:10,1
2024-07-09 17:49:00,1
2024-07-09 17:48:55,1
2024-07-09 17:52:05,1
2024-07-09 17:52:25,1
2024-07-09 17:41:15,1
2024-07-09 17:52:35,1
2024-07-09 17:59:15,1
2024-07-09 17:58:40,1
2024-07-09 17:58:25,1
2024-07-09 17:58:05,1
2024-07-09 17:58:00,1
2024-07-09 17:57:25,1
2024-07-09 17:57:15,1
2024-07-09 17:56:40,1
2024-07-09 17:56:35,1
2024-07-09 17:56:25,1
2024-07-09 17:56:15,1
2024-07-09 17:55:50,1
2024-07-09 17:55:45,1
2024-07-09 17:55:25,1
2024-07-09 17:55:10,1
2024-07-09 17:54:45,1
2024-07-09 17:53:35,1
2024-07-09 17:53:25,1
2024-07-09 17:53:15,1
2024-07-09 17:53:05,1
2024-07-09 17:53:00,1
2024-07-09 17:52:50,1
2024-07-09 17:52:40,1
2024-07-09 17:48:45,1
2024-07-09 17:48:35,1
2024-07-09 17:48:30,1
2024-07-09 17:48:20,1
2024-07-09 17:44:30,1
2024-07-09 17:44:20,1
2024-07-09 17:44:15,1
2024-07-09 17:44:05,1
2024-07-09 17:43:55,1
2024-07-09 17:43:50,1
2024-07-09 17:43:40,1
2024-07-09 17:43:30,1
2024-07-09 17:43:25,1
2024-07-09 17:43:15,1
2024-07-09 17:43:05,1
2024-07-09 17:42:55,1
2024-07-09 17:42:45,1
2024-07-09 17:42:40,1
2024-07-09 17:42:30,1
2024-07-09 17:42:20,1
2024-07-09 17:42:15,1
2024-07-09 17:42:05,1
2024-07-09 17:41:55,1
2024-07-09 17:41:45,1
2024-07-09 17:41:40,1
2024-07-09 17:41:30,1
2024-07-09 17:41:20,1
2024-07-09 17:44:40,1
2024-07-09 17:44:45,1
2024-07-09 17:44:55,1
2024-07-09 17:46:45,1
2024-07-09 17:48:10,1
2024-07-09 17:48:05,1
2024-07-09 17:47:55,1
2024-07-09 17:47:45,1
2024-07-09 17:47:35,1
2024-07-09 17:47:30,1
2024-07-09 17:47:20,1
2024-07-09 17:47:10,1
2024-07-09 17:47:05,1
2024-07-09 17:46:55,1
2024-07-09 17:46:40,1
2024-07-09 17:45:05,1
2024-07-09 17:46:30,1
2024-07-09 17:46:20,1
2024-07-09 17:46:15,1
2024-07-09 17:46:05,1
2024-07-09 17:46:00,1
2024-07-09 17:45:50,1
2024-07-09 17:45:40,1
2024-07-09 17:45:35,1
2024-07-09 17:45:25,1
2024-07-09 17:45:15,1
2024-07-09 17:18:25,1
2024-07-09 17:18:10,1
2024-07-09 16:11:45,1
2024-07-09 16:37:25,1
2024-07-09 16:35:45,1
2024-07-09 16:35:25,1
2024-07-09 16:35:15,1
2024-07-09 16:35:05,1
2024-07-09 16:35:00,1
2024-07-09 16:34:50,1
2024-07-09 16:34:40,1
2024-07-09 16:34:35,1
2024-07-09 16:34:25,1
2024-07-09 16:34:15,1
2024-07-09 16:34:10,1
2024-07-09 16:33:30,1
2024-07-09 16:33:05,1
2024-07-09 16:32:55,1
2024-07-09 16:32:40,1
2024-07-09 16:31:45,1
2024-07-09 16:31:10,1
2024-07-09 16:31:05,1
2024-07-09 16:30:45,1
2024-07-09 16:30:30,1
2024-07-09 16:30:20,1
2024-07-09 16:30:10,1
2024-07-09 16:30:05,1
2024-07-09 16:37:05,1
2024-07-09 16:37:35,1
2024-07-09 16:29:30,1
2024-07-09 16:38:00,1
2024-07-09 16:46:20,1
2024-07-09 16:45:25,1
2024-07-09 16:45:20,1
2024-07-09 16:44:05,1
2024-07-09 16:43:40,1
2024-07-09 16:43:30,1
2024-07-09 16:42:40,1
2024-07-09 16:42:20,1
2024-07-09 16:42:10,1
2024-07-09 16:42:05,1
2024-07-09 16:41:55,1
2024-07-09 16:41:45,1
2024-07-09 16:40:45,1
2024-07-09 16:40:35,1
2024-07-09 16:40:25,1
2024-07-09 16:40:20,1
2024-07-09 16:40:10,1
2024-07-09 16:40:00,1
2024-07-09 16:39:25,1
2024-07-09 16:39:15,1
2024-07-09 16:39:10,1
2024-07-09 16:38:50,1
2024-07-09 16:38:35,1
2024-07-09 16:29:45,1
2024-07-09 16:28:45,1
2024-07-09 17:18:00,1
2024-07-09 16:19:20,1
2024-07-09 16:19:00,1
2024-07-09 16:18:55,1
2024-07-09 16:18:45,1
2024-07-09 16:18:35,1
2024-07-09 16:18:30,1
2024-07-09 16:15:05,1
2024-07-09 16:14:55,1
2024-07-09 16:14:50,1
2024-07-09 16:14:40,1
2024-07-09 16:14:30,1
2024-07-09 16:14:25,1
2024-07-09 16:14:15,1
2024-07-09 16:14:05,1
2024-07-09 16:13:55,1
2024-07-09 16:13:50,1
2024-07-09 16:13:40,1
2024-07-09 16:13:30,1
2024-07-09 16:13:25,1
2024-07-09 16:12:50,1
2024-07-09 16:12:40,1
2024-07-09 16:12:35,1
2024-07-09 16:12:25,1
2024-07-09 16:12:05,1
2024-07-09 16:19:10,1
2024-07-09 16:19:30,1
2024-07-09 16:28:15,1
2024-07-09 16:19:35,1
2024-07-09 16:28:10,1
2024-07-09 16:27:05,1
2024-07-09 16:26:45,1
2024-07-09 16:25:20,1
2024-07-09 16:25:10,1
2024-07-09 16:25:00,1
2024-07-09 16:24:50,1
2024-07-09 16:24:10,1
2024-07-09 16:24:05,1
2024-07-09 16:22:05,1
2024-07-09 16:21:25,1
2024-07-09 16:21:15,1
2024-07-09 16:21:10,1
2024-07-09 16:21:00,1
2024-07-09 16:20:50,1
2024-07-09 16:20:45,1
2024-07-09 16:20:35,1
2024-07-09 16:20:25,1
2024-07-09 16:20:20,1
2024-07-09 16:20:10,1
2024-07-09 16:20:00,1
2024-07-09 16:19:55,1
2024-07-09 16:19:45,1
2024-07-09 16:46:30,1
2024-07-09 16:46:40,1
2024-07-09 16:47:05,1
2024-07-09 17:14:05,1
2024-07-09 17:13:50,1
2024-07-09 17:13:40,1
2024-07-09 17:13:35,1
2024-07-09 17:13:25,1
2024-07-09 17:13:15,1
2024-07-09 17:13:05,1
2024-07-09 17:13:00,1
2024-07-09 17:12:50,1
2024-07-09 17:12:40,1
2024-07-09 17:12:35,1
2024-07-09 17:12:25,1
2024-07-09 17:12:15,1
2024-07-09 17:12:10,1
2024-07-09 17:12:00,1
2024-07-09 17:11:50,1
2024-07-09 17:11:40,1
2024-07-09 17:11:35,1
2024-07-09 17:11:25,1
2024-07-09 17:11:15,1
2024-07-09 17:11:10,1
2024-07-09 17:11:00,1
2024-07-09 17:10:50,1
2024-07-09 17:10:45,1
2024-07-09 17:14:00,1
2024-07-09 17:14:15,1
2024-07-09 16:47:30,1
2024-07-09 17:14:25,1
2024-07-09 17:17:55,1
2024-07-09 17:17:45,1
2024-07-09 17:17:35,1
2024-07-09 17:17:30,1
2024-07-09 17:17:20,1
2024-07-09 17:17:10,1
2024-07-09 17:17:00,1
2024-07-09 17:16:55,1
2024-07-09 17:16:45,1
2024-07-09 17:16:35,1
2024-07-09 17:16:30,1
2024-07-09 17:16:20,1
2024-07-09 17:16:10,1
2024-07-09 17:16:00,1
2024-07-09 17:15:55,1
2024-07-09 17:15:45,1
2024-07-09 17:15:35,1
2024-07-09 17:15:25,1
2024-07-09 17:15:20,1
2024-07-09 17:15:10,1
2024-07-09 17:15:00,1
2024-07-09 17:14:40,1
2024-07-09 17:14:35,1
2024-07-09 17:10:35,1
2024-07-09 17:10:25,1
2024-07-09 17:10:15,1
2024-07-09 17:10:10,1
2024-07-09 17:06:00,1
2024-07-09 17:05:55,1
2024-07-09 17:05:45,1
2024-07-09 17:05:35,1
2024-07-09 17:05:30,1
2024-07-09 17:05:05,1
2024-07-09 17:05:00,1
2024-07-09 17:04:50,1
2024-07-09 17:04:40,1
2024-07-09 17:04:35,1
2024-07-09 17:02:55,1
2024-07-09 17:02:45,1
2024-07-09 17:02:35,1
2024-07-09 17:02:30,1
2024-07-09 16:51:45,1
2024-07-09 16:51:40,1
2024-07-09 16:51:30,1
2024-07-09 16:51:20,1
2024-07-09 16:51:10,1
2024-07-09 16:51:05,1
2024-07-09 16:50:55,1
2024-07-09 16:47:55,1
2024-07-09 16:47:40,1
2024-07-09 17:06:10,1
2024-07-09 17:06:20,1
2024-07-09 17:06:25,1
2024-07-09 17:08:35,1
2024-07-09 17:10:00,1
2024-07-09 17:09:50,1
2024-07-09 17:09:45,1
2024-07-09 17:09:35,1
2024-07-09 17:09:25,1
2024-07-09 17:09:15,1
2024-07-09 17:09:10,1
2024-07-09 17:09:00,1
2024-07-09 17:08:50,1
2024-07-09 17:08:40,1
2024-07-09 17:08:25,1
2024-07-09 17:06:35,1
2024-07-09 17:08:15,1
2024-07-09 17:08:10,1
2024-07-09 17:08:00,1
2024-07-09 17:07:50,1
2024-07-09 17:07:45,1
2024-07-09 17:07:35,1
2024-07-09 17:07:25,1
2024-07-09 17:07:00,1
2024-07-09 17:06:55,1
2024-07-09 17:06:45,1
2024-07-09 12:07:10,1
2024-07-09 12:07:05,1
2024-07-09 12:06:55,1
2024-07-09 10:14:15,1
2024-07-09 10:13:55,1
2024-07-09 10:13:50,1
2024-07-09 10:13:30,1
2024-07-09 10:13:20,1
2024-07-09 10:13:15,1
2024-07-09 10:13:05,1
2024-07-09 10:12:55,1
2024-07-09 10:12:50,1
2024-07-09 10:12:40,1
2024-07-09 10:12:30,1
2024-07-09 10:12:20,1
2024-07-09 10:12:15,1
2024-07-09 10:12:05,1
2024-07-09 10:11:55,1
2024-07-09 10:11:50,1
2024-07-09 10:11:40,1
2024-07-09 10:11:30,1
2024-07-09 10:11:25,1
2024-07-09 10:11:15,1
2024-07-09 10:11:05,1
2024-07-09 10:11:00,1
2024-07-09 10:10:50,1
2024-07-09 10:10:40,1
2024-07-09 10:14:05,1
2024-07-09 10:14:20,1
2024-07-09 10:10:25,1
2024-07-09 10:14:30,1
2024-07-09 10:17:45,1
2024-07-09 10:17:35,1
2024-07-09 10:17:30,1
2024-07-09 10:17:20,1
2024-07-09 10:17:10,1
2024-07-09 10:17:00,1
2024-07-09 10:16:55,1
2024-07-09 10:16:45,1
2024-07-09 10:16:35,1
2024-07-09 10:16:25,1
2024-07-09 10:16:20,1
2024-07-09 10:16:10,1
2024-07-09 10:16:00,1
2024-07-09 10:15:55,1
2024-07-09 10:15:45,1
2024-07-09 10:15:35,1
2024-07-09 10:15:30,1
2024-07-09 10:15:20,1
2024-07-09 10:15:10,1
2024-07-09 10:15:00,1
2024-07-09 10:14:55,1
2024-07-09 10:14:45,1
2024-07-09 10:14:40,1
2024-07-09 10:10:35,1
2024-07-09 10:10:15,1
2024-07-09 10:03:00,1
2024-07-09 10:06:35,1
2024-07-09 10:06:15,1
2024-07-09 10:06:10,1
2024-07-09 10:06:00,1
2024-07-09 10:05:50,1
2024-07-09 10:05:45,1
2024-07-09 10:05:35,1
2024-07-09 10:05:30,1
2024-07-09 10:05:20,1
2024-07-09 10:05:10,1
2024-07-09 10:05:05,1
2024-07-09 10:04:55,1
2024-07-09 10:04:45,1
2024-07-09 10:04:40,1
2024-07-09 10:04:30,1
2024-07-09 10:04:20,1
2024-07-09 10:04:15,1
2024-07-09 10:04:05,1
2024-07-09 10:03:55,1
2024-07-09 10:03:50,1
2024-07-09 10:03:40,1
2024-07-09 10:03:30,1
2024-07-09 10:03:25,1
2024-07-09 10:03:15,1
2024-07-09 10:06:25,1
2024-07-09 10:06:40,1
2024-07-09 10:10:10,1
2024-07-09 10:06:50,1
2024-07-09 10:10:00,1
2024-07-09 10:09:50,1
2024-07-09 10:09:45,1
2024-07-09 10:09:35,1
2024-07-09 10:09:25,1
2024-07-09 10:09:20,1
2024-07-09 10:09:10,1
2024-07-09 10:09:05,1
2024-07-09 10:08:55,1
2024-07-09 10:08:45,1
2024-07-09 10:08:40,1
2024-07-09 10:08:30,1
2024-07-09 10:08:20,1
2024-07-09 10:08:15,1
2024-07-09 10:08:05,1
2024-07-09 10:07:55,1
2024-07-09 10:07:50,1
2024-07-09 10:07:40,1
2024-07-09 10:07:30,1
2024-07-09 10:07:25,1
2024-07-09 10:07:15,1
2024-07-09 10:07:05,1
2024-07-09 10:07:00,1
2024-07-09 10:17:55,1
2024-07-09 10:18:00,1
2024-07-09 10:18:10,1
2024-07-09 10:29:10,1
2024-07-09 10:28:55,1
2024-07-09 10:28:45,1
2024-07-09 10:28:35,1
2024-07-09 10:28:30,1
2024-07-09 10:28:20,1
2024-07-09 10:28:10,1
2024-07-09 10:28:05,1
2024-07-09 10:27:55,1
2024-07-09 10:27:45,1
2024-07-09 10:27:35,1
2024-07-09 10:27:30,1
2024-07-09 10:27:20,1
2024-07-09 10:27:10,1
2024-07-09 10:27:05,1
2024-07-09 10:26:55,1
2024-07-09 10:26:45,1
2024-07-09 10:26:35,1
2024-07-09 10:26:30,1
2024-07-09 10:26:20,1
2024-07-09 10:26:10,1
2024-07-09 10:26:05,1
2024-07-09 10:25:55,1
2024-07-09 10:25:50,1
2024-07-09 10:29:05,1
2024-07-09 10:29:20,1
2024-07-09 10:18:20,1
2024-07-09 10:29:30,1
2024-07-09 10:32:40,1
2024-07-09 10:32:30,1
2024-07-09 10:32:20,1
2024-07-09 10:32:15,1
2024-07-09 10:32:05,1
2024-07-09 10:31:55,1
2024-07-09 10:31:50,1
2024-07-09 10:31:40,1
2024-07-09 10:31:30,1
2024-07-09 10:31:25,1
2024-07-09 10:31:15,1
2024-07-09 10:31:10,1
2024-07-09 10:31:00,1
2024-07-09 10:30:50,1
2024-07-09 10:30:45,1
2024-07-09 10:30:35,1
2024-07-09 10:30:25,1
2024-07-09 10:30:20,1
2024-07-09 10:30:10,1
2024-07-09 10:30:00,1
2024-07-09 10:29:55,1
2024-07-09 10:29:45,1
2024-07-09 10:29:35,1
2024-07-09 10:25:40,1
2024-07-09 10:25:30,1
2024-07-09 10:25:25,1
2024-07-09 10:25:15,1
2024-07-09 10:21:30,1
2024-07-09 10:21:20,1
2024-07-09 10:21:15,1
2024-07-09 10:21:05,1
2024-07-09 10:20:55,1
2024-07-09 10:20:50,1
2024-07-09 10:20:40,1
2024-07-09 10:20:30,1
2024-07-09 10:20:25,1
2024-07-09 10:20:15,1
2024-07-09 10:20:05,1
2024-07-09 10:19:55,1
2024-07-09 10:19:50,1
2024-07-09 10:19:40,1
2024-07-09 10:19:35,1
2024-07-09 10:19:25,1
2024-07-09 10:19:15,1
2024-07-09 10:19:10,1
2024-07-09 10:19:00,1
2024-07-09 10:18:50,1
2024-07-09 10:18:45,1
2024-07-09 10:18:35,1
2024-07-09 10:18:25,1
2024-07-09 10:21:40,1
2024-07-09 10:21:45,1
2024-07-09 10:21:55,1
2024-07-09 10:23:45,1
2024-07-09 10:25:05,1
2024-07-09 10:25:00,1
2024-07-09 10:24:50,1
2024-07-09 10:24:40,1
2024-07-09 10:24:35,1
2024-07-09 10:24:25,1
2024-07-09 10:24:15,1
2024-07-09 10:24:10,1
2024-07-09 10:24:00,1
2024-07-09 10:23:50,1
2024-07-09 10:23:35,1
2024-07-09 10:22:05,1
2024-07-09 10:23:25,1
2024-07-09 10:23:20,1
2024-07-09 10:23:10,1
2024-07-09 10:23:00,1
2024-07-09 10:22:55,1
2024-07-09 10:22:45,1
2024-07-09 10:22:35,1
2024-07-09 10:22:30,1
2024-07-09 10:22:20,1
2024-07-09 10:22:10,1
2024-07-09 10:03:05,1
2024-07-09 10:02:50,1
2024-07-09 12:06:45,1
2024-07-09 09:43:05,1
2024-07-09 09:42:50,1
2024-07-09 09:42:40,1
2024-07-09 09:42:30,1
2024-07-09 09:41:20,1
2024-07-09 09:41:10,1
2024-07-09 09:41:00,1
2024-07-09 09:38:50,1
2024-07-09 09:38:40,1
2024-07-09 09:38:30,1
2024-07-09 09:38:20,1
2024-07-09 09:38:10,1
2024-07-09 09:38:05,1
2024-07-09 09:37:55,1
2024-07-09 09:37:45,1
2024-07-09 09:37:40,1
2024-07-09 09:37:30,1
2024-07-09 09:37:20,1
2024-07-09 09:37:10,1
2024-07-09 09:37:00,1
2024-07-09 09:36:55,1
2024-07-09 09:36:45,1
2024-07-09 09:36:35,1
2024-07-09 09:36:30,1
2024-07-09 09:42:55,1
2024-07-09 09:43:15,1
2024-07-09 09:36:10,1
2024-07-09 09:43:20,1
2024-07-09 09:46:35,1
2024-07-09 09:46:25,1
2024-07-09 09:46:20,1
2024-07-09 09:46:10,1
2024-07-09 09:46:00,1
2024-07-09 09:45:55,1
2024-07-09 09:45:45,1
2024-07-09 09:45:35,1
2024-07-09 09:45:30,1
2024-07-09 09:45:20,1
2024-07-09 09:45:10,1
2024-07-09 09:45:00,1
2024-07-09 09:44:55,1
2024-07-09 09:44:45,1
2024-07-09 09:44:35,1
2024-07-09 09:44:30,1
2024-07-09 09:44:20,1
2024-07-09 09:44:10,1
2024-07-09 09:44:05,1
2024-07-09 09:43:55,1
2024-07-09 09:43:45,1
2024-07-09 09:43:40,1
2024-07-09 09:43:30,1
2024-07-09 09:36:20,1
2024-07-09 09:36:00,1
2024-07-09 10:02:40,1
2024-07-09 09:32:15,1
2024-07-09 09:32:00,1
2024-07-09 09:31:50,1
2024-07-09 09:31:45,1
2024-07-09 09:31:35,1
2024-07-09 09:31:25,1
2024-07-09 09:31:20,1
2024-07-09 09:31:10,1
2024-07-09 09:31:00,1
2024-07-09 09:30:50,1
2024-07-09 09:30:45,1
2024-07-09 09:30:35,1
2024-07-09 09:30:25,1
2024-07-09 09:30:15,1
2024-07-09 09:30:10,1
2024-07-09 09:30:00,1
2024-07-09 09:29:50,1
2024-07-09 09:29:40,1
2024-07-09 09:29:35,1
2024-07-09 09:29:25,1
2024-07-09 09:29:15,1
2024-07-09 09:29:10,1
2024-07-09 09:29:00,1
2024-07-09 09:28:50,1
2024-07-09 09:32:10,1
2024-07-09 09:32:25,1
2024-07-09 09:35:55,1
2024-07-09 09:32:35,1
2024-07-09 09:35:45,1
2024-07-09 09:35:35,1
2024-07-09 09:35:30,1
2024-07-09 09:35:20,1
2024-07-09 09:35:15,1
2024-07-09 09:35:05,1
2024-07-09 09:34:55,1
2024-07-09 09:34:45,1
2024-07-09 09:34:40,1
2024-07-09 09:34:30,1
2024-07-09 09:34:25,1
2024-07-09 09:34:15,1
2024-07-09 09:34:05,1
2024-07-09 09:33:55,1
2024-07-09 09:33:50,1
2024-07-09 09:33:40,1
2024-07-09 09:33:30,1
2024-07-09 09:33:25,1
2024-07-09 09:33:15,1
2024-07-09 09:33:05,1
2024-07-09 09:33:00,1
2024-07-09 09:32:50,1
2024-07-09 09:32:40,1
2024-07-09 09:46:45,1
2024-07-09 09:46:50,1
2024-07-09 09:47:00,1
2024-07-09 09:59:05,1
2024-07-09 09:58:50,1
2024-07-09 09:58:40,1
2024-07-09 09:58:30,1
2024-07-09 09:58:25,1
2024-07-09 09:58:15,1
2024-07-09 09:58:05,1
2024-07-09 09:58:00,1
2024-07-09 09:57:50,1
2024-07-09 09:57:40,1
2024-07-09 09:57:35,1
2024-07-09 09:57:25,1
2024-07-09 09:57:15,1
2024-07-09 09:57:10,1
2024-07-09 09:57:00,1
2024-07-09 09:56:50,1
2024-07-09 09:56:45,1
2024-07-09 09:56:35,1
2024-07-09 09:56:25,1
2024-07-09 09:55:45,1
2024-07-09 09:55:30,1
2024-07-09 09:55:00,1
2024-07-09 09:54:55,1
2024-07-09 09:54:45,1
2024-07-09 09:58:55,1
2024-07-09 09:59:15,1
2024-07-09 09:47:10,1
2024-07-09 09:59:20,1
2024-07-09 10:02:35,1
2024-07-09 10:02:25,1
2024-07-09 10:02:15,1
2024-07-09 10:02:10,1
2024-07-09 10:02:00,1
2024-07-09 10:01:50,1
2024-07-09 10:01:45,1
2024-07-09 10:01:35,1
2024-07-09 10:01:25,1
2024-07-09 10:01:20,1
2024-07-09 10:01:10,1
2024-07-09 10:01:00,1
2024-07-09 10:00:55,1
2024-07-09 10:00:45,1
2024-07-09 10:00:35,1
2024-07-09 10:00:30,1
2024-07-09 10:00:20,1
2024-07-09 10:00:10,1
2024-07-09 10:00:00,1
2024-07-09 09:59:55,1
2024-07-09 09:59:45,1
2024-07-09 09:59:40,1
2024-07-09 09:59:30,1
2024-07-09 09:54:35,1
2024-07-09 09:54:30,1
2024-07-09 09:54:20,1
2024-07-09 09:54:10,1
2024-07-09 09:50:25,1
2024-07-09 09:50:15,1
2024-07-09 09:50:05,1
2024-07-09 09:50:00,1
2024-07-09 09:49:45,1
2024-07-09 09:49:40,1
2024-07-09 09:49:30,1
2024-07-09 09:49:20,1
2024-07-09 09:49:15,1
2024-07-09 09:49:05,1
2024-07-09 09:48:55,1
2024-07-09 09:48:50,1
2024-07-09 09:48:40,1
2024-07-09 09:48:30,1
2024-07-09 09:48:25,1
2024-07-09 09:48:15,1
2024-07-09 09:48:05,1
2024-07-09 09:48:00,1
2024-07-09 09:47:50,1
2024-07-09 09:47:40,1
2024-07-09 09:47:35,1
2024-07-09 09:47:25,1
2024-07-09 09:47:15,1
2024-07-09 09:50:30,1
2024-07-09 09:50:40,1
2024-07-09 09:50:50,1
2024-07-09 09:52:35,1
2024-07-09 09:54:00,1
2024-07-09 09:53:55,1
2024-07-09 09:53:45,1
2024-07-09 09:53:35,1
2024-07-09 09:53:30,1
2024-07-09 09:53:20,1
2024-07-09 09:53:10,1
2024-07-09 09:53:05,1
2024-07-09 09:52:55,1
2024-07-09 09:52:45,1
2024-07-09 09:52:30,1
2024-07-09 09:50:55,1
2024-07-09 09:52:20,1
2024-07-09 09:52:10,1
2024-07-09 09:52:05,1
2024-07-09 09:51:55,1
2024-07-09 09:51:45,1
2024-07-09 09:51:40,1
2024-07-09 09:51:30,1
2024-07-09 09:51:20,1
2024-07-09 09:51:15,1
2024-07-09 09:51:05,1
2024-07-09 10:32:45,1
2024-07-09 10:32:55,1
2024-07-09 10:33:05,1
2024-07-09 11:26:45,1
2024-07-09 11:26:10,1
2024-07-09 11:26:05,1
2024-07-09 11:25:55,1
2024-07-09 11:25:40,1
2024-07-09 11:25:15,1
2024-07-09 11:24:55,1
2024-07-09 11:24:15,1
2024-07-09 11:24:10,1
2024-07-09 11:24:00,1
2024-07-09 11:23:25,1
2024-07-09 11:23:20,1
2024-07-09 11:22:45,1
2024-07-09 11:21:55,1
2024-07-09 11:21:30,1
2024-07-09 11:21:05,1
2024-07-09 11:20:55,1
2024-07-09 11:20:40,1
2024-07-09 11:19:50,1
2024-07-09 11:19:10,1
2024-07-09 11:18:55,1
2024-07-09 11:18:30,1
2024-07-09 11:18:05,1
2024-07-09 11:17:55,1
2024-07-09 11:26:30,1
2024-07-09 11:27:00,1
2024-07-09 11:17:30,1
2024-07-09 11:27:30,1
2024-07-09 11:35:25,1
2024-07-09 11:34:35,1
2024-07-09 11:34:25,1
2024-07-09 11:34:15,1
2024-07-09 11:34:00,1
2024-07-09 11:33:45,1
2024-07-09 11:33:35,1
2024-07-09 11:33:25,1
2024-07-09 11:33:20,1
2024-07-09 11:33:00,1
2024-07-09 11:32:45,1
2024-07-09 11:32:35,1
2024-07-09 11:32:20,1
2024-07-09 11:31:50,1
2024-07-09 11:31:40,1
2024-07-09 11:31:05,1
2024-07-09 11:30:30,1
2024-07-09 11:30:25,1
2024-07-09 11:30:15,1
2024-07-09 11:30:05,1
2024-07-09 11:29:55,1
2024-07-09 11:29:50,1
2024-07-09 11:29:25,1
2024-07-09 11:17:45,1
2024-07-09 11:17:20,1
2024-07-09 10:33:10,1
2024-07-09 11:10:25,1
2024-07-09 11:10:10,1
2024-07-09 11:10:00,1
2024-07-09 11:09:55,1
2024-07-09 11:09:45,1
2024-07-09 11:09:35,1
2024-07-09 11:09:30,1
2024-07-09 11:09:20,1
2024-07-09 11:09:10,1
2024-07-09 11:09:05,1
2024-07-09 11:08:55,1
2024-07-09 11:08:45,1
2024-07-09 11:08:40,1
2024-07-09 11:08:30,1
2024-07-09 11:08:20,1
2024-07-09 11:08:15,1
2024-07-09 11:08:05,1
2024-07-09 11:07:55,1
2024-07-09 11:07:50,1
2024-07-09 11:07:40,1
2024-07-09 11:07:30,1
2024-07-09 11:07:25,1
2024-07-09 11:07:15,1
2024-07-09 11:07:05,1
2024-07-09 11:10:15,1
2024-07-09 11:10:35,1
2024-07-09 11:17:05,1
2024-07-09 11:11:05,1
2024-07-09 11:16:50,1
2024-07-09 11:16:30,1
2024-07-09 11:16:15,1
2024-07-09 11:16:10,1
2024-07-09 11:16:00,1
2024-07-09 11:15:35,1
2024-07-09 11:15:25,1
2024-07-09 11:15:15,1
2024-07-09 11:15:00,1
2024-07-09 11:14:45,1
2024-07-09 11:14:30,1
2024-07-09 11:14:20,1
2024-07-09 11:14:00,1
2024-07-09 11:13:55,1
2024-07-09 11:13:35,1
2024-07-09 11:13:25,1
2024-07-09 11:13:15,1
2024-07-09 11:13:10,1
2024-07-09 11:13:00,1
2024-07-09 11:12:40,1
2024-07-09 11:12:30,1
2024-07-09 11:12:05,1
2024-07-09 11:11:50,1
2024-07-09 11:35:35,1
2024-07-09 11:35:45,1
2024-07-09 11:35:50,1
2024-07-09 12:02:05,1
2024-07-09 12:01:30,1
2024-07-09 12:01:20,1
2024-07-09 12:01:15,1
2024-07-09 12:00:55,1
2024-07-09 12:00:50,1
2024-07-09 12:00:40,1
2024-07-09 12:00:30,1
2024-07-09 11:59:45,1
2024-07-09 11:59:35,1
2024-07-09 11:59:20,1
2024-07-09 11:59:00,1
2024-07-09 11:58:55,1
2024-07-09 11:58:30,1
2024-07-09 11:57:55,1
2024-07-09 11:57:20,1
2024-07-09 11:56:55,1
2024-07-09 11:56:15,1
2024-07-09 11:56:05,1
2024-07-09 11:55:35,1
2024-07-09 11:55:15,1
2024-07-09 11:55:00,1
2024-07-09 11:54:50,1
2024-07-09 11:54:30,1
2024-07-09 12:01:45,1
2024-07-09 12:02:10,1
2024-07-09 11:36:15,1
2024-07-09 12:02:30,1
2024-07-09 12:06:40,1
2024-07-09 12:06:30,1
2024-07-09 12:06:10,1
2024-07-09 12:06:00,1
2024-07-09 12:05:50,1
2024-07-09 12:05:45,1
2024-07-09 12:05:35,1
2024-07-09 12:05:25,1
2024-07-09 12:05:20,1
2024-07-09 12:05:10,1
2024-07-09 12:05:00,1
2024-07-09 12:04:55,1
2024-07-09 12:04:45,1
2024-07-09 12:04:35,1
2024-07-09 12:04:30,1
2024-07-09 12:04:20,1
2024-07-09 12:04:10,1
2024-07-09 12:04:05,1
2024-07-09 12:03:55,1
2024-07-09 12:03:50,1
2024-07-09 12:03:20,1
2024-07-09 12:03:10,1
2024-07-09 12:02:45,1
2024-07-09 11:53:15,1
2024-07-09 11:52:30,1
2024-07-09 11:52:05,1
2024-07-09 11:51:55,1
2024-07-09 11:43:05,1
2024-07-09 11:43:00,1
2024-07-09 11:42:40,1
2024-07-09 11:42:35,1
2024-07-09 11:42:25,1
2024-07-09 11:42:15,1
2024-07-09 11:42:00,1
2024-07-09 11:41:50,1
2024-07-09 11:41:40,1
2024-07-09 11:41:35,1
2024-07-09 11:40:50,1
2024-07-09 11:40:40,1
2024-07-09 11:40:25,1
2024-07-09 11:40:10,1
2024-07-09 11:39:50,1
2024-07-09 11:39:45,1
2024-07-09 11:39:35,1
2024-07-09 11:39:25,1
2024-07-09 11:38:50,1
2024-07-09 11:38:40,1
2024-07-09 11:38:00,1
2024-07-09 11:37:40,1
2024-07-09 11:37:25,1
2024-07-09 11:43:25,1
2024-07-09 11:44:00,1
2024-07-09 11:44:10,1
2024-07-09 11:48:10,1
2024-07-09 11:51:30,1
2024-07-09 11:51:20,1
2024-07-09 11:51:15,1
2024-07-09 11:50:25,1
2024-07-09 11:49:50,1
2024-07-09 11:49:35,1
2024-07-09 11:49:25,1
2024-07-09 11:49:10,1
2024-07-09 11:49:00,1
2024-07-09 11:48:45,1
2024-07-09 11:48:00,1
2024-07-09 11:44:15,1
2024-07-09 11:47:45,1
2024-07-09 11:47:10,1
2024-07-09 11:47:00,1
2024-07-09 11:46:50,1
2024-07-09 11:46:20,1
2024-07-09 11:45:55,1
2024-07-09 11:45:45,1
2024-07-09 11:45:35,1
2024-07-09 11:45:10,1
2024-07-09 11:44:35,1
2024-07-09 11:07:00,1
2024-07-09 11:06:50,1
2024-07-09 11:06:40,1
2024-07-09 10:48:10,1
2024-07-09 10:47:55,1
2024-07-09 10:47:45,1
2024-07-09 10:47:40,1
2024-07-09 10:47:30,1
2024-07-09 10:46:00,1
2024-07-09 10:45:50,1
2024-07-09 10:45:40,1
2024-07-09 10:45:35,1
2024-07-09 10:45:25,1
2024-07-09 10:45:10,1
2024-07-09 10:45:00,1
2024-07-09 10:44:55,1
2024-07-09 10:44:45,1
2024-07-09 10:44:35,1
2024-07-09 10:44:30,1
2024-07-09 10:44:20,1
2024-07-09 10:44:15,1
2024-07-09 10:44:05,1
2024-07-09 10:43:55,1
2024-07-09 10:43:50,1
2024-07-09 10:43:40,1
2024-07-09 10:43:30,1
2024-07-09 10:43:25,1
2024-07-09 10:48:05,1
2024-07-09 10:48:20,1
2024-07-09 10:51:55,1
2024-07-09 10:48:30,1
2024-07-09 10:51:40,1
2024-07-09 10:51:30,1
2024-07-09 10:51:20,1
2024-07-09 10:51:15,1
2024-07-09 10:51:05,1
2024-07-09 10:50:55,1
2024-07-09 10:50:50,1
2024-07-09 10:50:40,1
2024-07-09 10:50:30,1
2024-07-09 10:50:25,1
2024-07-09 10:50:15,1
2024-07-09 10:50:10,1
2024-07-09 10:50:00,1
2024-07-09 10:49:50,1
2024-07-09 10:49:40,1
2024-07-09 10:49:35,1
2024-07-09 10:49:25,1
2024-07-09 10:49:15,1
2024-07-09 10:49:10,1
2024-07-09 10:49:00,1
2024-07-09 10:48:50,1
2024-07-09 10:48:45,1
2024-07-09 10:48:35,1
2024-07-09 10:43:15,1
2024-07-09 10:43:05,1
2024-07-09 10:43:00,1
2024-07-09 10:42:50,1
2024-07-09 10:39:05,1
2024-07-09 10:38:55,1
2024-07-09 10:38:50,1
2024-07-09 10:38:40,1
2024-07-09 10:38:30,1
2024-07-09 10:38:25,1
2024-07-09 10:38:15,1
2024-07-09 10:38:05,1
2024-07-09 10:38:00,1
2024-07-09 10:37:50,1
2024-07-09 10:37:40,1
2024-07-09 10:37:35,1
2024-07-09 10:37:25,1
2024-07-09 10:34:35,1
2024-07-09 10:34:30,1
2024-07-09 10:34:20,1
2024-07-09 10:34:10,1
2024-07-09 10:34:00,1
2024-07-09 10:33:55,1
2024-07-09 10:33:45,1
2024-07-09 10:33:35,1
2024-07-09 10:33:30,1
2024-07-09 10:33:20,1
2024-07-09 10:39:10,1
2024-07-09 10:39:20,1
2024-07-09 10:39:30,1
2024-07-09 10:41:20,1
2024-07-09 10:42:40,1
2024-07-09 10:42:35,1
2024-07-09 10:42:25,1
2024-07-09 10:42:15,1
2024-07-09 10:42:10,1
2024-07-09 10:42:00,1
2024-07-09 10:41:50,1
2024-07-09 10:41:45,1
2024-07-09 10:41:35,1
2024-07-09 10:41:25,1
2024-07-09 10:41:10,1
2024-07-09 10:39:35,1
2024-07-09 10:41:00,1
2024-07-09 10:40:55,1
2024-07-09 10:40:45,1
2024-07-09 10:40:35,1
2024-07-09 10:40:30,1
2024-07-09 10:40:20,1
2024-07-09 10:40:10,1
2024-07-09 10:40:00,1
2024-07-09 10:39:55,1
2024-07-09 10:39:45,1
2024-07-09 10:51:45,1
2024-07-09 10:52:05,1
2024-07-09 11:06:35,1
2024-07-09 11:03:00,1
2024-07-09 11:02:40,1
2024-07-09 11:02:35,1
2024-07-09 11:02:25,1
2024-07-09 11:02:15,1
2024-07-09 11:02:10,1
2024-07-09 11:02:00,1
2024-07-09 11:01:55,1
2024-07-09 11:01:45,1
2024-07-09 11:01:35,1
2024-07-09 11:01:25,1
2024-07-09 11:01:20,1
2024-07-09 11:01:10,1
2024-07-09 11:01:00,1
2024-07-09 11:00:55,1
2024-07-09 11:00:45,1
2024-07-09 11:00:35,1
2024-07-09 11:00:30,1
2024-07-09 11:00:20,1
2024-07-09 11:00:10,1
2024-07-09 11:00:05,1
2024-07-09 10:59:55,1
2024-07-09 10:59:45,1
2024-07-09 10:59:40,1
2024-07-09 11:02:50,1
2024-07-09 11:03:05,1
2024-07-09 10:52:10,1
2024-07-09 11:03:15,1
2024-07-09 11:06:25,1
2024-07-09 11:06:15,1
2024-07-09 11:06:10,1
2024-07-09 11:06:00,1
2024-07-09 11:05:55,1
2024-07-09 11:05:45,1
2024-07-09 11:05:35,1
2024-07-09 11:05:30,1
2024-07-09 11:05:20,1
2024-07-09 11:05:10,1
2024-07-09 11:05:05,1
2024-07-09 11:04:55,1
2024-07-09 11:04:45,1
2024-07-09 11:04:40,1
2024-07-09 11:04:30,1
2024-07-09 11:04:20,1
2024-07-09 11:04:15,1
2024-07-09 11:04:05,1
2024-07-09 11:03:55,1
2024-07-09 11:03:50,1
2024-07-09 11:03:40,1
2024-07-09 11:03:30,1
2024-07-09 11:03:25,1
2024-07-09 10:59:30,1
2024-07-09 10:59:20,1
2024-07-09 10:59:15,1
2024-07-09 10:59:05,1
2024-07-09 10:55:20,1
2024-07-09 10:55:15,1
2024-07-09 10:55:05,1
2024-07-09 10:54:55,1
2024-07-09 10:54:50,1
2024-07-09 10:54:40,1
2024-07-09 10:54:35,1
2024-07-09 10:54:25,1
2024-07-09 10:54:15,1
2024-07-09 10:54:10,1
2024-07-09 10:54:00,1
2024-07-09 10:53:50,1
2024-07-09 10:53:40,1
2024-07-09 10:53:35,1
2024-07-09 10:53:25,1
2024-07-09 10:53:15,1
2024-07-09 10:53:10,1
2024-07-09 10:53:00,1
2024-07-09 10:52:50,1
2024-07-09 10:52:45,1
2024-07-09 10:52:35,1
2024-07-09 10:52:25,1
2024-07-09 10:52:20,1
2024-07-09 10:55:30,1
2024-07-09 10:55:40,1
2024-07-09 10:55:45,1
2024-07-09 10:57:35,1
2024-07-09 10:58:55,1
2024-07-09 10:58:50,1
2024-07-09 10:58:40,1
2024-07-09 10:58:30,1
2024-07-09 10:58:25,1
2024-07-09 10:58:15,1
2024-07-09 10:58:05,1
2024-07-09 10:58:00,1
2024-07-09 10:57:50,1
2024-07-09 10:57:45,1
2024-07-09 10:57:25,1
2024-07-09 10:55:55,1
2024-07-09 10:57:20,1
2024-07-09 10:57:10,1
2024-07-09 10:57:00,1
2024-07-09 10:56:55,1
2024-07-09 10:56:45,1
2024-07-09 10:56:35,1
2024-07-09 10:56:30,1
2024-07-09 10:56:20,1
2024-07-09 10:56:10,1
2024-07-09 10:56:05,1
2024-07-05 11:12:20,1
2024-07-05 10:46:55,1
2024-07-05 11:12:00,1
2023-12-23 07:07:14,1
2023-12-23 08:09:07,1
2023-12-23 08:08:57,1
2023-12-23 08:08:49,1
2023-12-23 08:08:40,1
2023-12-23 08:08:32,1
2023-12-23 08:08:16,1
2023-12-23 08:07:12,1
2023-12-23 08:07:03,1
2023-12-23 08:06:54,1
2023-12-23 08:06:46,1
2023-12-23 08:06:38,1
2023-12-23 08:06:30,1
2023-12-23 08:06:22,1
2023-12-23 08:06:01,1
2023-12-23 08:05:53,1
2023-12-23 08:05:44,1
2023-12-23 08:05:36,1
2023-12-23 08:05:28,1
2023-12-23 08:05:20,1
2023-12-23 08:05:12,1
2023-12-23 08:05:04,1
2023-12-23 08:09:16,1
2023-12-23 08:09:24,1
2023-12-23 08:09:32,1
2023-12-23 08:19:07,1
2023-12-23 08:20:20,1
2023-12-23 08:20:12,1
2023-12-23 08:20:04,1
2023-12-23 08:19:56,1
2023-12-23 08:19:48,1
2023-12-23 08:19:40,1
2023-12-23 08:19:32,1
2023-12-23 08:19:24,1
2023-12-23 08:19:15,1
2023-12-23 08:18:59,1
2023-12-23 08:09:40,1
2023-12-23 08:18:51,1
2023-12-23 08:18:43,1
2023-12-23 08:18:34,1
2023-12-23 08:18:25,1
2023-12-23 08:10:24,1
2023-12-23 08:10:16,1
2023-12-23 08:10:08,1
2023-12-23 08:10:00,1
2023-12-23 08:09:49,1
2023-12-23 08:04:56,1
2023-12-23 08:04:48,1
2023-12-23 08:04:39,1
2023-12-23 07:32:22,1
2023-12-23 07:40:34,1
2023-12-23 07:40:25,1
2023-12-23 07:40:17,1
2023-12-23 07:40:08,1
2023-12-23 07:40:00,1
2023-12-23 07:39:04,1
2023-12-23 07:38:56,1
2023-12-23 07:35:28,1
2023-12-23 07:34:46,1
2023-12-23 07:31:20,1
2023-12-23 07:40:54,1
2023-12-23 07:31:12,1
2023-12-23 07:24:58,1
2023-12-23 07:24:49,1
2023-12-23 07:24:41,1
2023-12-23 07:24:33,1
2023-12-23 07:11:11,1
2023-12-23 07:10:12,1
2023-12-23 07:10:04,1
2023-12-23 07:09:56,1
2023-12-23 07:40:45,1
2023-12-23 07:41:02,1
2023-12-23 08:04:31,1
2023-12-23 08:01:32,1
2023-12-23 08:04:23,1
2023-12-23 08:04:15,1
2023-12-23 08:04:07,1
2023-12-23 08:03:59,1
2023-12-23 08:03:51,1
2023-12-23 08:03:42,1
2023-12-23 08:01:58,1
2023-12-23 08:01:50,1
2023-12-23 08:01:41,1
2023-12-23 07:53:21,1
2023-12-23 07:41:10,1
2023-12-23 07:49:45,1
2023-12-23 07:49:37,1
2023-12-23 07:47:48,1
2023-12-23 07:44:11,1
2023-12-23 07:42:18,1
2023-12-23 07:42:10,1
2023-12-23 07:42:02,1
2023-12-23 07:41:29,1
2023-12-23 07:41:19,1
2023-12-23 08:20:29,1
2023-12-23 08:20:37,1
2023-12-23 08:20:45,1
2023-12-23 08:32:04,1
2023-12-23 08:33:59,1
2023-12-23 08:33:51,1
2023-12-23 08:33:43,1
2023-12-23 08:33:35,1
2023-12-23 08:32:45,1
2023-12-23 08:32:37,1
2023-12-23 08:32:29,1
2023-12-23 08:32:21,1
2023-12-23 08:32:13,1
2023-12-23 08:31:56,1
2023-12-23 08:34:47,1
2023-12-23 08:30:21,1
2023-12-23 08:30:13,1
2023-12-23 08:30:05,1
2023-12-23 08:29:56,1
2023-12-23 08:29:48,1
2023-12-23 08:29:39,1
2023-12-23 08:29:31,1
2023-12-23 08:29:22,1
2023-12-23 08:29:14,1
2023-12-23 08:34:38,1
2023-12-23 08:34:57,1
2023-12-23 08:28:58,1
2023-12-23 08:37:10,1
2023-12-23 08:41:36,1
2023-12-23 08:41:26,1
2023-12-23 08:41:18,1
2023-12-23 08:41:09,1
2023-12-23 08:37:51,1
2023-12-23 08:37:42,1
2023-12-23 08:37:34,1
2023-12-23 08:37:26,1
2023-12-23 08:37:18,1
2023-12-23 08:37:02,1
2023-12-23 08:35:05,1
2023-12-23 08:36:19,1
2023-12-23 08:36:11,1
2023-12-23 08:36:03,1
2023-12-23 08:35:55,1
2023-12-23 08:35:46,1
2023-12-23 08:35:38,1
2023-12-23 08:35:30,1
2023-12-23 08:35:21,1
2023-12-23 08:35:13,1
2023-12-23 08:29:06,1
2023-12-23 08:28:50,1
2023-12-23 08:20:53,1
2023-12-23 08:22:22,1
2023-12-23 08:24:10,1
2023-12-23 08:24:02,1
2023-12-23 08:23:53,1
2023-12-23 08:23:45,1
2023-12-23 08:23:36,1
2023-12-23 08:23:28,1
2023-12-23 08:22:46,1
2023-12-23 08:22:38,1
2023-12-23 08:22:30,1
2023-12-23 08:22:14,1
2023-12-23 08:24:26,1
2023-12-23 08:22:06,1
2023-12-23 08:21:58,1
2023-12-23 08:21:49,1
2023-12-23 08:21:41,1
2023-12-23 08:21:33,1
2023-12-23 08:21:25,1
2023-12-23 08:21:17,1
2023-12-23 08:21:09,1
2023-12-23 08:21:01,1
2023-12-23 08:24:18,1
2023-12-23 08:24:35,1
2023-12-23 08:28:41,1
2023-12-23 08:27:17,1
2023-12-23 08:28:33,1
2023-12-23 08:28:24,1
2023-12-23 08:28:16,1
2023-12-23 08:28:08,1
2023-12-23 08:28:00,1
2023-12-23 08:27:51,1
2023-12-23 08:27:43,1
2023-12-23 08:27:34,1
2023-12-23 08:27:25,1
2023-12-23 08:27:08,1
2023-12-23 08:24:43,1
2023-12-23 08:26:51,1
2023-12-23 08:26:41,1
2023-12-23 08:25:45,1
2023-12-23 08:25:36,1
2023-12-23 08:25:27,1
2023-12-23 08:25:19,1
2023-12-23 08:25:10,1
2023-12-23 08:25:01,1
2023-12-23 08:24:52,1
2023-12-23 07:07:23,1
2023-12-23 07:06:38,1
2023-12-23 08:42:10,1
2023-12-23 07:05:21,1
2023-12-22 10:47:41,1
2023-12-22 10:47:33,1
2023-12-22 10:47:24,1
2023-12-22 10:47:15,1
2023-12-22 10:47:07,1
2023-12-22 10:46:58,1
2023-12-22 10:46:49,1
2023-12-22 10:46:41,1
2023-12-22 10:46:32,1
2023-12-22 10:46:24,1
2023-12-22 10:46:16,1
2023-12-22 10:46:07,1
2023-12-22 10:45:59,1
2023-12-22 10:45:50,1
2023-12-22 10:45:42,1
2023-12-22 10:45:33,1
2023-12-22 10:45:25,1
2023-12-22 10:45:17,1
2023-12-22 10:45:08,1
2023-12-22 10:45:00,1
2023-12-22 10:44:52,1
2023-12-22 10:47:52,1
2023-12-22 10:48:01,1
2023-12-22 10:48:09,1
2023-12-22 10:50:03,1
2023-12-22 10:51:21,1
2023-12-22 10:51:13,1
2023-12-22 10:51:04,1
2023-12-22 10:50:56,1
2023-12-22 10:50:47,1
2023-12-22 10:50:39,1
2023-12-22 10:50:31,1
2023-12-22 10:50:21,1
2023-12-22 10:50:13,1
2023-12-22 10:49:52,1
2023-12-22 10:48:18,1
2023-12-22 10:49:41,1
2023-12-22 10:49:29,1
2023-12-22 10:49:19,1
2023-12-22 10:49:11,1
2023-12-22 10:49:02,1
2023-12-22 10:48:53,1
2023-12-22 10:48:43,1
2023-12-22 10:48:34,1
2023-12-22 10:48:26,1
2023-12-22 10:44:44,1
2023-12-22 10:44:35,1
2023-12-22 10:44:27,1
2023-12-22 10:39:03,1
2023-12-22 10:40:43,1
2023-12-22 10:40:35,1
2023-12-22 10:40:26,1
2023-12-22 10:40:18,1
2023-12-22 10:40:09,1
2023-12-22 10:40:01,1
2023-12-22 10:39:53,1
2023-12-22 10:39:23,1
2023-12-22 10:39:14,1
2023-12-22 10:38:53,1
2023-12-22 10:41:00,1
2023-12-22 10:38:44,1
2023-12-22 10:38:36,1
2023-12-22 10:38:27,1
2023-12-22 10:38:18,1
2023-12-22 10:38:09,1
2023-12-22 10:38:00,1
2023-12-22 10:37:51,1
2023-12-22 10:37:43,1
2023-12-22 10:37:34,1
2023-12-22 10:40:51,1
2023-12-22 10:41:08,1
2023-12-22 10:44:19,1
2023-12-22 10:42:50,1
2023-12-22 10:44:09,1
2023-12-22 10:44:01,1
2023-12-22 10:43:52,1
2023-12-22 10:43:44,1
2023-12-22 10:43:35,1
2023-12-22 10:43:23,1
2023-12-22 10:43:14,1
2023-12-22 10:43:06,1
2023-12-22 10:42:58,1
2023-12-22 10:42:42,1
2023-12-22 10:41:16,1
2023-12-22 10:42:33,1
2023-12-22 10:42:25,1
2023-12-22 10:42:16,1
2023-12-22 10:42:07,1
2023-12-22 10:41:59,1
2023-12-22 10:41:51,1
2023-12-22 10:41:42,1
2023-12-22 10:41:32,1
2023-12-22 10:41:24,1
2023-12-22 10:51:30,1
2023-12-22 10:51:38,1
2023-12-22 10:51:46,1
2023-12-22 11:00:19,1
2023-12-23 06:30:26,1
2023-12-23 06:30:18,1
2023-12-23 06:22:11,1
2023-12-23 06:21:05,1
2023-12-23 06:20:57,1
2023-12-22 11:00:56,1
2023-12-22 11:00:45,1
2023-12-22 11:00:36,1
2023-12-22 11:00:27,1
2023-12-22 11:00:11,1
2023-12-23 06:30:43,1
2023-12-22 11:00:03,1
2023-12-22 10:59:55,1
2023-12-22 10:59:46,1
2023-12-22 10:59:38,1
2023-12-22 10:59:29,1
2023-12-22 10:59:18,1
2023-12-22 10:59:10,1
2023-12-22 10:59:01,1
2023-12-22 10:58:53,1
2023-12-23 06:30:35,1
2023-12-23 06:31:25,1
2023-12-22 10:58:36,1
2023-12-23 06:47:38,1
2023-12-23 07:05:13,1
2023-12-23 07:05:05,1
2023-12-23 06:54:58,1
2023-12-23 06:50:06,1
2023-12-23 06:49:58,1
2023-12-23 06:49:50,1
2023-12-23 06:49:42,1
2023-12-23 06:49:34,1
2023-12-23 06:47:46,1
2023-12-23 06:41:41,1
2023-12-23 06:34:53,1
2023-12-23 06:41:32,1
2023-12-23 06:41:09,1
2023-12-23 06:41:01,1
2023-12-23 06:40:52,1
2023-12-23 06:37:47,1
2023-12-23 06:37:39,1
2023-12-23 06:37:30,1
2023-12-23 06:37:22,1
2023-12-23 06:36:21,1
2023-12-22 10:58:44,1
2023-12-22 10:58:27,1
2023-12-22 10:51:55,1
2023-12-22 10:53:27,1
2023-12-22 10:54:44,1
2023-12-22 10:54:35,1
2023-12-22 10:54:26,1
2023-12-22 10:54:18,1
2023-12-22 10:54:10,1
2023-12-22 10:54:01,1
2023-12-22 10:53:53,1
2023-12-22 10:53:45,1
2023-12-22 10:53:36,1
2023-12-22 10:53:19,1
2023-12-22 10:55:01,1
2023-12-22 10:53:10,1
2023-12-22 10:53:02,1
2023-12-22 10:52:53,1
2023-12-22 10:52:45,1
2023-12-22 10:52:37,1
2023-12-22 10:52:28,1
2023-12-22 10:52:20,1
2023-12-22 10:52:12,1
2023-12-22 10:52:03,1
2023-12-22 10:54:53,1
2023-12-22 10:55:10,1
2023-12-22 10:58:19,1
2023-12-22 10:56:55,1
2023-12-22 10:58:11,1
2023-12-22 10:58:02,1
2023-12-22 10:57:54,1
2023-12-22 10:57:46,1
2023-12-22 10:57:38,1
2023-12-22 10:57:29,1
2023-12-22 10:57:21,1
2023-12-22 10:57:12,1
2023-12-22 10:57:04,1
2023-12-22 10:56:47,1
2023-12-22 10:55:19,1
2023-12-22 10:56:38,1
2023-12-22 10:56:30,1
2023-12-22 10:56:21,1
2023-12-22 10:56:12,1
2023-12-22 10:56:03,1
2023-12-22 10:55:55,1
2023-12-22 10:55:46,1
2023-12-22 10:55:37,1
2023-12-22 10:55:28,1
2023-12-23 08:41:44,1
2023-12-23 08:42:18,1
2023-12-29 16:10:00,1
2023-12-23 09:37:32,1
2023-12-29 15:52:20,1
2023-12-29 15:51:30,1
2023-12-29 15:51:13,1
2023-12-29 15:50:57,1
2023-12-29 15:50:48,1
2023-12-29 15:50:40,1
2023-12-29 15:50:31,1
2023-12-29 15:50:23,1
2023-12-29 15:50:15,1
2023-12-29 15:50:07,1
2023-12-29 15:49:58,1
2023-12-29 15:49:50,1
2023-12-29 15:49:42,1
2023-12-29 15:48:53,1
2023-12-29 15:48:44,1
2023-12-29 15:48:36,1
2023-12-29 15:48:28,1
2023-12-29 15:48:20,1
2023-12-29 15:48:12,1
2023-12-29 15:48:04,1
2023-12-29 15:47:56,1
2023-12-29 15:52:28,1
2023-12-29 15:52:36,1
2023-12-29 15:52:44,1
2023-12-29 15:54:21,1
2023-12-29 15:55:33,1
2023-12-29 15:55:25,1
2023-12-29 15:55:17,1
2023-12-29 15:55:09,1
2023-12-29 15:55:01,1
2023-12-29 15:54:53,1
2023-12-29 15:54:45,1
2023-12-29 15:54:37,1
2023-12-29 15:54:29,1
2023-12-29 15:54:13,1
2023-12-29 15:52:52,1
2023-12-29 15:54:05,1
2023-12-29 15:53:57,1
2023-12-29 15:53:48,1
2023-12-29 15:53:40,1
2023-12-29 15:53:32,1
2023-12-29 15:53:24,1
2023-12-29 15:53:16,1
2023-12-29 15:53:08,1
2023-12-29 15:53:00,1
2023-12-29 15:47:48,1
2023-12-29 15:47:40,1
2023-12-29 15:47:32,1
2023-12-23 09:39:09,1
2023-12-29 15:29:05,1
2023-12-29 15:28:57,1
2023-12-29 15:28:48,1
2023-12-23 09:39:57,1
2023-12-23 09:39:49,1
2023-12-23 09:39:41,1
2023-12-23 09:39:33,1
2023-12-23 09:39:25,1
2023-12-23 09:39:17,1
2023-12-23 09:39:01,1
2023-12-29 15:30:47,1
2023-12-23 09:38:53,1
2023-12-23 09:38:45,1
2023-12-23 09:38:37,1
2023-12-23 09:38:29,1
2023-12-23 09:38:21,1
2023-12-23 09:38:13,1
2023-12-23 09:38:05,1
2023-12-23 09:37:57,1
2023-12-23 09:37:48,1
2023-12-29 15:30:11,1
2023-12-29 15:30:56,1
2023-12-29 15:47:24,1
2023-12-29 15:44:18,1
2023-12-29 15:47:16,1
2023-12-29 15:47:08,1
2023-12-29 15:47:00,1
2023-12-29 15:46:52,1
2023-12-29 15:46:44,1
2023-12-29 15:46:36,1
2023-12-29 15:46:28,1
2023-12-29 15:44:34,1
2023-12-29 15:44:26,1
2023-12-29 15:44:10,1
2023-12-29 15:31:04,1
2023-12-29 15:43:38,1
2023-12-29 15:43:30,1
2023-12-29 15:34:09,1
2023-12-29 15:33:31,1
2023-12-29 15:33:23,1
2023-12-29 15:31:36,1
2023-12-29 15:31:28,1
2023-12-29 15:31:20,1
2023-12-29 15:31:12,1
2023-12-29 15:55:41,1
2023-12-29 15:55:49,1
2023-12-29 15:55:57,1
2023-12-29 16:05:12,1
2023-12-29 16:06:27,1
2023-12-29 16:06:19,1
2023-12-29 16:06:11,1
2023-12-29 16:06:03,1
2023-12-29 16:05:55,1
2023-12-29 16:05:47,1
2023-12-29 16:05:39,1
2023-12-29 16:05:28,1
2023-12-29 16:05:20,1
2023-12-29 16:05:04,1
2023-12-29 16:06:43,1
2023-12-29 16:04:56,1
2023-12-29 16:04:47,1
2023-12-29 16:04:38,1
2023-12-29 16:04:30,1
2023-12-29 16:04:22,1
2023-12-29 16:04:14,1
2023-12-29 16:04:06,1
2023-12-29 16:03:57,1
2023-12-29 16:03:48,1
2023-12-29 16:06:35,1
2023-12-29 16:06:51,1
2023-12-29 16:03:31,1
2023-12-29 16:08:28,1
2023-12-29 16:09:44,1
2023-12-29 16:09:36,1
2023-12-29 16:09:28,1
2023-12-29 16:09:20,1
2023-12-29 16:09:12,1
2023-12-29 16:09:03,1
2023-12-29 16:08:55,1
2023-12-29 16:08:45,1
2023-12-29 16:08:37,1
2023-12-29 16:08:20,1
2023-12-29 16:06:59,1
2023-12-29 16:08:12,1
2023-12-29 16:08:04,1
2023-12-29 16:07:56,1
2023-12-29 16:07:48,1
2023-12-29 16:07:40,1
2023-12-29 16:07:32,1
2023-12-29 16:07:24,1
2023-12-29 16:07:16,1
2023-12-29 16:07:08,1
2023-12-29 16:03:39,1
2023-12-29 16:03:23,1
2023-12-29 15:56:05,1
2023-12-29 15:57:38,1
2023-12-29 15:58:53,1
2023-12-29 15:58:45,1
2023-12-29 15:58:37,1
2023-12-29 15:58:29,1
2023-12-29 15:58:21,1
2023-12-29 15:58:13,1
2023-12-29 15:58:04,1
2023-12-29 15:57:56,1
2023-12-29 15:57:48,1
2023-12-29 15:57:30,1
2023-12-29 15:59:10,1
2023-12-29 15:57:21,1
2023-12-29 15:57:13,1
2023-12-29 15:57:04,1
2023-12-29 15:56:55,1
2023-12-29 15:56:46,1
2023-12-29 15:56:38,1
2023-12-29 15:56:29,1
2023-12-29 15:56:21,1
2023-12-29 15:56:13,1
2023-12-29 15:59:02,1
2023-12-29 15:59:19,1
2023-12-29 16:03:06,1
2023-12-29 16:01:01,1
2023-12-29 16:02:42,1
2023-12-29 16:02:34,1
2023-12-29 16:02:18,1
2023-12-29 16:02:02,1
2023-12-29 16:01:51,1
2023-12-29 16:01:34,1
2023-12-29 16:01:26,1
2023-12-29 16:01:18,1
2023-12-29 16:01:10,1
2023-12-29 16:00:53,1
2023-12-29 15:59:27,1
2023-12-29 16:00:45,1
2023-12-29 16:00:35,1
2023-12-29 16:00:27,1
2023-12-29 16:00:18,1
2023-12-29 16:00:10,1
2023-12-29 16:00:01,1
2023-12-29 15:59:52,1
2023-12-29 15:59:44,1
2023-12-29 15:59:36,1
2023-12-23 09:37:40,1
2023-12-23 09:37:24,1
2023-12-23 08:42:27,1
2023-12-23 09:37:16,1
2023-12-23 09:02:08,1
2023-12-23 09:01:59,1
2023-12-23 09:01:51,1
2023-12-23 09:01:43,1
2023-12-23 09:01:35,1
2023-12-23 09:01:27,1
2023-12-23 09:01:18,1
2023-12-23 09:01:10,1
2023-12-23 09:00:02,1
2023-12-23 08:59:54,1
2023-12-23 08:59:46,1
2023-12-23 08:59:38,1
2023-12-23 08:56:47,1
2023-12-23 08:56:38,1
2023-12-23 08:56:30,1
2023-12-23 08:56:05,1
2023-12-23 08:55:57,1
2023-12-23 08:55:49,1
2023-12-23 08:55:41,1
2023-12-23 08:55:33,1
2023-12-23 08:55:25,1
2023-12-23 09:02:16,1
2023-12-23 09:05:02,1
2023-12-23 09:05:11,1
2023-12-23 09:07:18,1
2023-12-23 09:09:26,1
2023-12-23 09:09:17,1
2023-12-23 09:09:08,1
2023-12-23 09:09:00,1
2023-12-23 09:08:51,1
2023-12-23 09:08:43,1
2023-12-23 09:08:34,1
2023-12-23 09:08:26,1
2023-12-23 09:07:26,1
2023-12-23 09:07:10,1
2023-12-23 09:05:19,1
2023-12-23 09:07:02,1
2023-12-23 09:06:54,1
2023-12-23 09:06:46,1
2023-12-23 09:06:38,1
2023-12-23 09:06:30,1
2023-12-23 09:05:51,1
2023-12-23 09:05:43,1
2023-12-23 09:05:35,1
2023-12-23 09:05:27,1
2023-12-23 08:55:17,1
2023-12-23 08:55:09,1
2023-12-23 08:55:01,1
2023-12-23 08:47:35,1
2023-12-23 08:48:48,1
2023-12-23 08:48:40,1
2023-12-23 08:48:32,1
2023-12-23 08:48:23,1
2023-12-23 08:48:15,1
2023-12-23 08:48:07,1
2023-12-23 08:47:59,1
2023-12-23 08:47:51,1
2023-12-23 08:47:43,1
2023-12-23 08:47:27,1
2023-12-23 08:49:05,1
2023-12-23 08:47:19,1
2023-12-23 08:47:10,1
2023-12-23 08:47:02,1
2023-12-23 08:44:01,1
2023-12-23 08:43:53,1
2023-12-23 08:43:45,1
2023-12-23 08:43:36,1
2023-12-23 08:42:44,1
2023-12-23 08:42:35,1
2023-12-23 08:48:56,1
2023-12-23 08:49:13,1
2023-12-23 08:54:45,1
2023-12-23 08:52:20,1
2023-12-23 08:54:37,1
2023-12-23 08:54:28,1
2023-12-23 08:54:19,1
2023-12-23 08:54:11,1
2023-12-23 08:54:02,1
2023-12-23 08:53:54,1
2023-12-23 08:53:46,1
2023-12-23 08:53:37,1
2023-12-23 08:52:57,1
2023-12-23 08:52:12,1
2023-12-23 08:49:22,1
2023-12-23 08:52:04,1
2023-12-23 08:51:55,1
2023-12-23 08:51:47,1
2023-12-23 08:51:39,1
2023-12-23 08:51:31,1
2023-12-23 08:49:56,1
2023-12-23 08:49:47,1
2023-12-23 08:49:38,1
2023-12-23 08:49:30,1
2023-12-23 09:09:34,1
2023-12-23 09:09:42,1
2023-12-23 09:09:50,1
2023-12-23 09:30:18,1
2023-12-23 09:33:24,1
2023-12-23 09:33:16,1
2023-12-23 09:33:08,1
2023-12-23 09:33:00,1
2023-12-23 09:32:52,1
2023-12-23 09:32:44,1
2023-12-23 09:32:36,1
2023-12-23 09:30:34,1
2023-12-23 09:30:26,1
2023-12-23 09:29:11,1
2023-12-23 09:33:40,1
2023-12-23 09:29:03,1
2023-12-23 09:27:20,1
2023-12-23 09:27:12,1
2023-12-23 09:27:05,1
2023-12-23 09:26:57,1
2023-12-23 09:26:48,1
2023-12-23 09:26:40,1
2023-12-23 09:26:31,1
2023-12-23 09:26:23,1
2023-12-23 09:33:32,1
2023-12-23 09:33:48,1
2023-12-23 09:26:06,1
2023-12-23 09:35:24,1
2023-12-23 09:37:08,1
2023-12-23 09:37:00,1
2023-12-23 09:36:52,1
2023-12-23 09:36:44,1
2023-12-23 09:36:36,1
2023-12-23 09:35:56,1
2023-12-23 09:35:48,1
2023-12-23 09:35:40,1
2023-12-23 09:35:32,1
2023-12-23 09:35:16,1
2023-12-23 09:33:56,1
2023-12-23 09:35:08,1
2023-12-23 09:35:00,1
2023-12-23 09:34:52,1
2023-12-23 09:34:44,1
2023-12-23 09:34:36,1
2023-12-23 09:34:28,1
2023-12-23 09:34:20,1
2023-12-23 09:34:12,1
2023-12-23 09:34:04,1
2023-12-23 09:26:15,1
2023-12-23 09:25:57,1
2023-12-23 09:09:58,1
2023-12-23 09:17:57,1
2023-12-23 09:19:12,1
2023-12-23 09:19:04,1
2023-12-23 09:18:56,1
2023-12-23 09:18:48,1
2023-12-23 09:18:40,1
2023-12-23 09:18:31,1
2023-12-23 09:18:23,1
2023-12-23 09:18:14,1
2023-12-23 09:18:05,1
2023-12-23 09:17:49,1
2023-12-23 09:19:30,1
2023-12-23 09:17:39,1
2023-12-23 09:17:30,1
2023-12-23 09:17:22,1
2023-12-23 09:16:07,1
2023-12-23 09:15:59,1
2023-12-23 09:15:19,1
2023-12-23 09:15:11,1
2023-12-23 09:15:02,1
2023-12-23 09:14:54,1
2023-12-23 09:19:22,1
2023-12-23 09:19:38,1
2023-12-23 09:25:08,1
2023-12-23 09:21:20,1
2023-12-23 09:24:59,1
2023-12-23 09:24:08,1
2023-12-23 09:24:00,1
2023-12-23 09:23:24,1
2023-12-23 09:23:16,1
2023-12-23 09:21:52,1
2023-12-23 09:21:44,1
2023-12-23 09:21:36,1
2023-12-23 09:21:28,1
2023-12-23 09:21:12,1
2023-12-23 09:19:47,1
2023-12-23 09:21:04,1
2023-12-23 09:20:56,1
2023-12-23 09:20:48,1
2023-12-23 09:20:40,1
2023-12-23 09:20:32,1
2023-12-23 09:20:24,1
2023-12-23 09:20:16,1
2023-12-23 09:20:04,1
2023-12-23 09:19:55,1
2023-12-22 10:37:25,1
2023-12-22 10:37:16,1
2023-12-22 10:37:07,1
2023-12-21 11:35:28,1
2023-12-22 09:24:13,1
2023-12-22 09:24:05,1
2023-12-22 09:23:55,1
2023-12-22 09:23:47,1
2023-12-22 09:23:38,1
2023-12-22 09:23:30,1
2023-12-22 09:23:22,1
2023-12-22 09:23:13,1
2023-12-22 09:23:04,1
2023-12-22 09:22:56,1
2023-12-22 09:22:47,1
2023-12-22 09:22:39,1
2023-12-22 09:22:31,1
2023-12-22 09:22:22,1
2023-12-22 09:22:14,1
2023-12-22 09:22:05,1
2023-12-22 09:21:57,1
2023-12-22 09:21:49,1
2023-12-22 09:21:41,1
2023-12-22 09:21:32,1
2023-12-22 09:21:24,1
2023-12-22 09:24:21,1
2023-12-22 09:24:29,1
2023-12-22 09:24:38,1
2023-12-22 09:26:32,1
2023-12-22 09:27:49,1
2023-12-22 09:27:41,1
2023-12-22 09:27:32,1
2023-12-22 09:27:24,1
2023-12-22 09:27:16,1
2023-12-22 09:27:07,1
2023-12-22 09:26:56,1
2023-12-22 09:26:48,1
2023-12-22 09:26:40,1
2023-12-22 09:26:23,1
2023-12-22 09:24:46,1
2023-12-22 09:26:15,1
2023-12-22 09:26:07,1
2023-12-22 09:25:58,1
2023-12-22 09:25:49,1
2023-12-22 09:25:37,1
2023-12-22 09:25:19,1
2023-12-22 09:25:11,1
2023-12-22 09:25:02,1
2023-12-22 09:24:54,1
2023-12-22 09:21:15,1
2023-12-22 09:21:07,1
2023-12-22 09:20:58,1
2023-12-22 09:16:09,1
2023-12-22 09:17:24,1
2023-12-22 09:17:15,1
2023-12-22 09:17:07,1
2023-12-22 09:16:58,1
2023-12-22 09:16:50,1
2023-12-22 09:16:42,1
2023-12-22 09:16:34,1
2023-12-22 09:16:26,1
2023-12-22 09:16:17,1
2023-12-22 09:16:01,1
2023-12-22 09:17:40,1
2023-12-22 09:15:52,1
2023-12-22 09:15:44,1
2023-12-22 09:15:36,1
2023-12-22 09:15:27,1
2023-12-22 09:15:19,1
2023-12-22 09:15:10,1
2023-12-22 09:15:02,1
2023-12-21 11:35:53,1
2023-12-21 11:35:45,1
2023-12-22 09:17:32,1
2023-12-22 09:17:48,1
2023-12-22 09:20:50,1
2023-12-22 09:19:27,1
2023-12-22 09:20:42,1
2023-12-22 09:20:33,1
2023-12-22 09:20:25,1
2023-12-22 09:20:17,1
2023-12-22 09:20:08,1
2023-12-22 09:20:00,1
2023-12-22 09:19:52,1
2023-12-22 09:19:44,1
2023-12-22 09:19:35,1
2023-12-22 09:19:19,1
2023-12-22 09:17:56,1
2023-12-22 09:19:11,1
2023-12-22 09:19:02,1
2023-12-22 09:18:54,1
2023-12-22 09:18:46,1
2023-12-22 09:18:38,1
2023-12-22 09:18:29,1
2023-12-22 09:18:21,1
2023-12-22 09:18:13,1
2023-12-22 09:18:05,1
2023-12-22 09:27:58,1
2023-12-22 09:28:06,1
2023-12-22 09:28:14,1
2023-12-22 09:37:09,1
2023-12-22 09:38:26,1
2023-12-22 09:38:17,1
2023-12-22 09:38:09,1
2023-12-22 09:38:00,1
2023-12-22 09:37:51,1
2023-12-22 09:37:43,1
2023-12-22 09:37:35,1
2023-12-22 09:37:26,1
2023-12-22 09:37:17,1
2023-12-22 09:37:00,1
2023-12-22 09:38:43,1
2023-12-22 09:36:52,1
2023-12-22 09:36:43,1
2023-12-22 09:36:34,1
2023-12-22 09:36:26,1
2023-12-22 09:36:18,1
2023-12-22 09:36:09,1
2023-12-22 09:36:00,1
2023-12-22 09:35:52,1
2023-12-22 09:35:43,1
2023-12-22 09:38:34,1
2023-12-22 09:38:52,1
2023-12-22 09:35:26,1
2023-12-22 09:40:34,1
2023-12-22 09:41:50,1
2023-12-22 09:41:41,1
2023-12-22 09:41:33,1
2023-12-22 09:41:25,1
2023-12-22 09:41:16,1
2023-12-22 09:41:07,1
2023-12-22 09:40:59,1
2023-12-22 09:40:51,1
2023-12-22 09:40:42,1
2023-12-22 09:40:26,1
2023-12-22 09:39:01,1
2023-12-22 09:40:17,1
2023-12-22 09:40:09,1
2023-12-22 09:40:00,1
2023-12-22 09:39:52,1
2023-12-22 09:39:44,1
2023-12-22 09:39:35,1
2023-12-22 09:39:27,1
2023-12-22 09:39:19,1
2023-12-22 09:39:10,1
2023-12-22 09:35:34,1
2023-12-22 09:35:17,1
2023-12-22 09:28:23,1
2023-12-22 09:29:59,1
2023-12-22 09:31:14,1
2023-12-22 09:31:05,1
2023-12-22 09:30:57,1
2023-12-22 09:30:49,1
2023-12-22 09:30:41,1
2023-12-22 09:30:33,1
2023-12-22 09:30:24,1
2023-12-22 09:30:16,1
2023-12-22 09:30:07,1
2023-12-22 09:29:51,1
2023-12-22 09:31:31,1
2023-12-22 09:29:42,1
2023-12-22 09:29:33,1
2023-12-22 09:29:24,1
2023-12-22 09:29:14,1
2023-12-22 09:29:05,1
2023-12-22 09:28:57,1
2023-12-22 09:28:48,1
2023-12-22 09:28:40,1
2023-12-22 09:28:32,1
2023-12-22 09:31:23,1
2023-12-22 09:31:39,1
2023-12-22 09:35:09,1
2023-12-22 09:33:41,1
2023-12-22 09:35:00,1
2023-12-22 09:34:51,1
2023-12-22 09:34:42,1
2023-12-22 09:34:33,1
2023-12-22 09:34:25,1
2023-12-22 09:34:16,1
2023-12-22 09:34:07,1
2023-12-22 09:33:59,1
2023-12-22 09:33:49,1
2023-12-22 09:33:32,1
2023-12-22 09:32:04,1
2023-12-22 09:33:24,1
2023-12-22 09:33:16,1
2023-12-22 09:33:08,1
2023-12-22 09:32:59,1
2023-12-22 09:32:51,1
2023-12-22 09:32:42,1
2023-12-22 09:32:33,1
2023-12-22 09:32:21,1
2023-12-22 09:32:13,1
2023-12-21 11:35:36,1
2023-12-21 11:35:20,1
2023-12-22 10:36:59,1
2023-12-21 11:35:12,1
2023-12-21 11:17:34,1
2023-12-21 11:17:26,1
2023-12-21 11:17:18,1
2023-12-21 11:17:09,1
2023-12-21 11:17:01,1
2023-12-21 11:16:52,1
2023-12-21 11:16:44,1
2023-12-21 11:16:05,1
2023-12-21 11:15:57,1
2023-12-21 11:14:56,1
2023-12-21 11:14:44,1
2023-12-21 11:14:36,1
2023-12-21 11:14:28,1
2023-12-21 11:14:20,1
2023-12-21 11:14:11,1
2023-12-21 11:14:02,1
2023-12-21 11:13:54,1
2023-12-21 11:13:42,1
2023-12-21 11:13:34,1
2023-12-21 11:13:26,1
2023-12-21 11:10:40,1
2023-12-21 11:17:42,1
2023-12-21 11:17:50,1
2023-12-21 11:17:58,1
2023-12-21 11:20:31,1
2023-12-21 11:21:44,1
2023-12-21 11:21:36,1
2023-12-21 11:21:28,1
2023-12-21 11:21:20,1
2023-12-21 11:21:12,1
2023-12-21 11:21:04,1
2023-12-21 11:20:56,1
2023-12-21 11:20:48,1
2023-12-21 11:20:39,1
2023-12-21 11:20:23,1
2023-12-21 11:18:07,1
2023-12-21 11:20:14,1
2023-12-21 11:20:05,1
2023-12-21 11:19:06,1
2023-12-21 11:18:58,1
2023-12-21 11:18:49,1
2023-12-21 11:18:40,1
2023-12-21 11:18:32,1
2023-12-21 11:18:24,1
2023-12-21 11:18:16,1
2023-12-21 11:10:32,1
2023-12-21 11:10:24,1
2023-12-21 11:10:16,1
2023-12-21 11:04:49,1
2023-12-21 11:06:02,1
2023-12-21 11:05:54,1
2023-12-21 11:05:46,1
2023-12-21 11:05:38,1
2023-12-21 11:05:30,1
2023-12-21 11:05:22,1
2023-12-21 11:05:13,1
2023-12-21 11:05:05,1
2023-12-21 11:04:57,1
2023-12-21 11:04:41,1
2023-12-21 11:06:19,1
2023-12-21 11:04:33,1
2023-12-21 11:04:24,1
2023-12-21 11:04:15,1
2023-12-21 11:04:08,1
2023-12-21 11:03:59,1
2023-12-21 11:03:51,1
2023-12-21 11:03:43,1
2023-12-21 11:03:34,1
2023-12-21 11:03:26,1
2023-12-21 11:06:10,1
2023-12-21 11:06:28,1
2023-12-21 11:09:32,1
2023-12-21 11:08:11,1
2023-12-21 11:09:23,1
2023-12-21 11:09:15,1
2023-12-21 11:09:07,1
2023-12-21 11:08:59,1
2023-12-21 11:08:51,1
2023-12-21 11:08:43,1
2023-12-21 11:08:35,1
2023-12-21 11:08:27,1
2023-12-21 11:08:19,1
2023-12-21 11:07:59,1
2023-12-21 11:06:36,1
2023-12-21 11:07:51,1
2023-12-21 11:07:42,1
2023-12-21 11:07:34,1
2023-12-21 11:07:25,1
2023-12-21 11:07:16,1
2023-12-21 11:07:08,1
2023-12-21 11:07:00,1
2023-12-21 11:06:52,1
2023-12-21 11:06:44,1
2023-12-21 11:21:52,1
2023-12-21 11:22:00,1
2023-12-21 11:22:08,1
2023-12-21 11:30:33,1
2023-12-21 11:31:45,1
2023-12-21 11:31:37,1
2023-12-21 11:31:29,1
2023-12-21 11:31:21,1
2023-12-21 11:31:13,1
2023-12-21 11:31:05,1
2023-12-21 11:30:57,1
2023-12-21 11:30:49,1
2023-12-21 11:30:41,1
2023-12-21 11:30:25,1
2023-12-21 11:32:01,1
2023-12-21 11:30:17,1
2023-12-21 11:30:09,1
2023-12-21 11:30:00,1
2023-12-21 11:29:52,1
2023-12-21 11:29:44,1
2023-12-21 11:29:36,1
2023-12-21 11:29:28,1
2023-12-21 11:29:20,1
2023-12-21 11:29:12,1
2023-12-21 11:31:53,1
2023-12-21 11:32:09,1
2023-12-21 11:28:55,1
2023-12-21 11:33:52,1
2023-12-21 11:35:04,1
2023-12-21 11:34:56,1
2023-12-21 11:34:48,1
2023-12-21 11:34:40,1
2023-12-21 11:34:32,1
2023-12-21 11:34:24,1
2023-12-21 11:34:16,1
2023-12-21 11:34:08,1
2023-12-21 11:34:00,1
2023-12-21 11:33:43,1
2023-12-21 11:32:17,1
2023-12-21 11:33:35,1
2023-12-21 11:33:27,1
2023-12-21 11:33:14,1
2023-12-21 11:33:05,1
2023-12-21 11:32:57,1
2023-12-21 11:32:49,1
2023-12-21 11:32:41,1
2023-12-21 11:32:33,1
2023-12-21 11:32:25,1
2023-12-21 11:29:03,1
2023-12-21 11:28:46,1
2023-12-21 11:22:16,1
2023-12-21 11:23:45,1
2023-12-21 11:24:58,1
2023-12-21 11:24:50,1
2023-12-21 11:24:42,1
2023-12-21 11:24:34,1
2023-12-21 11:24:26,1
2023-12-21 11:24:18,1
2023-12-21 11:24:09,1
2023-12-21 11:24:01,1
2023-12-21 11:23:54,1
2023-12-21 11:23:37,1
2023-12-21 11:25:14,1
2023-12-21 11:23:29,1
2023-12-21 11:23:21,1
2023-12-21 11:23:13,1
2023-12-21 11:23:05,1
2023-12-21 11:22:57,1
2023-12-21 11:22:49,1
2023-12-21 11:22:41,1
2023-12-21 11:22:33,1
2023-12-21 11:22:25,1
2023-12-21 11:25:06,1
2023-12-21 11:25:22,1
2023-12-21 11:28:22,1
2023-12-21 11:26:58,1
2023-12-21 11:28:14,1
2023-12-21 11:28:06,1
2023-12-21 11:27:58,1
2023-12-21 11:27:50,1
2023-12-21 11:27:41,1
2023-12-21 11:27:33,1
2023-12-21 11:27:25,1
2023-12-21 11:27:17,1
2023-12-21 11:27:06,1
2023-12-21 11:26:50,1
2023-12-21 11:25:30,1
2023-12-21 11:26:42,1
2023-12-21 11:26:34,1
2023-12-21 11:26:26,1
2023-12-21 11:26:18,1
2023-12-21 11:26:10,1
2023-12-21 11:26:02,1
2023-12-21 11:25:54,1
2023-12-21 11:25:46,1
2023-12-21 11:25:38,1
2023-12-22 09:41:58,1
2023-12-22 09:42:06,1
2023-12-22 09:42:17,1
2023-12-22 09:42:30,1
2023-12-22 10:19:51,1
2023-12-22 10:19:42,1
2023-12-22 10:19:33,1
2023-12-22 10:19:24,1
2023-12-22 10:19:15,1
2023-12-22 10:19:07,1
2023-12-22 10:18:59,1
2023-12-22 10:18:51,1
2023-12-22 10:18:42,1
2023-12-22 10:18:33,1
2023-12-22 10:18:25,1
2023-12-22 10:18:17,1
2023-12-22 10:18:08,1
2023-12-22 10:18:00,1
2023-12-22 10:17:51,1
2023-12-22 10:17:43,1
2023-12-22 10:17:34,1
2023-12-22 10:17:25,1
2023-12-22 10:17:16,1
2023-12-22 10:17:08,1
2023-12-22 10:16:59,1
2023-12-22 10:20:00,1
2023-12-22 10:20:09,1
2023-12-22 10:20:20,1
2023-12-22 10:21:59,1
2023-12-22 10:23:16,1
2023-12-22 10:23:06,1
2023-12-22 10:22:58,1
2023-12-22 10:22:50,1
2023-12-22 10:22:41,1
2023-12-22 10:22:32,1
2023-12-22 10:22:24,1
2023-12-22 10:22:16,1
2023-12-22 10:22:07,1
2023-12-22 10:21:51,1
2023-12-22 10:20:28,1
2023-12-22 10:21:43,1
2023-12-22 10:21:34,1
2023-12-22 10:21:26,1
2023-12-22 10:21:18,1
2023-12-22 10:21:10,1
2023-12-22 10:21:01,1
2023-12-22 10:20:53,1
2023-12-22 10:20:45,1
2023-12-22 10:20:36,1
2023-12-22 10:16:51,1
2023-12-22 10:16:42,1
2023-12-22 10:16:34,1
2023-12-22 10:11:34,1
2023-12-22 10:12:52,1
2023-12-22 10:12:44,1
2023-12-22 10:12:35,1
2023-12-22 10:12:25,1
2023-12-22 10:12:16,1
2023-12-22 10:12:08,1
2023-12-22 10:12:00,1
2023-12-22 10:11:51,1
2023-12-22 10:11:43,1
2023-12-22 10:11:25,1
2023-12-22 10:13:09,1
2023-12-22 10:11:17,1
2023-12-22 10:11:08,1
2023-12-22 10:11:00,1
2023-12-22 10:10:51,1
2023-12-22 10:10:42,1
2023-12-22 10:10:33,1
2023-12-22 10:10:25,1
2023-12-22 10:10:16,1
2023-12-22 10:10:08,1
2023-12-22 10:13:00,1
2023-12-22 10:13:21,1
2023-12-22 10:16:25,1
2023-12-22 10:15:01,1
2023-12-22 10:16:17,1
2023-12-22 10:16:08,1
2023-12-22 10:15:59,1
2023-12-22 10:15:51,1
2023-12-22 10:15:42,1
2023-12-22 10:15:34,1
2023-12-22 10:15:26,1
2023-12-22 10:15:17,1
2023-12-22 10:15:09,1
2023-12-22 10:14:52,1
2023-12-22 10:13:29,1
2023-12-22 10:14:44,1
2023-12-22 10:14:35,1
2023-12-22 10:14:27,1
2023-12-22 10:14:19,1
2023-12-22 10:14:10,1
2023-12-22 10:14:02,1
2023-12-22 10:13:54,1
2023-12-22 10:13:45,1
2023-12-22 10:13:37,1
2023-12-22 10:23:25,1
2023-12-22 10:23:33,1
2023-12-22 10:23:42,1
2023-12-22 10:32:14,1
2023-12-22 10:33:28,1
2023-12-22 10:33:20,1
2023-12-22 10:33:12,1
2023-12-22 10:33:04,1
2023-12-22 10:32:55,1
2023-12-22 10:32:47,1
2023-12-22 10:32:39,1
2023-12-22 10:32:30,1
2023-12-22 10:32:22,1
2023-12-22 10:32:06,1
2023-12-22 10:33:45,1
2023-12-22 10:31:57,1
2023-12-22 10:31:49,1
2023-12-22 10:31:41,1
2023-12-22 10:31:32,1
2023-12-22 10:31:24,1
2023-12-22 10:31:15,1
2023-12-22 10:31:05,1
2023-12-22 10:30:56,1
2023-12-22 10:30:48,1
2023-12-22 10:33:37,1
2023-12-22 10:33:53,1
2023-12-22 10:30:30,1
2023-12-22 10:35:34,1
2023-12-22 10:36:50,1
2023-12-22 10:36:42,1
2023-12-22 10:36:33,1
2023-12-22 10:36:25,1
2023-12-22 10:36:17,1
2023-12-22 10:36:08,1
2023-12-22 10:35:59,1
2023-12-22 10:35:51,1
2023-12-22 10:35:43,1
2023-12-22 10:35:26,1
2023-12-22 10:34:02,1
2023-12-22 10:35:18,1
2023-12-22 10:35:10,1
2023-12-22 10:35:01,1
2023-12-22 10:34:53,1
2023-12-22 10:34:44,1
2023-12-22 10:34:36,1
2023-12-22 10:34:27,1
2023-12-22 10:34:19,1
2023-12-22 10:34:11,1
2023-12-22 10:30:38,1
2023-12-22 10:30:21,1
2023-12-22 10:23:51,1
2023-12-22 10:25:26,1
2023-12-22 10:26:40,1
2023-12-22 10:26:32,1
2023-12-22 10:26:24,1
2023-12-22 10:26:15,1
2023-12-22 10:26:07,1
2023-12-22 10:25:59,1
2023-12-22 10:25:50,1
2023-12-22 10:25:42,1
2023-12-22 10:25:34,1
2023-12-22 10:25:17,1
2023-12-22 10:26:57,1
2023-12-22 10:25:09,1
2023-12-22 10:25:01,1
2023-12-22 10:24:51,1
2023-12-22 10:24:43,1
2023-12-22 10:24:34,1
2023-12-22 10:24:25,1
2023-12-22 10:24:17,1
2023-12-22 10:24:08,1
2023-12-22 10:23:59,1
2023-12-22 10:26:49,1
2023-12-22 10:27:05,1
2023-12-22 10:30:12,1
2023-12-22 10:28:46,1
2023-12-22 10:30:02,1
2023-12-22 10:29:53,1
2023-12-22 10:29:45,1
2023-12-22 10:29:36,1
2023-12-22 10:29:27,1
2023-12-22 10:29:19,1
2023-12-22 10:29:10,1
2023-12-22 10:29:02,1
2023-12-22 10:28:54,1
2023-12-22 10:28:38,1
2023-12-22 10:27:14,1
2023-12-22 10:28:29,1
2023-12-22 10:28:21,1
2023-12-22 10:28:13,1
2023-12-22 10:28:04,1
2023-12-22 10:27:56,1
2023-12-22 10:27:48,1
2023-12-22 10:27:40,1
2023-12-22 10:27:31,1
2023-12-22 10:27:22,1
2023-12-22 10:09:59,1
2023-12-22 10:09:50,1
2023-12-22 10:09:41,1
2023-12-22 09:50:53,1
2023-12-22 09:52:13,1
2023-12-22 09:52:05,1
2023-12-22 09:51:55,1
2023-12-22 09:51:46,1
2023-12-22 09:51:38,1
2023-12-22 09:51:29,1
2023-12-22 09:51:21,1
2023-12-22 09:51:12,1
2023-12-22 09:51:03,1
2023-12-22 09:50:45,1
2023-12-22 09:52:31,1
2023-12-22 09:50:36,1
2023-12-22 09:50:26,1
2023-12-22 09:50:18,1
2023-12-22 09:50:10,1
2023-12-22 09:50:01,1
2023-12-22 09:49:52,1
2023-12-22 09:49:44,1
2023-12-22 09:49:35,1
2023-12-22 09:49:27,1
2023-12-22 09:52:22,1
2023-12-22 09:52:40,1
2023-12-22 09:49:09,1
2023-12-22 09:54:24,1
2023-12-22 09:55:42,1
2023-12-22 09:55:34,1
2023-12-22 09:55:25,1
2023-12-22 09:55:17,1
2023-12-22 09:55:08,1
2023-12-22 09:54:59,1
2023-12-22 09:54:50,1
2023-12-22 09:54:42,1
2023-12-22 09:54:33,1
2023-12-22 09:54:16,1
2023-12-22 09:52:49,1
2023-12-22 09:54:07,1
2023-12-22 09:53:58,1
2023-12-22 09:53:50,1
2023-12-22 09:53:41,1
2023-12-22 09:53:33,1
2023-12-22 09:53:24,1
2023-12-22 09:53:15,1
2023-12-22 09:53:06,1
2023-12-22 09:52:57,1
2023-12-22 09:49:18,1
2023-12-22 09:49:00,1
2023-12-22 09:55:59,1
2023-12-22 09:44:03,1
2023-12-22 09:45:17,1
2023-12-22 09:45:09,1
2023-12-22 09:45:01,1
2023-12-22 09:44:53,1
2023-12-22 09:44:45,1
2023-12-22 09:44:36,1
2023-12-22 09:44:28,1
2023-12-22 09:44:20,1
2023-12-22 09:44:11,1
2023-12-22 09:43:55,1
2023-12-22 09:45:34,1
2023-12-22 09:43:46,1
2023-12-22 09:43:38,1
2023-12-22 09:43:30,1
2023-12-22 09:43:21,1
2023-12-22 09:43:13,1
2023-12-22 09:43:05,1
2023-12-22 09:42:56,1
2023-12-22 09:42:48,1
2023-12-22 09:42:39,1
2023-12-22 09:45:26,1
2023-12-22 09:45:42,1
2023-12-22 09:48:51,1
2023-12-22 09:47:27,1
2023-12-22 09:48:43,1
2023-12-22 09:48:34,1
2023-12-22 09:48:26,1
2023-12-22 09:48:18,1
2023-12-22 09:48:09,1
2023-12-22 09:48:01,1
2023-12-22 09:47:52,1
2023-12-22 09:47:44,1
2023-12-22 09:47:35,1
2023-12-22 09:47:17,1
2023-12-22 09:45:51,1
2023-12-22 09:47:07,1
2023-12-22 09:46:58,1
2023-12-22 09:46:50,1
2023-12-22 09:46:41,1
2023-12-22 09:46:33,1
2023-12-22 09:46:24,1
2023-12-22 09:46:15,1
2023-12-22 09:46:07,1
2023-12-22 09:45:59,1
2023-12-22 09:55:51,1
2023-12-22 09:56:08,1
2023-12-22 10:09:33,1
2023-12-22 10:04:39,1
2023-12-22 10:05:56,1
2023-12-22 10:05:47,1
2023-12-22 10:05:38,1
2023-12-22 10:05:30,1
2023-12-22 10:05:22,1
2023-12-22 10:05:14,1
2023-12-22 10:05:05,1
2023-12-22 10:04:57,1
2023-12-22 10:04:49,1
2023-12-22 10:04:30,1
2023-12-22 10:06:12,1
2023-12-22 10:04:21,1
2023-12-22 10:04:13,1
2023-12-22 10:04:04,1
2023-12-22 10:03:56,1
2023-12-22 10:03:48,1
2023-12-22 10:03:40,1
2023-12-22 10:03:32,1
2023-12-22 10:03:23,1
2023-12-22 10:03:15,1
2023-12-22 10:06:04,1
2023-12-22 10:06:20,1
2023-12-22 10:02:58,1
2023-12-22 10:08:05,1
2023-12-22 10:09:24,1
2023-12-22 10:09:16,1
2023-12-22 10:09:08,1
2023-12-22 10:08:59,1
2023-12-22 10:08:50,1
2023-12-22 10:08:40,1
2023-12-22 10:08:32,1
2023-12-22 10:08:23,1
2023-12-22 10:08:14,1
2023-12-22 10:07:56,1
2023-12-22 10:06:29,1
2023-12-22 10:07:48,1
2023-12-22 10:07:38,1
2023-12-22 10:07:30,1
2023-12-22 10:07:21,1
2023-12-22 10:07:12,1
2023-12-22 10:07:04,1
2023-12-22 10:06:55,1
2023-12-22 10:06:46,1
2023-12-22 10:06:38,1
2023-12-22 10:03:07,1
2023-12-22 10:02:50,1
2023-12-22 09:56:17,1
2023-12-22 09:57:52,1
2023-12-22 09:59:09,1
2023-12-22 09:59:00,1
2023-12-22 09:58:52,1
2023-12-22 09:58:43,1
2023-12-22 09:58:34,1
2023-12-22 09:58:26,1
2023-12-22 09:58:18,1
2023-12-22 09:58:09,1
2023-12-22 09:58:00,1
2023-12-22 09:57:43,1
2023-12-22 09:59:25,1
2023-12-22 09:57:35,1
2023-12-22 09:57:26,1
2023-12-22 09:57:18,1
2023-12-22 09:57:09,1
2023-12-22 09:57:00,1
2023-12-22 09:56:51,1
2023-12-22 09:56:43,1
2023-12-22 09:56:34,1
2023-12-22 09:56:25,1
2023-12-22 09:59:17,1
2023-12-22 09:59:34,1
2023-12-22 10:02:41,1
2023-12-22 10:01:17,1
2023-12-22 10:02:33,1
2023-12-22 10:02:24,1
2023-12-22 10:02:16,1
2023-12-22 10:02:07,1
2023-12-22 10:01:59,1
2023-12-22 10:01:51,1
2023-12-22 10:01:43,1
2023-12-22 10:01:34,1
2023-12-22 10:01:26,1
2023-12-22 10:01:08,1
2023-12-22 09:59:42,1
2023-12-22 10:01:00,1
2023-12-22 10:00:51,1
2023-12-22 10:00:43,1
2023-12-22 10:00:34,1
2023-12-22 10:00:26,1
2023-12-22 10:00:18,1
2023-12-22 10:00:09,1
2023-12-22 10:00:01,1
2023-12-22 09:59:51,1
2023-12-29 16:09:52,1
2023-12-29 16:10:08,1
2024-07-05 11:11:55,1
2024-07-05 09:47:10,1
2024-07-05 09:57:40,1
2024-07-05 09:57:30,1
2024-07-05 09:57:20,1
2024-07-05 09:57:15,1
2024-07-05 09:57:05,1
2024-07-05 09:56:55,1
2024-07-05 09:56:50,1
2024-07-05 09:56:40,1
2024-07-05 09:56:30,1
2024-07-05 09:56:25,1
2024-07-05 09:56:15,1
2024-07-05 09:56:05,1
2024-07-05 09:56:00,1
2024-07-05 09:55:50,1
2024-07-05 09:55:40,1
2024-07-05 09:55:35,1
2024-07-05 09:55:25,1
2024-07-05 09:55:15,1
2024-07-05 09:55:10,1
2024-07-05 09:55:00,1
2024-07-05 09:54:50,1
2024-07-05 09:57:45,1
2024-07-05 09:57:55,1
2024-07-05 09:58:00,1
2024-07-05 09:59:40,1
2024-07-05 10:01:00,1
2024-07-05 10:00:50,1
2024-07-05 10:00:45,1
2024-07-05 10:00:35,1
2024-07-05 10:00:25,1
2024-07-05 10:00:15,1
2024-07-05 10:00:05,1
2024-07-05 10:00:00,1
2024-07-05 09:59:50,1
2024-07-05 09:59:35,1
2024-07-05 09:58:10,1
2024-07-05 09:59:25,1
2024-07-05 09:59:15,1
2024-07-05 09:59:10,1
2024-07-05 09:59:00,1
2024-07-05 09:58:50,1
2024-07-05 09:58:45,1
2024-07-05 09:58:35,1
2024-07-05 09:58:25,1
2024-07-05 09:58:20,1
2024-07-05 09:54:45,1
2024-07-05 09:54:35,1
2024-07-05 09:54:30,1
2024-07-05 09:49:05,1
2024-07-05 09:50:50,1
2024-07-05 09:50:45,1
2024-07-05 09:50:35,1
2024-07-05 09:50:25,1
2024-07-05 09:50:00,1
2024-07-05 09:49:50,1
2024-07-05 09:49:30,1
2024-07-05 09:49:20,1
2024-07-05 09:49:10,1
2024-07-05 09:48:55,1
2024-07-05 09:51:10,1
2024-07-05 09:48:45,1
2024-07-05 09:48:40,1
2024-07-05 09:48:30,1
2024-07-05 09:48:20,1
2024-07-05 09:48:10,1
2024-07-05 09:48:00,1
2024-07-05 09:47:50,1
2024-07-05 09:47:40,1
2024-07-05 09:47:30,1
2024-07-05 09:51:00,1
2024-07-05 09:51:15,1
2024-07-05 09:54:20,1
2024-07-05 09:53:00,1
2024-07-05 09:54:10,1
2024-07-05 09:54:05,1
2024-07-05 09:53:55,1
2024-07-05 09:53:45,1
2024-07-05 09:53:40,1
2024-07-05 09:53:30,1
2024-07-05 09:53:20,1
2024-07-05 09:53:15,1
2024-07-05 09:53:05,1
2024-07-05 09:52:50,1
2024-07-05 09:51:25,1
2024-07-05 09:52:40,1
2024-07-05 09:52:35,1
2024-07-05 09:52:25,1
2024-07-05 09:52:15,1
2024-07-05 09:52:10,1
2024-07-05 09:52:00,1
2024-07-05 09:51:50,1
2024-07-05 09:51:40,1
2024-07-05 09:51:35,1
2024-07-05 10:01:10,1
2024-07-05 10:01:15,1
2024-07-05 10:01:25,1
2024-07-05 10:09:40,1
2024-07-05 10:10:55,1
2024-07-05 10:10:45,1
2024-07-05 10:10:35,1
2024-07-05 10:10:30,1
2024-07-05 10:10:20,1
2024-07-05 10:10:10,1
2024-07-05 10:10:05,1
2024-07-05 10:09:55,1
2024-07-05 10:09:45,1
2024-07-05 10:09:30,1
2024-07-05 10:11:10,1
2024-07-05 10:09:25,1
2024-07-05 10:09:15,1
2024-07-05 10:09:05,1
2024-07-05 10:09:00,1
2024-07-05 10:08:50,1
2024-07-05 10:08:40,1
2024-07-05 10:08:35,1
2024-07-05 10:08:25,1
2024-07-05 10:08:15,1
2024-07-05 10:11:00,1
2024-07-05 10:11:20,1
2024-07-05 10:08:00,1
2024-07-05 10:13:00,1
2024-07-05 10:14:10,1
2024-07-05 10:14:05,1
2024-07-05 10:13:55,1
2024-07-05 10:13:45,1
2024-07-05 10:13:40,1
2024-07-05 10:13:30,1
2024-07-05 10:13:20,1
2024-07-05 10:13:15,1
2024-07-05 10:13:05,1
2024-07-05 10:12:50,1
2024-07-05 10:11:25,1
2024-07-05 10:12:40,1
2024-07-05 10:12:35,1
2024-07-05 10:12:25,1
2024-07-05 10:12:15,1
2024-07-05 10:12:05,1
2024-07-05 10:12:00,1
2024-07-05 10:11:50,1
2024-07-05 10:11:45,1
2024-07-05 10:11:35,1
2024-07-05 10:08:10,1
2024-07-05 10:07:50,1
2024-07-05 10:01:35,1
2024-07-05 10:03:05,1
2024-07-05 10:04:20,1
2024-07-05 10:04:10,1
2024-07-05 10:04:00,1
2024-07-05 10:03:55,1
2024-07-05 10:03:45,1
2024-07-05 10:03:35,1
2024-07-05 10:03:30,1
2024-07-05 10:03:20,1
2024-07-05 10:03:10,1
2024-07-05 10:02:55,1
2024-07-05 10:04:35,1
2024-07-05 10:02:50,1
2024-07-05 10:02:40,1
2024-07-05 10:02:30,1
2024-07-05 10:02:25,1
2024-07-05 10:02:15,1
2024-07-05 10:02:05,1
2024-07-05 10:02:00,1
2024-07-05 10:01:50,1
2024-07-05 10:01:40,1
2024-07-05 10:04:25,1
2024-07-05 10:04:45,1
2024-07-05 10:07:45,1
2024-07-05 10:06:20,1
2024-07-05 10:07:35,1
2024-07-05 10:07:30,1
2024-07-05 10:07:20,1
2024-07-05 10:07:10,1
2024-07-05 10:07:05,1
2024-07-05 10:06:55,1
2024-07-05 10:06:45,1
2024-07-05 10:06:40,1
2024-07-05 10:06:30,1
2024-07-05 10:06:15,1
2024-07-05 10:04:50,1
2024-07-05 10:06:05,1
2024-07-05 10:05:55,1
2024-07-05 10:05:50,1
2024-07-05 10:05:40,1
2024-07-05 10:05:30,1
2024-07-05 10:05:25,1
2024-07-05 10:05:15,1
2024-07-05 10:05:05,1
2024-07-05 10:05:00,1
2024-07-05 09:47:20,1
2024-07-05 09:47:05,1
2024-07-05 10:14:30,1
2024-07-05 09:46:55,1
2024-07-05 09:27:20,1
2024-07-05 09:27:10,1
2024-07-05 09:27:05,1
2024-07-05 09:26:55,1
2024-07-05 09:26:45,1
2024-07-05 09:26:40,1
2024-07-05 09:26:30,1
2024-07-05 09:26:20,1
2024-07-05 09:26:15,1
2024-07-05 09:26:05,1
2024-07-05 09:25:55,1
2024-07-05 09:25:50,1
2024-07-05 09:25:40,1
2024-07-05 09:25:30,1
2024-07-05 09:25:25,1
2024-07-05 09:25:15,1
2024-07-05 09:25:05,1
2024-07-05 09:25:00,1
2024-07-05 09:24:50,1
2024-07-05 09:24:45,1
2024-07-05 09:24:35,1
2024-07-05 09:27:30,1
2024-07-05 09:27:35,1
2024-07-05 09:27:45,1
2024-07-05 09:29:25,1
2024-07-05 09:30:45,1
2024-07-05 09:30:35,1
2024-07-05 09:30:25,1
2024-07-05 09:30:20,1
2024-07-05 09:30:10,1
2024-07-05 09:30:00,1
2024-07-05 09:29:50,1
2024-07-05 09:29:45,1
2024-07-05 09:29:35,1
2024-07-05 09:29:20,1
2024-07-05 09:27:55,1
2024-07-05 09:29:10,1
2024-07-05 09:29:00,1
2024-07-05 09:28:55,1
2024-07-05 09:28:40,1
2024-07-05 09:28:35,1
2024-07-05 09:28:25,1
2024-07-05 09:28:20,1
2024-07-05 09:28:10,1
2024-07-05 09:28:00,1
2024-07-05 09:24:25,1
2024-07-05 09:24:20,1
2024-07-05 09:24:10,1
2024-07-05 09:15:55,1
2024-07-05 09:17:45,1
2024-07-05 09:17:40,1
2024-07-05 09:17:30,1
2024-07-05 09:16:40,1
2024-07-05 09:16:35,1
2024-07-05 09:16:25,1
2024-07-05 09:16:20,1
2024-07-05 09:16:10,1
2024-07-05 09:16:00,1
2024-07-05 09:15:25,1
2024-07-05 09:19:20,1
2024-07-05 09:15:15,1
2024-07-05 09:15:10,1
2024-07-05 09:15:00,1
2024-07-05 09:14:50,1
2024-07-05 09:14:45,1
2024-07-05 09:14:35,1
2024-07-05 09:14:25,1
2024-07-05 09:14:20,1
2024-07-05 09:14:10,1
2024-07-05 09:17:55,1
2024-07-05 09:19:30,1
2024-07-05 09:24:00,1
2024-07-05 09:22:00,1
2024-07-05 09:23:55,1
2024-07-05 09:23:45,1
2024-07-05 09:23:35,1
2024-07-05 09:23:30,1
2024-07-05 09:23:20,1
2024-07-05 09:23:10,1
2024-07-05 09:23:05,1
2024-07-05 09:22:55,1
2024-07-05 09:22:05,1
2024-07-05 09:21:50,1
2024-07-05 09:19:35,1
2024-07-05 09:21:20,1
2024-07-05 09:21:15,1
2024-07-05 09:21:05,1
2024-07-05 09:21:00,1
2024-07-05 09:20:50,1
2024-07-05 09:20:40,1
2024-07-05 09:20:00,1
2024-07-05 09:19:55,1
2024-07-05 09:19:45,1
2024-07-05 09:30:55,1
2024-07-05 09:31:00,1
2024-07-05 09:31:10,1
2024-07-05 09:42:05,1
2024-07-05 09:43:20,1
2024-07-05 09:43:15,1
2024-07-05 09:43:05,1
2024-07-05 09:42:55,1
2024-07-05 09:42:45,1
2024-07-05 09:42:35,1
2024-07-05 09:42:30,1
2024-07-05 09:42:20,1
2024-07-05 09:42:10,1
2024-07-05 09:41:55,1
2024-07-05 09:43:40,1
2024-07-05 09:41:45,1
2024-07-05 09:41:35,1
2024-07-05 09:41:25,1
2024-07-05 09:41:20,1
2024-07-05 09:41:10,1
2024-07-05 09:41:00,1
2024-07-05 09:40:50,1
2024-07-05 09:40:45,1
2024-07-05 09:40:35,1
2024-07-05 09:43:30,1
2024-07-05 09:43:45,1
2024-07-05 09:40:20,1
2024-07-05 09:45:30,1
2024-07-05 09:46:45,1
2024-07-05 09:46:40,1
2024-07-05 09:46:30,1
2024-07-05 09:46:20,1
2024-07-05 09:46:10,1
2024-07-05 09:46:00,1
2024-07-05 09:45:55,1
2024-07-05 09:45:45,1
2024-07-05 09:45:35,1
2024-07-05 09:45:20,1
2024-07-05 09:43:55,1
2024-07-05 09:45:10,1
2024-07-05 09:45:00,1
2024-07-05 09:44:55,1
2024-07-05 09:44:45,1
2024-07-05 09:44:35,1
2024-07-05 09:44:30,1
2024-07-05 09:44:20,1
2024-07-05 09:44:10,1
2024-07-05 09:44:05,1
2024-07-05 09:40:25,1
2024-07-05 09:40:10,1
2024-07-05 09:31:20,1
2024-07-05 09:32:55,1
2024-07-05 09:35:40,1
2024-07-05 09:35:30,1
2024-07-05 09:35:25,1
2024-07-05 09:33:50,1
2024-07-05 09:33:40,1
2024-07-05 09:33:30,1
2024-07-05 09:33:25,1
2024-07-05 09:33:15,1
2024-07-05 09:33:05,1
2024-07-05 09:32:45,1
2024-07-05 09:35:55,1
2024-07-05 09:32:35,1
2024-07-05 09:32:25,1
2024-07-05 09:32:20,1
2024-07-05 09:32:10,1
2024-07-05 09:32:00,1
2024-07-05 09:31:55,1
2024-07-05 09:31:45,1
2024-07-05 09:31:35,1
2024-07-05 09:31:30,1
2024-07-05 09:35:50,1
2024-07-05 09:36:05,1
2024-07-05 09:40:00,1
2024-07-05 09:38:35,1
2024-07-05 09:39:55,1
2024-07-05 09:39:45,1
2024-07-05 09:39:35,1
2024-07-05 09:39:25,1
2024-07-05 09:39:20,1
2024-07-05 09:39:10,1
2024-07-05 09:39:00,1
2024-07-05 09:38:50,1
2024-07-05 09:38:45,1
2024-07-05 09:38:30,1
2024-07-05 09:36:20,1
2024-07-05 09:38:20,1
2024-07-05 09:38:10,1
2024-07-05 09:38:00,1
2024-07-05 09:37:45,1
2024-07-05 09:37:35,1
2024-07-05 09:37:25,1
2024-07-05 09:37:15,1
2024-07-05 09:36:40,1
2024-07-05 09:36:30,1
2024-07-05 10:14:20,1
2024-07-05 10:14:40,1
2023-12-29 16:10:16,1
2024-07-05 10:43:25,1
2024-07-05 10:54:45,1
2024-07-05 10:54:35,1
2024-07-05 10:54:30,1
2024-07-05 10:54:20,1
2024-07-05 10:54:10,1
2024-07-05 10:54:05,1
2024-07-05 10:53:55,1
2024-07-05 10:53:45,1
2024-07-05 10:53:40,1
2024-07-05 10:53:10,1
2024-07-05 10:53:05,1
2024-07-05 10:52:55,1
2024-07-05 10:52:45,1
2024-07-05 10:52:40,1
2024-07-05 10:52:30,1
2024-07-05 10:52:20,1
2024-07-05 10:52:15,1
2024-07-05 10:52:05,1
2024-07-05 10:52:00,1
2024-07-05 10:51:50,1
2024-07-05 10:51:40,1
2024-07-05 10:54:55,1
2024-07-05 10:55:00,1
2024-07-05 10:55:10,1
2024-07-05 10:56:50,1
2024-07-05 10:58:05,1
2024-07-05 10:57:55,1
2024-07-05 10:57:45,1
2024-07-05 10:57:40,1
2024-07-05 10:57:30,1
2024-07-05 10:57:20,1
2024-07-05 10:57:15,1
2024-07-05 10:57:05,1
2024-07-05 10:56:55,1
2024-07-05 10:56:40,1
2024-07-05 10:55:15,1
2024-07-05 10:56:30,1
2024-07-05 10:56:25,1
2024-07-05 10:56:15,1
2024-07-05 10:56:05,1
2024-07-05 10:56:00,1
2024-07-05 10:55:50,1
2024-07-05 10:55:40,1
2024-07-05 10:55:35,1
2024-07-05 10:55:25,1
2024-07-05 10:51:35,1
2024-07-05 10:51:25,1
2024-07-05 10:51:15,1
2024-07-05 10:45:05,1
2024-07-05 10:47:40,1
2024-07-05 10:47:30,1
2024-07-05 10:47:20,1
2024-07-05 10:47:10,1
2024-07-05 10:47:05,1
2023-12-21 11:03:18,1
2024-07-05 10:46:45,1
2024-07-05 10:46:40,1
2024-07-05 10:45:25,1
2024-07-05 10:45:00,1
2024-07-05 10:47:55,1
2024-07-05 10:44:50,1
2024-07-05 10:44:40,1
2024-07-05 10:44:30,1
2024-07-05 10:44:25,1
2024-07-05 10:44:15,1
2024-07-05 10:44:05,1
2024-07-05 10:44:00,1
2024-07-05 10:43:50,1
2024-07-05 10:43:40,1
2024-07-05 10:47:45,1
2024-07-05 10:48:05,1
2024-07-05 10:51:10,1
2024-07-05 10:49:45,1
2024-07-05 10:51:00,1
2024-07-05 10:50:50,1
2024-07-05 10:50:45,1
2024-07-05 10:50:35,1
2024-07-05 10:50:30,1
2024-07-05 10:50:20,1
2024-07-05 10:50:10,1
2024-07-05 10:50:05,1
2024-07-05 10:49:55,1
2024-07-05 10:49:35,1
2024-07-05 10:48:10,1
2024-07-05 10:49:30,1
2024-07-05 10:49:20,1
2024-07-05 10:49:10,1
2024-07-05 10:49:00,1
2024-07-05 10:48:55,1
2024-07-05 10:48:45,1
2024-07-05 10:48:35,1
2024-07-05 10:48:30,1
2024-07-05 10:48:20,1
2024-07-05 10:58:10,1
2024-07-05 10:58:20,1
2024-07-05 10:58:25,1
2024-07-05 11:07:10,1
2024-07-05 11:08:25,1
2024-07-05 11:08:15,1
2024-07-05 11:08:05,1
2024-07-05 11:08:00,1
2024-07-05 11:07:50,1
2024-07-05 11:07:40,1
2024-07-05 11:07:35,1
2024-07-05 11:07:25,1
2024-07-05 11:07:15,1
2024-07-05 11:07:00,1
2024-07-05 11:08:40,1
2024-07-05 11:06:50,1
2024-07-05 11:06:45,1
2024-07-05 11:06:35,1
2024-07-05 11:06:25,1
2024-07-05 11:06:20,1
2024-07-05 11:06:10,1
2024-07-05 11:06:00,1
2024-07-05 11:05:55,1
2024-07-05 11:05:45,1
2024-07-05 11:08:30,1
2024-07-05 11:08:50,1
2024-07-05 11:05:30,1
2024-07-05 11:10:30,1
2024-07-05 11:11:45,1
2024-07-05 11:11:35,1
2024-07-05 11:11:30,1
2024-07-05 11:11:20,1
2024-07-05 11:11:10,1
2024-07-05 11:11:00,1
2024-07-05 11:10:55,1
2024-07-05 11:10:45,1
2024-07-05 11:10:35,1
2024-07-05 11:10:20,1
2024-07-05 11:08:55,1
2024-07-05 11:10:10,1
2024-07-05 11:10:05,1
2024-07-05 11:09:55,1
2024-07-05 11:09:45,1
2024-07-05 11:09:40,1
2024-07-05 11:09:30,1
2024-07-05 11:09:20,1
2024-07-05 11:09:15,1
2024-07-05 11:09:05,1
2024-07-05 11:05:35,1
2024-07-05 11:05:20,1
2024-07-05 10:58:35,1
2024-07-05 11:00:05,1
2024-07-05 11:01:25,1
2024-07-05 11:01:15,1
2024-07-05 11:01:05,1
2024-07-05 11:00:55,1
2024-07-05 11:00:50,1
2024-07-05 11:00:40,1
2024-07-05 11:00:30,1
2024-07-05 11:00:25,1
2024-07-05 11:00:15,1
2024-07-05 11:00:00,1
2024-07-05 11:01:40,1
2024-07-05 10:59:50,1
2024-07-05 10:59:40,1
2024-07-05 10:59:35,1
2024-07-05 10:59:25,1
2024-07-05 10:59:15,1
2024-07-05 10:59:10,1
2024-07-05 10:59:00,1
2024-07-05 10:58:50,1
2024-07-05 10:58:45,1
2024-07-05 11:01:30,1
2024-07-05 11:01:50,1
2024-07-05 11:05:10,1
2024-07-05 11:03:40,1
2024-07-05 11:05:05,1
2024-07-05 11:04:55,1
2024-07-05 11:04:45,1
2024-07-05 11:04:35,1
2024-07-05 11:04:30,1
2024-07-05 11:04:20,1
2024-07-05 11:04:05,1
2024-07-05 11:03:55,1
2024-07-05 11:03:45,1
2024-07-05 11:03:30,1
2024-07-05 11:02:00,1
2024-07-05 11:03:25,1
2024-07-05 11:03:15,1
2024-07-05 11:03:10,1
2024-07-05 11:02:55,1
2024-07-05 11:02:45,1
2024-07-05 11:02:35,1
2024-07-05 11:02:25,1
2024-07-05 11:02:20,1
2024-07-05 11:02:10,1
2024-07-05 10:43:30,1
2024-07-05 10:43:15,1
2024-07-05 10:14:50,1
2024-07-05 10:43:05,1
2024-07-05 10:24:55,1
2024-07-05 10:24:50,1
2024-07-05 10:24:40,1
2024-07-05 10:24:30,1
2024-07-05 10:24:25,1
2024-07-05 10:24:15,1
2024-07-05 10:24:05,1
2024-07-05 10:24:00,1
2024-07-05 10:23:50,1
2024-07-05 10:23:40,1
2024-07-05 10:23:35,1
2024-07-05 10:23:25,1
2024-07-05 10:23:15,1
2024-07-05 10:23:10,1
2024-07-05 10:23:00,1
2024-07-05 10:22:50,1
2024-07-05 10:22:45,1
2024-07-05 10:22:35,1
2024-07-05 10:22:25,1
2024-07-05 10:22:20,1
2024-07-05 10:22:10,1
2024-07-05 10:25:05,1
2024-07-05 10:25:15,1
2024-07-05 10:25:25,1
2024-07-05 10:27:00,1
2024-07-05 10:28:50,1
2024-07-05 10:28:40,1
2024-07-05 10:28:35,1
2024-07-05 10:28:25,1
2024-07-05 10:28:15,1
2024-07-05 10:28:10,1
2024-07-05 10:27:30,1
2024-07-05 10:27:20,1
2024-07-05 10:27:10,1
2024-07-05 10:26:55,1
2024-07-05 10:25:30,1
2024-07-05 10:26:45,1
2024-07-05 10:26:35,1
2024-07-05 10:26:30,1
2024-07-05 10:26:20,1
2024-07-05 10:26:15,1
2024-07-05 10:26:05,1
2024-07-05 10:25:55,1
2024-07-05 10:25:50,1
2024-07-05 10:25:40,1
2024-07-05 10:21:45,1
2024-07-05 10:21:25,1
2024-07-05 10:21:15,1
2024-07-05 10:16:20,1
2024-07-05 10:17:35,1
2024-07-05 10:17:25,1
2024-07-05 10:17:15,1
2024-07-05 10:17:10,1
2024-07-05 10:17:00,1
2024-07-05 10:16:50,1
2024-07-05 10:16:45,1
2024-07-05 10:16:35,1
2024-07-05 10:16:25,1
2024-07-05 10:16:10,1
2024-07-05 10:17:50,1
2024-07-05 10:16:00,1
2024-07-05 10:15:55,1
2024-07-05 10:15:45,1
2024-07-05 10:15:35,1
2024-07-05 10:15:30,1
2024-07-05 10:15:20,1
2024-07-05 10:15:15,1
2024-07-05 10:15:05,1
2024-07-05 10:14:55,1
2024-07-05 10:17:40,1
2024-07-05 10:18:00,1
2024-07-05 10:21:05,1
2024-07-05 10:19:35,1
2024-07-05 10:20:55,1
2024-07-05 10:20:45,1
2024-07-05 10:20:40,1
2024-07-05 10:20:30,1
2024-07-05 10:20:20,1
2024-07-05 10:20:15,1
2024-07-05 10:20:05,1
2024-07-05 10:19:55,1
2024-07-05 10:19:45,1
2024-07-05 10:19:30,1
2024-07-05 10:18:05,1
2024-07-05 10:19:20,1
2024-07-05 10:19:10,1
2024-07-05 10:19:05,1
2024-07-05 10:18:55,1
2024-07-05 10:18:45,1
2024-07-05 10:18:40,1
2024-07-05 10:18:30,1
2024-07-05 10:18:20,1
2024-07-05 10:18:15,1
2024-07-05 10:29:00,1
2024-07-05 10:29:05,1
2024-07-05 10:29:15,1
2024-07-05 10:37:40,1
2024-07-05 10:39:30,1
2024-07-05 10:39:25,1
2024-07-05 10:39:15,1
2024-07-05 10:39:05,1
2024-07-05 10:38:30,1
2024-07-05 10:38:20,1
2024-07-05 10:38:05,1
2024-07-05 10:37:55,1
2024-07-05 10:37:45,1
2024-07-05 10:37:30,1
2024-07-05 10:39:50,1
2024-07-05 10:37:20,1
2024-07-05 10:37:15,1
2024-07-05 10:37:05,1
2024-07-05 10:36:55,1
2024-07-05 10:36:50,1
2024-07-05 10:36:40,1
2024-07-05 10:36:30,1
2024-07-05 10:36:25,1
2024-07-05 10:36:15,1
2024-07-05 10:39:40,1
2024-07-05 10:39:55,1
2024-07-05 10:36:00,1
2024-07-05 10:41:40,1
2024-07-05 10:43:00,1
2024-07-05 10:42:50,1
2024-07-05 10:42:40,1
2024-07-05 10:42:30,1
2024-07-05 10:42:20,1
2024-07-05 10:42:10,1
2024-07-05 10:42:05,1
2024-07-05 10:41:55,1
2024-07-05 10:41:45,1
2024-07-05 10:41:30,1
2024-07-05 10:40:05,1
2024-07-05 10:41:20,1
2024-07-05 10:41:15,1
2024-07-05 10:41:05,1
2024-07-05 10:40:55,1
2024-07-05 10:40:50,1
2024-07-05 10:40:40,1
2024-07-05 10:40:30,1
2024-07-05 10:40:20,1
2024-07-05 10:40:15,1
2024-07-05 10:36:05,1
2024-07-05 10:35:50,1
2024-07-05 10:29:25,1
2024-07-05 10:30:55,1
2024-07-05 10:32:10,1
2024-07-05 10:32:00,1
2024-07-05 10:31:55,1
2024-07-05 10:31:45,1
2024-07-05 10:31:35,1
2024-07-05 10:31:30,1
2024-07-05 10:31:20,1
2024-07-05 10:31:10,1
2024-07-05 10:31:05,1
2024-07-05 10:30:45,1
2024-07-05 10:32:25,1
2024-07-05 10:30:40,1
2024-07-05 10:30:30,1
2024-07-05 10:30:20,1
2024-07-05 10:30:15,1
2024-07-05 10:30:05,1
2024-07-05 10:29:55,1
2024-07-05 10:29:50,1
2024-07-05 10:29:40,1
2024-07-05 10:29:30,1
2024-07-05 10:32:15,1
2024-07-05 10:32:35,1
2024-07-05 10:35:40,1
2024-07-05 10:34:15,1
2024-07-05 10:35:35,1
2024-07-05 10:35:25,1
2024-07-05 10:35:15,1
2024-07-05 10:35:10,1
2024-07-05 10:35:00,1
2024-07-05 10:34:50,1
2024-07-05 10:34:40,1
2024-07-05 10:34:35,1
2024-07-05 10:34:25,1
2024-07-05 10:34:10,1
2024-07-05 10:32:40,1
2024-07-05 10:34:00,1
2024-07-05 10:33:50,1
2024-07-05 10:33:45,1
2024-07-05 10:33:35,1
2024-07-05 10:33:25,1
2024-07-05 10:33:20,1
2024-07-05 10:33:10,1
2024-07-05 10:33:00,1
2024-07-05 10:32:55,1
2024-07-05 09:14:05,1
2024-07-05 09:13:55,1
2024-07-05 09:13:45,1
2023-12-29 16:36:38,1
2023-12-21 10:50:38,1
2023-12-21 10:50:46,1
2023-12-21 10:50:54,1
2023-12-21 10:51:03,1
2023-12-21 10:51:11,1
2023-12-21 10:51:19,1
2023-12-21 10:51:27,1
2023-12-21 10:51:35,1
2023-12-21 10:51:43,1
2023-12-21 10:51:51,1
2023-12-21 10:51:59,1
2023-12-21 10:52:07,1
2023-12-21 11:00:12,1
2023-12-21 11:00:20,1
2023-12-21 11:00:28,1
2023-12-21 11:01:09,1
2023-12-21 11:01:20,1
2023-12-21 11:01:28,1
2023-12-21 11:01:36,1
2023-12-21 11:01:44,1
2023-12-21 11:01:52,1
2023-12-21 10:50:30,1
2023-12-21 10:50:22,1
2023-12-21 10:50:13,1
2023-12-21 10:48:33,1
2023-12-21 10:46:45,1
2023-12-21 10:46:53,1
2023-12-21 10:47:03,1
2023-12-21 10:47:11,1
2023-12-21 10:47:19,1
2023-12-21 10:47:27,1
2023-12-21 10:47:35,1
2023-12-21 10:48:17,1
2023-12-21 10:48:25,1
2023-12-21 10:48:41,1
2023-12-21 10:50:05,1
2023-12-21 10:48:49,1
2023-12-21 10:48:57,1
2023-12-21 10:49:05,1
2023-12-21 10:49:14,1
2023-12-21 10:49:22,1
2023-12-21 10:49:30,1
2023-12-21 10:49:39,1
2023-12-21 10:49:47,1
2023-12-21 10:49:56,1
2023-12-21 11:02:01,1
2023-12-21 11:02:10,1
2023-12-21 11:02:18,1
2023-12-29 16:55:10,1
2023-12-29 16:56:22,1
2023-12-29 16:56:14,1
2023-12-29 16:56:06,1
2023-12-29 16:55:58,1
2023-12-29 16:55:50,1
2023-12-29 16:55:42,1
2023-12-29 16:55:34,1
2023-12-29 16:55:26,1
2023-12-29 16:55:18,1
2023-12-29 16:43:32,1
2023-12-29 16:56:38,1
2023-12-29 16:43:19,1
2023-12-29 16:37:51,1
2023-12-29 16:37:43,1
2023-12-29 16:37:35,1
2023-12-29 16:37:27,1
2023-12-29 16:37:19,1
2023-12-29 16:37:11,1
2023-12-29 16:37:03,1
2023-12-29 16:36:55,1
2023-12-29 16:56:30,1
2023-12-29 17:03:06,1
2023-12-21 11:02:26,1
2023-12-29 17:05:33,1
2023-12-21 11:02:34,1
2023-12-21 11:02:42,1
2023-12-21 11:02:50,1
2023-12-21 11:03:02,1
2023-12-29 17:06:55,1
2023-12-29 17:06:47,1
2023-12-29 17:06:38,1
2023-12-29 17:06:29,1
2023-12-29 17:05:41,1
2023-12-29 17:05:25,1
2023-12-29 17:03:14,1
2023-12-29 17:05:17,1
2023-12-29 17:05:09,1
2023-12-29 17:05:01,1
2023-12-29 17:04:53,1
2023-12-29 17:04:45,1
2023-12-29 17:04:36,1
2023-12-29 17:04:28,1
2023-12-29 17:03:30,1
2023-12-29 17:03:22,1
2023-12-21 10:46:37,1
2023-12-21 10:46:29,1
2023-12-21 10:46:21,1
2023-12-21 10:38:03,1
2023-12-21 10:33:34,1
2023-12-21 10:33:43,1
2023-12-21 10:33:51,1
2023-12-21 10:34:00,1
2023-12-21 10:34:08,1
2023-12-21 10:34:16,1
2023-12-21 10:34:24,1
2023-12-21 10:35:35,1
2023-12-21 10:37:55,1
2023-12-21 10:38:11,1
2023-12-21 10:33:18,1
2023-12-21 10:38:19,1
2023-12-21 10:38:27,1
2023-12-21 10:38:35,1
2023-12-21 10:38:43,1
2023-12-21 10:38:52,1
2023-12-21 10:39:00,1
2023-12-21 10:39:08,1
2023-12-21 10:39:16,1
2023-12-21 10:39:25,1
2023-12-21 10:33:26,1
2023-12-21 10:33:09,1
2023-12-21 10:39:42,1
2023-12-21 10:24:20,1
2023-12-21 10:22:05,1
2023-12-21 10:22:13,1
2023-12-21 10:22:21,1
2023-12-21 10:22:29,1
2023-12-21 10:22:37,1
2023-12-21 10:22:45,1
2023-12-21 10:22:53,1
2023-12-21 10:23:01,1
2023-12-21 10:24:12,1
2023-12-21 10:29:41,1
2023-12-21 10:33:00,1
2023-12-21 10:31:11,1
2023-12-21 10:31:20,1
2023-12-21 10:31:28,1
2023-12-21 10:32:12,1
2023-12-21 10:32:20,1
2023-12-21 10:32:28,1
2023-12-21 10:32:36,1
2023-12-21 10:32:44,1
2023-12-21 10:32:52,1
2023-12-21 10:39:34,1
2023-12-21 10:39:50,1
2023-12-21 10:46:13,1
2023-12-21 10:44:43,1
2023-12-21 10:43:29,1
2023-12-21 10:43:37,1
2023-12-21 10:43:45,1
2023-12-21 10:43:53,1
2023-12-21 10:44:01,1
2023-12-21 10:44:09,1
2023-12-21 10:44:17,1
2023-12-21 10:44:26,1
2023-12-21 10:44:34,1
2023-12-21 10:44:51,1
2023-12-21 10:43:13,1
2023-12-21 10:45:00,1
2023-12-21 10:45:08,1
2023-12-21 10:45:16,1
2023-12-21 10:45:24,1
2023-12-21 10:45:32,1
2023-12-21 10:45:41,1
2023-12-21 10:45:49,1
2023-12-21 10:45:57,1
2023-12-21 10:46:05,1
2023-12-21 10:43:21,1
2023-12-21 10:43:05,1
2023-12-21 10:39:59,1
2023-12-21 10:41:22,1
2023-12-21 10:40:07,1
2023-12-21 10:40:15,1
2023-12-21 10:40:23,1
2023-12-21 10:40:32,1
2023-12-21 10:40:41,1
2023-12-21 10:40:49,1
2023-12-21 10:40:58,1
2023-12-21 10:41:06,1
2023-12-21 10:41:14,1
2023-12-21 10:41:31,1
2023-12-21 10:42:56,1
2023-12-21 10:41:40,1
2023-12-21 10:41:48,1
2023-12-21 10:41:56,1
2023-12-21 10:42:04,1
2023-12-21 10:42:12,1
2023-12-21 10:42:21,1
2023-12-21 10:42:30,1
2023-12-21 10:42:39,1
2023-12-21 10:42:48,1
2023-12-29 16:36:46,1
2023-12-29 16:36:26,1
2024-07-05 09:13:40,1
2023-12-29 16:36:18,1
2023-12-29 16:19:33,1
2023-12-29 16:19:25,1
2023-12-29 16:19:17,1
2023-12-29 16:19:09,1
2023-12-29 16:19:01,1
2023-12-29 16:18:53,1
2023-12-29 16:18:45,1
2023-12-29 16:18:37,1
2023-12-29 16:18:29,1
2023-12-29 16:18:21,1
2023-12-29 16:18:13,1
2023-12-29 16:18:04,1
2023-12-29 16:17:56,1
2023-12-29 16:17:48,1
2023-12-29 16:17:40,1
2023-12-29 16:17:32,1
2023-12-29 16:17:24,1
2023-12-29 16:17:16,1
2023-12-29 16:17:08,1
2023-12-29 16:16:59,1
2023-12-29 16:16:51,1
2023-12-29 16:19:43,1
2023-12-29 16:19:51,1
2023-12-29 16:19:59,1
2023-12-29 16:21:36,1
2023-12-29 16:22:48,1
2023-12-29 16:22:40,1
2023-12-29 16:22:32,1
2023-12-29 16:22:24,1
2023-12-29 16:22:16,1
2023-12-29 16:22:08,1
2023-12-29 16:22:00,1
2023-12-29 16:21:52,1
2023-12-29 16:21:44,1
2023-12-29 16:21:28,1
2023-12-29 16:20:07,1
2023-12-29 16:21:20,1
2023-12-29 16:21:12,1
2023-12-29 16:21:04,1
2023-12-29 16:20:56,1
2023-12-29 16:20:48,1
2023-12-29 16:20:39,1
2023-12-29 16:20:31,1
2023-12-29 16:20:23,1
2023-12-29 16:20:15,1
2023-12-29 16:16:43,1
2023-12-29 16:16:35,1
2023-12-29 16:16:27,1
2023-12-29 16:11:45,1
2023-12-29 16:12:58,1
2023-12-29 16:12:50,1
2023-12-29 16:12:41,1
2023-12-29 16:12:33,1
2023-12-29 16:12:25,1
2023-12-29 16:12:18,1
2023-12-29 16:12:09,1
2023-12-29 16:12:01,1
2023-12-29 16:11:53,1
2023-12-29 16:11:37,1
2023-12-29 16:13:14,1
2023-12-29 16:11:29,1
2023-12-29 16:11:21,1
2023-12-29 16:11:13,1
2023-12-29 16:11:05,1
2023-12-29 16:10:57,1
2023-12-29 16:10:49,1
2023-12-29 16:10:41,1
2023-12-29 16:10:33,1
2023-12-29 16:10:25,1
2023-12-29 16:13:06,1
2023-12-29 16:13:22,1
2023-12-29 16:16:19,1
2023-12-29 16:14:59,1
2023-12-29 16:16:11,1
2023-12-29 16:16:03,1
2023-12-29 16:15:55,1
2023-12-29 16:15:47,1
2023-12-29 16:15:39,1
2023-12-29 16:15:31,1
2023-12-29 16:15:23,1
2023-12-29 16:15:15,1
2023-12-29 16:15:07,1
2023-12-29 16:14:50,1
2023-12-29 16:13:30,1
2023-12-29 16:14:42,1
2023-12-29 16:14:34,1
2023-12-29 16:14:26,1
2023-12-29 16:14:18,1
2023-12-29 16:14:10,1
2023-12-29 16:14:02,1
2023-12-29 16:13:54,1
2023-12-29 16:13:46,1
2023-12-29 16:13:38,1
2023-12-29 16:22:56,1
2023-12-29 16:23:04,1
2023-12-29 16:23:13,1
2023-12-29 16:31:23,1
2023-12-29 16:32:50,1
2023-12-29 16:32:41,1
2023-12-29 16:32:33,1
2023-12-29 16:32:25,1
2023-12-29 16:32:17,1
2023-12-29 16:32:08,1
2023-12-29 16:32:00,1
2023-12-29 16:31:39,1
2023-12-29 16:31:31,1
2023-12-29 16:31:14,1
2023-12-29 16:33:07,1
2023-12-29 16:31:06,1
2023-12-29 16:30:58,1
2023-12-29 16:30:49,1
2023-12-29 16:30:41,1
2023-12-29 16:30:33,1
2023-12-29 16:30:25,1
2023-12-29 16:30:16,1
2023-12-29 16:30:08,1
2023-12-29 16:30:00,1
2023-12-29 16:32:59,1
2023-12-29 16:33:15,1
2023-12-29 16:29:43,1
2023-12-29 16:34:53,1
2023-12-29 16:36:10,1
2023-12-29 16:36:02,1
2023-12-29 16:35:54,1
2023-12-29 16:35:45,1
2023-12-29 16:35:37,1
2023-12-29 16:35:29,1
2023-12-29 16:35:21,1
2023-12-29 16:35:12,1
2023-12-29 16:35:04,1
2023-12-29 16:34:45,1
2023-12-29 16:33:23,1
2023-12-29 16:34:37,1
2023-12-29 16:34:29,1
2023-12-29 16:34:21,1
2023-12-29 16:34:13,1
2023-12-29 16:34:05,1
2023-12-29 16:33:57,1
2023-12-29 16:33:49,1
2023-12-29 16:33:41,1
2023-12-29 16:33:32,1
2023-12-29 16:29:51,1
2023-12-29 16:29:35,1
2023-12-29 16:23:21,1
2023-12-29 16:24:49,1
2023-12-29 16:26:02,1
2023-12-29 16:25:54,1
2023-12-29 16:25:46,1
2023-12-29 16:25:38,1
2023-12-29 16:25:30,1
2023-12-29 16:25:22,1
2023-12-29 16:25:13,1
2023-12-29 16:25:05,1
2023-12-29 16:24:57,1
2023-12-29 16:24:41,1
2023-12-29 16:26:18,1
2023-12-29 16:24:33,1
2023-12-29 16:24:25,1
2023-12-29 16:24:17,1
2023-12-29 16:24:09,1
2023-12-29 16:24:01,1
2023-12-29 16:23:53,1
2023-12-29 16:23:45,1
2023-12-29 16:23:37,1
2023-12-29 16:23:29,1
2023-12-29 16:26:10,1
2023-12-29 16:26:26,1
2023-12-29 16:29:27,1
2023-12-29 16:28:03,1
2023-12-29 16:29:19,1
2023-12-29 16:29:11,1
2023-12-29 16:29:02,1
2023-12-29 16:28:53,1
2023-12-29 16:28:45,1
2023-12-29 16:28:37,1
2023-12-29 16:28:28,1
2023-12-29 16:28:20,1
2023-12-29 16:28:12,1
2023-12-29 16:27:55,1
2023-12-29 16:26:34,1
2023-12-29 16:27:47,1
2023-12-29 16:27:39,1
2023-12-29 16:27:31,1
2023-12-29 16:27:23,1
2023-12-29 16:27:15,1
2023-12-29 16:27:07,1
2023-12-29 16:26:59,1
2023-12-29 16:26:50,1
2023-12-29 16:26:42,1
2023-12-21 10:21:57,1
2023-12-21 10:21:49,1
2023-12-21 10:21:41,1
2023-12-21 10:20:56,1
2023-12-21 09:27:14,1
2023-12-21 09:27:23,1
2023-12-21 09:27:31,1
2023-12-21 09:29:32,1
2023-12-21 09:29:40,1
2023-12-21 09:29:48,1
2023-12-21 09:31:00,1
2023-12-21 09:31:08,1
2023-12-21 09:31:16,1
2023-12-21 09:31:25,1
2023-12-21 09:31:33,1
2023-12-21 09:31:41,1
2023-12-21 09:31:49,1
2023-12-21 09:31:57,1
2023-12-21 09:32:06,1
2023-12-21 09:33:36,1
2023-12-21 09:33:44,1
2023-12-21 09:33:52,1
2023-12-21 09:34:22,1
2023-12-21 09:34:30,1
2023-12-21 09:34:38,1
2023-12-21 09:27:06,1
2023-12-21 09:26:58,1
2023-12-21 09:26:50,1
2023-12-21 09:24:16,1
2023-12-21 09:23:00,1
2023-12-21 09:23:10,1
2023-12-21 09:23:18,1
2023-12-21 09:23:26,1
2023-12-21 09:23:34,1
2023-12-21 09:23:42,1
2023-12-21 09:23:50,1
2023-12-21 09:23:59,1
2023-12-21 09:24:07,1
2023-12-21 09:24:24,1
2023-12-21 09:26:42,1
2023-12-21 09:24:32,1
2023-12-21 09:24:40,1
2023-12-21 09:24:49,1
2023-12-21 09:24:58,1
2023-12-21 09:26:01,1
2023-12-21 09:26:10,1
2023-12-21 09:26:18,1
2023-12-21 09:26:26,1
2023-12-21 09:26:34,1
2023-12-21 09:34:46,1
2023-12-21 09:34:55,1
2023-12-21 09:35:03,1
2023-12-21 09:40:09,1
2023-12-21 09:38:56,1
2023-12-21 09:39:05,1
2023-12-21 09:39:13,1
2023-12-21 09:39:21,1
2023-12-21 09:39:29,1
2023-12-21 09:39:37,1
2023-12-21 09:39:45,1
2023-12-21 09:39:53,1
2023-12-21 09:40:01,1
2023-12-21 09:40:17,1
2023-12-21 09:38:40,1
2023-12-21 09:40:25,1
2023-12-21 09:40:34,1
2023-12-21 09:40:42,1
2023-12-21 09:40:51,1
2023-12-21 09:40:59,1
2023-12-21 09:41:07,1
2023-12-21 09:41:15,1
2023-12-21 09:41:25,1
2023-12-21 09:41:33,1
2023-12-21 09:38:48,1
2023-12-21 09:38:32,1
2023-12-21 09:35:11,1
2023-12-21 09:37:02,1
2023-12-21 09:35:19,1
2023-12-21 09:35:27,1
2023-12-21 09:35:35,1
2023-12-21 09:35:43,1
2023-12-21 09:35:51,1
2023-12-21 09:35:59,1
2023-12-21 09:36:07,1
2023-12-21 09:36:44,1
2023-12-21 09:36:53,1
2023-12-21 09:37:10,1
2023-12-21 09:38:24,1
2023-12-21 09:37:18,1
2023-12-21 09:37:26,1
2024-03-03 14:42:00,1
2023-12-21 09:37:35,1
2023-12-21 09:37:44,1
2023-12-21 09:37:51,1
2023-12-21 09:38:00,1
2023-12-21 09:38:08,1
2023-12-21 09:38:16,1
2023-12-21 09:22:52,1
2023-12-21 09:22:43,1
2023-12-21 09:22:34,1
2023-12-21 09:06:19,1
2023-12-21 09:01:00,1
2023-12-21 09:01:25,1
2023-12-21 09:03:36,1
2023-12-21 09:03:45,1
2023-12-21 09:05:35,1
2023-12-21 09:05:45,1
2023-12-21 09:05:55,1
2023-12-21 09:06:03,1
2023-12-21 09:06:11,1
2023-12-21 09:06:27,1
2023-12-21 09:00:44,1
2023-12-21 09:06:35,1
2023-12-21 09:06:43,1
2023-12-21 09:06:51,1
2023-12-21 09:06:59,1
2023-12-21 09:07:07,1
2023-12-21 09:07:15,1
2023-12-21 09:07:23,1
2023-12-21 09:07:31,1
2023-12-21 09:08:04,1
2023-12-21 09:00:52,1
2023-12-21 09:00:36,1
2023-12-21 09:10:24,1
2022-10-26 19:37:00,1
2024-07-05 09:13:30,1
2024-07-05 09:13:20,1
2024-07-05 09:13:15,1
2024-07-05 09:13:05,1
2024-07-05 09:12:55,1
2024-07-05 09:12:50,1
2024-07-05 09:12:15,1
2024-07-05 09:12:05,1
2024-07-05 09:12:00,1
2023-01-30 18:58:00,1
2023-12-21 09:00:28,1
2023-02-01 18:31:00,1
2023-02-01 18:44:00,1
2023-02-01 19:28:00,1
2023-02-07 19:14:00,1
2023-02-07 19:18:00,1
2023-02-08 17:02:00,1
2023-02-08 17:49:00,1
2023-02-08 18:04:00,1
2023-12-21 09:00:20,1
2023-12-21 09:10:15,1
2023-12-21 09:10:32,1
2023-12-21 09:22:26,1
2023-12-21 09:20:03,1
2023-12-21 09:17:57,1
2023-12-21 09:18:34,1
2023-12-21 09:19:04,1
2023-12-21 09:19:12,1
2023-12-21 09:19:20,1
2023-12-21 09:19:29,1
2023-12-21 09:19:37,1
2023-12-21 09:19:46,1
2023-12-21 09:19:54,1
2023-12-21 09:20:11,1
2023-12-21 09:17:41,1
2023-12-21 09:20:20,1
2023-12-21 09:20:28,1
2023-12-21 09:20:36,1
2023-12-21 09:20:44,1
2023-12-21 09:20:52,1
2023-12-21 09:21:00,1
2023-12-21 09:22:02,1
2023-12-21 09:22:10,1
2023-12-21 09:22:18,1
2023-12-21 09:17:49,1
2023-12-21 09:17:33,1
2023-12-21 09:10:40,1
2024-03-03 16:50:00,1
2023-12-21 09:11:16,1
2023-12-21 09:11:24,1
2023-12-21 09:11:32,1
2023-12-21 09:11:40,1
2023-12-21 09:11:48,1
2023-12-21 09:11:56,1
2023-12-21 09:12:04,1
2023-12-21 09:12:13,1
2024-03-03 16:51:00,1
2023-12-21 09:12:21,1
2023-12-21 09:17:25,1
2023-12-21 09:12:29,1
2024-03-03 16:43:00,1
2023-12-21 09:12:38,1
2023-12-21 09:15:21,1
2023-12-21 09:15:29,1
2023-12-21 09:15:37,1
2023-12-21 09:15:45,1
2023-12-21 09:15:53,1
2023-12-21 09:16:01,1
2023-12-21 09:41:41,1
2023-12-21 09:41:50,1
2023-12-21 09:41:58,1
2023-12-21 10:09:02,1
2023-12-21 10:07:49,1
2023-12-21 10:07:57,1
2023-12-21 10:08:05,1
2023-12-21 10:08:13,1
2023-12-21 10:08:21,1
2023-12-21 10:08:29,1
2023-12-21 10:08:37,1
2023-12-21 10:08:45,1
2023-12-21 10:08:53,1
2023-12-21 10:09:10,1
2023-12-21 10:07:33,1
2023-12-21 10:09:18,1
2023-12-21 10:09:26,1
2023-12-21 10:09:34,1
2023-12-21 10:09:43,1
2023-12-21 10:09:51,1
2023-12-21 10:09:59,1
2023-12-21 10:10:08,1
2023-12-21 10:10:16,1
2023-12-21 10:10:25,1
2023-12-21 10:07:41,1
2023-12-21 10:07:25,1
2023-12-21 10:10:42,1
2023-12-21 10:05:47,1
2023-12-21 10:04:33,1
2023-12-21 10:04:42,1
2023-12-21 10:04:50,1
2023-12-21 10:04:58,1
2023-12-21 10:05:06,1
2023-12-21 10:05:14,1
2023-12-21 10:05:22,1
2023-12-21 10:05:30,1
2023-12-21 10:05:38,1
2023-12-21 10:05:55,1
2023-12-21 10:07:17,1
2023-12-21 10:06:03,1
2023-12-21 10:06:11,1
2023-12-21 10:06:19,1
2023-12-21 10:06:28,1
2023-12-21 10:06:36,1
2023-12-21 10:06:44,1
2023-12-21 10:06:53,1
2023-12-21 10:07:01,1
2023-12-21 10:07:09,1
2023-12-21 10:10:33,1
2023-12-21 10:10:51,1
2023-12-21 10:04:16,1
2023-12-21 10:18:47,1
2023-12-21 10:15:09,1
2023-12-21 10:15:17,1
2023-12-21 10:17:49,1
2023-12-21 10:17:57,1
2023-12-21 10:18:05,1
2023-12-21 10:18:14,1
2023-12-21 10:18:22,1
2023-12-21 10:18:31,1
2023-12-21 10:18:39,1
2023-12-21 10:18:56,1
2023-12-21 10:14:53,1
2023-12-21 10:19:04,1
2023-12-21 10:19:12,1
2023-12-21 10:19:21,1
2023-12-21 10:19:30,1
2023-12-21 10:19:38,1
2023-12-21 10:19:46,1
2023-12-21 10:19:54,1
2023-12-21 10:20:02,1
2023-12-21 10:20:10,1
2023-12-21 10:15:01,1
2023-12-21 10:14:45,1
2023-12-21 10:10:59,1
2023-12-21 10:12:20,1
2023-12-21 10:11:08,1
2023-12-21 10:11:16,1
2023-12-21 10:11:24,1
2023-12-21 10:11:32,1
2023-12-21 10:11:40,1
2023-12-21 10:11:48,1
2023-12-21 10:11:56,1
2023-12-21 10:12:04,1
2023-12-21 10:12:12,1
2023-12-21 10:12:28,1
2023-12-21 10:14:36,1
2023-12-21 10:12:36,1
2023-12-21 10:12:44,1
2023-12-21 10:12:52,1
2023-12-21 10:13:00,1
2023-12-21 10:13:08,1
2023-12-21 10:14:03,1
2023-12-21 10:14:11,1
2023-12-21 10:14:19,1
2023-12-21 10:14:28,1
2023-12-21 10:04:25,1
2023-12-21 10:04:08,1
2023-12-21 09:42:06,1
2023-12-21 09:48:49,1
2023-12-21 09:47:34,1
2023-12-21 09:47:42,1
2023-12-21 09:47:50,1
2023-12-21 09:47:58,1
2023-12-21 09:48:06,1
2023-12-21 09:48:14,1
2023-12-21 09:48:22,1
2023-12-21 09:48:32,1
2023-12-21 09:48:41,1
2023-12-21 09:48:57,1
2023-12-21 09:46:28,1
2023-12-21 09:49:05,1
2023-12-21 09:49:13,1
2023-12-21 09:49:21,1
2023-12-21 09:49:58,1
2023-12-21 09:50:06,1
2023-12-21 09:50:14,1
2023-12-21 09:50:22,1
2023-12-21 09:51:31,1
2023-12-21 09:51:39,1
2023-12-21 09:46:36,1
2023-12-21 09:46:19,1
2023-12-21 09:51:55,1
2023-12-21 09:43:28,1
2023-12-21 09:42:14,1
2023-12-21 09:42:22,1
2023-12-21 09:42:30,1
2023-12-21 09:42:38,1
2023-12-21 09:42:46,1
2023-12-21 09:42:55,1
2023-12-21 09:43:04,1
2023-12-21 09:43:12,1
2023-12-21 09:43:20,1
2023-12-21 09:43:36,1
2023-12-21 09:46:11,1
2023-12-21 09:43:44,1
2023-12-21 09:43:52,1
2023-12-21 09:44:01,1
2023-12-21 09:45:22,1
2023-12-21 09:45:30,1
2023-12-21 09:45:38,1
2023-12-21 09:45:46,1
2023-12-21 09:45:55,1
2023-12-21 09:46:03,1
2023-12-21 09:51:47,1
2023-12-21 09:52:03,1
2023-12-21 10:03:49,1
2023-12-21 10:02:20,1
2023-12-21 10:00:11,1
2023-12-21 10:00:20,1
2023-12-21 10:00:29,1
2023-12-21 10:01:31,1
2023-12-21 10:01:39,1
2023-12-21 10:01:47,1
2023-12-21 10:01:56,1
2023-12-21 10:02:04,1
2023-12-21 10:02:12,1
2023-12-21 10:02:28,1
2023-12-21 09:59:55,1
2023-12-21 10:02:36,1
2023-12-21 10:02:44,1
2023-12-21 10:02:52,1
2023-12-21 10:03:00,1
2023-12-21 10:03:08,1
2023-12-21 10:03:16,1
2023-12-21 10:03:24,1
2023-12-21 10:03:33,1
2023-12-21 10:03:41,1
2023-12-21 10:00:03,1
2023-12-21 09:59:46,1
2023-12-21 09:52:11,1
2023-12-21 09:54:56,1
2023-12-21 09:52:20,1
2023-12-21 09:52:28,1
2023-12-21 09:52:36,1
2023-12-21 09:52:44,1
2023-12-21 09:52:52,1
2023-12-21 09:53:00,1
2023-12-21 09:54:01,1
2023-12-21 09:54:09,1
2023-12-21 09:54:17,1
2023-12-21 09:55:05,1
2023-12-21 09:56:26,1
2023-12-21 09:55:13,1
2023-12-21 09:55:21,1
2023-12-21 09:55:29,1
2023-12-21 09:55:37,1
2023-12-21 09:55:46,1
2023-12-21 09:55:54,1
2023-12-21 09:56:02,1
2023-12-21 09:56:10,1
2023-12-21 09:56:18,1
2024-07-09 17:59:50,1
