path,type,family,purpose,inputs,outputs,imports,callers,hard_coded_paths,status,uncertainty,syntax
scripts/feature_fusion/01_aggregate_vehicle_features_to_sensor_level.py,py,Feature fusion/PM proxy,01 aggregate vehicle features to sensor level,,data/sensor/MC1S_window_115430_124150.csv | outputs/features/idd_vehicle_detections_frame_level_v2.csv | outputs/features/processed_frame_manifest_preprocessed_v2.csv | outputs/features/idd_vehicle_features_sensor_level_v2.csv,pathlib | argparse | pandas,,,active or historical; uncertain,medium: inferred from static code and naming,ok
scripts/feature_fusion/03_create_particle_density_modeling_table.py,py,Feature fusion/PM proxy,03 create particle density modeling table,,outputs/features/idd_vehicle_features_sensor_level_v2.csv | outputs/features/segformer_road_condition_features_sensor_level_v2.csv | outputs/features/particle_density_modeling_table_v2.csv,pathlib | argparse | numpy | pandas,,,active or historical; uncertain,medium: inferred from static code and naming,ok
scripts/feature_fusion/04_add_osm_features_to_modeling_table.py,py,Feature fusion/PM proxy,04 add osm features to modeling table,,outputs/features/particle_density_modeling_table_idd_finetuned_v2.csv | /Users/aryansatyendrakumar/Projects/pm_density_image_pipeline/ | outputs/features/Sensor_data_with_osm.csv | outputs/features/particle_density_modeling_table_idd_finetuned_osm_v2.csv,pathlib | argparse | pandas | numpy,,/Users/aryansatyendrakumar/Projects/pm_density_image_pipeline/,active or historical; uncertain,medium: inferred from static code and naming,ok
scripts/feature_fusion/05_add_effective_density_to_csv.py,py,Feature fusion/PM proxy,05 add effective density to csv,,outputs/features/particle_density_modeling_table_idd_finetuned_osm_v2.csv | outputs/features/particle_density_modeling_table_idd_finetuned_osm_density_v2.csv,pathlib | numpy | pandas,,,active or historical; uncertain,medium: inferred from static code and naming,ok
src/pollution_proxy/__init__.py,py,Feature fusion/PM proxy,  init  ,,,,,,active or historical; uncertain,medium: inferred from static code and naming,ok
experiments/hvaq_vgg16_lstm_v1,directory,HVAQ-VGG16-LSTM,Experiment family root (169 files; .jpg:106; .csv:34; .json:10; .png:6; .py:4; .gz:3; .pt:3; .md:1; .npy:1; [no_ext]:1),see producing scripts in same family,contains generated artifacts,n/a,n/a,,active or historical; uncertain,low for contents; medium for currency,n/a
experiments/hvaq_vgg16_lstm_v1/reports,directory,HVAQ-VGG16-LSTM,Generated report/evaluation tree (16 files; .json:10; .csv:6),see producing scripts in same family,contains generated artifacts,n/a,n/a,,active or historical; uncertain,low for contents; medium for currency,n/a
experiments/hvaq_vgg16_lstm_v1/reports/t7_vgg16_lstm_block_purge0,directory,HVAQ-VGG16-LSTM,Generated report/evaluation tree (4 files; .csv:2; .json:2),see producing scripts in same family,contains generated artifacts,n/a,n/a,,active or historical; uncertain,low for contents; medium for currency,n/a
experiments/hvaq_vgg16_lstm_v1/reports/t7_vgg16_lstm_chrono_date,directory,HVAQ-VGG16-LSTM,Generated report/evaluation tree (4 files; .csv:2; .json:2),see producing scripts in same family,contains generated artifacts,n/a,n/a,,active or historical; uncertain,low for contents; medium for currency,n/a
experiments/hvaq_vgg16_lstm_v1/reports/t7_vgg16_lstm_purged_block,directory,HVAQ-VGG16-LSTM,Generated report/evaluation tree (0 files; ),see producing scripts in same family,contains generated artifacts,n/a,n/a,,active or historical; uncertain,low for contents; medium for currency,n/a
experiments/hvaq_vgg16_lstm_v1/reports/t7_vgg16_lstm_random,directory,HVAQ-VGG16-LSTM,Generated report/evaluation tree (4 files; .csv:2; .json:2),see producing scripts in same family,contains generated artifacts,n/a,n/a,,active or historical; uncertain,low for contents; medium for currency,n/a
experiments/hvaq_vgg16_lstm_v1/models/t7_vgg16_lstm_block_purge0/best_hvaq_t7_vgg16_lstm.pt,model_artifact,HVAQ-VGG16-LSTM,Serialized trained model/checkpoint or preprocessing object; exact contents not deserialized during audit,,,,,,active or historical; uncertain,medium-high: inferred from filename/folder; producer often parameterized,n/a
experiments/hvaq_vgg16_lstm_v1/models/t7_vgg16_lstm_chrono_date/best_hvaq_t7_vgg16_lstm.pt,model_artifact,HVAQ-VGG16-LSTM,Serialized trained model/checkpoint or preprocessing object; exact contents not deserialized during audit,,,,,,active or historical; uncertain,medium-high: inferred from filename/folder; producer often parameterized,n/a
experiments/hvaq_vgg16_lstm_v1/models/t7_vgg16_lstm_random/best_hvaq_t7_vgg16_lstm.pt,model_artifact,HVAQ-VGG16-LSTM,Serialized trained model/checkpoint or preprocessing object; exact contents not deserialized during audit,,,,,,active or historical; uncertain,medium-high: inferred from filename/folder; producer often parameterized,n/a
experiments/hvaq_vgg16_lstm_v1/scripts/01_build_hvaq_manifest.py,py,HVAQ-VGG16-LSTM,01 build hvaq manifest,experiments/hvaq_vgg16_lstm_v1/data/raw,experiments/hvaq_vgg16_lstm_v1/data/processed/hvaq_image_label_manifest.csv | experiments/hvaq_vgg16_lstm_v1/reports,__future__ | argparse | json | re | pathlib | numpy | pandas | PIL | tqdm,,,active or historical; uncertain,medium: inferred from static code and naming,ok
experiments/hvaq_vgg16_lstm_v1/scripts/02_build_hvaq_T7_sequences.py,py,HVAQ-VGG16-LSTM,02 build hvaq T7 sequences,experiments/hvaq_vgg16_lstm_v1/data/processed/hvaq_image_label_manifest.csv,experiments/hvaq_vgg16_lstm_v1/data/processed/hvaq_T7_sequence_manifest.csv | experiments/hvaq_vgg16_lstm_v1/reports/hvaq_T7_sequence_summary.json,__future__ | argparse | json | random | pathlib | numpy | pandas,,,active or historical; uncertain,medium: inferred from static code and naming,ok
experiments/hvaq_vgg16_lstm_v1/scripts/03_extract_hvaq_vgg16_embeddings.py,py,HVAQ-VGG16-LSTM,03 extract hvaq vgg16 embeddings,experiments/hvaq_vgg16_lstm_v1/data/processed/hvaq_image_label_manifest.csv | experiments/hvaq_vgg16_lstm_v1/embeddings/hvaq_vgg16_avgpool512_row_embeddings.npy | experiments/hvaq_vgg16_lstm_v1/embeddings/hvaq_vgg16_avgpool512_embedding_index.csv,experiments/hvaq_vgg16_lstm_v1/reports/hvaq_vgg16_embedding_summary.json,__future__ | argparse | json | pathlib | numpy | pandas | torch | PIL | torch.utils.data | torchvision | tqdm,,,active or historical; uncertain,medium: inferred from static code and naming,ok
experiments/hvaq_vgg16_lstm_v1/scripts/04_train_hvaq_T7_vgg16_lstm.py,py,HVAQ-VGG16-LSTM,04 train hvaq T7 vgg16 lstm,experiments/hvaq_vgg16_lstm_v1/data/processed/hvaq_T7_sequence_manifest.csv | experiments/hvaq_vgg16_lstm_v1/embeddings/hvaq_vgg16_avgpool512_row_embeddings.npy,,__future__ | argparse | json | math | random | pathlib | matplotlib.pyplot | numpy | pandas | torch | scipy.stats | sklearn.metrics | torch.utils.data | tqdm,,,active or historical; uncertain,medium: inferred from static code and naming,ok
outputs/pipeline_1s/reports,directory,MUMMA 1-second pipeline,Generated report/evaluation tree (26 files; .png:14; .csv:10; .md:2),see producing scripts in same family,contains generated artifacts,n/a,n/a,,active or historical; uncertain,low for contents; medium for currency,n/a
outputs/pipeline_1s/reports/extra_1s_analysis,directory,MUMMA 1-second pipeline,Generated report/evaluation tree (12 files; .png:10; .csv:2),see producing scripts in same family,contains generated artifacts,n/a,n/a,,active or historical; uncertain,low for contents; medium for currency,n/a
outputs/pipeline_1s/reports/lag_window_analysis,directory,MUMMA 1-second pipeline,Generated report/evaluation tree (11 files; .csv:6; .png:4; .md:1),see producing scripts in same family,contains generated artifacts,n/a,n/a,,active or historical; uncertain,low for contents; medium for currency,n/a
outputs/pipeline_1s/reports/lag_window_analysis/report_artifacts,directory,MUMMA 1-second pipeline,Generated report/evaluation tree (9 files; .csv:4; .png:4; .md:1),see producing scripts in same family,contains generated artifacts,n/a,n/a,,active or historical; uncertain,low for contents; medium for currency,n/a
scripts/pipeline_1s/00_audit_runs_for_best_window.py,py,MUMMA 1-second pipeline,00 audit runs for best window,data/sensor/MC1S_window_115430_124150.csv,outputs/pipeline_1s/reports/run_window_audit_10min.csv,pathlib | argparse | json | subprocess | pandas | numpy,,,active or historical; uncertain,medium: inferred from static code and naming,ok
scripts/pipeline_1s/00_make_sensor_window_subset.py,py,MUMMA 1-second pipeline,00 make sensor window subset,,data/sensor/MC1S_window_115430_124150.csv | data/sensor/MC1S_best_10min_window.csv,pathlib | argparse | pandas,,,active or historical; uncertain,medium: inferred from static code and naming,ok
scripts/pipeline_1s/01_extract_1s_frames_from_sensor_windows.py,py,MUMMA 1-second pipeline,Extract 1-second sampled video frames around each sensor timestamp.,,data/sensor/MC1S_window_115430_124150.csv | outputs/pipeline_1s/frames_raw | outputs/pipeline_1s/manifests/frame_manifest_1s_v1.csv,pathlib | argparse | json | subprocess | pandas | numpy,,,active or historical; uncertain,medium: inferred from static code and naming,ok
scripts/pipeline_1s/04_aggregate_1s_features_to_sensor_level.py,py,MUMMA 1-second pipeline,04 aggregate 1s features to sensor level,,outputs/pipeline_1s/vehicle_detections/ | outputs/pipeline_1s/road_area_lens1_best3min_v1/ | outputs/pipeline_1s/features/,pathlib | argparse | numpy | pandas,,,active or historical; uncertain,medium: inferred from static code and naming,ok
scripts/pipeline_1s/05_merge_1s_features_with_sensor_data.py,py,MUMMA 1-second pipeline,05 merge 1s features with sensor data,,data/sensor/MC1S_best_3min_window.csv | outputs/pipeline_1s/features/sensor_level_1s_aggregated_features_best3min.csv | outputs/pipeline_1s/modeling/modeling_table_1s_features_best3min.csv,pathlib | argparse | pandas,,,active or historical; uncertain,medium: inferred from static code and naming,ok
scripts/pipeline_1s/06_analyze_1s_extra_information.py,py,MUMMA 1-second pipeline,06 analyze 1s extra information,,outputs/pipeline_1s/modeling/modeling_table_1s_features_best3min.csv | outputs/pipeline_1s/reports/extra_1s_analysis,pathlib | argparse | pandas | numpy | matplotlib.pyplot | scipy.stats,,,active or historical; uncertain,medium: inferred from static code and naming,ok
scripts/pipeline_1s/07_lag_window_analysis.py,py,MUMMA 1-second pipeline,07 lag window analysis,,data/sensor/MC1S_best_3min_window.csv | outputs/pipeline_1s/vehicle_detections/ | outputs/pipeline_1s/road_area_lens1_best3min_v1/ | outputs/pipeline_1s/features/ | outputs/pipeline_1s/reports/lag_window_analysis/,pathlib | argparse | numpy | pandas | scipy.stats | sklearn.linear_model,,,active or historical; uncertain,medium: inferred from static code and naming,ok
scripts/pipeline_1s/08_generate_lag_window_report_artifacts.py,py,MUMMA 1-second pipeline,08 generate lag window report artifacts,,outputs/pipeline_1s/reports/lag_window_analysis/ | outputs/pipeline_1s/features/ | outputs/pipeline_1s/reports/lag_window_analysis/report_artifacts,pathlib | argparse | textwrap | numpy | pandas | matplotlib.pyplot,,,active or historical; uncertain,medium: inferred from static code and naming,ok
experiments/mumma_281_pipeline_v1,directory,MUMMA-281,Experiment family root (41 files; .csv:24; .py:9; .json:7; .npy:1),see producing scripts in same family,contains generated artifacts,n/a,n/a,,active or historical; uncertain,low for contents; medium for currency,n/a
experiments/mumma_281_pipeline_v1/reports,directory,MUMMA-281,Generated report/evaluation tree (29 files; .csv:22; .json:7),see producing scripts in same family,contains generated artifacts,n/a,n/a,,active or historical; uncertain,low for contents; medium for currency,n/a
experiments/mumma_281_pipeline_v1/scripts/01_pm25_model_from_final_feature_table.py,py,MUMMA-281,01 pm25 model from final feature table,,experiments/mumma_281_pipeline_v1 | data/processed/final_feature_table.csv,pathlib | json | warnings | numpy | pandas | scipy.stats | sklearn.compose | sklearn.decomposition | sklearn.ensemble | sklearn.impute | sklearn.linear_model | sklearn.metrics | sklearn.model_selection | sklearn.pipeline | sklearn.preprocessing,,,active or historical; uncertain,medium: inferred from static code and naming,ok
experiments/mumma_281_pipeline_v1/scripts/02_engineered_fair_pm25_models.py,py,MUMMA-281,02 engineered fair pm25 models,,experiments/mumma_281_pipeline_v1 | data/processed/final_feature_table.csv,pathlib | json | warnings | numpy | pandas | scipy.stats | sklearn.compose | sklearn.ensemble | sklearn.impute | sklearn.linear_model | sklearn.metrics | sklearn.model_selection | sklearn.pipeline | sklearn.preprocessing,,,active or historical; uncertain,medium: inferred from static code and naming,ok
experiments/mumma_281_pipeline_v1/scripts/03_residual_fusion_pm25.py,py,MUMMA-281,03 residual fusion pm25,,experiments/mumma_281_pipeline_v1 | data/processed/final_feature_table.csv,pathlib | json | warnings | numpy | pandas | scipy.stats | sklearn.compose | sklearn.ensemble | sklearn.impute | sklearn.linear_model | sklearn.metrics | sklearn.model_selection | sklearn.pipeline | sklearn.preprocessing,,,active or historical; uncertain,medium: inferred from static code and naming,ok
experiments/mumma_281_pipeline_v1/scripts/04_fair_model_optimization.py,py,MUMMA-281,04 fair model optimization,,experiments/mumma_281_pipeline_v1 | data/processed/final_feature_table.csv,pathlib | json | warnings | numpy | pandas | scipy.stats | sklearn.compose | sklearn.ensemble | sklearn.impute | sklearn.linear_model | sklearn.metrics | sklearn.model_selection | sklearn.pipeline | sklearn.preprocessing,,,active or historical; uncertain,medium: inferred from static code and naming,ok
experiments/mumma_281_pipeline_v1/scripts/05_temporal_t7_fair_pm25.py,py,MUMMA-281,05 temporal t7 fair pm25,,experiments/mumma_281_pipeline_v1 | data/processed/final_feature_table.csv,pathlib | json | warnings | numpy | pandas | scipy.stats | sklearn.compose | sklearn.ensemble | sklearn.impute | sklearn.linear_model | sklearn.metrics | sklearn.model_selection | sklearn.pipeline | sklearn.preprocessing,,,active or historical; uncertain,medium: inferred from static code and naming,ok
experiments/mumma_281_pipeline_v1/scripts/05b_temporal_t7_random2fold_fair_pm25.py,py,MUMMA-281,05b temporal t7 random2fold fair pm25,,experiments/mumma_281_pipeline_v1 | data/processed/final_feature_table.csv,pathlib | json | warnings | numpy | pandas | scipy.stats | sklearn.compose | sklearn.ensemble | sklearn.impute | sklearn.linear_model | sklearn.metrics | sklearn.model_selection | sklearn.pipeline | sklearn.preprocessing,,,active or historical; uncertain,medium: inferred from static code and naming,ok
experiments/mumma_281_pipeline_v1/scripts/06_extract_resnet50_embeddings.py,py,MUMMA-281,06 extract resnet50 embeddings,,experiments/mumma_281_pipeline_v1 | data/processed/final_feature_table.csv | outputs/preprocessed_frames_v2/run_20260223_114432_8289/lens1 | outputs/figures/idd_detector_annotations,pathlib | argparse | numpy | pandas | PIL | torch | torch.nn | torchvision,,,active or historical; uncertain,medium: inferred from static code and naming,ok
experiments/mumma_281_pipeline_v1/scripts/07_resnet_t7_random2fold_lstm_fair_pm25.py,py,MUMMA-281,07 resnet t7 random2fold lstm fair pm25,experiments/mumma_281_pipeline_v1 | data/processed/final_feature_table.csv,embeddings/mumma281_resnet50_gap_embeddings.npy | embeddings/mumma281_resnet50_gap_index.csv,pathlib | warnings | numpy | pandas | scipy.stats | torch | torch.nn | torch.utils.data | sklearn.decomposition | sklearn.ensemble | sklearn.metrics | sklearn.model_selection | sklearn.preprocessing | sklearn.pipeline | sklearn.impute,,,active or historical; uncertain,medium: inferred from static code and naming,ok
experiments/mumma_281_pipeline_v1/scripts/08_analyse_actual_pm25_data.py,py,MUMMA-281,08 analyse actual pm25 data,,experiments/mumma_281_pipeline_v1 | data/processed/final_feature_table.csv | figures/actual_pm25_analysis,pathlib | numpy | pandas | scipy.stats | sklearn.metrics,,,active or historical; uncertain,medium: inferred from static code and naming,ok
experiments/mumma_v1,directory,MUMMA-legacy/ResNet,Experiment family root (17 files; .csv:13; .md:4),see producing scripts in same family,contains generated artifacts,n/a,n/a,,active or historical; uncertain,low for contents; medium for currency,n/a
experiments/mumma_v1/reports,directory,MUMMA-legacy/ResNet,Generated report/evaluation tree (13 files; .csv:9; .md:4),see producing scripts in same family,contains generated artifacts,n/a,n/a,,legacy results-only,low for contents; medium for currency,n/a
experiments/mumma_v1/reports/pm25_ablation_with_resnet50,directory,MUMMA-legacy/ResNet,Generated report/evaluation tree (3 files; .csv:2; .md:1),see producing scripts in same family,contains generated artifacts,n/a,n/a,,legacy results-only,low for contents; medium for currency,n/a
experiments/mumma_v1/reports/pm25_ablation_with_resnet50_chronological,directory,MUMMA-legacy/ResNet,Generated report/evaluation tree (3 files; .csv:2; .md:1),see producing scripts in same family,contains generated artifacts,n/a,n/a,,legacy results-only,low for contents; medium for currency,n/a
experiments/mumma_v1/reports/pm25_ablation_with_resnet50_fixed,directory,MUMMA-legacy/ResNet,Generated report/evaluation tree (3 files; .csv:2; .md:1),see producing scripts in same family,contains generated artifacts,n/a,n/a,,legacy results-only,low for contents; medium for currency,n/a
experiments/mumma_v1/reports/pm25_ablation_with_resnet50_random,directory,MUMMA-legacy/ResNet,Generated report/evaluation tree (3 files; .csv:2; .md:1),see producing scripts in same family,contains generated artifacts,n/a,n/a,,legacy results-only,low for contents; medium for currency,n/a
models/road_segmentation/best_segformer_b0_idd_binary_road/best_segformer_b0_idd_binary_road/model.safetensors,model_artifact,Road extraction/area,Serialized trained model/checkpoint or preprocessing object; exact contents not deserialized during audit,,,,,,active or historical; uncertain,medium-high: inferred from filename/folder; producer often parameterized,n/a
scripts/archive/road_features_unused/01_preview_road_roi.py,py,Road extraction/area,01 preview road roi,,outputs/features/processed_frame_manifest_preprocessed_v2.csv | outputs/features/road_dust_features_frame_level_v2.csv,pathlib | argparse | cv2 | numpy | pandas,,,archived/superseded,medium: inferred from static code and naming,ok
scripts/archive/road_segmentation_unused/02_preview_hybrid_road_mask.py,py,Road extraction/area,02 preview hybrid road mask,,outputs/features/processed_frame_manifest_preprocessed_v2.csv | outputs/figures/hybrid_road_mask_previews,pathlib | argparse | cv2 | numpy | pandas | torch | PIL | transformers,,,archived/superseded,medium: inferred from static code and naming,ok
scripts/dashboard/road_area_full_validation_dashboard.py,py,Road extraction/area,road area full validation dashboard,,outputs/road_area_lens1_batch/lens1_final_road_area_features_v1.csv | outputs/road_area_lens1_batch/lens1_bbox_nms_conservative_vehicle_occlusion_details.csv | outputs/road_area_lens1_batch/lens1_bbox_visibility_only_occlusion_adjusted_road_area_v2.csv | outputs/road_area_lens1_batch/lens1_bbox_visibility_only_vehicle_occlusion_details_v2.csv | outputs/road_area_lens1_batch/lens1_depth_gated_occlusion_adjusted_road_area_v3.csv | outputs/road_area_lens1_batch/lens1_depth_gated_vehicle_occlusion_details_v3.csv | outputs/road_area_lens1_batch/manual_full_validation_labels_v1_v2_v3.csv,pathlib | pandas | numpy | streamlit | cv2,,,active or historical; uncertain,medium: inferred from static code and naming,ok
scripts/feature_fusion/02_aggregate_road_features_to_sensor_level.py,py,Road extraction/area,02 aggregate road features to sensor level,,data/sensor/MC1S_window_115430_124150.csv | outputs/features/segformer_road_condition_features_frame_level_v2.csv | outputs/features/segformer_road_condition_features_sensor_level_v2.csv,pathlib | argparse | pandas,,,active or historical; uncertain,medium: inferred from static code and naming,ok
scripts/road_area/00_prepare_single_road_area_sample.py,py,Road extraction/area,00 prepare single road area sample,,outputs/features/processed_frame_manifest_preprocessed_v2.csv | outputs/road_area_inputs,pathlib | argparse | shutil | pandas,,,active or historical; uncertain,medium: inferred from static code and naming,ok
scripts/road_area/01_calibrate_road_homography.py,py,Road extraction/area,01 calibrate road homography,,,pathlib | argparse | json | cv2 | numpy,,,active or historical; uncertain,medium: inferred from static code and naming,ok
scripts/road_area/01_generate_road_mask_for_image.py,py,Road extraction/area,01 generate road mask for image,,models/road_segmentation/best_segformer_b0_idd_binary_road/best_segformer_b0_idd_binary_road,pathlib | argparse | cv2 | numpy | torch | PIL | transformers,,,active or historical; uncertain,medium: inferred from static code and naming,ok
scripts/road_area/02_generate_metric_depth_for_image.py,py,Road extraction/area,02 generate metric depth for image,,,pathlib | argparse | cv2 | numpy | torch | PIL | transformers,,,active or historical; uncertain,medium: inferred from static code and naming,ok
scripts/road_area/03_visual_check_image_mask_depth.py,py,Road extraction/area,03 visual check image mask depth,,,pathlib | argparse | cv2 | numpy,,,active or historical; uncertain,medium: inferred from static code and naming,ok
scripts/road_area/06_area_sensitivity_by_fov.py,py,Road extraction/area,06 area sensitivity by fov,,outputs/road_area_inputs/fov_sensitivity | scripts/road_validation/05_estimate_road_area_from_metric_depth.py,pathlib | argparse | subprocess | math | pandas,,,active or historical; uncertain,medium: inferred from static code and naming,ok
scripts/road_area/07_vehicle_based_fov_calibration.py,py,Road extraction/area,07 vehicle based fov calibration,,outputs/road_area_inputs/vehicle_fov_calibration.csv | outputs/road_area_inputs/vehicle_fov_calibration_preview.png,pathlib | argparse | math | json | cv2 | numpy | pandas,,,active or historical; uncertain,medium: inferred from static code and naming,ok
scripts/road_area/09_multi_frame_vehicle_calibration.py,py,Road extraction/area,09 multi frame vehicle calibration,scripts/road_validation/05_estimate_road_area_from_metric_depth.py,,pathlib | argparse | cv2 | numpy | pandas | math | subprocess,,,active or historical; uncertain,medium: inferred from static code and naming,ok
scripts/road_area/10_batch_lens1_road_area_depth.py,py,Road extraction/area,10 batch lens1 road area depth,models/road_segmentation/best_segformer_b0_idd_binary_road/best_segformer_b0_idd_binary_road,outputs/features/processed_frame_manifest_preprocessed_v2.csv | outputs/road_area_lens1_batch | outputs/road_area_lens1_batch/lens1_depth_estimated_road_area.csv,pathlib | argparse | traceback | cv2 | numpy | pandas | torch | PIL | transformers,scripts/road_area/11c_add_vehicle_footprint_occlusion_area_depth_gated_v3.py,,active or historical; uncertain,low-medium,ok
scripts/road_area/10_filter_object_detections_nms.py,py,Road extraction/area,10 filter object detections nms,,outputs/features/idd_vehicle_detections_object_level_v2.csv | outputs/features/idd_vehicle_detections_object_level_v2_nms.csv,pathlib | argparse | pandas | numpy,,,active or historical; uncertain,medium: inferred from static code and naming,ok
scripts/road_area/11_add_vehicle_footprint_occlusion_area.py,py,Road extraction/area,11 add vehicle footprint occlusion area,,,pathlib | argparse | numpy | pandas | cv2,,,active or historical; uncertain,medium: inferred from static code and naming,ok
scripts/road_area/11b_add_vehicle_footprint_occlusion_area_bbox_visibility_only_v2.py,py,Road extraction/area,11b add vehicle footprint occlusion area bbox visibility only v2,,outputs/road_area_lens1_batch/lens1_depth_estimated_road_area.csv | outputs/features/idd_vehicle_detections_object_level_lens1_nms_v2.csv | outputs/road_area_lens1_batch/lens1_bbox_visibility_only_occlusion_adjusted_road_area_v2.csv | outputs/road_area_lens1_batch/lens1_bbox_visibility_only_vehicle_occlusion_details_v2.csv,pathlib | argparse | pandas | numpy,,,active or historical; uncertain,medium: inferred from static code and naming,ok
scripts/road_area/11c_add_vehicle_footprint_occlusion_area_depth_gated_v3.py,py,Road extraction/area,11c add vehicle footprint occlusion area depth gated v3,,outputs/road_area_lens1_batch/lens1_depth_estimated_road_area.csv | outputs/features/idd_vehicle_detections_object_level_lens1_nms_v2.csv | outputs/road_area_lens1_batch/lens1_depth_gated_occlusion_adjusted_road_area_v3.csv | outputs/road_area_lens1_batch/lens1_depth_gated_vehicle_occlusion_details_v3.csv,pathlib | argparse | cv2 | numpy | pandas,,,active or historical; uncertain,medium: inferred from static code and naming,ok
scripts/road_area/12_make_conservative_occlusion_adjustment.py,py,Road extraction/area,12 make conservative occlusion adjustment,,outputs/road_area_lens1_batch/lens1_bbox_nms_footprint_occlusion_adjusted_road_area.csv | outputs/road_area_lens1_batch/lens1_bbox_nms_vehicle_occlusion_details.csv | outputs/road_area_lens1_batch/lens1_bbox_nms_conservative_occlusion_adjusted_road_area.csv | outputs/road_area_lens1_batch/lens1_bbox_nms_conservative_vehicle_occlusion_details.csv,pathlib | argparse | pandas | numpy,,,active or historical; uncertain,medium: inferred from static code and naming,ok
scripts/road_area/13_make_occlusion_audit_pack.py,py,Road extraction/area,13 make occlusion audit pack,,outputs/road_area_lens1_batch/lens1_bbox_nms_conservative_occlusion_adjusted_road_area.csv | outputs/road_area_lens1_batch/lens1_bbox_nms_conservative_vehicle_occlusion_details.csv | outputs/road_area_lens1_batch/masks | outputs/road_area_lens1_batch/occlusion_audit_pack,pathlib | argparse | cv2 | pandas | numpy,,,active or historical; uncertain,medium: inferred from static code and naming,ok
scripts/road_area/14_finalize_road_area_features.py,py,Road extraction/area,14 finalize road area features,,outputs/road_area_lens1_batch/lens1_bbox_nms_conservative_occlusion_adjusted_road_area.csv | outputs/road_area_lens1_batch/lens1_final_road_area_features_v1.csv,pathlib | argparse | pandas | numpy,,,active or historical; uncertain,medium: inferred from static code and naming,ok
scripts/road_area/15_merge_road_area_features_into_modeling_table.py,py,Road extraction/area,15 merge road area features into modeling table,,outputs/features/particle_density_modeling_table_idd_finetuned_osm_v2.csv | outputs/road_area_lens1_batch/lens1_final_road_area_features_v1.csv | outputs/features/particle_density_modeling_table_idd_finetuned_osm_roadarea_v1.csv | outputs/features/particle_density_modeling_table_idd_finetuned_osm_roadarea_v1_primary_only.csv,pathlib | argparse | pandas,,,active or historical; uncertain,medium: inferred from static code and naming,ok
scripts/road_area/16_compare_road_area_v1_v2.py,py,Road extraction/area,16 compare road area v1 v2,,outputs/road_area_lens1_batch/lens1_final_road_area_features_v1.csv | outputs/road_area_lens1_batch/lens1_bbox_visibility_only_occlusion_adjusted_road_area_v2.csv | outputs/road_area_lens1_batch/lens1_road_area_v1_v2_comparison.csv,pathlib | argparse | pandas,,,active or historical; uncertain,medium: inferred from static code and naming,ok
scripts/road_area/17_make_v1_v2_v3_visual_pack.py,py,Road extraction/area,17 make v1 v2 v3 visual pack,,,pathlib | argparse | cv2 | pandas | numpy,,,active or historical; uncertain,medium: inferred from static code and naming,ok
scripts/road_area/18_regenerate_v1_v2_v3_visual_pack_from_video.py,py,Road extraction/area,18 regenerate v1 v2 v3 visual pack from video,,,pathlib | argparse | re | subprocess | cv2 | numpy | pandas,,,active or historical; uncertain,medium: inferred from static code and naming,ok
scripts/road_area/20_click_validation_polygon.py,py,Road extraction/area,20 click validation polygon,,,pathlib | argparse | cv2 | pandas,,,active or historical; uncertain,medium: inferred from static code and naming,ok
scripts/road_area/21_validate_polygon_area_from_depth.py,py,Road extraction/area,21 validate polygon area from depth,,,pathlib | argparse | cv2 | numpy | pandas,,,active or historical; uncertain,medium: inferred from static code and naming,ok
scripts/road_area/22_batch_validate_polygon_area_from_depth.py,py,Road extraction/area,22 batch validate polygon area from depth,,,pathlib | argparse | cv2 | numpy | pandas,,,active or historical; uncertain,medium: inferred from static code and naming,ok
scripts/road_segmentation/01_preview_pretrained_road_segmentation.py,py,Road extraction/area,01 preview pretrained road segmentation,models/road_segmentation/best_segformer_b0_idd_binary_road/best_segformer_b0_idd_binary_road,outputs/features/processed_frame_manifest_preprocessed_v2.csv | outputs/figures/road_segmentation_previews_cleaned,pathlib | argparse | cv2 | numpy | pandas | torch | PIL | transformers,,,active or historical; uncertain,medium: inferred from static code and naming,ok
scripts/road_segmentation/03_extract_segformer_road_condition_features.py,py,Road extraction/area,03 extract segformer road condition features,models/road_segmentation/best_segformer_b0_idd_binary_road/best_segformer_b0_idd_binary_road,outputs/features/processed_frame_manifest_preprocessed_v2.csv | outputs/features/segformer_road_condition_features_frame_level_v2.csv,pathlib | argparse | cv2 | numpy | pandas | torch | PIL | transformers,experiments/traqid_pretraining_v1/pipeline_validation/scripts/09_build_traqid_road_manifest.py,,active or historical; uncertain,low-medium,ok
scripts/road_validation/01_generate_road_feature_validation_pack.py,py,Road extraction/area,01 generate road feature validation pack,,outputs/features/processed_frame_manifest_preprocessed_v2.csv | models/road_segmentation/ | outputs/validation/road_feature_validation_pack_v1 | outputs/validation/road_feature_validation_pack_v1/manual_label_sheet.csv,pathlib | argparse | cv2 | numpy | pandas | torch | PIL | transformers,,,active or historical; uncertain,medium: inferred from static code and naming,ok
scripts/road_validation/04_extract_image_only_road_exposure_features.py,py,Road extraction/area,04 extract image only road exposure features,,outputs/validation/road_feature_validation_pack_v1/manual_label_sheet.csv | outputs/validation/road_feature_validation_pack_v1/masks | outputs/validation/road_feature_validation_pack_v1/image_only_road_exposure_features.csv,pathlib | argparse | cv2 | numpy | pandas,,,active or historical; uncertain,medium: inferred from static code and naming,ok
scripts/road_validation/05_estimate_road_area_from_metric_depth.py,py,Road extraction/area,05 estimate road area from metric depth,,outputs/validation/road_feature_validation_pack_v1/depth_road_area_estimate_single.csv,pathlib | argparse | cv2 | numpy | pandas,scripts/road_area/06_area_sensitivity_by_fov.py | scripts/road_area/09_multi_frame_vehicle_calibration.py,,active or historical; uncertain,low-medium,ok
src/road_features/__init__.py,py,Road extraction/area,  init  ,,,,,,active or historical; uncertain,medium: inferred from static code and naming,ok
src/road_features/clip_road_classifier.py,py,Road extraction/area,clip road classifier,,,PIL | transformers,,,active or historical; uncertain,medium: inferred from static code and naming,ok
src/road_features/opencv_features.py,py,Road extraction/area,opencv features,,,cv2 | numpy,,,active or historical; uncertain,medium: inferred from static code and naming,ok
src/road_roi/__init__.py,py,Road extraction/area,  init  ,,,,,,active or historical; uncertain,medium: inferred from static code and naming,ok
src/road_roi/cropper.py,py,Road extraction/area,cropper,,,,,,active or historical; uncertain,medium: inferred from static code and naming,ok
sequence_leakage_audit/__init__.py,py,Sequence-leakage/forecasting,  init  ,,,,,,active or historical; uncertain,medium: inferred from static code and naming,ok
sequence_leakage_audit/bootstrap_metric_ci.py,py,Sequence-leakage/forecasting,bootstrap metric ci,,,argparse | pathlib | numpy | pandas | sklearn.metrics,,,active or historical; uncertain,medium: inferred from static code and naming,ok
sequence_leakage_audit/build_forecasting_manifest.py,py,Sequence-leakage/forecasting,build forecasting manifest,,,argparse | pathlib | pandas | numpy,,,active or historical; uncertain,medium: inferred from static code and naming,ok
sequence_leakage_audit/build_hourly_base_manifest.py,py,Sequence-leakage/forecasting,build hourly base manifest,,,argparse | pathlib | numpy | pandas,,,active or historical; uncertain,medium: inferred from static code and naming,ok
sequence_leakage_audit/combine_overlap_summaries.py,py,Sequence-leakage/forecasting,combine overlap summaries,,experiments/traqid_pretraining_v1/reports/sequence_overlap_diagnostics | experiments/traqid_pretraining_v1/reports/paper_final,pathlib | pandas,,,active or historical; uncertain,medium: inferred from static code and naming,ok
sequence_leakage_audit/evaluate_estimation_baselines.py,py,Sequence-leakage/forecasting,evaluate estimation baselines,,,argparse | pathlib | numpy | pandas | sklearn.metrics,,,active or historical; uncertain,medium: inferred from static code and naming,ok
sequence_leakage_audit/make_forecast_final_combined_table.py,py,Sequence-leakage/forecasting,make forecast final combined table,,experiments/traqid_pretraining_v1 | reports/sequence_overlap_diagnostics | reports/forecast_numerical_baselines_T12_H12_timestamp/forecast_numerical_baseline_summary.csv | reports/forecast_numerical_lstm_T12_H12_timestamp/forecast_numerical_lstm_summary.csv | reports/paper_final,pathlib | pandas,,,active or historical; uncertain,medium: inferred from static code and naming,ok
sequence_leakage_audit/make_forecast_leakage_performance_table.py,py,Sequence-leakage/forecasting,make forecast leakage performance table,,experiments/traqid_pretraining_v1 | reports/sequence_overlap_diagnostics | reports/forecast_numerical_baselines_T12_H12_timestamp/forecast_numerical_baseline_summary.csv | reports/paper_final,pathlib | pandas,,,active or historical; uncertain,medium: inferred from static code and naming,ok
sequence_leakage_audit/make_forecast_overlap_table.py,py,Sequence-leakage/forecasting,make forecast overlap table,,experiments/traqid_pretraining_v1/reports/sequence_overlap_diagnostics | experiments/traqid_pretraining_v1/reports/paper_final,pathlib | pandas,,,active or historical; uncertain,medium: inferred from static code and naming,ok
sequence_leakage_audit/make_validation_ladder_table.py,py,Sequence-leakage/forecasting,make validation ladder table,,experiments/traqid_pretraining_v1/reports/paper_final,pathlib | pandas,,,active or historical; uncertain,medium: inferred from static code and naming,ok
sequence_leakage_audit/overlap_diagnostic.py,py,Sequence-leakage/forecasting,overlap diagnostic,,,argparse | math | pathlib | collections | numpy | pandas,,,active or historical; uncertain,medium: inferred from static code and naming,ok
sequence_leakage_audit/train_forecast_numerical_baselines.py,py,Sequence-leakage/forecasting,train forecast numerical baselines,,,argparse | json | pathlib | numpy | pandas | sklearn.ensemble | sklearn.linear_model | sklearn.metrics | sklearn.multioutput | sklearn.preprocessing | sklearn.pipeline | sklearn.compose,,,active or historical; uncertain,medium: inferred from static code and naming,ok
sequence_leakage_audit/train_forecast_numerical_lstm.py,py,Sequence-leakage/forecasting,train forecast numerical lstm,,,argparse | json | math | random | pathlib | numpy | pandas | torch | torch.nn | torch.utils.data | sklearn.metrics | sklearn.preprocessing,,,active or historical; uncertain,medium: inferred from static code and naming,ok
outputs/reports,directory,Shared/support,Experiment family root (75 files; .jpg:24; .png:24; .csv:23; [no_ext]:3; .txt:1),see producing scripts in same family,contains generated artifacts,n/a,n/a,,active or historical; uncertain,low for contents; medium for currency,n/a
outputs/reports/car_pm2_negative_diagnosis_281,directory,Shared/support,Generated report/evaluation tree (44 files; .jpg:24; .csv:13; .png:5; .txt:1; [no_ext]:1),see producing scripts in same family,contains generated artifacts,n/a,n/a,,active or historical; uncertain,low for contents; medium for currency,n/a
outputs/reports/car_pm2_negative_diagnosis_281/decile_analysis,directory,Shared/support,Generated report/evaluation tree (3 files; .png:2; .csv:1),see producing scripts in same family,contains generated artifacts,n/a,n/a,,active or historical; uncertain,low for contents; medium for currency,n/a
outputs/reports/car_pm2_negative_diagnosis_281/visual_audit_from_existing_annotations,directory,Shared/support,Generated report/evaluation tree (27 files; .jpg:24; .csv:3),see producing scripts in same family,contains generated artifacts,n/a,n/a,,active or historical; uncertain,low for contents; medium for currency,n/a
outputs/reports/car_pm2_negative_diagnosis_281/visual_audit_from_existing_annotations/high_auto_truck_high_pm2,directory,Shared/support,Generated report/evaluation tree (0 files; ),see producing scripts in same family,contains generated artifacts,n/a,n/a,,active or historical; uncertain,low for contents; medium for currency,n/a
outputs/reports/car_pm2_negative_diagnosis_281/visual_audit_from_existing_annotations/high_car_high_pm2,directory,Shared/support,Generated report/evaluation tree (12 files; .jpg:12),see producing scripts in same family,contains generated artifacts,n/a,n/a,,active or historical; uncertain,low for contents; medium for currency,n/a
outputs/reports/car_pm2_negative_diagnosis_281/visual_audit_from_existing_annotations/high_car_low_pm2,directory,Shared/support,Generated report/evaluation tree (12 files; .jpg:12),see producing scripts in same family,contains generated artifacts,n/a,n/a,,active or historical; uncertain,low for contents; medium for currency,n/a
outputs/reports/car_pm2_negative_diagnosis_281/visual_audit_from_existing_annotations/low_car_high_pm2,directory,Shared/support,Generated report/evaluation tree (0 files; ),see producing scripts in same family,contains generated artifacts,n/a,n/a,,active or historical; uncertain,low for contents; medium for currency,n/a
outputs/reports/car_pm2_negative_diagnosis_281/visual_audit_missing_recovery,directory,Shared/support,Generated report/evaluation tree (1 files; .txt:1),see producing scripts in same family,contains generated artifacts,n/a,n/a,,active or historical; uncertain,low for contents; medium for currency,n/a
outputs/reports/high_car_pm_analysis_281,directory,Shared/support,Generated report/evaluation tree (12 files; .png:8; .csv:4),see producing scripts in same family,contains generated artifacts,n/a,n/a,,active or historical; uncertain,low for contents; medium for currency,n/a
outputs/reports/vehicle_pm_correlation_281_roadarea,directory,Shared/support,Generated report/evaluation tree (14 files; .png:9; .csv:4; [no_ext]:1),see producing scripts in same family,contains generated artifacts,n/a,n/a,,active or historical; uncertain,low for contents; medium for currency,n/a
outputs/reports/vehicle_pm_correlation_281_roadarea/individual_scatter_pm2,directory,Shared/support,Generated report/evaluation tree (9 files; .png:8; .csv:1),see producing scripts in same family,contains generated artifacts,n/a,n/a,,active or historical; uncertain,low for contents; medium for currency,n/a
outputs/reports/vehicle_pm_correlation_281_roadarea/partial_vehicle_pm2,directory,Shared/support,Generated report/evaluation tree (1 files; .csv:1),see producing scripts in same family,contains generated artifacts,n/a,n/a,,active or historical; uncertain,low for contents; medium for currency,n/a
models/detectors/yolo11m_idd15_v1_best.pt,model_artifact,Shared/support,Serialized trained model/checkpoint or preprocessing object; exact contents not deserialized during audit,,,,,,active or historical; uncertain,medium-high: inferred from filename/folder; producer often parameterized,n/a
app/road_dust_validator_app.py,py,Shared/support,road dust validator app,models/road_segmentation/,,pathlib | io | cv2 | numpy | pandas | streamlit | torch | PIL | transformers,,,active or historical; uncertain,medium: inferred from static code and naming,ok
app/road_feature_normalization_validator.py,py,Shared/support,road feature normalization validator,models/road_segmentation/,,pathlib | cv2 | numpy | pandas | streamlit | torch | PIL | transformers,,,active or historical; uncertain,medium: inferred from static code and naming,ok
scripts/analysis/01_particle_density_correlation_analysis.py,py,Shared/support,01 particle density correlation analysis,,outputs/features/particle_density_modeling_table_v2.csv | outputs/features/particle_density_feature_correlations_v2.csv,pathlib | argparse | pandas,,,active or historical; uncertain,medium: inferred from static code and naming,ok
scripts/analysis/02_analyze_car_pm2_negative_correlation.py,py,Shared/support,02 analyze car pm2 negative correlation,,outputs/features/particle_density_modeling_table_idd_finetuned_osm_v2.csv | outputs/validation/road_feature_validation_pack_v1/manual_label_sheet.csv | outputs/analysis/car_pm2_negative_correlation,pathlib | argparse | numpy | pandas | scipy.stats | sklearn.linear_model | matplotlib.pyplot,,,active or historical; uncertain,medium: inferred from static code and naming,ok
scripts/analysis/02_compare_pretrained_vs_finetuned_road_model.py,py,Shared/support,02 compare pretrained vs finetuned road model,,outputs/features/particle_density_feature_correlations_v2.csv | outputs/features/particle_density_feature_correlations_idd_finetuned_v2.csv | outputs/features/particle_density_modeling_table_v2.csv | outputs/features/particle_density_modeling_table_idd_finetuned_v2.csv | outputs/features/pretrained_vs_idd_finetuned_all_correlation_comparison_v2.csv | outputs/features/pretrained_vs_idd_finetuned_key_correlation_comparison_v2.csv | outputs/features/pretrained_vs_idd_finetuned_road_feature_stats_v2.csv,pathlib | argparse | numpy | pandas,,,active or historical; uncertain,medium: inferred from static code and naming,ok
scripts/analysis/03_generate_high_traffic_visual_audit_pack.py,py,Shared/support,03 generate high traffic visual audit pack,,outputs/features/particle_density_modeling_table_idd_finetuned_osm_v2.csv | outputs/features/processed_frame_manifest_preprocessed_v2.csv | outputs/analysis/high_traffic_visual_audit_pack,pathlib | argparse | html | cv2 | numpy | pandas,,,active or historical; uncertain,medium: inferred from static code and naming,ok
scripts/analysis/04_generate_car_pm2_contrast_visual_audit.py,py,Shared/support,04 generate car pm2 contrast visual audit,,,pathlib | argparse | cv2 | numpy | pandas,,,active or historical; uncertain,medium: inferred from static code and naming,ok
scripts/analysis/05_make_wb_visual_proof_sheets.py,py,Shared/support,05 make wb visual proof sheets,,outputs/road_dust_wb_validation_new,pathlib | cv2 | numpy | pandas,,,active or historical; uncertain,medium: inferred from static code and naming,ok
scripts/diagnostics/01_inspect_lens_image_quality_stats.py,py,Shared/support,01 inspect lens image quality stats,,outputs/features/processed_frame_manifest_preprocessed_v2.csv | outputs/diagnostics/lens_image_quality_stats_v2.csv | outputs/diagnostics/lens_image_quality_summary_v2.csv,pathlib | argparse | cv2 | numpy | pandas,,,active or historical; uncertain,medium: inferred from static code and naming,ok
scripts/diagnostics/02_scan_external_media_metadata.py,py,Shared/support,02 scan external media metadata,,outputs/diagnostics/external_media_metadata_scan.csv,pathlib | argparse | json | subprocess | shutil | pandas,,,active or historical; uncertain,medium: inferred from static code and naming,ok
scripts/frame_extraction/01_extract_frames_from_sensor_timestamps.py,py,Shared/support,Extract video frames from external hard-drive camera runs at sensor timestamps.,,data/sensor/MC1S_window_115430_124150.csv | outputs/extracted_frames_v2 | outputs/features/processed_frame_manifest_v2.csv,pathlib | argparse | json | subprocess | pandas,,,active or historical; uncertain,medium: inferred from static code and naming,ok
scripts/modeling/01_ablation_modeling_pm.py,py,Shared/support,01 ablation modeling pm,,outputs/features/particle_density_modeling_table_idd_finetuned_osm_v2.csv | outputs/modeling/ablation_pm2_idd_finetuned_osm_v2,pathlib | argparse | json | warnings | numpy | pandas | scipy.stats | sklearn.dummy | sklearn.ensemble | sklearn.impute | sklearn.linear_model | sklearn.metrics | sklearn.model_selection | sklearn.pipeline | sklearn.preprocessing,,,active or historical; uncertain,medium: inferred from static code and naming,ok
scripts/modeling/02_density_target_ablation_pipeline.py,py,Shared/support,02 density target ablation pipeline,,outputs/features/particle_density_modeling_table_idd_finetuned_osm_v2.csv | outputs/features/particle_density_modeling_table_idd_finetuned_osm_density_v2.csv | outputs/modeling/ablation_effective_density_idd_finetuned_osm_v2,pathlib | argparse | json | warnings | numpy | pandas | scipy.stats | sklearn.dummy | sklearn.ensemble | sklearn.impute | sklearn.linear_model | sklearn.metrics | sklearn.model_selection | sklearn.pipeline | sklearn.preprocessing,,,active or historical; uncertain,medium: inferred from static code and naming,ok
scripts/modeling/03_build_mumma_resnet_frame_manifest.py,py,Shared/support,03 build mumma resnet frame manifest,,,argparse | pathlib | pandas,,,active or historical; uncertain,medium: inferred from static code and naming,ok
scripts/modeling/04_extract_mumma_resnet50_features.py,py,Shared/support,04 extract mumma resnet50 features,,,argparse | pathlib | numpy | pandas | torch | PIL | torchvision | tqdm,,,active or historical; uncertain,medium: inferred from static code and naming,ok
scripts/modeling/05_merge_mumma_engineered_features_with_resnet50.py,py,Shared/support,05 merge mumma engineered features with resnet50,,,argparse | pathlib | pandas,,,active or historical; uncertain,medium: inferred from static code and naming,ok
scripts/modeling/06_train_mumma_pm25_ablation_models.py,py,Shared/support,06 train mumma pm25 ablation models,,,argparse | pathlib | numpy | pandas | sklearn.ensemble | sklearn.impute | sklearn.linear_model | sklearn.metrics | sklearn.multioutput | sklearn.pipeline | sklearn.preprocessing,,,active or historical; uncertain,medium: inferred from static code and naming,ok
scripts/preprocessing/01_apply_lens_preprocessing.py,py,Shared/support,01 apply lens preprocessing,,outputs/features/processed_frame_manifest_v2.csv | outputs/preprocessed_frames_v2 | outputs/features/processed_frame_manifest_preprocessed_v2.csv,pathlib | argparse | cv2 | pandas,,,active or historical; uncertain,medium: inferred from static code and naming,ok
scripts/recovery/rebuild_preprocessed_manifest_from_files.py,py,Shared/support,rebuild preprocessed manifest from files,,outputs/preprocessed_frames_v2 | outputs/features/processed_frame_manifest_v2.csv | outputs/features/processed_frame_manifest_preprocessed_v2.csv,pathlib | re | pandas,,,active or historical; uncertain,medium: inferred from static code and naming,ok
src/__init__.py,py,Shared/support,  init  ,,,,,,active or historical; uncertain,medium: inferred from static code and naming,ok
src/alignment/__init__.py,py,Shared/support,  init  ,,,,,,active or historical; uncertain,medium: inferred from static code and naming,ok
src/evaluation/__init__.py,py,Shared/support,  init  ,,,,,,active or historical; uncertain,medium: inferred from static code and naming,ok
src/evaluation/metrics.py,py,Shared/support,metrics,,,,,,active or historical; uncertain,medium: inferred from static code and naming,ok
src/modeling/__init__.py,py,Shared/support,  init  ,,,,,,active or historical; uncertain,medium: inferred from static code and naming,ok
src/modeling/train.py,py,Shared/support,train,,,,,,active or historical; uncertain,medium: inferred from static code and naming,ok
src/temporal_features/__init__.py,py,Shared/support,  init  ,,,,,,active or historical; uncertain,medium: inferred from static code and naming,ok
src/temporal_features/builder.py,py,Shared/support,builder,,,,,,active or historical; uncertain,medium: inferred from static code and naming,ok
src/utils/__init__.py,py,Shared/support,  init  ,,,,,,active or historical; uncertain,medium: inferred from static code and naming,ok
src/utils/io.py,py,Shared/support,io,,,,,,active or historical; uncertain,medium: inferred from static code and naming,ok
src/utils/old_config_reference.py,py,Shared/support,old config reference,,,pathlib,,,archived/superseded,medium: inferred from static code and naming,ok
experiments/traqid_pretraining_v1,directory,TRAQID,Experiment family root (54942 files; .png:53956; .csv:550; .json:138; .py:81; .md:54; .pt:38; .joblib:36; .txt:36; .npz:30; .npy:16; [no_ext]:4; .save:2; .ipynb:1),see producing scripts in same family,contains generated artifacts,n/a,n/a,,active or historical; uncertain,low for contents; medium for currency,n/a
experiments/traqid_pretraining_v1/pipeline_validation/reports,directory,TRAQID,Generated report/evaluation tree (48 files; .csv:47; .json:1),see producing scripts in same family,contains generated artifacts,n/a,n/a,,validation branch,low for contents; medium for currency,n/a
experiments/traqid_pretraining_v1/reports,directory,TRAQID,Generated report/evaluation tree (747 files; .csv:452; .json:132; .md:54; .txt:35; .joblib:30; .npz:25; .png:19),see producing scripts in same family,contains generated artifacts,n/a,n/a,,active or historical; uncertain,low for contents; medium for currency,n/a
experiments/traqid_pretraining_v1/reports/bootstrap_ci,directory,TRAQID,Generated report/evaluation tree (8 files; .csv:4; .md:4),see producing scripts in same family,contains generated artifacts,n/a,n/a,,active or historical; uncertain,low for contents; medium for currency,n/a
experiments/traqid_pretraining_v1/reports/diverse_resnet50_concat_bigru,directory,TRAQID,Generated report/evaluation tree (6 files; .csv:3; .json:1; .npz:1; .txt:1),see producing scripts in same family,contains generated artifacts,n/a,n/a,,active or historical; uncertain,low for contents; medium for currency,n/a
experiments/traqid_pretraining_v1/reports/diverse_resnet50_concat_lstm,directory,TRAQID,Generated report/evaluation tree (6 files; .csv:3; .json:1; .npz:1; .txt:1),see producing scripts in same family,contains generated artifacts,n/a,n/a,,active or historical; uncertain,low for contents; medium for currency,n/a
experiments/traqid_pretraining_v1/reports/diverse_resnet50_mean_gru,directory,TRAQID,Generated report/evaluation tree (6 files; .csv:3; .json:1; .npz:1; .txt:1),see producing scripts in same family,contains generated artifacts,n/a,n/a,,active or historical; uncertain,low for contents; medium for currency,n/a
experiments/traqid_pretraining_v1/reports/diverse_vgg16_concat_bigru,directory,TRAQID,Generated report/evaluation tree (6 files; .csv:3; .json:1; .npz:1; .txt:1),see producing scripts in same family,contains generated artifacts,n/a,n/a,,active or historical; uncertain,low for contents; medium for currency,n/a
experiments/traqid_pretraining_v1/reports/diverse_vgg16_concat_gru,directory,TRAQID,Generated report/evaluation tree (6 files; .csv:3; .json:1; .npz:1; .txt:1),see producing scripts in same family,contains generated artifacts,n/a,n/a,,active or historical; uncertain,low for contents; medium for currency,n/a
experiments/traqid_pretraining_v1/reports/diverse_vgg16_mean_gru,directory,TRAQID,Generated report/evaluation tree (6 files; .csv:3; .json:1; .npz:1; .txt:1),see producing scripts in same family,contains generated artifacts,n/a,n/a,,active or historical; uncertain,low for contents; medium for currency,n/a
experiments/traqid_pretraining_v1/reports/embedding_baselines,directory,TRAQID,Generated report/evaluation tree (4 files; .csv:3; .json:1),see producing scripts in same family,contains generated artifacts,n/a,n/a,,active or historical; uncertain,low for contents; medium for currency,n/a
experiments/traqid_pretraining_v1/reports/embedding_classical_baselines,directory,TRAQID,Generated report/evaluation tree (8 files; .csv:4; .json:3; .md:1),see producing scripts in same family,contains generated artifacts,n/a,n/a,,active or historical; uncertain,low for contents; medium for currency,n/a
experiments/traqid_pretraining_v1/reports/embedding_classical_baselines/extratrees_embedding_only_mean_pca256_traqid_paper_style_T7_front_sequence_manifest_time_balanced_purged_split_time_balanced_purged,directory,TRAQID,Generated report/evaluation tree (2 files; .csv:1; .json:1),see producing scripts in same family,contains generated artifacts,n/a,n/a,,current evidence,low for contents; medium for currency,n/a
experiments/traqid_pretraining_v1/reports/embedding_classical_baselines/extratrees_embedding_plus_tabular_mean_pca256_traqid_paper_style_T7_front_sequence_manifest_time_balanced_purged_split_time_balanced_purged,directory,TRAQID,Generated report/evaluation tree (2 files; .csv:1; .json:1),see producing scripts in same family,contains generated artifacts,n/a,n/a,,current evidence,low for contents; medium for currency,n/a
experiments/traqid_pretraining_v1/reports/embedding_classical_baselines/rf_embedding_plus_tabular_mean_pca256_traqid_paper_style_T7_front_sequence_manifest_time_balanced_purged_split_time_balanced_purged,directory,TRAQID,Generated report/evaluation tree (2 files; .csv:1; .json:1),see producing scripts in same family,contains generated artifacts,n/a,n/a,,current evidence,low for contents; medium for currency,n/a
experiments/traqid_pretraining_v1/reports/embedding_extraction,directory,TRAQID,Generated report/evaluation tree (1 files; .json:1),see producing scripts in same family,contains generated artifacts,n/a,n/a,,active or historical; uncertain,low for contents; medium for currency,n/a
experiments/traqid_pretraining_v1/reports/estimation_baselines,directory,TRAQID,Generated report/evaluation tree (8 files; .csv:4; .md:4),see producing scripts in same family,contains generated artifacts,n/a,n/a,,active or historical; uncertain,low for contents; medium for currency,n/a
experiments/traqid_pretraining_v1/reports/forecast_numerical_baselines_T12_H12_timestamp,directory,TRAQID,Generated report/evaluation tree (3 files; .csv:1; .json:1; .md:1),see producing scripts in same family,contains generated artifacts,n/a,n/a,,active or historical; uncertain,low for contents; medium for currency,n/a
experiments/traqid_pretraining_v1/reports/forecast_numerical_lstm_T12_H12_timestamp,directory,TRAQID,Generated report/evaluation tree (3 files; .csv:1; .json:1; .md:1),see producing scripts in same family,contains generated artifacts,n/a,n/a,,active or historical; uncertain,low for contents; medium for currency,n/a
experiments/traqid_pretraining_v1/reports/gated_resnet50_concat_gru_seed11,directory,TRAQID,Generated report/evaluation tree (7 files; .csv:4; .json:1; .npz:1; .txt:1),see producing scripts in same family,contains generated artifacts,n/a,n/a,,active or historical; uncertain,low for contents; medium for currency,n/a
experiments/traqid_pretraining_v1/reports/grouped_date_feature_ablation,directory,TRAQID,Generated report/evaluation tree (5 files; .csv:4; .json:1),see producing scripts in same family,contains generated artifacts,n/a,n/a,,active or historical; uncertain,low for contents; medium for currency,n/a
experiments/traqid_pretraining_v1/reports/lodo_embedding_baselines,directory,TRAQID,Generated report/evaluation tree (6 files; .csv:5; .json:1),see producing scripts in same family,contains generated artifacts,n/a,n/a,,active or historical; uncertain,low for contents; medium for currency,n/a
experiments/traqid_pretraining_v1/reports/paper_cnn_lstm,directory,TRAQID,Generated report/evaluation tree (12 files; .csv:8; .json:4),see producing scripts in same family,contains generated artifacts,n/a,n/a,,active or historical; uncertain,low for contents; medium for currency,n/a
experiments/traqid_pretraining_v1/reports/paper_cnn_lstm/traqid_paper_resnet50_front_gap_traqid_paper_style_T7_front_sequence_manifest_split_random,directory,TRAQID,Generated report/evaluation tree (3 files; .csv:2; .json:1),see producing scripts in same family,contains generated artifacts,n/a,n/a,,active or historical; uncertain,low for contents; medium for currency,n/a
experiments/traqid_pretraining_v1/reports/paper_cnn_lstm/traqid_paper_resnet50_front_rear_concat_gap_traqid_paper_style_T7_front_sequence_manifest_split_random,directory,TRAQID,Generated report/evaluation tree (3 files; .csv:2; .json:1),see producing scripts in same family,contains generated artifacts,n/a,n/a,,active or historical; uncertain,low for contents; medium for currency,n/a
experiments/traqid_pretraining_v1/reports/paper_cnn_lstm/traqid_paper_resnet50_front_rear_mean_gap_traqid_paper_style_T7_front_sequence_manifest_split_random,directory,TRAQID,Generated report/evaluation tree (3 files; .csv:2; .json:1),see producing scripts in same family,contains generated artifacts,n/a,n/a,,active or historical; uncertain,low for contents; medium for currency,n/a
experiments/traqid_pretraining_v1/reports/paper_cnn_lstm/traqid_paper_vgg16_front_gap_traqid_paper_style_T7_front_sequence_manifest_split_random,directory,TRAQID,Generated report/evaluation tree (3 files; .csv:2; .json:1),see producing scripts in same family,contains generated artifacts,n/a,n/a,,active or historical; uncertain,low for contents; medium for currency,n/a
experiments/traqid_pretraining_v1/reports/paper_cnn_lstm_tabular_fusion,directory,TRAQID,Generated report/evaluation tree (36 files; .csv:24; .json:11; .md:1),see producing scripts in same family,contains generated artifacts,n/a,n/a,,active or historical; uncertain,low for contents; medium for currency,n/a
experiments/traqid_pretraining_v1/reports/paper_cnn_lstm_tabular_fusion/t_sweep_summary,directory,TRAQID,Generated report/evaluation tree (2 files; .csv:1; .md:1),see producing scripts in same family,contains generated artifacts,n/a,n/a,,active or historical; uncertain,low for contents; medium for currency,n/a
experiments/traqid_pretraining_v1/reports/paper_cnn_lstm_tabular_fusion/traqid_paper_resnet50_front_rear_concat_gap_traqid_paper_style_T2_front_sequence_manifest_split_random_tabular_fusion,directory,TRAQID,Generated report/evaluation tree (3 files; .csv:2; .json:1),see producing scripts in same family,contains generated artifacts,n/a,n/a,,active or historical; uncertain,low for contents; medium for currency,n/a
experiments/traqid_pretraining_v1/reports/paper_cnn_lstm_tabular_fusion/traqid_paper_resnet50_front_rear_concat_gap_traqid_paper_style_T3_front_sequence_manifest_split_random_tabular_fusion,directory,TRAQID,Generated report/evaluation tree (3 files; .csv:2; .json:1),see producing scripts in same family,contains generated artifacts,n/a,n/a,,active or historical; uncertain,low for contents; medium for currency,n/a
experiments/traqid_pretraining_v1/reports/paper_cnn_lstm_tabular_fusion/traqid_paper_resnet50_front_rear_concat_gap_traqid_paper_style_T4_front_sequence_manifest_split_random_tabular_fusion,directory,TRAQID,Generated report/evaluation tree (3 files; .csv:2; .json:1),see producing scripts in same family,contains generated artifacts,n/a,n/a,,active or historical; uncertain,low for contents; medium for currency,n/a
experiments/traqid_pretraining_v1/reports/paper_cnn_lstm_tabular_fusion/traqid_paper_resnet50_front_rear_concat_gap_traqid_paper_style_T5_front_sequence_manifest_split_random_tabular_fusion,directory,TRAQID,Generated report/evaluation tree (3 files; .csv:2; .json:1),see producing scripts in same family,contains generated artifacts,n/a,n/a,,active or historical; uncertain,low for contents; medium for currency,n/a
experiments/traqid_pretraining_v1/reports/paper_cnn_lstm_tabular_fusion/traqid_paper_resnet50_front_rear_concat_gap_traqid_paper_style_T6_front_sequence_manifest_split_random_tabular_fusion,directory,TRAQID,Generated report/evaluation tree (3 files; .csv:2; .json:1),see producing scripts in same family,contains generated artifacts,n/a,n/a,,active or historical; uncertain,low for contents; medium for currency,n/a
experiments/traqid_pretraining_v1/reports/paper_cnn_lstm_tabular_fusion/traqid_paper_resnet50_front_rear_concat_gap_traqid_paper_style_T7_front_sequence_manifest_split_chrono_date_tabular_fusion,directory,TRAQID,Generated report/evaluation tree (3 files; .csv:2; .json:1),see producing scripts in same family,contains generated artifacts,n/a,n/a,,active or historical; uncertain,low for contents; medium for currency,n/a
experiments/traqid_pretraining_v1/reports/paper_cnn_lstm_tabular_fusion/traqid_paper_resnet50_front_rear_concat_gap_traqid_paper_style_T7_front_sequence_manifest_split_random_tabular_fusion,directory,TRAQID,Generated report/evaluation tree (3 files; .csv:2; .json:1),see producing scripts in same family,contains generated artifacts,n/a,n/a,,active or historical; uncertain,low for contents; medium for currency,n/a
experiments/traqid_pretraining_v1/reports/paper_cnn_lstm_tabular_fusion/traqid_paper_resnet50_front_rear_concat_gap_traqid_paper_style_T7_front_sequence_manifest_split_twofold_tabular_fusion,directory,TRAQID,Generated report/evaluation tree (3 files; .csv:2; .json:1),see producing scripts in same family,contains generated artifacts,n/a,n/a,,active or historical; uncertain,low for contents; medium for currency,n/a
experiments/traqid_pretraining_v1/reports/paper_cnn_lstm_tabular_fusion/traqid_paper_resnet50_front_rear_concat_gap_traqid_paper_style_T7_front_sequence_manifest_twofold_swapped_split_twofold_swapped_tabular_fusion,directory,TRAQID,Generated report/evaluation tree (3 files; .csv:2; .json:1),see producing scripts in same family,contains generated artifacts,n/a,n/a,,active or historical; uncertain,low for contents; medium for currency,n/a
experiments/traqid_pretraining_v1/reports/paper_cnn_lstm_tabular_fusion/traqid_paper_resnet50_front_rear_concat_gap_traqid_paper_style_T8_front_sequence_manifest_split_random_tabular_fusion,directory,TRAQID,Generated report/evaluation tree (3 files; .csv:2; .json:1),see producing scripts in same family,contains generated artifacts,n/a,n/a,,active or historical; uncertain,low for contents; medium for currency,n/a
experiments/traqid_pretraining_v1/reports/paper_cnn_lstm_tabular_fusion/traqid_paper_resnet50_front_rear_concat_gap_traqid_paper_style_T9_front_sequence_manifest_split_random_tabular_fusion,directory,TRAQID,Generated report/evaluation tree (3 files; .csv:2; .json:1),see producing scripts in same family,contains generated artifacts,n/a,n/a,,active or historical; uncertain,low for contents; medium for currency,n/a
experiments/traqid_pretraining_v1/reports/paper_cnn_lstm_tabular_fusion_final80,directory,TRAQID,Generated report/evaluation tree (3 files; .csv:2; .json:1),see producing scripts in same family,contains generated artifacts,n/a,n/a,,active or historical; uncertain,low for contents; medium for currency,n/a
experiments/traqid_pretraining_v1/reports/paper_cnn_lstm_tabular_fusion_final80/traqid_paper_resnet50_front_rear_concat_gap_traqid_paper_style_T7_front_sequence_manifest_split_random_tabular_fusion,directory,TRAQID,Generated report/evaluation tree (3 files; .csv:2; .json:1),see producing scripts in same family,contains generated artifacts,n/a,n/a,,active or historical; uncertain,low for contents; medium for currency,n/a
experiments/traqid_pretraining_v1/reports/paper_cnn_lstm_tabular_fusion_purged_block,directory,TRAQID,Generated report/evaluation tree (3 files; .csv:2; .json:1),see producing scripts in same family,contains generated artifacts,n/a,n/a,,active or historical; uncertain,low for contents; medium for currency,n/a
experiments/traqid_pretraining_v1/reports/paper_cnn_lstm_tabular_fusion_purged_block/traqid_paper_resnet50_front_rear_concat_gap_traqid_paper_style_T7_front_sequence_manifest_purged_block_compatible_clean_split_date_chrono_tabular_fusion,directory,TRAQID,Generated report/evaluation tree (3 files; .csv:2; .json:1),see producing scripts in same family,contains generated artifacts,n/a,n/a,,active or historical; uncertain,low for contents; medium for currency,n/a
experiments/traqid_pretraining_v1/reports/paper_cnn_lstm_tabular_fusion_time_balanced_purged,directory,TRAQID,Generated report/evaluation tree (3 files; .csv:2; .json:1),see producing scripts in same family,contains generated artifacts,n/a,n/a,,current evidence,low for contents; medium for currency,n/a
experiments/traqid_pretraining_v1/reports/paper_cnn_lstm_tabular_fusion_time_balanced_purged/traqid_paper_resnet50_front_rear_concat_gap_traqid_paper_style_T7_front_sequence_manifest_time_balanced_purged_split_time_balanced_purged_tabular_fusion,directory,TRAQID,Generated report/evaluation tree (3 files; .csv:2; .json:1),see producing scripts in same family,contains generated artifacts,n/a,n/a,,current evidence,low for contents; medium for currency,n/a
experiments/traqid_pretraining_v1/reports/paper_cnn_lstm_time_balanced_purged,directory,TRAQID,Generated report/evaluation tree (3 files; .csv:2; .json:1),see producing scripts in same family,contains generated artifacts,n/a,n/a,,current evidence,low for contents; medium for currency,n/a
experiments/traqid_pretraining_v1/reports/paper_cnn_lstm_time_balanced_purged/traqid_paper_resnet50_front_rear_concat_gap_traqid_paper_style_T7_front_sequence_manifest_time_balanced_purged_split_time_balanced_purged,directory,TRAQID,Generated report/evaluation tree (3 files; .csv:2; .json:1),see producing scripts in same family,contains generated artifacts,n/a,n/a,,current evidence,low for contents; medium for currency,n/a
experiments/traqid_pretraining_v1/reports/paper_diagnostics,directory,TRAQID,Generated report/evaluation tree (19 files; .csv:12; .json:5; .md:2),see producing scripts in same family,contains generated artifacts,n/a,n/a,,active or historical; uncertain,low for contents; medium for currency,n/a
experiments/traqid_pretraining_v1/reports/paper_diagnostics/naive_baselines,directory,TRAQID,Generated report/evaluation tree (2 files; .csv:1; .md:1),see producing scripts in same family,contains generated artifacts,n/a,n/a,,active or historical; uncertain,low for contents; medium for currency,n/a
experiments/traqid_pretraining_v1/reports/paper_diagnostics/purged_time_confound,directory,TRAQID,Generated report/evaluation tree (7 files; .csv:6; .json:1),see producing scripts in same family,contains generated artifacts,n/a,n/a,,active or historical; uncertain,low for contents; medium for currency,n/a
experiments/traqid_pretraining_v1/reports/paper_diagnostics/sequence_overlap,directory,TRAQID,Generated report/evaluation tree (10 files; .csv:5; .json:4; .md:1),see producing scripts in same family,contains generated artifacts,n/a,n/a,,active or historical; uncertain,low for contents; medium for currency,n/a
experiments/traqid_pretraining_v1/reports/paper_final,directory,TRAQID,Generated report/evaluation tree (20 files; .md:10; .csv:9; .txt:1),see producing scripts in same family,contains generated artifacts,n/a,n/a,,current evidence,low for contents; medium for currency,n/a
experiments/traqid_pretraining_v1/reports/paper_style_cnn_features,directory,TRAQID,Generated report/evaluation tree (6 files; .json:6),see producing scripts in same family,contains generated artifacts,n/a,n/a,,active or historical; uncertain,low for contents; medium for currency,n/a
experiments/traqid_pretraining_v1/reports/paper_style_sequences,directory,TRAQID,Generated report/evaluation tree (9 files; .json:9),see producing scripts in same family,contains generated artifacts,n/a,n/a,,active or historical; uncertain,low for contents; medium for currency,n/a
experiments/traqid_pretraining_v1/reports/pipeline_validation,directory,TRAQID,Generated report/evaluation tree (1 files; .csv:1),see producing scripts in same family,contains generated artifacts,n/a,n/a,,active or historical; uncertain,low for contents; medium for currency,n/a
experiments/traqid_pretraining_v1/reports/pm25_balanced_date_grouped_T7_gru_tabular_cv,directory,TRAQID,Generated report/evaluation tree (35 files; .csv:27; .json:7; .md:1),see producing scripts in same family,contains generated artifacts,n/a,n/a,,active or historical; uncertain,low for contents; medium for currency,n/a
experiments/traqid_pretraining_v1/reports/pm25_balanced_date_grouped_T7_gru_tabular_cv/fold_1,directory,TRAQID,Generated report/evaluation tree (5 files; .csv:4; .json:1),see producing scripts in same family,contains generated artifacts,n/a,n/a,,active or historical; uncertain,low for contents; medium for currency,n/a
experiments/traqid_pretraining_v1/reports/pm25_balanced_date_grouped_T7_gru_tabular_cv/fold_2,directory,TRAQID,Generated report/evaluation tree (5 files; .csv:4; .json:1),see producing scripts in same family,contains generated artifacts,n/a,n/a,,active or historical; uncertain,low for contents; medium for currency,n/a
experiments/traqid_pretraining_v1/reports/pm25_balanced_date_grouped_T7_gru_tabular_cv/fold_3,directory,TRAQID,Generated report/evaluation tree (5 files; .csv:4; .json:1),see producing scripts in same family,contains generated artifacts,n/a,n/a,,active or historical; uncertain,low for contents; medium for currency,n/a
experiments/traqid_pretraining_v1/reports/pm25_balanced_date_grouped_T7_gru_tabular_cv/fold_4,directory,TRAQID,Generated report/evaluation tree (5 files; .csv:4; .json:1),see producing scripts in same family,contains generated artifacts,n/a,n/a,,active or historical; uncertain,low for contents; medium for currency,n/a
experiments/traqid_pretraining_v1/reports/pm25_balanced_date_grouped_T7_gru_tabular_cv/fold_5,directory,TRAQID,Generated report/evaluation tree (5 files; .csv:4; .json:1),see producing scripts in same family,contains generated artifacts,n/a,n/a,,active or historical; uncertain,low for contents; medium for currency,n/a
experiments/traqid_pretraining_v1/reports/pm25_balanced_date_grouped_yolo_road_tabular_cv,directory,TRAQID,Generated report/evaluation tree (51 files; .joblib:30; .csv:19; .json:1; .txt:1),see producing scripts in same family,contains generated artifacts,n/a,n/a,,active or historical; uncertain,low for contents; medium for currency,n/a
experiments/traqid_pretraining_v1/reports/pm25_balanced_date_grouped_yolo_road_tabular_cv/fold_1,directory,TRAQID,Generated report/evaluation tree (9 files; .joblib:6; .csv:3),see producing scripts in same family,contains generated artifacts,n/a,n/a,,active or historical; uncertain,low for contents; medium for currency,n/a
experiments/traqid_pretraining_v1/reports/pm25_balanced_date_grouped_yolo_road_tabular_cv/fold_2,directory,TRAQID,Generated report/evaluation tree (9 files; .joblib:6; .csv:3),see producing scripts in same family,contains generated artifacts,n/a,n/a,,active or historical; uncertain,low for contents; medium for currency,n/a
experiments/traqid_pretraining_v1/reports/pm25_balanced_date_grouped_yolo_road_tabular_cv/fold_3,directory,TRAQID,Generated report/evaluation tree (9 files; .joblib:6; .csv:3),see producing scripts in same family,contains generated artifacts,n/a,n/a,,active or historical; uncertain,low for contents; medium for currency,n/a
experiments/traqid_pretraining_v1/reports/pm25_balanced_date_grouped_yolo_road_tabular_cv/fold_4,directory,TRAQID,Generated report/evaluation tree (9 files; .joblib:6; .csv:3),see producing scripts in same family,contains generated artifacts,n/a,n/a,,active or historical; uncertain,low for contents; medium for currency,n/a
experiments/traqid_pretraining_v1/reports/pm25_balanced_date_grouped_yolo_road_tabular_cv/fold_5,directory,TRAQID,Generated report/evaluation tree (9 files; .joblib:6; .csv:3),see producing scripts in same family,contains generated artifacts,n/a,n/a,,active or historical; uncertain,low for contents; medium for currency,n/a
experiments/traqid_pretraining_v1/reports/pm25_only_resnet50_concat_gru_image_base_seed42,directory,TRAQID,Generated report/evaluation tree (5 files; .csv:4; .json:1),see producing scripts in same family,contains generated artifacts,n/a,n/a,,active or historical; uncertain,low for contents; medium for currency,n/a
experiments/traqid_pretraining_v1/reports/pm25_oof_residual_3fold_seed42,directory,TRAQID,Generated report/evaluation tree (13 files; .csv:8; .md:3; .json:1; .txt:1),see producing scripts in same family,contains generated artifacts,n/a,n/a,,active or historical; uncertain,low for contents; medium for currency,n/a
experiments/traqid_pretraining_v1/reports/pm25_residual_signal_ablation_pm25_only_resnet50_gru_seed42,directory,TRAQID,Generated report/evaluation tree (24 files; .csv:22; .md:1; .txt:1),see producing scripts in same family,contains generated artifacts,n/a,n/a,,active or historical; uncertain,low for contents; medium for currency,n/a
experiments/traqid_pretraining_v1/reports/pm25_residual_signal_ablation_rerun_lstm_base,directory,TRAQID,Generated report/evaluation tree (24 files; .csv:22; .md:1; .txt:1),see producing scripts in same family,contains generated artifacts,n/a,n/a,,active or historical; uncertain,low for contents; medium for currency,n/a
experiments/traqid_pretraining_v1/reports/pm25_residual_signal_ablation_rerun_original_gru_base,directory,TRAQID,Generated report/evaluation tree (24 files; .csv:22; .md:1; .txt:1),see producing scripts in same family,contains generated artifacts,n/a,n/a,,active or historical; uncertain,low for contents; medium for currency,n/a
experiments/traqid_pretraining_v1/reports/pm25_tuned_residual_with_basepred_seed42,directory,TRAQID,Generated report/evaluation tree (4 files; .csv:2; .md:1; .txt:1),see producing scripts in same family,contains generated artifacts,n/a,n/a,,active or historical; uncertain,low for contents; medium for currency,n/a
experiments/traqid_pretraining_v1/reports/rerun_original_best_resnet50_concat_gru_with_val_preds,directory,TRAQID,Generated report/evaluation tree (6 files; .csv:4; .json:1; .npz:1),see producing scripts in same family,contains generated artifacts,n/a,n/a,,active or historical; uncertain,low for contents; medium for currency,n/a
experiments/traqid_pretraining_v1/reports/rerun_resnet50_concat_bigru_seed11,directory,TRAQID,Generated report/evaluation tree (7 files; .csv:4; .json:1; .npz:1; .txt:1),see producing scripts in same family,contains generated artifacts,n/a,n/a,,active or historical; uncertain,low for contents; medium for currency,n/a
experiments/traqid_pretraining_v1/reports/rerun_resnet50_concat_gru_seed11,directory,TRAQID,Generated report/evaluation tree (7 files; .csv:4; .json:1; .npz:1; .txt:1),see producing scripts in same family,contains generated artifacts,n/a,n/a,,active or historical; uncertain,low for contents; medium for currency,n/a
experiments/traqid_pretraining_v1/reports/rerun_resnet50_concat_lstm_seed11,directory,TRAQID,Generated report/evaluation tree (7 files; .csv:4; .json:1; .npz:1; .txt:1),see producing scripts in same family,contains generated artifacts,n/a,n/a,,active or historical; uncertain,low for contents; medium for currency,n/a
experiments/traqid_pretraining_v1/reports/rerun_simple_ensemble,directory,TRAQID,Generated report/evaluation tree (4 files; .csv:3; .md:1),see producing scripts in same family,contains generated artifacts,n/a,n/a,,active or historical; uncertain,low for contents; medium for currency,n/a
experiments/traqid_pretraining_v1/reports/rerun_vgg16_concat_bigru_seed11,directory,TRAQID,Generated report/evaluation tree (7 files; .csv:4; .json:1; .npz:1; .txt:1),see producing scripts in same family,contains generated artifacts,n/a,n/a,,active or historical; uncertain,low for contents; medium for currency,n/a
experiments/traqid_pretraining_v1/reports/rerun_vgg16_concat_gru_seed11,directory,TRAQID,Generated report/evaluation tree (7 files; .csv:4; .json:1; .npz:1; .txt:1),see producing scripts in same family,contains generated artifacts,n/a,n/a,,active or historical; uncertain,low for contents; medium for currency,n/a
experiments/traqid_pretraining_v1/reports/rerun_weighted_ensemble_search,directory,TRAQID,Generated report/evaluation tree (6 files; .csv:5; .md:1),see producing scripts in same family,contains generated artifacts,n/a,n/a,,active or historical; uncertain,low for contents; medium for currency,n/a
experiments/traqid_pretraining_v1/reports/residual_correction_gated_base,directory,TRAQID,Generated report/evaluation tree (6 files; .csv:5; .txt:1),see producing scripts in same family,contains generated artifacts,n/a,n/a,,active or historical; uncertain,low for contents; medium for currency,n/a
experiments/traqid_pretraining_v1/reports/residual_correction_rerun_resnet50_concat_lstm,directory,TRAQID,Generated report/evaluation tree (6 files; .csv:5; .txt:1),see producing scripts in same family,contains generated artifacts,n/a,n/a,,active or historical; uncertain,low for contents; medium for currency,n/a
experiments/traqid_pretraining_v1/reports/sequence_overlap_diagnostics,directory,TRAQID,Generated report/evaluation tree (30 files; .csv:20; .md:10),see producing scripts in same family,contains generated artifacts,n/a,n/a,,active or historical; uncertain,low for contents; medium for currency,n/a
experiments/traqid_pretraining_v1/reports/sequence_overlap_diagnostics/chrono_date_T7,directory,TRAQID,Generated report/evaluation tree (3 files; .csv:2; .md:1),see producing scripts in same family,contains generated artifacts,n/a,n/a,,active or historical; uncertain,low for contents; medium for currency,n/a
experiments/traqid_pretraining_v1/reports/sequence_overlap_diagnostics/forecast_T12_H12_chrono,directory,TRAQID,Generated report/evaluation tree (3 files; .csv:2; .md:1),see producing scripts in same family,contains generated artifacts,n/a,n/a,,active or historical; uncertain,low for contents; medium for currency,n/a
experiments/traqid_pretraining_v1/reports/sequence_overlap_diagnostics/forecast_T12_H12_random,directory,TRAQID,Generated report/evaluation tree (3 files; .csv:2; .md:1),see producing scripts in same family,contains generated artifacts,n/a,n/a,,active or historical; uncertain,low for contents; medium for currency,n/a
experiments/traqid_pretraining_v1/reports/sequence_overlap_diagnostics/forecast_T12_H12_timestamp_chrono,directory,TRAQID,Generated report/evaluation tree (3 files; .csv:2; .md:1),see producing scripts in same family,contains generated artifacts,n/a,n/a,,active or historical; uncertain,low for contents; medium for currency,n/a
experiments/traqid_pretraining_v1/reports/sequence_overlap_diagnostics/forecast_T12_H12_timestamp_random,directory,TRAQID,Generated report/evaluation tree (3 files; .csv:2; .md:1),see producing scripts in same family,contains generated artifacts,n/a,n/a,,active or historical; uncertain,low for contents; medium for currency,n/a
experiments/traqid_pretraining_v1/reports/sequence_overlap_diagnostics/forecast_T12_H12_timestamp_twofold,directory,TRAQID,Generated report/evaluation tree (3 files; .csv:2; .md:1),see producing scripts in same family,contains generated artifacts,n/a,n/a,,active or historical; uncertain,low for contents; medium for currency,n/a
experiments/traqid_pretraining_v1/reports/sequence_overlap_diagnostics/forecast_T12_H12_twofold,directory,TRAQID,Generated report/evaluation tree (3 files; .csv:2; .md:1),see producing scripts in same family,contains generated artifacts,n/a,n/a,,active or historical; uncertain,low for contents; medium for currency,n/a
experiments/traqid_pretraining_v1/reports/sequence_overlap_diagnostics/random_split_T7,directory,TRAQID,Generated report/evaluation tree (3 files; .csv:2; .md:1),see producing scripts in same family,contains generated artifacts,n/a,n/a,,active or historical; uncertain,low for contents; medium for currency,n/a
experiments/traqid_pretraining_v1/reports/sequence_overlap_diagnostics/time_balanced_purged_T7,directory,TRAQID,Generated report/evaluation tree (3 files; .csv:2; .md:1),see producing scripts in same family,contains generated artifacts,n/a,n/a,,current evidence,low for contents; medium for currency,n/a
experiments/traqid_pretraining_v1/reports/sequence_overlap_diagnostics/twofold_T7,directory,TRAQID,Generated report/evaluation tree (3 files; .csv:2; .md:1),see producing scripts in same family,contains generated artifacts,n/a,n/a,,active or historical; uncertain,low for contents; medium for currency,n/a
experiments/traqid_pretraining_v1/reports/single_image_pm25_resnet50_mlp_chrono_seed42,directory,TRAQID,Generated report/evaluation tree (5 files; .csv:4; .json:1),see producing scripts in same family,contains generated artifacts,n/a,n/a,,active or historical; uncertain,low for contents; medium for currency,n/a
experiments/traqid_pretraining_v1/reports/single_image_pm25_resnet50_mlp_random_seed42,directory,TRAQID,Generated report/evaluation tree (5 files; .csv:4; .json:1),see producing scripts in same family,contains generated artifacts,n/a,n/a,,active or historical; uncertain,low for contents; medium for currency,n/a
experiments/traqid_pretraining_v1/reports/single_image_pm25_yolo_road_tabular_chrono_seed42,directory,TRAQID,Generated report/evaluation tree (4 files; .csv:2; .md:1; .txt:1),see producing scripts in same family,contains generated artifacts,n/a,n/a,,active or historical; uncertain,low for contents; medium for currency,n/a
experiments/traqid_pretraining_v1/reports/single_image_pm25_yolo_road_tabular_random_seed42,directory,TRAQID,Generated report/evaluation tree (4 files; .csv:2; .md:1; .txt:1),see producing scripts in same family,contains generated artifacts,n/a,n/a,,active or historical; uncertain,low for contents; medium for currency,n/a
experiments/traqid_pretraining_v1/reports/split_first_chrono_pm25_resnet50_gru_seed42,directory,TRAQID,Generated report/evaluation tree (5 files; .csv:4; .json:1),see producing scripts in same family,contains generated artifacts,n/a,n/a,,active or historical; uncertain,low for contents; medium for currency,n/a
experiments/traqid_pretraining_v1/reports/subset1_paper_replication,directory,TRAQID,Generated report/evaluation tree (3 files; .csv:1; .json:1; .md:1),see producing scripts in same family,contains generated artifacts,n/a,n/a,,active or historical; uncertain,low for contents; medium for currency,n/a
experiments/traqid_pretraining_v1/reports/supervised_cnn_pm25,directory,TRAQID,Generated report/evaluation tree (8 files; .csv:4; .json:4),see producing scripts in same family,contains generated artifacts,n/a,n/a,,active or historical; uncertain,low for contents; medium for currency,n/a
experiments/traqid_pretraining_v1/reports/supervised_cnn_pm25_random_front,directory,TRAQID,Generated report/evaluation tree (4 files; .csv:2; .json:2),see producing scripts in same family,contains generated artifacts,n/a,n/a,,active or historical; uncertain,low for contents; medium for currency,n/a
experiments/traqid_pretraining_v1/reports/supervised_cnn_pm25_random_rear,directory,TRAQID,Generated report/evaluation tree (4 files; .csv:2; .json:2),see producing scripts in same family,contains generated artifacts,n/a,n/a,,active or historical; uncertain,low for contents; medium for currency,n/a
experiments/traqid_pretraining_v1/reports/t7_architecture_diverse_ensemble,directory,TRAQID,Generated report/evaluation tree (4 files; .csv:3; .md:1),see producing scripts in same family,contains generated artifacts,n/a,n/a,,active or historical; uncertain,low for contents; medium for currency,n/a
experiments/traqid_pretraining_v1/reports/t7_embedding_gru,directory,TRAQID,Generated report/evaluation tree (4 files; .csv:2; .json:2),see producing scripts in same family,contains generated artifacts,n/a,n/a,,active or historical; uncertain,low for contents; medium for currency,n/a
experiments/traqid_pretraining_v1/reports/t7_embedding_gru_purged_block,directory,TRAQID,Generated report/evaluation tree (4 files; .csv:2; .json:2),see producing scripts in same family,contains generated artifacts,n/a,n/a,,active or historical; uncertain,low for contents; medium for currency,n/a
experiments/traqid_pretraining_v1/reports/t7_embedding_gru_random_debug,directory,TRAQID,Generated report/evaluation tree (4 files; .csv:2; .json:2),see producing scripts in same family,contains generated artifacts,n/a,n/a,,active or historical; uncertain,low for contents; medium for currency,n/a
experiments/traqid_pretraining_v1/reports/t7_greedy_weighted_ensemble_search,directory,TRAQID,Generated report/evaluation tree (6 files; .csv:5; .md:1),see producing scripts in same family,contains generated artifacts,n/a,n/a,,active or historical; uncertain,low for contents; medium for currency,n/a
experiments/traqid_pretraining_v1/reports/t7_gru_tabular_fusion_date_safe,directory,TRAQID,Generated report/evaluation tree (4 files; .csv:2; .json:2),see producing scripts in same family,contains generated artifacts,n/a,n/a,,active or historical; uncertain,low for contents; medium for currency,n/a
experiments/traqid_pretraining_v1/reports/t7_gru_tabular_fusion_date_safe_clipped,directory,TRAQID,Generated report/evaluation tree (5 files; .csv:3; .json:2),see producing scripts in same family,contains generated artifacts,n/a,n/a,,active or historical; uncertain,low for contents; medium for currency,n/a
experiments/traqid_pretraining_v1/reports/t7_multimodal_gru_random_5seed_ensemble,directory,TRAQID,Generated report/evaluation tree (3 files; .csv:2; .md:1),see producing scripts in same family,contains generated artifacts,n/a,n/a,,active or historical; uncertain,low for contents; medium for currency,n/a
experiments/traqid_pretraining_v1/reports/t7_multimodal_gru_random_seed11,directory,TRAQID,Generated report/evaluation tree (6 files; .csv:3; .json:1; .npz:1; .txt:1),see producing scripts in same family,contains generated artifacts,n/a,n/a,,active or historical; uncertain,low for contents; medium for currency,n/a
experiments/traqid_pretraining_v1/reports/t7_multimodal_gru_random_seed22,directory,TRAQID,Generated report/evaluation tree (6 files; .csv:3; .json:1; .npz:1; .txt:1),see producing scripts in same family,contains generated artifacts,n/a,n/a,,active or historical; uncertain,low for contents; medium for currency,n/a
experiments/traqid_pretraining_v1/reports/t7_multimodal_gru_random_seed33,directory,TRAQID,Generated report/evaluation tree (6 files; .csv:3; .json:1; .npz:1; .txt:1),see producing scripts in same family,contains generated artifacts,n/a,n/a,,active or historical; uncertain,low for contents; medium for currency,n/a
experiments/traqid_pretraining_v1/reports/t7_multimodal_gru_random_seed42,directory,TRAQID,Generated report/evaluation tree (6 files; .csv:3; .json:1; .npz:1; .txt:1),see producing scripts in same family,contains generated artifacts,n/a,n/a,,active or historical; uncertain,low for contents; medium for currency,n/a
experiments/traqid_pretraining_v1/reports/t7_multimodal_gru_random_seed55,directory,TRAQID,Generated report/evaluation tree (6 files; .csv:3; .json:1; .npz:1; .txt:1),see producing scripts in same family,contains generated artifacts,n/a,n/a,,active or historical; uncertain,low for contents; medium for currency,n/a
experiments/traqid_pretraining_v1/reports/t7_multimodal_gru_random_split42_5seed_ensemble,directory,TRAQID,Generated report/evaluation tree (4 files; .csv:3; .md:1),see producing scripts in same family,contains generated artifacts,n/a,n/a,,active or historical; uncertain,low for contents; medium for currency,n/a
experiments/traqid_pretraining_v1/reports/t7_multimodal_gru_random_split42_modelseed11,directory,TRAQID,Generated report/evaluation tree (6 files; .csv:3; .json:1; .npz:1; .txt:1),see producing scripts in same family,contains generated artifacts,n/a,n/a,,active or historical; uncertain,low for contents; medium for currency,n/a
experiments/traqid_pretraining_v1/reports/t7_multimodal_gru_random_split42_modelseed11_valtest,directory,TRAQID,Generated report/evaluation tree (0 files; ),see producing scripts in same family,contains generated artifacts,n/a,n/a,,active or historical; uncertain,low for contents; medium for currency,n/a
experiments/traqid_pretraining_v1/reports/t7_multimodal_gru_random_split42_modelseed22,directory,TRAQID,Generated report/evaluation tree (6 files; .csv:3; .json:1; .npz:1; .txt:1),see producing scripts in same family,contains generated artifacts,n/a,n/a,,active or historical; uncertain,low for contents; medium for currency,n/a
experiments/traqid_pretraining_v1/reports/t7_multimodal_gru_random_split42_modelseed33,directory,TRAQID,Generated report/evaluation tree (6 files; .csv:3; .json:1; .npz:1; .txt:1),see producing scripts in same family,contains generated artifacts,n/a,n/a,,active or historical; uncertain,low for contents; medium for currency,n/a
experiments/traqid_pretraining_v1/reports/t7_multimodal_gru_random_split42_modelseed44,directory,TRAQID,Generated report/evaluation tree (6 files; .csv:3; .json:1; .npz:1; .txt:1),see producing scripts in same family,contains generated artifacts,n/a,n/a,,active or historical; uncertain,low for contents; medium for currency,n/a
experiments/traqid_pretraining_v1/reports/t7_multimodal_gru_random_split42_modelseed55,directory,TRAQID,Generated report/evaluation tree (6 files; .csv:3; .json:1; .npz:1; .txt:1),see producing scripts in same family,contains generated artifacts,n/a,n/a,,active or historical; uncertain,low for contents; medium for currency,n/a
experiments/traqid_pretraining_v1/reports/t7_multimodal_resnet50_yolo_road_tabular_gru_chrono_fixed,directory,TRAQID,Generated report/evaluation tree (6 files; .csv:3; .json:1; .npz:1; .txt:1),see producing scripts in same family,contains generated artifacts,n/a,n/a,,active or historical; uncertain,low for contents; medium for currency,n/a
experiments/traqid_pretraining_v1/reports/t7_multimodal_resnet50_yolo_road_tabular_gru_random,directory,TRAQID,Generated report/evaluation tree (0 files; ),see producing scripts in same family,contains generated artifacts,n/a,n/a,,active or historical; uncertain,low for contents; medium for currency,n/a
experiments/traqid_pretraining_v1/reports/t7_multimodal_resnet50_yolo_road_tabular_gru_random_fixed,directory,TRAQID,Generated report/evaluation tree (6 files; .csv:3; .json:1; .npz:1; .txt:1),see producing scripts in same family,contains generated artifacts,n/a,n/a,,active or historical; uncertain,low for contents; medium for currency,n/a
experiments/traqid_pretraining_v1/reports/t7_purged_block_split,directory,TRAQID,Generated report/evaluation tree (4 files; .csv:2; .json:2),see producing scripts in same family,contains generated artifacts,n/a,n/a,,active or historical; uncertain,low for contents; medium for currency,n/a
experiments/traqid_pretraining_v1/reports/t7_resnet50_concat_gru_paper_style_random,directory,TRAQID,Generated report/evaluation tree (4 files; .csv:3; .json:1),see producing scripts in same family,contains generated artifacts,n/a,n/a,,active or historical; uncertain,low for contents; medium for currency,n/a
experiments/traqid_pretraining_v1/reports/t7_sequence,directory,TRAQID,Generated report/evaluation tree (1 files; .json:1),see producing scripts in same family,contains generated artifacts,n/a,n/a,,active or historical; uncertain,low for contents; medium for currency,n/a
experiments/traqid_pretraining_v1/reports/t7_supervised_front_gru_purged_block,directory,TRAQID,Generated report/evaluation tree (4 files; .csv:2; .json:2),see producing scripts in same family,contains generated artifacts,n/a,n/a,,active or historical; uncertain,low for contents; medium for currency,n/a
experiments/traqid_pretraining_v1/reports/t7_supervised_front_rear_concat_gru_purged_block,directory,TRAQID,Generated report/evaluation tree (4 files; .csv:2; .json:2),see producing scripts in same family,contains generated artifacts,n/a,n/a,,active or historical; uncertain,low for contents; medium for currency,n/a
experiments/traqid_pretraining_v1/reports/t7_supervised_front_rear_mean_gru_purged_block,directory,TRAQID,Generated report/evaluation tree (4 files; .csv:2; .json:2),see producing scripts in same family,contains generated artifacts,n/a,n/a,,active or historical; uncertain,low for contents; medium for currency,n/a
experiments/traqid_pretraining_v1/reports/t7_supervised_front_rear_mean_gru_tabular_fusion_purged_block,directory,TRAQID,Generated report/evaluation tree (4 files; .csv:2; .json:2),see producing scripts in same family,contains generated artifacts,n/a,n/a,,active or historical; uncertain,low for contents; medium for currency,n/a
experiments/traqid_pretraining_v1/reports/t7_supervised_rear_gru_purged_block,directory,TRAQID,Generated report/evaluation tree (4 files; .csv:2; .json:2),see producing scripts in same family,contains generated artifacts,n/a,n/a,,active or historical; uncertain,low for contents; medium for currency,n/a
experiments/traqid_pretraining_v1/reports/tabular_baselines,directory,TRAQID,Generated report/evaluation tree (4 files; .csv:3; .json:1),see producing scripts in same family,contains generated artifacts,n/a,n/a,,active or historical; uncertain,low for contents; medium for currency,n/a
experiments/traqid_pretraining_v1/reports/tabular_context_only_date_safe,directory,TRAQID,Generated report/evaluation tree (4 files; .csv:2; .json:2),see producing scripts in same family,contains generated artifacts,n/a,n/a,,active or historical; uncertain,low for contents; medium for currency,n/a
experiments/traqid_pretraining_v1/reports/tabular_context_only_purged_block,directory,TRAQID,Generated report/evaluation tree (4 files; .csv:2; .json:2),see producing scripts in same family,contains generated artifacts,n/a,n/a,,active or historical; uncertain,low for contents; medium for currency,n/a
experiments/traqid_pretraining_v1/reports/tabular_only_multitarget,directory,TRAQID,Generated report/evaluation tree (9 files; .csv:5; .json:4),see producing scripts in same family,contains generated artifacts,n/a,n/a,,active or historical; uncertain,low for contents; medium for currency,n/a
experiments/traqid_pretraining_v1/reports/tabular_only_multitarget/tabular_only_mlp_traqid_paper_style_T7_front_sequence_manifest_split_random,directory,TRAQID,Generated report/evaluation tree (2 files; .csv:1; .json:1),see producing scripts in same family,contains generated artifacts,n/a,n/a,,active or historical; uncertain,low for contents; medium for currency,n/a
experiments/traqid_pretraining_v1/reports/tabular_only_multitarget/tabular_only_rf_traqid_paper_style_T7_front_sequence_manifest_split_chrono_date,directory,TRAQID,Generated report/evaluation tree (2 files; .csv:1; .json:1),see producing scripts in same family,contains generated artifacts,n/a,n/a,,active or historical; uncertain,low for contents; medium for currency,n/a
experiments/traqid_pretraining_v1/reports/tabular_only_multitarget/tabular_only_rf_traqid_paper_style_T7_front_sequence_manifest_split_random,directory,TRAQID,Generated report/evaluation tree (2 files; .csv:1; .json:1),see producing scripts in same family,contains generated artifacts,n/a,n/a,,active or historical; uncertain,low for contents; medium for currency,n/a
experiments/traqid_pretraining_v1/reports/tabular_only_multitarget/tabular_only_ridge_traqid_paper_style_T7_front_sequence_manifest_split_random,directory,TRAQID,Generated report/evaluation tree (2 files; .csv:1; .json:1),see producing scripts in same family,contains generated artifacts,n/a,n/a,,active or historical; uncertain,low for contents; medium for currency,n/a
experiments/traqid_pretraining_v1/reports/tabular_only_multitarget_time_balanced_purged,directory,TRAQID,Generated report/evaluation tree (2 files; .csv:1; .json:1),see producing scripts in same family,contains generated artifacts,n/a,n/a,,current evidence,low for contents; medium for currency,n/a
experiments/traqid_pretraining_v1/reports/tabular_only_multitarget_time_balanced_purged/tabular_only_rf_traqid_paper_style_T7_front_sequence_manifest_time_balanced_purged_split_time_balanced_purged,directory,TRAQID,Generated report/evaluation tree (2 files; .csv:1; .json:1),see producing scripts in same family,contains generated artifacts,n/a,n/a,,current evidence,low for contents; medium for currency,n/a
experiments/traqid_pretraining_v1/reports/traqid_T7_engineered_baselines_chrono,directory,TRAQID,Generated report/evaluation tree (3 files; .csv:2; .md:1),see producing scripts in same family,contains generated artifacts,n/a,n/a,,active or historical; uncertain,low for contents; medium for currency,n/a
experiments/traqid_pretraining_v1/reports/traqid_T7_engineered_baselines_random,directory,TRAQID,Generated report/evaluation tree (3 files; .csv:2; .md:1),see producing scripts in same family,contains generated artifacts,n/a,n/a,,active or historical; uncertain,low for contents; medium for currency,n/a
experiments/traqid_pretraining_v1/reports/traqid_eda,directory,TRAQID,Generated report/evaluation tree (38 files; .png:19; .csv:18; .md:1),see producing scripts in same family,contains generated artifacts,n/a,n/a,,active or historical; uncertain,low for contents; medium for currency,n/a
experiments/traqid_pretraining_v1/reports/traqid_eda/figures,directory,TRAQID,Generated report/evaluation tree (19 files; .png:19),see producing scripts in same family,contains generated artifacts,n/a,n/a,,active or historical; uncertain,low for contents; medium for currency,n/a
experiments/traqid_pretraining_v1/reports/traqid_eda/tables,directory,TRAQID,Generated report/evaluation tree (18 files; .csv:18),see producing scripts in same family,contains generated artifacts,n/a,n/a,,active or historical; uncertain,low for contents; medium for currency,n/a
experiments/traqid_pretraining_v1/reports/traqid_group_structure_analysis,directory,TRAQID,Generated report/evaluation tree (4 files; .csv:4),see producing scripts in same family,contains generated artifacts,n/a,n/a,,active or historical; uncertain,low for contents; medium for currency,n/a
experiments/traqid_pretraining_v1/notebooks/traqid_pm25_monthwise_plots.ipynb,ipynb,TRAQID,TRAQID PM2.5 Monthwise Plots,experiments/traqid_pretraining_v1/data/raw/traqid/TRAQID.csv\,/Users/aryansatyendrakumar/Projects/roadside-pm-visual-intelligence/experiments/traqid_pretraining_v1/data/raw/traqid/TRAQID.csv | experiments/traqid_pretraining_v1/figures/traqid_monthwise_pm25\,,,/Users/aryansatyendrakumar/Projects/roadside-pm-visual-intelligence/experiments/traqid_pretraining_v1/data/raw/traqid/TRAQID.csv,active or historical; uncertain,medium: inferred from static code and naming,ok
experiments/traqid_pretraining_v1/models/embedding_baselines/example_mean_PM25_raw_ridge_pca128_alpha100.joblib,model_artifact,TRAQID,Serialized trained model/checkpoint or preprocessing object; exact contents not deserialized during audit,,,,,,active or historical; uncertain,medium-high: inferred from filename/folder; producer often parameterized,n/a
experiments/traqid_pretraining_v1/models/paper_cnn_lstm/traqid_paper_resnet50_front_gap_traqid_paper_style_T7_front_sequence_manifest_split_random/best_paper_cnn_lstm_multitarget.pt,model_artifact,TRAQID,Serialized trained model/checkpoint or preprocessing object; exact contents not deserialized during audit,,,,,,active or historical; uncertain,medium-high: inferred from filename/folder; producer often parameterized,n/a
experiments/traqid_pretraining_v1/models/paper_cnn_lstm/traqid_paper_resnet50_front_rear_concat_gap_traqid_paper_style_T7_front_sequence_manifest_split_random/best_paper_cnn_lstm_multitarget.pt,model_artifact,TRAQID,Serialized trained model/checkpoint or preprocessing object; exact contents not deserialized during audit,,,,,,active or historical; uncertain,medium-high: inferred from filename/folder; producer often parameterized,n/a
experiments/traqid_pretraining_v1/models/paper_cnn_lstm/traqid_paper_resnet50_front_rear_mean_gap_traqid_paper_style_T7_front_sequence_manifest_split_random/best_paper_cnn_lstm_multitarget.pt,model_artifact,TRAQID,Serialized trained model/checkpoint or preprocessing object; exact contents not deserialized during audit,,,,,,active or historical; uncertain,medium-high: inferred from filename/folder; producer often parameterized,n/a
experiments/traqid_pretraining_v1/models/paper_cnn_lstm/traqid_paper_vgg16_front_gap_traqid_paper_style_T7_front_sequence_manifest_split_random/best_paper_cnn_lstm_multitarget.pt,model_artifact,TRAQID,Serialized trained model/checkpoint or preprocessing object; exact contents not deserialized during audit,,,,,,active or historical; uncertain,medium-high: inferred from filename/folder; producer often parameterized,n/a
experiments/traqid_pretraining_v1/models/paper_cnn_lstm_tabular_fusion/traqid_paper_resnet50_front_rear_concat_gap_traqid_paper_style_T2_front_sequence_manifest_split_random_tabular_fusion/best_paper_cnn_lstm_tabular_fusion.pt,model_artifact,TRAQID,Serialized trained model/checkpoint or preprocessing object; exact contents not deserialized during audit,,,,,,active or historical; uncertain,medium-high: inferred from filename/folder; producer often parameterized,n/a
experiments/traqid_pretraining_v1/models/paper_cnn_lstm_tabular_fusion/traqid_paper_resnet50_front_rear_concat_gap_traqid_paper_style_T3_front_sequence_manifest_split_random_tabular_fusion/best_paper_cnn_lstm_tabular_fusion.pt,model_artifact,TRAQID,Serialized trained model/checkpoint or preprocessing object; exact contents not deserialized during audit,,,,,,active or historical; uncertain,medium-high: inferred from filename/folder; producer often parameterized,n/a
experiments/traqid_pretraining_v1/models/paper_cnn_lstm_tabular_fusion/traqid_paper_resnet50_front_rear_concat_gap_traqid_paper_style_T4_front_sequence_manifest_split_random_tabular_fusion/best_paper_cnn_lstm_tabular_fusion.pt,model_artifact,TRAQID,Serialized trained model/checkpoint or preprocessing object; exact contents not deserialized during audit,,,,,,active or historical; uncertain,medium-high: inferred from filename/folder; producer often parameterized,n/a
experiments/traqid_pretraining_v1/models/paper_cnn_lstm_tabular_fusion/traqid_paper_resnet50_front_rear_concat_gap_traqid_paper_style_T5_front_sequence_manifest_split_random_tabular_fusion/best_paper_cnn_lstm_tabular_fusion.pt,model_artifact,TRAQID,Serialized trained model/checkpoint or preprocessing object; exact contents not deserialized during audit,,,,,,active or historical; uncertain,medium-high: inferred from filename/folder; producer often parameterized,n/a
experiments/traqid_pretraining_v1/models/paper_cnn_lstm_tabular_fusion/traqid_paper_resnet50_front_rear_concat_gap_traqid_paper_style_T6_front_sequence_manifest_split_random_tabular_fusion/best_paper_cnn_lstm_tabular_fusion.pt,model_artifact,TRAQID,Serialized trained model/checkpoint or preprocessing object; exact contents not deserialized during audit,,,,,,active or historical; uncertain,medium-high: inferred from filename/folder; producer often parameterized,n/a
experiments/traqid_pretraining_v1/models/paper_cnn_lstm_tabular_fusion/traqid_paper_resnet50_front_rear_concat_gap_traqid_paper_style_T7_front_sequence_manifest_split_chrono_date_tabular_fusion/best_paper_cnn_lstm_tabular_fusion.pt,model_artifact,TRAQID,Serialized trained model/checkpoint or preprocessing object; exact contents not deserialized during audit,,,,,,active or historical; uncertain,medium-high: inferred from filename/folder; producer often parameterized,n/a
experiments/traqid_pretraining_v1/models/paper_cnn_lstm_tabular_fusion/traqid_paper_resnet50_front_rear_concat_gap_traqid_paper_style_T7_front_sequence_manifest_split_random_tabular_fusion/best_paper_cnn_lstm_tabular_fusion.pt,model_artifact,TRAQID,Serialized trained model/checkpoint or preprocessing object; exact contents not deserialized during audit,,,,,,active or historical; uncertain,medium-high: inferred from filename/folder; producer often parameterized,n/a
experiments/traqid_pretraining_v1/models/paper_cnn_lstm_tabular_fusion/traqid_paper_resnet50_front_rear_concat_gap_traqid_paper_style_T7_front_sequence_manifest_split_twofold_tabular_fusion/best_paper_cnn_lstm_tabular_fusion.pt,model_artifact,TRAQID,Serialized trained model/checkpoint or preprocessing object; exact contents not deserialized during audit,,,,,,active or historical; uncertain,medium-high: inferred from filename/folder; producer often parameterized,n/a
experiments/traqid_pretraining_v1/models/paper_cnn_lstm_tabular_fusion/traqid_paper_resnet50_front_rear_concat_gap_traqid_paper_style_T7_front_sequence_manifest_twofold_swapped_split_twofold_swapped_tabular_fusion/best_paper_cnn_lstm_tabular_fusion.pt,model_artifact,TRAQID,Serialized trained model/checkpoint or preprocessing object; exact contents not deserialized during audit,,,,,,active or historical; uncertain,medium-high: inferred from filename/folder; producer often parameterized,n/a
experiments/traqid_pretraining_v1/models/paper_cnn_lstm_tabular_fusion/traqid_paper_resnet50_front_rear_concat_gap_traqid_paper_style_T8_front_sequence_manifest_split_random_tabular_fusion/best_paper_cnn_lstm_tabular_fusion.pt,model_artifact,TRAQID,Serialized trained model/checkpoint or preprocessing object; exact contents not deserialized during audit,,,,,,active or historical; uncertain,medium-high: inferred from filename/folder; producer often parameterized,n/a
experiments/traqid_pretraining_v1/models/paper_cnn_lstm_tabular_fusion/traqid_paper_resnet50_front_rear_concat_gap_traqid_paper_style_T9_front_sequence_manifest_split_random_tabular_fusion/best_paper_cnn_lstm_tabular_fusion.pt,model_artifact,TRAQID,Serialized trained model/checkpoint or preprocessing object; exact contents not deserialized during audit,,,,,,active or historical; uncertain,medium-high: inferred from filename/folder; producer often parameterized,n/a
experiments/traqid_pretraining_v1/models/paper_cnn_lstm_tabular_fusion_final80/traqid_paper_resnet50_front_rear_concat_gap_traqid_paper_style_T7_front_sequence_manifest_split_random_tabular_fusion/best_paper_cnn_lstm_tabular_fusion.pt,model_artifact,TRAQID,Serialized trained model/checkpoint or preprocessing object; exact contents not deserialized during audit,,,,,,active or historical; uncertain,medium-high: inferred from filename/folder; producer often parameterized,n/a
experiments/traqid_pretraining_v1/models/paper_cnn_lstm_tabular_fusion_purged_block/traqid_paper_resnet50_front_rear_concat_gap_traqid_paper_style_T7_front_sequence_manifest_purged_block_compatible_clean_split_date_chrono_tabular_fusion/best_paper_cnn_lstm_tabular_fusion.pt,model_artifact,TRAQID,Serialized trained model/checkpoint or preprocessing object; exact contents not deserialized during audit,,,,,,active or historical; uncertain,medium-high: inferred from filename/folder; producer often parameterized,n/a
experiments/traqid_pretraining_v1/models/paper_cnn_lstm_tabular_fusion_time_balanced_purged/traqid_paper_resnet50_front_rear_concat_gap_traqid_paper_style_T7_front_sequence_manifest_time_balanced_purged_split_time_balanced_purged_tabular_fusion/best_paper_cnn_lstm_tabular_fusion.pt,model_artifact,TRAQID,Serialized trained model/checkpoint or preprocessing object; exact contents not deserialized during audit,,,,,,current evidence,medium-high: inferred from filename/folder; producer often parameterized,n/a
experiments/traqid_pretraining_v1/models/paper_cnn_lstm_time_balanced_purged/traqid_paper_resnet50_front_rear_concat_gap_traqid_paper_style_T7_front_sequence_manifest_time_balanced_purged_split_time_balanced_purged/best_paper_cnn_lstm_multitarget.pt,model_artifact,TRAQID,Serialized trained model/checkpoint or preprocessing object; exact contents not deserialized during audit,,,,,,current evidence,medium-high: inferred from filename/folder; producer often parameterized,n/a
experiments/traqid_pretraining_v1/models/pm25_balanced_date_grouped_T7_gru_tabular_cv/fold_1/best_gru_tabular_fusion.pt,model_artifact,TRAQID,Serialized trained model/checkpoint or preprocessing object; exact contents not deserialized during audit,,,,,,active or historical; uncertain,medium-high: inferred from filename/folder; producer often parameterized,n/a
experiments/traqid_pretraining_v1/models/pm25_balanced_date_grouped_T7_gru_tabular_cv/fold_1/tabular_preprocessor.joblib,model_artifact,TRAQID,Serialized trained model/checkpoint or preprocessing object; exact contents not deserialized during audit,,,,,,active or historical; uncertain,medium-high: inferred from filename/folder; producer often parameterized,n/a
experiments/traqid_pretraining_v1/models/pm25_balanced_date_grouped_T7_gru_tabular_cv/fold_2/best_gru_tabular_fusion.pt,model_artifact,TRAQID,Serialized trained model/checkpoint or preprocessing object; exact contents not deserialized during audit,,,,,,active or historical; uncertain,medium-high: inferred from filename/folder; producer often parameterized,n/a
experiments/traqid_pretraining_v1/models/pm25_balanced_date_grouped_T7_gru_tabular_cv/fold_2/tabular_preprocessor.joblib,model_artifact,TRAQID,Serialized trained model/checkpoint or preprocessing object; exact contents not deserialized during audit,,,,,,active or historical; uncertain,medium-high: inferred from filename/folder; producer often parameterized,n/a
experiments/traqid_pretraining_v1/models/pm25_balanced_date_grouped_T7_gru_tabular_cv/fold_3/best_gru_tabular_fusion.pt,model_artifact,TRAQID,Serialized trained model/checkpoint or preprocessing object; exact contents not deserialized during audit,,,,,,active or historical; uncertain,medium-high: inferred from filename/folder; producer often parameterized,n/a
experiments/traqid_pretraining_v1/models/pm25_balanced_date_grouped_T7_gru_tabular_cv/fold_3/tabular_preprocessor.joblib,model_artifact,TRAQID,Serialized trained model/checkpoint or preprocessing object; exact contents not deserialized during audit,,,,,,active or historical; uncertain,medium-high: inferred from filename/folder; producer often parameterized,n/a
experiments/traqid_pretraining_v1/models/pm25_balanced_date_grouped_T7_gru_tabular_cv/fold_4/best_gru_tabular_fusion.pt,model_artifact,TRAQID,Serialized trained model/checkpoint or preprocessing object; exact contents not deserialized during audit,,,,,,active or historical; uncertain,medium-high: inferred from filename/folder; producer often parameterized,n/a
experiments/traqid_pretraining_v1/models/pm25_balanced_date_grouped_T7_gru_tabular_cv/fold_4/tabular_preprocessor.joblib,model_artifact,TRAQID,Serialized trained model/checkpoint or preprocessing object; exact contents not deserialized during audit,,,,,,active or historical; uncertain,medium-high: inferred from filename/folder; producer often parameterized,n/a
experiments/traqid_pretraining_v1/models/pm25_balanced_date_grouped_T7_gru_tabular_cv/fold_5/best_gru_tabular_fusion.pt,model_artifact,TRAQID,Serialized trained model/checkpoint or preprocessing object; exact contents not deserialized during audit,,,,,,active or historical; uncertain,medium-high: inferred from filename/folder; producer often parameterized,n/a
experiments/traqid_pretraining_v1/models/pm25_balanced_date_grouped_T7_gru_tabular_cv/fold_5/tabular_preprocessor.joblib,model_artifact,TRAQID,Serialized trained model/checkpoint or preprocessing object; exact contents not deserialized during audit,,,,,,active or historical; uncertain,medium-high: inferred from filename/folder; producer often parameterized,n/a
experiments/traqid_pretraining_v1/models/supervised_cnn_pm25/best_mobilenetv2_front_PM2_5.pt,model_artifact,TRAQID,Serialized trained model/checkpoint or preprocessing object; exact contents not deserialized during audit,,,,,,active or historical; uncertain,medium-high: inferred from filename/folder; producer often parameterized,n/a
experiments/traqid_pretraining_v1/models/supervised_cnn_pm25/best_mobilenetv2_rear_PM2_5.pt,model_artifact,TRAQID,Serialized trained model/checkpoint or preprocessing object; exact contents not deserialized during audit,,,,,,active or historical; uncertain,medium-high: inferred from filename/folder; producer often parameterized,n/a
experiments/traqid_pretraining_v1/models/supervised_cnn_pm25_random_front/best_mobilenetv2_front_PM2_5.pt,model_artifact,TRAQID,Serialized trained model/checkpoint or preprocessing object; exact contents not deserialized during audit,,,,,,active or historical; uncertain,medium-high: inferred from filename/folder; producer often parameterized,n/a
experiments/traqid_pretraining_v1/models/supervised_cnn_pm25_random_rear/best_mobilenetv2_rear_PM2_5.pt,model_artifact,TRAQID,Serialized trained model/checkpoint or preprocessing object; exact contents not deserialized during audit,,,,,,active or historical; uncertain,medium-high: inferred from filename/folder; producer often parameterized,n/a
experiments/traqid_pretraining_v1/models/t7_embedding_gru/best_t7_embedding_gru.pt,model_artifact,TRAQID,Serialized trained model/checkpoint or preprocessing object; exact contents not deserialized during audit,,,,,,active or historical; uncertain,medium-high: inferred from filename/folder; producer often parameterized,n/a
experiments/traqid_pretraining_v1/models/t7_embedding_gru_purged_block/best_t7_embedding_gru.pt,model_artifact,TRAQID,Serialized trained model/checkpoint or preprocessing object; exact contents not deserialized during audit,,,,,,active or historical; uncertain,medium-high: inferred from filename/folder; producer often parameterized,n/a
experiments/traqid_pretraining_v1/models/t7_embedding_gru_random_debug/best_t7_embedding_gru.pt,model_artifact,TRAQID,Serialized trained model/checkpoint or preprocessing object; exact contents not deserialized during audit,,,,,,active or historical; uncertain,medium-high: inferred from filename/folder; producer often parameterized,n/a
experiments/traqid_pretraining_v1/models/t7_gru_tabular_fusion_date_safe/best_t7_gru_tabular_fusion.pt,model_artifact,TRAQID,Serialized trained model/checkpoint or preprocessing object; exact contents not deserialized during audit,,,,,,active or historical; uncertain,medium-high: inferred from filename/folder; producer often parameterized,n/a
experiments/traqid_pretraining_v1/models/t7_gru_tabular_fusion_date_safe_clipped/best_t7_gru_tabular_fusion.pt,model_artifact,TRAQID,Serialized trained model/checkpoint or preprocessing object; exact contents not deserialized during audit,,,,,,active or historical; uncertain,medium-high: inferred from filename/folder; producer often parameterized,n/a
experiments/traqid_pretraining_v1/models/t7_supervised_front_gru_purged_block/best_t7_embedding_gru.pt,model_artifact,TRAQID,Serialized trained model/checkpoint or preprocessing object; exact contents not deserialized during audit,,,,,,active or historical; uncertain,medium-high: inferred from filename/folder; producer often parameterized,n/a
experiments/traqid_pretraining_v1/models/t7_supervised_front_rear_concat_gru_purged_block/best_t7_embedding_gru.pt,model_artifact,TRAQID,Serialized trained model/checkpoint or preprocessing object; exact contents not deserialized during audit,,,,,,active or historical; uncertain,medium-high: inferred from filename/folder; producer often parameterized,n/a
experiments/traqid_pretraining_v1/models/t7_supervised_front_rear_mean_gru_purged_block/best_t7_embedding_gru.pt,model_artifact,TRAQID,Serialized trained model/checkpoint or preprocessing object; exact contents not deserialized during audit,,,,,,active or historical; uncertain,medium-high: inferred from filename/folder; producer often parameterized,n/a
experiments/traqid_pretraining_v1/models/t7_supervised_front_rear_mean_gru_tabular_fusion_purged_block/best_t7_gru_tabular_fusion.pt,model_artifact,TRAQID,Serialized trained model/checkpoint or preprocessing object; exact contents not deserialized during audit,,,,,,active or historical; uncertain,medium-high: inferred from filename/folder; producer often parameterized,n/a
experiments/traqid_pretraining_v1/models/t7_supervised_rear_gru_purged_block/best_t7_embedding_gru.pt,model_artifact,TRAQID,Serialized trained model/checkpoint or preprocessing object; exact contents not deserialized during audit,,,,,,active or historical; uncertain,medium-high: inferred from filename/folder; producer often parameterized,n/a
experiments/traqid_pretraining_v1/reports/pm25_balanced_date_grouped_yolo_road_tabular_cv/fold_1/extra_trees.joblib,model_artifact,TRAQID,Serialized trained model/checkpoint or preprocessing object; exact contents not deserialized during audit,,,,,,active or historical; uncertain,medium-high: inferred from filename/folder; producer often parameterized,n/a
experiments/traqid_pretraining_v1/reports/pm25_balanced_date_grouped_yolo_road_tabular_cv/fold_1/extra_trees_conservative.joblib,model_artifact,TRAQID,Serialized trained model/checkpoint or preprocessing object; exact contents not deserialized during audit,,,,,,active or historical; uncertain,medium-high: inferred from filename/folder; producer often parameterized,n/a
experiments/traqid_pretraining_v1/reports/pm25_balanced_date_grouped_yolo_road_tabular_cv/fold_1/hgb.joblib,model_artifact,TRAQID,Serialized trained model/checkpoint or preprocessing object; exact contents not deserialized during audit,,,,,,active or historical; uncertain,medium-high: inferred from filename/folder; producer often parameterized,n/a
experiments/traqid_pretraining_v1/reports/pm25_balanced_date_grouped_yolo_road_tabular_cv/fold_1/preprocessor.joblib,model_artifact,TRAQID,Serialized trained model/checkpoint or preprocessing object; exact contents not deserialized during audit,,,,,,active or historical; uncertain,medium-high: inferred from filename/folder; producer often parameterized,n/a
experiments/traqid_pretraining_v1/reports/pm25_balanced_date_grouped_yolo_road_tabular_cv/fold_1/random_forest.joblib,model_artifact,TRAQID,Serialized trained model/checkpoint or preprocessing object; exact contents not deserialized during audit,,,,,,active or historical; uncertain,medium-high: inferred from filename/folder; producer often parameterized,n/a
experiments/traqid_pretraining_v1/reports/pm25_balanced_date_grouped_yolo_road_tabular_cv/fold_1/ridge.joblib,model_artifact,TRAQID,Serialized trained model/checkpoint or preprocessing object; exact contents not deserialized during audit,,,,,,active or historical; uncertain,medium-high: inferred from filename/folder; producer often parameterized,n/a
experiments/traqid_pretraining_v1/reports/pm25_balanced_date_grouped_yolo_road_tabular_cv/fold_2/extra_trees.joblib,model_artifact,TRAQID,Serialized trained model/checkpoint or preprocessing object; exact contents not deserialized during audit,,,,,,active or historical; uncertain,medium-high: inferred from filename/folder; producer often parameterized,n/a
experiments/traqid_pretraining_v1/reports/pm25_balanced_date_grouped_yolo_road_tabular_cv/fold_2/extra_trees_conservative.joblib,model_artifact,TRAQID,Serialized trained model/checkpoint or preprocessing object; exact contents not deserialized during audit,,,,,,active or historical; uncertain,medium-high: inferred from filename/folder; producer often parameterized,n/a
experiments/traqid_pretraining_v1/reports/pm25_balanced_date_grouped_yolo_road_tabular_cv/fold_2/hgb.joblib,model_artifact,TRAQID,Serialized trained model/checkpoint or preprocessing object; exact contents not deserialized during audit,,,,,,active or historical; uncertain,medium-high: inferred from filename/folder; producer often parameterized,n/a
experiments/traqid_pretraining_v1/reports/pm25_balanced_date_grouped_yolo_road_tabular_cv/fold_2/preprocessor.joblib,model_artifact,TRAQID,Serialized trained model/checkpoint or preprocessing object; exact contents not deserialized during audit,,,,,,active or historical; uncertain,medium-high: inferred from filename/folder; producer often parameterized,n/a
experiments/traqid_pretraining_v1/reports/pm25_balanced_date_grouped_yolo_road_tabular_cv/fold_2/random_forest.joblib,model_artifact,TRAQID,Serialized trained model/checkpoint or preprocessing object; exact contents not deserialized during audit,,,,,,active or historical; uncertain,medium-high: inferred from filename/folder; producer often parameterized,n/a
experiments/traqid_pretraining_v1/reports/pm25_balanced_date_grouped_yolo_road_tabular_cv/fold_2/ridge.joblib,model_artifact,TRAQID,Serialized trained model/checkpoint or preprocessing object; exact contents not deserialized during audit,,,,,,active or historical; uncertain,medium-high: inferred from filename/folder; producer often parameterized,n/a
experiments/traqid_pretraining_v1/reports/pm25_balanced_date_grouped_yolo_road_tabular_cv/fold_3/extra_trees.joblib,model_artifact,TRAQID,Serialized trained model/checkpoint or preprocessing object; exact contents not deserialized during audit,,,,,,active or historical; uncertain,medium-high: inferred from filename/folder; producer often parameterized,n/a
experiments/traqid_pretraining_v1/reports/pm25_balanced_date_grouped_yolo_road_tabular_cv/fold_3/extra_trees_conservative.joblib,model_artifact,TRAQID,Serialized trained model/checkpoint or preprocessing object; exact contents not deserialized during audit,,,,,,active or historical; uncertain,medium-high: inferred from filename/folder; producer often parameterized,n/a
experiments/traqid_pretraining_v1/reports/pm25_balanced_date_grouped_yolo_road_tabular_cv/fold_3/hgb.joblib,model_artifact,TRAQID,Serialized trained model/checkpoint or preprocessing object; exact contents not deserialized during audit,,,,,,active or historical; uncertain,medium-high: inferred from filename/folder; producer often parameterized,n/a
experiments/traqid_pretraining_v1/reports/pm25_balanced_date_grouped_yolo_road_tabular_cv/fold_3/preprocessor.joblib,model_artifact,TRAQID,Serialized trained model/checkpoint or preprocessing object; exact contents not deserialized during audit,,,,,,active or historical; uncertain,medium-high: inferred from filename/folder; producer often parameterized,n/a
experiments/traqid_pretraining_v1/reports/pm25_balanced_date_grouped_yolo_road_tabular_cv/fold_3/random_forest.joblib,model_artifact,TRAQID,Serialized trained model/checkpoint or preprocessing object; exact contents not deserialized during audit,,,,,,active or historical; uncertain,medium-high: inferred from filename/folder; producer often parameterized,n/a
experiments/traqid_pretraining_v1/reports/pm25_balanced_date_grouped_yolo_road_tabular_cv/fold_3/ridge.joblib,model_artifact,TRAQID,Serialized trained model/checkpoint or preprocessing object; exact contents not deserialized during audit,,,,,,active or historical; uncertain,medium-high: inferred from filename/folder; producer often parameterized,n/a
experiments/traqid_pretraining_v1/reports/pm25_balanced_date_grouped_yolo_road_tabular_cv/fold_4/extra_trees.joblib,model_artifact,TRAQID,Serialized trained model/checkpoint or preprocessing object; exact contents not deserialized during audit,,,,,,active or historical; uncertain,medium-high: inferred from filename/folder; producer often parameterized,n/a
experiments/traqid_pretraining_v1/reports/pm25_balanced_date_grouped_yolo_road_tabular_cv/fold_4/extra_trees_conservative.joblib,model_artifact,TRAQID,Serialized trained model/checkpoint or preprocessing object; exact contents not deserialized during audit,,,,,,active or historical; uncertain,medium-high: inferred from filename/folder; producer often parameterized,n/a
experiments/traqid_pretraining_v1/reports/pm25_balanced_date_grouped_yolo_road_tabular_cv/fold_4/hgb.joblib,model_artifact,TRAQID,Serialized trained model/checkpoint or preprocessing object; exact contents not deserialized during audit,,,,,,active or historical; uncertain,medium-high: inferred from filename/folder; producer often parameterized,n/a
experiments/traqid_pretraining_v1/reports/pm25_balanced_date_grouped_yolo_road_tabular_cv/fold_4/preprocessor.joblib,model_artifact,TRAQID,Serialized trained model/checkpoint or preprocessing object; exact contents not deserialized during audit,,,,,,active or historical; uncertain,medium-high: inferred from filename/folder; producer often parameterized,n/a
experiments/traqid_pretraining_v1/reports/pm25_balanced_date_grouped_yolo_road_tabular_cv/fold_4/random_forest.joblib,model_artifact,TRAQID,Serialized trained model/checkpoint or preprocessing object; exact contents not deserialized during audit,,,,,,active or historical; uncertain,medium-high: inferred from filename/folder; producer often parameterized,n/a
experiments/traqid_pretraining_v1/reports/pm25_balanced_date_grouped_yolo_road_tabular_cv/fold_4/ridge.joblib,model_artifact,TRAQID,Serialized trained model/checkpoint or preprocessing object; exact contents not deserialized during audit,,,,,,active or historical; uncertain,medium-high: inferred from filename/folder; producer often parameterized,n/a
experiments/traqid_pretraining_v1/reports/pm25_balanced_date_grouped_yolo_road_tabular_cv/fold_5/extra_trees.joblib,model_artifact,TRAQID,Serialized trained model/checkpoint or preprocessing object; exact contents not deserialized during audit,,,,,,active or historical; uncertain,medium-high: inferred from filename/folder; producer often parameterized,n/a
experiments/traqid_pretraining_v1/reports/pm25_balanced_date_grouped_yolo_road_tabular_cv/fold_5/extra_trees_conservative.joblib,model_artifact,TRAQID,Serialized trained model/checkpoint or preprocessing object; exact contents not deserialized during audit,,,,,,active or historical; uncertain,medium-high: inferred from filename/folder; producer often parameterized,n/a
experiments/traqid_pretraining_v1/reports/pm25_balanced_date_grouped_yolo_road_tabular_cv/fold_5/hgb.joblib,model_artifact,TRAQID,Serialized trained model/checkpoint or preprocessing object; exact contents not deserialized during audit,,,,,,active or historical; uncertain,medium-high: inferred from filename/folder; producer often parameterized,n/a
experiments/traqid_pretraining_v1/reports/pm25_balanced_date_grouped_yolo_road_tabular_cv/fold_5/preprocessor.joblib,model_artifact,TRAQID,Serialized trained model/checkpoint or preprocessing object; exact contents not deserialized during audit,,,,,,active or historical; uncertain,medium-high: inferred from filename/folder; producer often parameterized,n/a
experiments/traqid_pretraining_v1/reports/pm25_balanced_date_grouped_yolo_road_tabular_cv/fold_5/random_forest.joblib,model_artifact,TRAQID,Serialized trained model/checkpoint or preprocessing object; exact contents not deserialized during audit,,,,,,active or historical; uncertain,medium-high: inferred from filename/folder; producer often parameterized,n/a
experiments/traqid_pretraining_v1/reports/pm25_balanced_date_grouped_yolo_road_tabular_cv/fold_5/ridge.joblib,model_artifact,TRAQID,Serialized trained model/checkpoint or preprocessing object; exact contents not deserialized during audit,,,,,,active or historical; uncertain,medium-high: inferred from filename/folder; producer often parameterized,n/a
experiments/traqid_pretraining_v1/pipeline_validation/scripts/01_sanity_report.py,py,TRAQID,01 sanity report,,experiments/traqid_pretraining_v1/data/processed/traqid_paired_manifest_with_splits.csv | experiments/traqid_pretraining_v1/pipeline_validation/reports,pathlib | pandas,,,validation branch,medium: inferred from static code and naming,ok
experiments/traqid_pretraining_v1/pipeline_validation/scripts/02_tabular_baselines.py,py,TRAQID,02 tabular baselines,,experiments/traqid_pretraining_v1/data/processed/traqid_paired_manifest_with_splits.csv | experiments/traqid_pretraining_v1/pipeline_validation/reports,pathlib | numpy | pandas | sklearn.compose | sklearn.preprocessing | sklearn.pipeline | sklearn.metrics | sklearn.ensemble | sklearn.linear_model | scipy.stats,,,validation branch,medium: inferred from static code and naming,ok
experiments/traqid_pretraining_v1/pipeline_validation/scripts/02b_split_diagnostics.py,py,TRAQID,02b split diagnostics,,experiments/traqid_pretraining_v1/data/processed/traqid_paired_manifest_with_splits.csv | experiments/traqid_pretraining_v1/pipeline_validation/reports,pathlib | pandas,,,validation branch,medium: inferred from static code and naming,ok
experiments/traqid_pretraining_v1/pipeline_validation/scripts/03_random_split_tabular_baselines.py,py,TRAQID,03 random split tabular baselines,,experiments/traqid_pretraining_v1/data/processed/traqid_paired_manifest_with_splits.csv | experiments/traqid_pretraining_v1/pipeline_validation/reports,pathlib | numpy | pandas | sklearn.compose | sklearn.preprocessing | sklearn.pipeline | sklearn.metrics | sklearn.ensemble | sklearn.linear_model | sklearn.model_selection | scipy.stats,,,validation branch,medium: inferred from static code and naming,ok
experiments/traqid_pretraining_v1/pipeline_validation/scripts/04_embedding_baselines.py,py,TRAQID,04 embedding baselines,experiments/traqid_pretraining_v1/data/processed/traqid_paired_manifest_with_splits.csv,experiments/traqid_pretraining_v1/embeddings | experiments/traqid_pretraining_v1/pipeline_validation/reports,pathlib | numpy | pandas | sklearn.decomposition | sklearn.preprocessing | sklearn.compose | sklearn.pipeline | sklearn.linear_model | sklearn.ensemble | sklearn.metrics | scipy.stats | sklearn.model_selection,,,validation branch,medium: inferred from static code and naming,ok
experiments/traqid_pretraining_v1/pipeline_validation/scripts/05_extract_yolo_vehicle_features.py,py,TRAQID,05 extract yolo vehicle features,experiments/traqid_pretraining_v1/data/processed/traqid_paired_manifest_with_splits.csv,models/detectors/yolo11m_idd15_v1_best.pt | experiments/traqid_pretraining_v1/pipeline_validation/outputs,pathlib | argparse | pandas | tqdm | ultralytics,,,validation branch,medium: inferred from static code and naming,ok
experiments/traqid_pretraining_v1/pipeline_validation/scripts/06_vehicle_feature_baselines.py,py,TRAQID,06 vehicle feature baselines,,experiments/traqid_pretraining_v1/pipeline_validation/outputs/traqid_yolo_vehicle_features_front.csv | experiments/traqid_pretraining_v1/pipeline_validation/reports,pathlib | numpy | pandas | sklearn.compose | sklearn.preprocessing | sklearn.pipeline | sklearn.metrics | sklearn.ensemble | sklearn.linear_model | sklearn.model_selection | scipy.stats,,,validation branch,medium: inferred from static code and naming,ok
experiments/traqid_pretraining_v1/pipeline_validation/scripts/07_full_fusion_baselines.py,py,TRAQID,07 full fusion baselines,,experiments/traqid_pretraining_v1/pipeline_validation/outputs/traqid_yolo_vehicle_features_front.csv | experiments/traqid_pretraining_v1/embeddings | experiments/traqid_pretraining_v1/pipeline_validation/reports,pathlib | argparse | time | numpy | pandas | sklearn.preprocessing | sklearn.decomposition | sklearn.metrics | sklearn.ensemble | sklearn.linear_model | sklearn.model_selection | scipy.stats,,,validation branch,medium: inferred from static code and naming,ok
experiments/traqid_pretraining_v1/pipeline_validation/scripts/08_make_validation_summary.py,py,TRAQID,08 make validation summary,,experiments/traqid_pretraining_v1/pipeline_validation/reports,pathlib | pandas,,,validation branch,medium: inferred from static code and naming,ok
experiments/traqid_pretraining_v1/pipeline_validation/scripts/09_build_traqid_road_manifest.py,py,TRAQID,09 build traqid road manifest,,experiments/traqid_pretraining_v1/data/processed/traqid_paired_manifest_with_splits.csv | experiments/traqid_pretraining_v1/pipeline_validation/outputs,pathlib | pandas,,,validation branch,medium: inferred from static code and naming,ok
experiments/traqid_pretraining_v1/pipeline_validation/scripts/11_vehicle_engineered_models.py,py,TRAQID,11 vehicle engineered models,,experiments/traqid_pretraining_v1/pipeline_validation/outputs/traqid_yolo_vehicle_features_front.csv | experiments/traqid_pretraining_v1/pipeline_validation/reports,pathlib | time | numpy | pandas | sklearn.model_selection | sklearn.preprocessing | sklearn.metrics | sklearn.ensemble | sklearn.linear_model | scipy.stats,,,validation branch,medium: inferred from static code and naming,ok
experiments/traqid_pretraining_v1/pipeline_validation/scripts/12_best_fair_traqid_model.py,py,TRAQID,12 best fair traqid model,,experiments/traqid_pretraining_v1/pipeline_validation/outputs/traqid_yolo_vehicle_features_front.csv | experiments/traqid_pretraining_v1/embeddings/traqid_mobilenetv2_torch_front_rear_concat_embeddings.npy | experiments/traqid_pretraining_v1/pipeline_validation/reports,pathlib | time | numpy | pandas | sklearn.model_selection | sklearn.preprocessing | sklearn.decomposition | sklearn.metrics | sklearn.ensemble | sklearn.linear_model | scipy.stats,,,validation branch,medium: inferred from static code and naming,ok
experiments/traqid_pretraining_v1/pipeline_validation/scripts/13_random_only_best_models.py,py,TRAQID,13 random only best models,,experiments/traqid_pretraining_v1/pipeline_validation/outputs/traqid_yolo_vehicle_features_front.csv | experiments/traqid_pretraining_v1/embeddings/traqid_mobilenetv2_torch_front_rear_concat_embeddings.npy | experiments/traqid_pretraining_v1/pipeline_validation/reports,pathlib | time | numpy | pandas | sklearn.model_selection | sklearn.preprocessing | sklearn.decomposition | sklearn.metrics | sklearn.ensemble | sklearn.linear_model | scipy.stats,,,validation branch,medium: inferred from static code and naming,ok
experiments/traqid_pretraining_v1/pipeline_validation/scripts/14_fair_model_with_road_dust_score.py,py,TRAQID,14 fair model with road dust score,,experiments/traqid_pretraining_v1/pipeline_validation/outputs/traqid_yolo_vehicle_features_front.csv | experiments/traqid_pretraining_v1/pipeline_validation/outputs/traqid_road_features_front.csv | experiments/traqid_pretraining_v1/embeddings/traqid_mobilenetv2_torch_front_rear_concat_embeddings.npy | experiments/traqid_pretraining_v1/pipeline_validation/reports,pathlib | time | numpy | pandas | sklearn.model_selection | sklearn.preprocessing | sklearn.decomposition | sklearn.metrics | sklearn.ensemble | sklearn.linear_model | scipy.stats,,,validation branch,medium: inferred from static code and naming,ok
experiments/traqid_pretraining_v1/pipeline_validation/scripts/15_fair_model_with_road_dust_resnet50.py,py,TRAQID,15 fair model with road dust resnet50,,experiments/traqid_pretraining_v1/pipeline_validation/outputs/traqid_yolo_vehicle_features_front.csv | experiments/traqid_pretraining_v1/pipeline_validation/outputs/traqid_road_features_front.csv | experiments/traqid_pretraining_v1/embeddings/paper_style_cnn/traqid_paper_resnet50_front_rear_concat_gap_features.npy | experiments/traqid_pretraining_v1/pipeline_validation/reports,pathlib | time | numpy | pandas | sklearn.model_selection | sklearn.preprocessing | sklearn.decomposition | sklearn.metrics | sklearn.ensemble | sklearn.linear_model | scipy.stats,,,validation branch,medium: inferred from static code and naming,ok
experiments/traqid_pretraining_v1/pipeline_validation/scripts/16_analyse_fair_road_resnet50_results.py,py,TRAQID,16 analyse fair road resnet50 results,,experiments/traqid_pretraining_v1/pipeline_validation/outputs/traqid_yolo_vehicle_features_front.csv | experiments/traqid_pretraining_v1/pipeline_validation/outputs/traqid_road_features_front.csv | experiments/traqid_pretraining_v1/embeddings/paper_style_cnn/traqid_paper_resnet50_front_rear_concat_gap_features.npy | experiments/traqid_pretraining_v1/pipeline_validation/reports | experiments/traqid_pretraining_v1/pipeline_validation/figures/fair_road_resnet50_analysis,pathlib | numpy | pandas | matplotlib.pyplot | sklearn.model_selection | sklearn.preprocessing | sklearn.decomposition | sklearn.metrics | sklearn.ensemble | scipy.stats,,,validation branch,medium: inferred from static code and naming,ok
experiments/traqid_pretraining_v1/pipeline_validation/scripts/17_residual_fusion_analysis.py,py,TRAQID,17 residual fusion analysis,,experiments/traqid_pretraining_v1/pipeline_validation/outputs/traqid_yolo_vehicle_features_front.csv | experiments/traqid_pretraining_v1/pipeline_validation/outputs/traqid_road_features_front.csv | experiments/traqid_pretraining_v1/embeddings/paper_style_cnn/traqid_paper_resnet50_front_rear_concat_gap_features.npy | experiments/traqid_pretraining_v1/pipeline_validation/reports,pathlib | numpy | pandas | sklearn.model_selection | sklearn.preprocessing | sklearn.decomposition | sklearn.metrics | sklearn.ensemble | scipy.stats,,,validation branch,medium: inferred from static code and naming,ok
experiments/traqid_pretraining_v1/pipeline_validation/scripts/19_extract_advanced_yolo_features.py,py,TRAQID,19 extract advanced yolo features,experiments/traqid_pretraining_v1/data/processed/traqid_paired_manifest_with_splits.csv,models/detectors/yolo11m_idd15_v1_best.pt | experiments/traqid_pretraining_v1/pipeline_validation/outputs/traqid_yolo_advanced_features_front.csv,pathlib | argparse | time | numpy | pandas | PIL | ultralytics,,,validation branch,medium: inferred from static code and naming,ok
experiments/traqid_pretraining_v1/pipeline_validation/scripts/20_train_advanced_yolo_feature_models.py,py,TRAQID,20 train advanced yolo feature models,,experiments/traqid_pretraining_v1/pipeline_validation/outputs/traqid_yolo_advanced_features_front.csv | experiments/traqid_pretraining_v1/pipeline_validation/reports,pathlib | time | numpy | pandas | sklearn.model_selection | sklearn.preprocessing | sklearn.metrics | sklearn.ensemble | sklearn.linear_model | scipy.stats,,,validation branch,medium: inferred from static code and naming,ok
experiments/traqid_pretraining_v1/pipeline_validation/scripts/21_selected_advanced_yolo_fusion.py,py,TRAQID,21 selected advanced yolo fusion,,experiments/traqid_pretraining_v1/pipeline_validation/outputs/traqid_yolo_advanced_features_front.csv | experiments/traqid_pretraining_v1/pipeline_validation/reports,pathlib | time | warnings | numpy | pandas | scipy.stats | sklearn.base | sklearn.model_selection | sklearn.preprocessing | sklearn.metrics | sklearn.ensemble | sklearn.linear_model,,,validation branch,medium: inferred from static code and naming,ok
experiments/traqid_pretraining_v1/pipeline_validation/scripts/23_image_dominant_feature_models.py,py,TRAQID,23 image dominant feature models,,experiments/traqid_pretraining_v1/pipeline_validation/outputs/traqid_yolo_advanced_features_front.csv | experiments/traqid_pretraining_v1/pipeline_validation/outputs/traqid_road_features_front.csv | experiments/traqid_pretraining_v1/embeddings/paper_style_cnn/traqid_paper_resnet50_front_rear_concat_gap_features.npy | experiments/traqid_pretraining_v1/embeddings/paper_style_cnn/traqid_paper_resnet50_front_gap_index.csv | experiments/traqid_pretraining_v1/pipeline_validation/reports,pathlib | time | warnings | numpy | pandas | sklearn.model_selection | sklearn.preprocessing | sklearn.decomposition | sklearn.metrics | sklearn.ensemble | sklearn.linear_model | scipy.stats,,,validation branch,medium: inferred from static code and naming,ok
experiments/traqid_pretraining_v1/pipeline_validation/scripts/24_final_traqid_summary_table.py,py,TRAQID,24 final traqid summary table,,experiments/traqid_pretraining_v1/pipeline_validation/reports,pathlib | pandas | numpy,,,validation branch,medium: inferred from static code and naming,ok
experiments/traqid_pretraining_v1/pipeline_validation/scripts/25_image_dominant_purged_block_split.py,py,TRAQID,25 image dominant purged block split,,experiments/traqid_pretraining_v1/pipeline_validation/outputs/traqid_yolo_advanced_features_front.csv | experiments/traqid_pretraining_v1/pipeline_validation/outputs/traqid_road_features_front.csv | experiments/traqid_pretraining_v1/embeddings/paper_style_cnn/traqid_paper_resnet50_front_rear_concat_gap_features.npy | experiments/traqid_pretraining_v1/embeddings/paper_style_cnn/traqid_paper_resnet50_front_gap_index.csv | experiments/traqid_pretraining_v1/pipeline_validation/reports,pathlib | time | warnings | numpy | pandas | sklearn.preprocessing | sklearn.decomposition | sklearn.metrics | sklearn.ensemble | sklearn.linear_model | scipy.stats,,,validation branch,medium: inferred from static code and naming,ok
experiments/traqid_pretraining_v1/pipeline_validation/scripts/26_multifold_purged_date_block_validation.py,py,TRAQID,26 multifold purged date block validation,,experiments/traqid_pretraining_v1/pipeline_validation/outputs/traqid_yolo_advanced_features_front.csv | experiments/traqid_pretraining_v1/pipeline_validation/outputs/traqid_road_features_front.csv | experiments/traqid_pretraining_v1/embeddings/paper_style_cnn/traqid_paper_resnet50_front_rear_concat_gap_features.npy | experiments/traqid_pretraining_v1/embeddings/paper_style_cnn/traqid_paper_resnet50_front_gap_index.csv | experiments/traqid_pretraining_v1/pipeline_validation/reports,pathlib | time | warnings | numpy | pandas | sklearn.preprocessing | sklearn.decomposition | sklearn.metrics | sklearn.ensemble | scipy.stats,,,validation branch,medium: inferred from static code and naming,ok
experiments/traqid_pretraining_v1/pipeline_validation/scripts/27_lag_assisted_purged_forecasting_traqid.py,py,TRAQID,27 lag assisted purged forecasting traqid,,experiments/traqid_pretraining_v1/pipeline_validation/outputs/traqid_yolo_advanced_features_front.csv | experiments/traqid_pretraining_v1/pipeline_validation/outputs/traqid_road_features_front.csv | experiments/traqid_pretraining_v1/embeddings/paper_style_cnn/traqid_paper_resnet50_front_rear_concat_gap_features.npy | experiments/traqid_pretraining_v1/embeddings/paper_style_cnn/traqid_paper_resnet50_front_gap_index.csv | experiments/traqid_pretraining_v1/pipeline_validation/reports,pathlib | time | warnings | numpy | pandas | sklearn.preprocessing | sklearn.decomposition | sklearn.metrics | sklearn.ensemble | sklearn.linear_model | scipy.stats,,,validation branch,medium: inferred from static code and naming,ok
experiments/traqid_pretraining_v1/scripts/01_audit_traqid_full.py,py,TRAQID,01 audit traqid full,,experiments/traqid_pretraining_v1/data/raw | experiments/traqid_pretraining_v1/reports,__future__ | argparse | json | re | pathlib | pandas,,,active or historical; uncertain,medium: inferred from static code and naming,ok
experiments/traqid_pretraining_v1/scripts/01_traqid_sanity_report.py,py,TRAQID,01 traqid sanity report,,experiments/traqid_pretraining_v1/data/processed/traqid_paired_manifest_with_splits.csv | experiments/traqid_pretraining_v1/reports/pipeline_validation,pathlib | pandas,,,active or historical; uncertain,medium: inferred from static code and naming,ok
experiments/traqid_pretraining_v1/scripts/02_build_traqid_paired_manifest.py,py,TRAQID,02 build traqid paired manifest,experiments/traqid_pretraining_v1/data/raw,experiments/traqid_pretraining_v1/data/processed | experiments/traqid_pretraining_v1/reports,__future__ | argparse | json | re | pathlib | pandas,,,active or historical; uncertain,medium: inferred from static code and naming,ok
experiments/traqid_pretraining_v1/scripts/03_eda_traqid_paired_manifest.py,py,TRAQID,03 eda traqid paired manifest,,experiments/traqid_pretraining_v1/data/processed/traqid_paired_manifest.csv | experiments/traqid_pretraining_v1/reports | experiments/traqid_pretraining_v1/figures,__future__ | argparse | pathlib | matplotlib.pyplot | pandas,,,active or historical; uncertain,medium: inferred from static code and naming,ok
experiments/traqid_pretraining_v1/scripts/04_create_traqid_splits.py,py,TRAQID,04 create traqid splits,experiments/traqid_pretraining_v1/data/processed/traqid_paired_manifest.csv | experiments/traqid_pretraining_v1/data/processed,experiments/traqid_pretraining_v1/reports,__future__ | argparse | json | pathlib | pandas,experiments/traqid_pretraining_v1/scripts/09_train_traqid_supervised_cnn_pm25.py,,active or historical; uncertain,low-medium,ok
experiments/traqid_pretraining_v1/scripts/05_train_traqid_T7_multimodal_rnn_no_pm_inputs.py,py,TRAQID,05 train traqid T7 multimodal rnn no pm inputs,,,argparse | json | pathlib | numpy | pandas | torch | torch.utils.data | sklearn.metrics | sklearn.preprocessing,,,active or historical; uncertain,medium: inferred from static code and naming,ok
experiments/traqid_pretraining_v1/scripts/05_train_traqid_tabular_baselines.py,py,TRAQID,05 train traqid tabular baselines,experiments/traqid_pretraining_v1/data/processed/traqid_paired_manifest_with_splits.csv,experiments/traqid_pretraining_v1/reports/tabular_baselines | experiments/traqid_pretraining_v1/figures/tabular_baselines,__future__ | argparse | json | math | pathlib | matplotlib.pyplot | numpy | pandas | sklearn.base | sklearn.compose | sklearn.dummy | sklearn.ensemble | sklearn.impute | sklearn.linear_model | sklearn.metrics | sklearn.pipeline | sklearn.preprocessing,,,active or historical; uncertain,medium: inferred from static code and naming,ok
experiments/traqid_pretraining_v1/scripts/06_extract_traqid_image_embeddings_torch.py,py,TRAQID,06 extract traqid image embeddings torch,experiments/traqid_pretraining_v1/data/processed/traqid_paired_manifest_with_splits.csv,experiments/traqid_pretraining_v1/embeddings | experiments/traqid_pretraining_v1/reports/embedding_extraction,__future__ | argparse | json | math | time | pathlib | typing | numpy | pandas | torch | PIL | torch.utils.data | torchvision | tqdm,,,active or historical; uncertain,medium: inferred from static code and naming,ok
experiments/traqid_pretraining_v1/scripts/06_train_traqid_T7_gated_multimodal_fusion_no_pm_inputs.py,py,TRAQID,06 train traqid T7 gated multimodal fusion no pm inputs,,,argparse | json | pathlib | numpy | pandas | torch | torch.utils.data | sklearn.metrics | sklearn.preprocessing,,,active or historical; uncertain,medium: inferred from static code and naming,ok
experiments/traqid_pretraining_v1/scripts/07_ensemble_t7_multimodal_predictions.py,py,TRAQID,07 ensemble t7 multimodal predictions,,,argparse | pathlib | numpy | pandas | sklearn.metrics,,,active or historical; uncertain,medium: inferred from static code and naming,ok
experiments/traqid_pretraining_v1/scripts/07_train_residual_correction_from_engineered_features.py,py,TRAQID,07 train residual correction from engineered features,,,argparse | pathlib | numpy | pandas | sklearn.ensemble | sklearn.impute | sklearn.linear_model | sklearn.metrics | sklearn.multioutput | sklearn.pipeline | sklearn.preprocessing,,,active or historical; uncertain,medium: inferred from static code and naming,ok
experiments/traqid_pretraining_v1/scripts/07_train_traqid_embedding_baselines.py,py,TRAQID,07 train traqid embedding baselines,experiments/traqid_pretraining_v1/embeddings/traqid_mobilenetv2_torch_embedding_index.csv | experiments/traqid_pretraining_v1/embeddings | experiments/traqid_pretraining_v1/models/embedding_baselines,experiments/traqid_pretraining_v1/reports/embedding_baselines | experiments/traqid_pretraining_v1/figures/embedding_baselines,__future__ | argparse | json | math | pathlib | joblib | matplotlib.pyplot | numpy | pandas | sklearn.decomposition | sklearn.dummy | sklearn.ensemble | sklearn.linear_model | sklearn.metrics | sklearn.pipeline | sklearn.preprocessing,,,active or historical; uncertain,medium: inferred from static code and naming,ok
experiments/traqid_pretraining_v1/scripts/08_greedy_weighted_ensemble_search.py,py,TRAQID,08 greedy weighted ensemble search,,,argparse | itertools | pathlib | numpy | pandas | sklearn.metrics,,,active or historical; uncertain,medium: inferred from static code and naming,ok
experiments/traqid_pretraining_v1/scripts/08_leave_one_date_out_embedding_baseline.py,py,TRAQID,08 leave one date out embedding baseline,experiments/traqid_pretraining_v1/embeddings/traqid_mobilenetv2_torch_embedding_index.csv | experiments/traqid_pretraining_v1/embeddings,experiments/traqid_pretraining_v1/reports/lodo_embedding_baselines | experiments/traqid_pretraining_v1/figures/lodo_embedding_baselines,__future__ | argparse | json | math | pathlib | matplotlib.pyplot | numpy | pandas | sklearn.decomposition | sklearn.dummy | sklearn.linear_model | sklearn.metrics | sklearn.pipeline | sklearn.preprocessing,,,active or historical; uncertain,medium: inferred from static code and naming,ok
experiments/traqid_pretraining_v1/scripts/08_pm25_residual_signal_ablation.py,py,TRAQID,08 pm25 residual signal ablation,,,argparse | pathlib | numpy | pandas | sklearn.ensemble | sklearn.impute | sklearn.linear_model | sklearn.metrics | sklearn.pipeline | sklearn.preprocessing,,,active or historical; uncertain,medium: inferred from static code and naming,ok
experiments/traqid_pretraining_v1/scripts/09_pm25_residual_tuned_with_basepred.py,py,TRAQID,09 pm25 residual tuned with basepred,,,argparse | pathlib | numpy | pandas | sklearn.ensemble | sklearn.impute | sklearn.metrics | sklearn.pipeline | sklearn.preprocessing | sklearn.linear_model,,,active or historical; uncertain,medium: inferred from static code and naming,ok
experiments/traqid_pretraining_v1/scripts/09_train_T7_image_only_gru_with_val_predictions.py,py,TRAQID,09 train T7 image only gru with val predictions,,,argparse | json | pathlib | numpy | pandas | torch | torch.utils.data | sklearn.metrics | sklearn.preprocessing,,,active or historical; uncertain,medium: inferred from static code and naming,ok
experiments/traqid_pretraining_v1/scripts/09_train_traqid_supervised_cnn_pm25.py,py,TRAQID,09 train traqid supervised cnn pm25,experiments/traqid_pretraining_v1/data/processed/ | experiments/traqid_pretraining_v1/data/processed/traqid_paired_manifest_with_splits.csv,experiments/traqid_pretraining_v1/models/supervised_cnn_pm25 | experiments/traqid_pretraining_v1/reports/supervised_cnn_pm25 | experiments/traqid_pretraining_v1/figures/supervised_cnn_pm25,__future__ | argparse | json | math | random | time | pathlib | typing | matplotlib.pyplot | numpy | pandas | torch | PIL | scipy.stats | sklearn.metrics | torch.utils.data | torchvision | tqdm,,,active or historical; uncertain,medium: inferred from static code and naming,ok
experiments/traqid_pretraining_v1/scripts/09a_create_random_split_manifest.py,py,TRAQID,09a create random split manifest,experiments/traqid_pretraining_v1/data/processed/traqid_paired_manifest_with_splits.csv | experiments/traqid_pretraining_v1/data/processed/traqid_paired_manifest_random_debug_split.csv,,pathlib | pandas | sklearn.model_selection,,,active or historical; uncertain,medium: inferred from static code and naming,ok
experiments/traqid_pretraining_v1/scripts/10_extract_supervised_cnn_embeddings.py,py,TRAQID,10 extract supervised cnn embeddings,,,__future__ | argparse | json | pathlib | numpy | pandas | torch | PIL | torch.utils.data | torchvision | tqdm,,,active or historical; uncertain,medium: inferred from static code and naming,ok
experiments/traqid_pretraining_v1/scripts/10_pm25_oof_residual_correction.py,py,TRAQID,10 pm25 oof residual correction,,,argparse | json | pathlib | numpy | pandas | torch | torch.utils.data | sklearn.ensemble | sklearn.impute | sklearn.metrics | sklearn.model_selection | sklearn.pipeline | sklearn.preprocessing | sklearn.linear_model,,,active or historical; uncertain,medium: inferred from static code and naming,ok
experiments/traqid_pretraining_v1/scripts/10_train_T7_image_only_gru_pm25_only.py,py,TRAQID,10 train T7 image only gru pm25 only,,,,,,active or historical; uncertain,medium: inferred from static code and naming,ok
experiments/traqid_pretraining_v1/scripts/11_build_split_first_T7_sequences.py,py,TRAQID,11 build split first T7 sequences,experiments/traqid_pretraining_v1/data/processed/traqid_paired_manifest_with_splits.csv | experiments/traqid_pretraining_v1/data/processed/split_first_sequences,,argparse | pathlib | numpy | pandas | sklearn.model_selection,,,active or historical; uncertain,medium: inferred from static code and naming,ok
experiments/traqid_pretraining_v1/scripts/11_build_traqid_T7_sequence_manifest.py,py,TRAQID,11 build traqid T7 sequence manifest,experiments/traqid_pretraining_v1/embeddings/traqid_mobilenetv2_torch_embedding_index.csv,experiments/traqid_pretraining_v1/data/processed/traqid_T7_front_sequence_manifest.csv | experiments/traqid_pretraining_v1/reports/t7_sequence,__future__ | argparse | json | pathlib | pandas,,,active or historical; uncertain,medium: inferred from static code and naming,ok
experiments/traqid_pretraining_v1/scripts/12_train_pm25_split_first_resnet50_gru.py,py,TRAQID,12 train pm25 split first resnet50 gru,,,argparse | json | pathlib | numpy | pandas | torch | sklearn.metrics | sklearn.preprocessing | torch.utils.data,,,active or historical; uncertain,medium: inferred from static code and naming,ok
experiments/traqid_pretraining_v1/scripts/12_train_traqid_T7_embedding_gru.py,py,TRAQID,12 train traqid T7 embedding gru,experiments/traqid_pretraining_v1/data/processed/traqid_T7_front_sequence_manifest.csv | experiments/traqid_pretraining_v1/embeddings/traqid_mobilenetv2_torch_front_embeddings.npy,experiments/traqid_pretraining_v1/models/t7_embedding_gru | experiments/traqid_pretraining_v1/reports/t7_embedding_gru | experiments/traqid_pretraining_v1/figures/t7_embedding_gru,__future__ | argparse | json | math | random | pathlib | matplotlib.pyplot | numpy | pandas | torch | scipy.stats | sklearn.metrics | torch.utils.data | tqdm,,,active or historical; uncertain,medium: inferred from static code and naming,ok
experiments/traqid_pretraining_v1/scripts/12a_create_random_T7_sequence_split.py,py,TRAQID,12a create random T7 sequence split,experiments/traqid_pretraining_v1/data/processed/traqid_T7_front_sequence_manifest.csv | experiments/traqid_pretraining_v1/data/processed/traqid_T7_front_sequence_manifest_random_debug_split.csv,,pathlib | pandas | sklearn.model_selection,,,active or historical; uncertain,medium: inferred from static code and naming,ok
experiments/traqid_pretraining_v1/scripts/13_create_purged_T7_block_split.py,py,TRAQID,13 create purged T7 block split,,experiments/traqid_pretraining_v1/data/processed/traqid_T7_front_sequence_manifest.csv | experiments/traqid_pretraining_v1/data/processed/traqid_T7_front_sequence_manifest_purged_block_split.csv | experiments/traqid_pretraining_v1/reports/t7_purged_block_split,__future__ | argparse | json | pathlib | pandas,,,active or historical; uncertain,medium: inferred from static code and naming,ok
experiments/traqid_pretraining_v1/scripts/13_train_pm25_single_image_resnet_mlp.py,py,TRAQID,13 train pm25 single image resnet mlp,experiments/traqid_pretraining_v1/data/processed/traqid_paired_manifest_with_splits.csv | experiments/traqid_pretraining_v1/embeddings/paper_style_cnn/traqid_paper_resnet50_front_rear_concat_gap_features.npy,,argparse | json | pathlib | numpy | pandas | torch | sklearn.metrics | sklearn.model_selection | sklearn.preprocessing | torch.utils.data,,,active or historical; uncertain,medium: inferred from static code and naming,ok
experiments/traqid_pretraining_v1/scripts/14_make_subset1_comparison_table.py,py,TRAQID,14 make subset1 comparison table,,experiments/traqid_pretraining_v1/reports/subset1_paper_replication | experiments/traqid_pretraining_v1/figures/subset1_paper_replication | experiments/traqid_pretraining_v1/reports/supervised_cnn_pm25_date_safe_front/metrics_mobilenetv2_front.json | experiments/traqid_pretraining_v1/reports/supervised_cnn_pm25_random_front/metrics_mobilenetv2_front.json | experiments/traqid_pretraining_v1/reports/t7_embedding_gru/metrics_t7_embedding_gru.json | experiments/traqid_pretraining_v1/reports/t7_embedding_gru_random_debug/metrics_t7_embedding_gru.json | experiments/traqid_pretraining_v1/reports/t7_embedding_gru_purged_block/metrics_t7_embedding_gru.json | experiments/traqid_pretraining_v1/reports/t7_supervised_front_gru_purged_block/metrics_t7_embedding_gru.json | experiments/traqid_pretraining_v1/reports/t7_supervised_front_rear_mean_gru_purged_block/metrics_t7_embedding_gru.json,__future__ | json | pathlib | matplotlib.pyplot | pandas,,,active or historical; uncertain,medium: inferred from static code and naming,ok
experiments/traqid_pretraining_v1/scripts/15_fuse_front_rear_supervised_embeddings.py,py,TRAQID,15 fuse front rear supervised embeddings,experiments/traqid_pretraining_v1/embeddings/traqid_supervised_pm25_random_front_embeddings.npy | experiments/traqid_pretraining_v1/embeddings/traqid_supervised_pm25_random_rear_embeddings.npy | experiments/traqid_pretraining_v1/embeddings/traqid_supervised_pm25_random_front_embedding_index.csv | experiments/traqid_pretraining_v1/embeddings/traqid_supervised_pm25_random_rear_embedding_index.csv | experiments/traqid_pretraining_v1/embeddings/traqid_supervised_pm25_random_front_rear,,__future__ | argparse | json | pathlib | numpy | pandas,,,active or historical; uncertain,medium: inferred from static code and naming,ok
experiments/traqid_pretraining_v1/scripts/15_train_pm25_single_image_yolo_road_tabular.py,py,TRAQID,15 train pm25 single image yolo road tabular,,,argparse | pathlib | numpy | pandas | sklearn.ensemble | sklearn.impute | sklearn.linear_model | sklearn.metrics | sklearn.model_selection | sklearn.pipeline | sklearn.preprocessing,,,active or historical; uncertain,medium: inferred from static code and naming,ok
experiments/traqid_pretraining_v1/scripts/16_analyze_traqid_group_structure.py,py,TRAQID,16 analyze traqid group structure,experiments/traqid_pretraining_v1/data/processed/traqid_paired_manifest_with_splits.csv,experiments/traqid_pretraining_v1/reports/traqid_group_structure_analysis,argparse | pathlib | numpy | pandas,,,active or historical; uncertain,medium: inferred from static code and naming,ok
experiments/traqid_pretraining_v1/scripts/16_train_T7_gru_tabular_fusion.py,py,TRAQID,16 train T7 gru tabular fusion,experiments/traqid_pretraining_v1/data/processed/traqid_T7_front_sequence_manifest_purged_block_split.csv | experiments/traqid_pretraining_v1/embeddings/traqid_supervised_pm25_random_front_rear_mean_embeddings.npy,experiments/traqid_pretraining_v1/models/t7_supervised_front_rear_mean_gru_tabular_fusion_purged_block | experiments/traqid_pretraining_v1/reports/t7_supervised_front_rear_mean_gru_tabular_fusion_purged_block | experiments/traqid_pretraining_v1/figures/t7_supervised_front_rear_mean_gru_tabular_fusion_purged_block,__future__ | argparse | json | math | random | pathlib | matplotlib.pyplot | numpy | pandas | torch | scipy.stats | sklearn.compose | sklearn.impute | sklearn.metrics | sklearn.pipeline | sklearn.preprocessing | torch.utils.data | tqdm,,,active or historical; uncertain,medium: inferred from static code and naming,ok
experiments/traqid_pretraining_v1/scripts/17_build_balanced_date_grouped_T7_cv_sequences.py,py,TRAQID,17 build balanced date grouped T7 cv sequences,experiments/traqid_pretraining_v1/ | data/processed/,,argparse | json | pathlib | numpy | pandas,,,active or historical; uncertain,medium: inferred from static code and naming,ok
experiments/traqid_pretraining_v1/scripts/17_train_tabular_context_only_baseline.py,py,TRAQID,17 train tabular context only baseline,experiments/traqid_pretraining_v1/data/processed/traqid_T7_front_sequence_manifest_purged_block_split.csv,experiments/traqid_pretraining_v1/reports/tabular_context_only_purged_block | experiments/traqid_pretraining_v1/figures/tabular_context_only_purged_block,__future__ | argparse | json | math | pathlib | matplotlib.pyplot | numpy | pandas | scipy.stats | sklearn.compose | sklearn.dummy | sklearn.ensemble | sklearn.impute | sklearn.linear_model | sklearn.metrics | sklearn.pipeline | sklearn.preprocessing,,,active or historical; uncertain,medium: inferred from static code and naming,ok
experiments/traqid_pretraining_v1/scripts/18_make_traqid_ppt_graphs.py,py,TRAQID,18 make traqid ppt graphs,experiments/traqid_pretraining_v1 | data/processed/traqid_paired_manifest_with_splits.csv | data/processed/traqid_T7_front_sequence_manifest.csv,data/processed/traqid_T7_front_sequence_manifest_purged_block_split.csv | reports/t7_supervised_front_rear_mean_gru_tabular_fusion_purged_block | reports/t7_gru_tabular_fusion_date_safe_clipped | figures/ppt_final_traqid,__future__ | json | pathlib | matplotlib.pyplot | numpy | pandas,,,active or historical; uncertain,medium: inferred from static code and naming,ok
experiments/traqid_pretraining_v1/scripts/18_train_balanced_date_grouped_cv_gru_tabular.py,py,TRAQID,18 train balanced date grouped cv gru tabular,experiments/traqid_pretraining_v1/ | data/processed/balanced_date_grouped_T7_cv/ | data/processed/traqid_paired_manifest_with_splits.csv | embeddings/paper_style_cnn/,models/pm25_balanced_date_grouped_T7_gru_tabular_cv | reports/pm25_balanced_date_grouped_T7_gru_tabular_cv | figures/pm25_balanced_date_grouped_T7_gru_tabular_cv,__future__ | argparse | json | math | random | pathlib | joblib | matplotlib.pyplot | numpy | pandas | torch | scipy.stats | sklearn.compose | sklearn.impute | sklearn.metrics | sklearn.pipeline | sklearn.preprocessing | torch.utils.data | tqdm,,,active or historical; uncertain,medium: inferred from static code and naming,ok
experiments/traqid_pretraining_v1/scripts/18_train_pm25_balanced_date_grouped_cv_gru.py,py,TRAQID,18 train pm25 balanced date grouped cv gru,,,,,,active or historical; uncertain,medium: inferred from static code and naming,ok
experiments/traqid_pretraining_v1/scripts/19_build_paper_style_T_sequence_manifest.py,py,TRAQID,19 build paper style T sequence manifest,experiments/traqid_pretraining_v1/data/processed/traqid_paired_manifest_with_splits.csv,experiments/traqid_pretraining_v1/data/processed/paper_style_sequences | experiments/traqid_pretraining_v1/reports/paper_style_sequences,__future__ | argparse | json | random | pathlib | numpy | pandas,,,active or historical; uncertain,medium: inferred from static code and naming,ok
experiments/traqid_pretraining_v1/scripts/19_train_pm25_balanced_date_grouped_yolo_road_tabular.py,py,TRAQID,19 train pm25 balanced date grouped yolo road tabular,experiments/traqid_pretraining_v1/data/processed/traqid_paired_manifest_with_splits.csv | experiments/traqid_pretraining_v1/data/processed/balanced_date_grouped_T7_cv/balanced_date_fold_assignment.csv,experiments/traqid_pretraining_v1/pipeline_validation/outputs/traqid_yolo_advanced_features_front.csv | experiments/traqid_pretraining_v1/pipeline_validation/outputs/traqid_road_features_front.csv | experiments/traqid_pretraining_v1/reports/pm25_balanced_date_grouped_yolo_road_tabular_cv,__future__ | argparse | json | pathlib | joblib | numpy | pandas | sklearn.compose | sklearn.ensemble | sklearn.impute | sklearn.linear_model | sklearn.metrics | sklearn.pipeline | sklearn.preprocessing,,,active or historical; uncertain,medium: inferred from static code and naming,ok
experiments/traqid_pretraining_v1/scripts/20_extract_paper_cnn_features.py,py,TRAQID,20 extract paper cnn features,experiments/traqid_pretraining_v1/data/processed/traqid_paired_manifest_with_splits.csv,experiments/traqid_pretraining_v1/embeddings/paper_style_cnn | experiments/traqid_pretraining_v1/reports/paper_style_cnn_features,__future__ | argparse | json | pathlib | numpy | pandas | torch | PIL | torch.utils.data | torchvision | tqdm,,,active or historical; uncertain,medium: inferred from static code and naming,ok
experiments/traqid_pretraining_v1/scripts/20_grouped_date_feature_ablation.py,py,TRAQID,20 grouped date feature ablation,data/processed/,,__future__ | argparse | json | pathlib | numpy | pandas | sklearn.compose | sklearn.ensemble | sklearn.impute | sklearn.metrics | sklearn.pipeline | sklearn.preprocessing,,,active or historical; uncertain,medium: inferred from static code and naming,ok
experiments/traqid_pretraining_v1/scripts/21_train_paper_cnn_lstm_multitarget.py,py,TRAQID,21 train paper cnn lstm multitarget,,experiments/traqid_pretraining_v1/models/paper_cnn_lstm | experiments/traqid_pretraining_v1/reports/paper_cnn_lstm | experiments/traqid_pretraining_v1/figures/paper_cnn_lstm,__future__ | argparse | json | math | pathlib | matplotlib.pyplot | numpy | pandas | torch | scipy.stats | sklearn.metrics | torch.utils.data | tqdm,,,active or historical; uncertain,medium: inferred from static code and naming,ok
experiments/traqid_pretraining_v1/scripts/22_fuse_paper_front_rear_features.py,py,TRAQID,22 fuse paper front rear features,,,__future__ | argparse | json | pathlib | numpy,,,active or historical; uncertain,medium: inferred from static code and naming,ok
experiments/traqid_pretraining_v1/scripts/23_train_paper_cnn_lstm_tabular_fusion.py,py,TRAQID,23 train paper cnn lstm tabular fusion,,experiments/traqid_pretraining_v1/models/paper_cnn_lstm_tabular_fusion | experiments/traqid_pretraining_v1/reports/paper_cnn_lstm_tabular_fusion | experiments/traqid_pretraining_v1/figures/paper_cnn_lstm_tabular_fusion,__future__ | argparse | json | math | pathlib | matplotlib.pyplot | numpy | pandas | torch | scipy.stats | sklearn.metrics | sklearn.preprocessing | torch.utils.data | tqdm,,,active or historical; uncertain,medium: inferred from static code and naming,ok
experiments/traqid_pretraining_v1/scripts/24_make_paper_final_assets.py,py,TRAQID,24 make paper final assets,,experiments/traqid_pretraining_v1 | reports/paper_final | figures/paper_final | reports/paper_cnn_lstm_tabular_fusion/twofold_average_summary.csv | reports/paper_cnn_lstm_tabular_fusion/t_sweep_summary/t_sweep_random_split_summary.csv,__future__ | json | re | pathlib | matplotlib.pyplot | pandas,,,current evidence,medium: inferred from static code and naming,ok
experiments/traqid_pretraining_v1/scripts/25_make_corrected_final_paper_tables.py,py,TRAQID,25 make corrected final paper tables,,experiments/traqid_pretraining_v1 | reports/paper_final | figures/paper_final | reports/paper_cnn_lstm | reports/paper_cnn_lstm_tabular_fusion_final80 | reports/paper_cnn_lstm_tabular_fusion,__future__ | json | pathlib | matplotlib.pyplot | pandas,,,active or historical; uncertain,medium: inferred from static code and naming,ok
experiments/traqid_pretraining_v1/scripts/26_train_tabular_only_multitarget_baseline.py,py,TRAQID,26 train tabular only multitarget baseline,experiments/traqid_pretraining_v1/data/processed/paper_style_sequences/traqid_paper_style_T7_front_sequence_manifest.csv | experiments/traqid_pretraining_v1/data/processed/traqid_paired_manifest_with_splits.csv,experiments/traqid_pretraining_v1/reports/tabular_only_multitarget,__future__ | argparse | json | math | pathlib | numpy | pandas | scipy.stats | sklearn.ensemble | sklearn.linear_model | sklearn.metrics | sklearn.multioutput | sklearn.pipeline | sklearn.preprocessing | sklearn.compose | sklearn.neural_network,,,active or historical; uncertain,medium: inferred from static code and naming,ok
experiments/traqid_pretraining_v1/scripts/28_analyze_sequence_overlap_leakage.py,py,TRAQID,28 analyze sequence overlap leakage,experiments/traqid_pretraining_v1/data/processed/paper_style_sequences/traqid_paper_style_T7_front_sequence_manifest.csv | experiments/traqid_pretraining_v1/data/processed/paper_style_sequences/traqid_paper_style_T7_front_sequence_manifest_purged_block_compatible_clean.csv,experiments/traqid_pretraining_v1/reports/paper_diagnostics/sequence_overlap,__future__ | argparse | json | pathlib | pandas,,,active or historical; uncertain,medium: inferred from static code and naming,ok
experiments/traqid_pretraining_v1/scripts/29_check_purged_block_time_confounds.py,py,TRAQID,29 check purged block time confounds,experiments/traqid_pretraining_v1,data/processed/paper_style_sequences/traqid_paper_style_T7_front_sequence_manifest_purged_block_compatible_clean.csv | reports/paper_diagnostics/purged_time_confound | figures/paper_diagnostics/purged_time_confound,__future__ | json | pathlib | numpy | pandas | matplotlib.pyplot | scipy.stats,,,active or historical; uncertain,medium: inferred from static code and naming,ok
experiments/traqid_pretraining_v1/scripts/30_build_time_balanced_purged_split.py,py,TRAQID,30 build time balanced purged split,experiments/traqid_pretraining_v1 | data/processed/paper_style_sequences/traqid_paper_style_T7_front_sequence_manifest.csv | data/processed/paper_style_sequences/traqid_paper_style_T7_front_sequence_manifest_time_balanced_purged.csv,,__future__ | pathlib | numpy | pandas,,,current evidence,medium: inferred from static code and naming,ok
experiments/traqid_pretraining_v1/scripts/31_make_naive_baseline_split_table.py,py,TRAQID,31 make naive baseline split table,data/processed/paper_style_sequences/traqid_paper_style_T7_front_sequence_manifest_time_balanced_purged.csv | data/processed/paper_style_sequences/traqid_paper_style_T7_front_sequence_manifest.csv,experiments/traqid_pretraining_v1 | reports/paper_diagnostics/naive_baselines | reports/paper_cnn_lstm_tabular_fusion/traqid_paper_resnet50_front_rear_concat_gap_traqid_paper_style_T7_front_sequence_manifest_split_chrono_date_tabular_fusion/metrics_paper_cnn_lstm_tabular_fusion.json,__future__ | json | math | pathlib | numpy | pandas | sklearn.metrics,,,active or historical; uncertain,medium: inferred from static code and naming,ok
experiments/traqid_pretraining_v1/scripts/31_sequence_overlap_diagnostic.py,py,TRAQID,31 sequence overlap diagnostic,,,argparse | math | pathlib | collections | numpy | pandas,,,active or historical; uncertain,medium: inferred from static code and naming,ok
experiments/traqid_pretraining_v1/scripts/32_make_final_validation_ladder_table.py,py,TRAQID,32 make final validation ladder table,,experiments/traqid_pretraining_v1 | reports/paper_final | figures/paper_final | reports/paper_cnn_lstm_tabular_fusion_final80/traqid_paper_resnet50_front_rear_concat_gap_traqid_paper_style_T7_front_sequence_manifest_split_random_tabular_fusion/metrics_paper_cnn_lstm_tabular_fusion.json | reports/paper_cnn_lstm_tabular_fusion/twofold_average_summary.csv | reports/paper_cnn_lstm_tabular_fusion/traqid_paper_resnet50_front_rear_concat_gap_traqid_paper_style_T7_front_sequence_manifest_split_chrono_date_tabular_fusion/metrics_paper_cnn_lstm_tabular_fusion.json,__future__ | json | pathlib | pandas | matplotlib.pyplot,,,active or historical; uncertain,medium: inferred from static code and naming,ok
experiments/traqid_pretraining_v1/scripts/33_train_embedding_classical_baselines.py,py,TRAQID,33 train embedding classical baselines,experiments/traqid_pretraining_v1/data/processed/paper_style_sequences/traqid_paper_style_T7_front_sequence_manifest_time_balanced_purged.csv | experiments/traqid_pretraining_v1/data/processed/traqid_paired_manifest_with_splits.csv | experiments/traqid_pretraining_v1/embeddings/paper_style_cnn/traqid_paper_resnet50_front_rear_concat_gap_features.npy,experiments/traqid_pretraining_v1/reports/embedding_classical_baselines,__future__ | argparse | json | math | time | pathlib | numpy | pandas | scipy.stats | sklearn.decomposition | sklearn.ensemble | sklearn.linear_model | sklearn.metrics | sklearn.multioutput | sklearn.neural_network | sklearn.preprocessing,,,active or historical; uncertain,medium: inferred from static code and naming,ok
scripts/modeling/07_build_traqid_engineered_T7_sequence_table.py,py,TRAQID,07 build traqid engineered T7 sequence table,experiments/traqid_pretraining_v1/data/processed/traqid_paired_manifest_with_splits.csv | experiments/traqid_pretraining_v1/data/processed/traqid_engineered_T7_sequence_table.csv,experiments/traqid_pretraining_v1/pipeline_validation/outputs/traqid_yolo_advanced_features_front.csv | experiments/traqid_pretraining_v1/pipeline_validation/outputs/traqid_road_features_front.csv,argparse | pathlib | numpy | pandas,,,active or historical; uncertain,medium: inferred from static code and naming,ok
scripts/modeling/08_train_traqid_T7_engineered_baselines.py,py,TRAQID,08 train traqid T7 engineered baselines,experiments/traqid_pretraining_v1/data/processed/traqid_engineered_T7_sequence_table.csv,experiments/traqid_pretraining_v1/reports/traqid_T7_engineered_baselines,argparse | pathlib | numpy | pandas | sklearn.ensemble | sklearn.impute | sklearn.linear_model | sklearn.metrics | sklearn.multioutput | sklearn.pipeline | sklearn.preprocessing,,,active or historical; uncertain,medium: inferred from static code and naming,ok
scripts/modeling/10_train_traqid_T7_resnet50_gru_paper_style.py,py,TRAQID,10 train traqid T7 resnet50 gru paper style,experiments/traqid_pretraining_v1/data/processed/traqid_engineered_T7_sequence_table.csv | experiments/traqid_pretraining_v1/embeddings/paper_style_cnn/traqid_paper_resnet50_front_rear_concat_gap_features.npy,experiments/traqid_pretraining_v1/reports/t7_resnet50_concat_gru_paper_style_random,argparse | json | pathlib | numpy | pandas | torch | sklearn.metrics | sklearn.model_selection | sklearn.preprocessing | torch.utils.data,,,active or historical; uncertain,medium: inferred from static code and naming,ok
scripts/modeling/11_train_traqid_T7_resnet50_gru_pm25_only.py,py,TRAQID,11 train traqid T7 resnet50 gru pm25 only,experiments/traqid_pretraining_v1/data/processed/traqid_engineered_T7_sequence_table.csv | experiments/traqid_pretraining_v1/embeddings/paper_style_cnn/traqid_paper_resnet50_front_rear_concat_gap_features.npy,experiments/traqid_pretraining_v1/reports/pm25_only_resnet50_concat_gru_image_base_seed42,argparse | json | pathlib | numpy | pandas | torch | sklearn.metrics | sklearn.model_selection | sklearn.preprocessing | torch.utils.data,,,active or historical; uncertain,medium: inferred from static code and naming,ok
sequence_leakage_audit/analyze_traqid_manifest.py,py,TRAQID,analyze traqid manifest,experiments/traqid_pretraining_v1/data/processed/traqid_paired_manifest_with_splits.csv,experiments/traqid_pretraining_v1/reports/traqid_eda,argparse | pathlib | numpy | pandas | matplotlib.pyplot,,,active or historical; uncertain,medium: inferred from static code and naming,ok
sequence_leakage_audit/examples/traqid_t7_random.sh,sh,TRAQID,traqid t7 random,,,,,,active or historical; uncertain,medium: inferred from static code and naming,ok
outputs/reports/vehicle_detection_summary_281,directory,YOLO/IDD vehicles,Generated report/evaluation tree (4 files; .csv:2; .png:2),see producing scripts in same family,contains generated artifacts,n/a,n/a,,active or historical; uncertain,low for contents; medium for currency,n/a
scripts/vehicle_detection/01_run_idd_detector_on_processed_frames.py,py,YOLO/IDD vehicles,Run fine-tuned IDD YOLO11m vehicle detector on preprocessed PM-density frames.,,outputs/features/processed_frame_manifest_preprocessed_v2.csv | models/detectors/yolo11m_idd15_v1_best.pt | outputs/features/idd_vehicle_detections_frame_level_v2.csv | outputs/features/idd_vehicle_detections_object_level_v2.csv | outputs/figures/idd_detector_annotations,pathlib | argparse | cv2 | pandas | ultralytics,,,active or historical; uncertain,medium: inferred from static code and naming,ok
src/pollution_proxy/traffic_proxy.py,py,YOLO/IDD vehicles,traffic proxy,,,,,,active or historical; uncertain,medium: inferred from static code and naming,ok
src/vehicle_detection/__init__.py,py,YOLO/IDD vehicles,  init  ,,,,,,active or historical; uncertain,medium: inferred from static code and naming,ok
src/vehicle_detection/audit.py,py,YOLO/IDD vehicles,audit,,,,,,active or historical; uncertain,medium: inferred from static code and naming,ok
src/vehicle_detection/detector.py,py,YOLO/IDD vehicles,detector,,,typing | cv2 | ultralytics | src.config,,,active or historical; uncertain,medium: inferred from static code and naming,ok
