sequence_id,target_row_id,target_created_at,seq_start_row_id,seq_end_row_id,split_mode,eval_split,actual_PM2.5,predicted_PM2.5,residual_PM2.5
10125,10167,2023-02-01 19:20:00,10161,10167,random,test,70.955,68.37149,-2.5835095214843733
20970,21072,2024-03-03 17:28:00,21066,21072,random,test,255.81713,219.87498,-35.942145258789054
4745,4769,2022-10-26 17:25:00,4763,4769,random,test,26.646,33.304493,6.658492950439452
16558,16642,2023-12-29 16:05:47,16636,16642,random,test,83.0893177395724,83.67178,0.5824657076932311
14431,14491,2023-02-08 19:10:00,14485,14491,random,test,40.275,46.35614,6.081140136718751
10902,10950,2023-02-06 17:04:00,10944,10950,random,test,50.836,42.610603,-8.225396667480467
24693,24807,2024-07-05 17:41:20,24801,24807,random,test,27.2765036257516,39.95671,12.680207189678086
12981,13035,2023-02-07 18:56:00,13029,13035,random,test,34.08,34.16108,0.08107940673828296
8679,8715,2023-01-30 18:49:00,8709,8715,random,test,43.107,40.114857,-2.992143280029296
22974,23088,2024-07-05 09:58:10,23082,23088,random,test,21.8771903437516,20.190552,-1.6866385859391002
15578,15650,2023-12-22 10:01:26,15644,15650,random,test,126.760123094572,113.81626,-12.943861803068089
18605,18701,2024-03-02 18:44:00,18695,18701,random,test,56.6261133,60.02581,3.3996969416992187
2767,2779,2022-10-24 19:42:00,2773,2779,random,test,99.57,97.00519,-2.564812011718743
25970,26090,2024-07-09 15:34:35,26084,26090,random,test,30.3782367877516,20.859138,-9.519098298982069
24287,24401,2024-07-05 16:32:55,24395,24401,random,test,22.4515853737516,25.114437,2.662851729519886
15598,15670,2023-12-22 10:04:13,15664,15670,random,test,126.369041255572,115.90808,-10.4609602008845
6108,6132,2022-10-26 19:55:00,6126,6132,random,test,41.16,45.180424,4.020423736572269
423,429,2022-10-22 18:42:00,423,429,random,test,37.561,38.572693,1.01169287109375
6580,6604,2022-10-26 20:50:00,6598,6604,random,test,40.157,40.657528,0.5005279235839879
1422,1428,2022-10-22 20:30:00,1422,1428,random,test,55.32,53.24036,-2.0796397399902347
18590,18686,2024-03-02 18:42:00,18680,18686,random,test,63.01378334,73.35973,10.345950241542965
25635,25755,2024-07-09 11:49:10,25749,25755,random,test,28.9996887157516,59.54337,30.54368057746129
23400,23514,2024-07-05 11:00:50,23508,23514,random,test,25.2086815177516,27.809975,2.601293152658556
17944,18040,2024-03-02 17:07:00,18034,18040,random,test,56.6261133,55.31516,-1.3109544560058595
9785,9827,2023-02-01 18:35:00,9821,9827,random,test,63.462,65.93831,2.476308715820309
21053,21155,2024-03-03 17:40:00,21149,21155,random,test,51.15096755,48.038887,-3.112080526074216
7786,7816,2023-01-28 19:39:00,7810,7816,random,test,41.927,43.2621,1.335100219726563
12281,12335,2023-02-07 17:28:00,12329,12335,random,test,47.827,46.681007,-1.145992614746092
20545,20647,2024-03-03 16:16:00,20641,20647,random,test,73.57299299,87.85155,14.278554251210934
8030,8066,2023-01-30 17:29:00,8060,8066,random,test,42.34,46.57939,4.239391479492184
3690,3708,2022-10-25 18:36:00,3702,3708,random,test,72.076,75.05624,2.9802362670898503
18486,18582,2024-03-02 18:26:00,18576,18582,random,test,46.45798549,59.939316,13.481330305898439
23551,23665,2024-07-05 11:26:50,23659,23665,random,test,24.9789235057516,23.020103,-1.958820051161755
12490,12544,2023-02-07 17:56:00,12538,12544,random,test,31.543,36.798973,5.2559730834960945
323,329,2022-10-22 18:33:00,323,329,random,test,40.098,41.066246,0.9682460327148448
16186,16264,2023-12-23 08:34:57,16258,16264,random,test,261.031554484572,269.0567,8.025147175584266
2362,2374,2022-10-24 19:02:00,2368,2374,random,test,51.19,47.572285,-3.6177153015136696
4528,4552,2022-10-26 17:05:00,4546,4552,random,test,27.649,30.576687,2.9276868591308585
21353,21461,2024-03-06 16:49:00,21455,21461,random,test,84.39292387,74.57504,-9.81788114539063
3410,3428,2022-10-25 18:06:00,3422,3428,random,test,24.876,33.199455,8.323455261230468
23539,23653,2024-07-05 11:23:30,23647,23653,random,test,22.3367063677516,26.992226,4.655519279221057
22773,22887,2024-07-05 09:26:45,22881,22887,random,test,14.7546919717516,25.42186,10.667167769459338
12240,12294,2023-02-07 17:23:00,12288,12294,random,test,43.756,42.134186,-1.6218142089843752
21092,21194,2024-03-03 17:46:00,21188,21194,random,test,47.37050978,46.999996,-0.37051359469726464
23356,23470,2024-07-05 10:54:45,23464,23470,random,test,16.0183610377516,23.673363,7.655001694181994
20816,20918,2024-03-03 17:04:00,20912,20918,random,test,76.18020525,79.36131,3.1811076162109373
8786,8822,2023-01-30 19:04:00,8816,8822,random,test,43.284,45.108135,1.824135223388673
26091,26211,2024-07-09 16:02:05,26205,26211,random,test,214.069778869652,214.94748,0.8777003783948771
25260,25380,2024-07-09 10:31:40,25374,25380,random,test,66.9097606957516,68.0993,1.189535874072618
8374,8410,2023-01-30 18:11:00,8404,8410,random,test,63.462,61.084354,-2.3776455993652377
10194,10236,2023-02-01 19:32:00,10230,10236,random,test,60.04,62.970093,2.930092773437501
15133,15199,2023-12-21 11:17:18,15193,15199,random,test,106.814949305572,111.773895,4.958945958099875
5640,5664,2022-10-26 19:03:00,5658,5664,random,test,68.89,69.19296,0.30296264648437443
3492,3510,2022-10-25 18:14:00,3504,3510,random,test,39.154,41.075157,1.9211571655273403
12836,12890,2023-02-07 18:38:00,12884,12890,random,test,38.623,37.586323,-1.0366772155761694
9819,9861,2023-02-01 18:39:00,9855,9861,random,test,57.385,65.28232,7.897318115234377
10879,10927,2023-02-06 17:01:00,10921,10927,random,test,71.132,67.75431,-3.3776893920898488
11276,11324,2023-02-06 17:49:00,11318,11324,random,test,82.991,87.35739,4.366391357421875
16449,16533,2023-12-29 15:48:12,16527,16533,random,test,105.902425014572,99.24031,-6.662114345626691
12299,12353,2023-02-07 17:30:00,12347,12353,random,test,45.408,47.314888,1.90688800048828
17701,17791,2024-03-01 19:35:00,17785,17791,random,test,51.93313123,62.828102,10.894970881816405
13038,13092,2023-02-07 19:03:00,13086,13092,random,test,32.487,40.766228,8.279227722167967
1336,1342,2022-10-22 20:21:00,1336,1342,random,test,39.744,39.812195,0.06819482421875023
4832,4856,2022-10-26 17:34:00,4850,4856,random,test,32.546,33.403908,0.8579077758789069
18562,18658,2024-03-02 18:38:00,18652,18658,random,test,47.24014916,44.271164,-2.968985219570314
8828,8864,2023-01-30 19:11:00,8858,8864,random,test,62.459,59.671604,-2.7873958435058626
15101,15167,2023-12-21 11:08:11,15161,15167,random,test,164.434340251572,159.41885,-5.015486491806371
22093,22201,2024-03-06 18:40:00,22195,22201,random,test,74.87659912,72.23489,-2.6417053211718695
17968,18064,2024-03-02 17:10:00,18058,18064,random,test,75.52840219,41.824097,-33.704305510312494
11633,11681,2023-02-06 18:34:00,11675,11681,random,test,53.727,56.894005,3.167004821777347
17529,17619,2024-03-01 19:09:00,17613,17619,random,test,59.49404679,57.350487,-2.143560034628905
18208,18304,2024-03-02 17:45:00,18298,18304,random,test,53.23673736,47.036797,-6.199940790175781
22934,23048,2024-07-05 09:52:40,23042,23048,random,test,99.8800354177516,110.25535,10.375312787814806
14582,14648,2023-12-21 09:10:40,14642,14648,random,test,139.014020716572,132.54645,-6.467572962665741
6404,6428,2022-10-26 20:32:00,6422,6428,random,test,73.61,77.03639,3.426392211914063
10202,10244,2023-02-01 19:33:00,10238,10244,random,test,67.71,66.98685,-0.7231530761718687
8203,8239,2023-01-30 17:49:00,8233,8239,random,test,46.057,45.266907,-0.7900932617187522
18511,18607,2024-03-02 18:30:00,18601,18607,random,test,53.6278192,49.952644,-3.6751748518554663
1122,1128,2022-10-22 19:57:00,1122,1128,random,test,53.373,55.30827,1.9352695007324243
5503,5527,2022-10-26 18:49:00,5521,5527,random,test,34.611,39.517998,4.906997741699222
14335,14395,2023-02-08 18:58:00,14389,14395,random,test,40.806,43.746918,2.9409177246093776
26172,26292,2024-07-09 16:24:05,26286,26292,random,test,120.673135503752,184.33868,63.66554857827926
2858,2870,2022-10-24 19:50:00,2864,2870,random,test,148.127,167.58391,19.456908081054678
5802,5826,2022-10-26 19:19:00,5820,5826,random,test,44.346,49.377693,5.031693176269535
15648,15720,2023-12-22 10:11:25,15714,15720,random,test,128.976253515572,119.76145,-9.214801794380605
18598,18694,2024-03-02 18:43:00,18688,18694,random,test,63.92630763,68.02681,4.100502062382816
23271,23385,2024-07-05 10:41:15,23379,23385,random,test,27.0467456137516,26.400654,-0.6460917746402721
9606,9648,2023-02-01 18:10:00,9642,9648,random,test,54.73,59.92229,5.192290802001956
23308,23422,2024-07-05 10:47:45,23416,23422,random,test,25.0938025117516,26.749012,1.6552094816566019
2764,2776,2022-10-24 19:41:00,2770,2776,random,test,97.328,104.00433,6.676333496093747
11021,11069,2023-02-06 17:18:00,11063,11069,random,test,69.834,73.03162,3.197616210937497
11994,12048,2023-02-07 16:51:00,12042,12048,random,test,63.344,52.284622,-11.059377807617189
13173,13227,2023-02-07 19:25:00,13221,13227,random,test,35.378,38.910988,3.532987854003906
9072,9114,2023-02-01 17:05:00,9108,9114,random,test,69.008,73.80395,4.795947448730473
2350,2362,2022-10-24 19:01:00,2356,2362,random,test,88.301,103.770065,15.469065307617186
18335,18431,2024-03-02 18:04:00,18425,18431,random,test,50.36880388,44.823013,-5.545790574335939
22707,22821,2024-07-05 09:13:55,22815,22821,random,test,14.9844499837516,20.355995,5.3715451944710555
25239,25359,2024-07-09 10:28:45,25353,25359,random,test,51.0564578677516,41.69221,-9.36424671662855
1968,1980,2022-10-24 18:24:00,1974,1980,random,test,68.595,65.52473,-3.0702731323242176
16147,16225,2023-12-23 08:26:41,16219,16225,random,test,264.160209196572,261.337,-2.823203581337623
3601,3619,2022-10-25 18:25:00,3613,3619,random,test,75.911,69.59566,-6.315342651367189
17023,17113,2024-03-01 17:55:00,17107,17113,random,test,46.84906733,48.447105,1.5980380777148468
16945,17035,2024-03-01 17:43:00,17029,17035,random,test,39.80959422,41.66767,1.8580769836132802
25504,25624,2024-07-09 11:09:35,25618,25624,random,test,39.4536782617516,26.582523,-12.871154915804333
24775,24889,2024-07-05 17:54:25,24883,24889,random,test,21.5325533257516,30.110416,8.577863086601916
6933,6963,2023-01-28 17:42:00,6957,6963,random,test,38.505,38.276703,-0.22829711914062756
943,949,2022-10-22 19:37:00,943,949,random,test,33.195,36.226494,3.0314938354492185
14741,14807,2023-12-21 09:45:46,14801,14807,random,test,118.547404475572,133.47003,14.922627262709256
6620,6644,2022-10-26 20:53:00,6638,6644,random,test,40.216,40.557884,0.34188421630859267
13561,13621,2023-02-08 17:15:00,13615,13621,random,test,30.658,31.18108,0.5230798645019519
21583,21691,2024-03-06 17:24:00,21685,21691,random,test,100.6880005,126.55043,25.86242979785156
20777,20879,2024-03-03 16:59:00,20873,20879,random,test,92.08420004,92.72342,0.6392191494531261
5354,5378,2022-10-26 18:24:00,5372,5378,random,test,46.116,42.798634,-3.3173664245605465
2929,2941,2022-10-24 20:00:00,2935,2941,random,test,211.965,188.44794,-23.517062988281253
13788,13848,2023-02-08 17:43:00,13842,13848,random,test,48.712,52.340477,3.6284769897460905
16151,16229,2023-12-23 08:27:25,16223,16229,random,test,275.110513724634,294.00504,18.894521675756607
1668,1674,2022-10-22 20:55:00,1668,1674,random,test,54.612,55.17123,0.5592303161621075
19439,19541,2024-03-03 12:55:00,19535,19541,random,test,62.36198027,61.39993,-0.9620512233691372
7286,7316,2023-01-28 18:28:00,7310,7316,random,test,54.199,48.88188,-5.317118286132811
1266,1272,2022-10-22 20:14:00,1266,1272,random,test,45.349,39.63156,-5.717438720703122
6951,6981,2023-01-28 17:44:00,6975,6981,random,test,44.228,48.638527,4.410526916503905
1412,1418,2022-10-22 20:29:00,1412,1418,random,test,55.556,60.217422,4.661422485351565
7948,7984,2023-01-30 17:19:00,7978,7984,random,test,47.886,46.68879,-1.1972106323242215
8450,8486,2023-01-30 18:21:00,8480,8486,random,test,44.228,51.19964,6.971638366699217
22358,22466,2024-03-06 19:19:00,22460,22466,random,test,58.45116188,52.130714,-6.3204474634960945
6049,6073,2022-10-26 19:45:00,6067,6073,random,test,64.111,66.39096,2.279960693359371
4569,4593,2022-10-26 17:09:00,4587,4593,random,test,25.466,31.321533,5.855533203124999
21851,21959,2024-03-06 18:05:00,21953,21959,random,test,65.22991376,70.4645,5.2345866672460915
4950,4974,2022-10-26 17:45:00,4968,4974,random,test,33.195,32.573406,-0.6215937805175784
9100,9142,2023-02-01 17:08:00,9136,9142,random,test,63.934,68.551765,4.617765441894534
2874,2886,2022-10-24 19:52:00,2880,2886,random,test,257.336,268.58463,11.248625244140612
1889,1901,2022-10-24 18:17:00,1895,1901,random,test,48.181,50.35113,2.170131439208987
6518,6542,2022-10-26 20:43:00,6536,6542,random,test,46.293,39.364,-6.929001586914062
15684,15756,2023-12-22 10:16:34,15750,15756,random,test,139.926545007572,136.2905,-3.6360481814001275
428,434,2022-10-22 18:43:00,428,434,random,test,40.216,40.882523,0.6665225830078114
22012,22120,2024-03-06 18:28:00,22114,22120,random,test,99.51475498,111.63435,12.119598657695306
6070,6094,2022-10-26 19:47:00,6088,6094,random,test,96.915,86.78566,-10.129340209960944
16583,16667,2023-12-29 16:09:12,16661,16667,random,test,91.4323969715724,93.500534,2.0681370860447856
11341,11389,2023-02-06 17:58:00,11383,11389,random,test,52.96,49.40549,-3.5545091247558602
7706,7736,2023-01-28 19:30:00,7730,7736,random,test,44.936,47.08265,2.1466492309570313
6237,6261,2022-10-26 20:11:00,6255,6261,random,test,89.599,88.855484,-0.7435159912109413
10277,10319,2023-02-01 19:43:00,10313,10319,random,test,65.704,67.90394,2.1999382934570377
9410,9452,2023-02-01 17:47:00,9446,9452,random,test,58.506,64.38845,5.8824506225585935
25848,25968,2024-07-09 15:06:05,25962,25968,random,test,16.7076350737516,19.691021,2.9833858918245717
22147,22255,2024-03-06 18:49:00,22249,22255,random,test,66.01207744,56.42322,-9.588855851865233
13911,13971,2023-02-08 18:02:00,13965,13971,random,test,43.992,42.48761,-1.5043901367187473
4080,4098,2022-10-25 19:19:00,4092,4098,random,test,46.234,45.833637,-0.40036276245117364
9942,9984,2023-02-01 18:57:00,9978,9984,random,test,66.294,69.616554,3.3225542602539093
7428,7458,2023-01-28 18:50:00,7452,7458,random,test,45.88,44.2679,-1.61210144042969
17585,17675,2024-03-01 19:17:00,17669,17675,random,test,53.88854043,54.37007,0.48153098113281345
9426,9468,2023-02-01 17:49:00,9462,9468,random,test,54.022,57.03251,3.010508850097658
5627,5651,2022-10-26 19:01:00,5645,5651,random,test,45.467,49.899,4.431998260498048
2533,2545,2022-10-24 19:19:00,2539,2545,random,test,209.369,222.42708,13.058078247070313
25230,25350,2024-07-09 10:27:30,25344,25350,random,test,47.9547247057516,46.43194,-1.522786534364883
4455,4473,2022-10-25 19:58:00,4467,4473,random,test,34.257,36.18846,1.9314613037109396
25951,26071,2024-07-09 15:28:30,26065,26071,random,test,44.9678705497516,49.65164,4.683771295951523
14137,14197,2023-02-08 18:33:00,14191,14197,random,test,99.334,91.44838,-7.885620483398441
14934,15000,2023-12-21 10:32:44,14994,15000,random,test,217.100040939634,216.74348,-0.35655644256368646
9194,9236,2023-02-01 17:20:00,9230,9236,random,test,66.294,67.93446,1.6404635009765656
196,202,2022-10-22 18:20:00,196,202,random,test,39.39,38.16574,-1.2242590332031256
19438,19540,2024-03-03 12:55:00,19534,19540,random,test,62.75306211,62.304295,-0.44876752381836127
14618,14684,2023-12-21 09:20:44,14678,14684,random,test,142.012314815572,132.64151,-9.370804805806387
26470,26590,2024-07-09 17:43:40,26584,26590,random,test,46.0017816037516,45.002396,-0.9993859738687902
20735,20837,2024-03-03 16:52:00,20831,20837,random,test,233.6558258,274.29553,40.6397064265625
18129,18225,2024-03-02 17:34:00,18219,18225,random,test,134.4513993,160.39145,25.940049674609384
7690,7720,2023-01-28 19:28:00,7714,7720,random,test,40.098,43.014847,2.9168468017578135
16354,16432,2023-12-23 09:25:57,16426,16432,random,test,224.400222231572,237.68437,13.284149716670186
12033,12087,2023-02-07 16:57:00,12081,12087,random,test,48.771,45.039635,-3.731365295410157
20366,20468,2024-03-03 15:51:00,20462,20468,random,test,67.70676541,61.446312,-6.260453459316409
2171,2183,2022-10-24 18:44:00,2177,2183,random,test,71.958,72.05468,0.09667987060547034
16592,16676,2023-12-29 16:10:25,16670,16676,random,test,87.1304967425724,83.07406,-4.056438209857561
18190,18286,2024-03-02 17:43:00,18280,18286,random,test,66.40315928,58.625145,-7.778014321503903
22476,22584,2024-03-06 19:36:00,22578,22584,random,test,113.5937012,105.7267,-7.867001370898436
345,351,2022-10-22 18:35:00,345,351,random,test,39.39,36.46389,-2.926109924316407
18364,18460,2024-03-02 18:08:00,18454,18460,random,test,42.41680648,37.698746,-4.718060752460936
20084,20186,2024-03-03 15:10:00,20180,20186,random,test,62.49234089,65.56608,3.073737296035155
1045,1051,2022-10-22 19:47:00,1045,1051,random,test,34.67,35.92101,1.2510090637207014
24702,24816,2024-07-05 17:42:35,24810,24816,random,test,20.6135212777516,22.03283,1.419308006916367
17746,17836,2024-03-01 19:41:00,17830,17836,random,test,47.50087039,50.59848,3.097609834609372
1915,1927,2022-10-24 18:19:00,1921,1927,random,test,49.597,47.56982,-2.027179595947267
23951,24065,2024-07-05 15:21:40,24059,24065,random,test,21.3027953137516,25.093765,3.790969945037464
6210,6234,2022-10-26 20:07:00,6228,6234,random,test,95.971,95.90731,-0.06368951416015989
16528,16612,2023-12-29 16:00:45,16606,16612,random,test,95.4735759745724,89.67081,-5.802769089806773
26494,26614,2024-07-09 17:47:05,26608,26614,random,test,32.1014218777516,47.35417,15.25274987517809
9987,10029,2023-02-01 19:02:00,10023,10029,random,test,63.698,64.97517,1.2771663208007809
23382,23496,2024-07-05 10:58:20,23490,23496,random,test,25.7830765477516,28.260078,2.4770018824241795
23329,23443,2024-07-05 10:50:45,23437,23443,random,test,51.5159738917516,56.31967,4.8036977391077755
22498,22606,2024-03-06 19:39:00,22600,22606,random,test,52.32421307,58.22586,5.901647525703126
21007,21109,2024-03-03 17:33:00,21103,21109,random,test,46.71870671,57.203285,10.484578507285157
5393,5417,2022-10-26 18:27:00,5411,5417,random,test,39.567,43.625755,4.058755310058594
21370,21478,2024-03-06 16:52:00,21472,21478,random,test,83.61076019,74.33519,-9.275570370664056
6664,6688,2022-10-26 20:58:00,6682,6688,random,test,34.67,40.281883,5.611883239746092
775,781,2022-10-22 19:21:00,775,781,random,test,44.641,42.29412,-2.3468792114257795
2129,2141,2022-10-24 18:40:00,2135,2141,random,test,108.597,102.074455,-6.5225447387695255
9434,9476,2023-02-01 17:50:00,9470,9476,random,test,52.724,56.4806,3.7565984497070346
22487,22595,2024-03-06 19:37:00,22589,22595,random,test,71.09614134,59.331944,-11.764197828037112
5554,5578,2022-10-26 18:54:00,5572,5578,random,test,48.417,43.356346,-5.060653869628908
8447,8483,2023-01-30 18:21:00,8477,8483,random,test,50.6,49.54129,-1.0587097167968764
20926,21028,2024-03-03 17:21:00,21022,21028,random,test,161.0449643,160.81946,-0.22550629218750373
5165,5189,2022-10-26 18:05:00,5183,5189,random,test,35.614,33.663605,-1.9503952636718722
18276,18372,2024-03-02 17:55:00,18366,18372,random,test,65.88171682,47.955032,-17.92668447136718
1662,1668,2022-10-22 20:54:00,1662,1668,random,test,40.039,43.048203,3.009202514648436
18414,18510,2024-03-02 18:16:00,18504,18510,random,test,46.06690365,39.62854,-6.4383636109375
18470,18566,2024-03-02 18:24:00,18560,18566,random,test,37.07202135,47.760895,10.688873425390625
9733,9775,2023-02-01 18:26:00,9769,9775,random,test,53.668,54.35266,0.6846611328125007
17644,17734,2024-03-01 19:26:00,17728,17734,random,test,54.93142533,52.425663,-2.5057623356152376
6029,6053,2022-10-26 19:43:00,6047,6053,random,test,38.977,42.937347,3.9603474121093782
8648,8684,2023-01-30 18:45:00,8678,8684,random,test,74.554,71.54898,-3.005019287109377
674,680,2022-10-22 19:08:00,674,680,random,test,45.172,48.455685,3.2836846618652373
8497,8533,2023-01-30 18:27:00,8527,8533,random,test,92.608,91.27947,-1.3285276489257853
15318,15390,2023-12-22 09:23:38,15384,15390,random,test,132.104908227572,116.58265,-15.522258996614966
3778,3796,2022-10-25 18:48:00,3790,3796,random,test,37.502,36.969357,-0.5326434631347681
13387,13447,2023-02-08 16:53:00,13441,13447,random,test,28.947,29.819382,0.8723817138671883
7880,7916,2023-01-30 17:11:00,7910,7916,random,test,35.319,39.014713,3.695713287353513
16441,16525,2023-12-29 15:47:08,16519,16525,random,test,118.156322636572,108.29939,-9.856929936376687
16303,16381,2023-12-23 09:09:17,16375,16381,random,test,233.525465141572,238.67918,5.153718818388938
5853,5877,2022-10-26 19:24:00,5871,5877,random,test,54.317,48.846905,-5.470095245361328
25432,25552,2024-07-09 10:59:40,25546,25552,random,test,87.0135867457516,91.20526,4.191674484717154
6481,6505,2022-10-26 20:40:00,6499,6505,random,test,43.225,49.14951,5.924509429931639
17683,17773,2024-03-01 19:32:00,17767,17773,random,test,54.93142533,46.257027,-8.674398657636722
3789,3807,2022-10-25 18:49:00,3801,3807,random,test,60.571,63.098763,2.5277625122070333
2714,2726,2022-10-24 19:36:00,2720,2726,random,test,114.084,129.16884,15.08483850097656
15118,15184,2023-12-21 11:13:42,15178,15184,random,test,107.857834209572,100.97347,-6.884361614357161
26375,26495,2024-07-09 17:23:30,26489,26495,random,test,25.6681975417516,29.744186,4.075988859615588
16320,16398,2023-12-23 09:18:05,16392,16398,random,test,260.640472645572,234.05716,-26.58331322174388
10423,10471,2023-02-06 16:03:00,10465,10471,random,test,106.65,108.793274,2.1432739257812443
13235,13295,2023-02-08 16:33:00,13289,13295,random,test,30.835,37.627434,6.792433776855468
17121,17211,2024-03-01 18:10:00,17205,17211,random,test,44.11149445,49.66749,5.555993648144529
9197,9239,2023-02-01 17:20:00,9233,9239,random,test,65.468,65.83182,0.3638176269531215
18595,18691,2024-03-02 18:43:00,18685,18691,random,test,64.57811069,74.88229,10.304183011171872
21084,21186,2024-03-03 17:45:00,21180,21186,random,test,46.32762487,66.8901,20.562473701777343
18623,18719,2024-03-02 18:48:00,18713,18719,random,test,50.23844326,44.603584,-5.634858970449216
4059,4077,2022-10-25 19:17:00,4071,4077,random,test,41.927,40.79934,-1.1276607055664059
12263,12317,2023-02-07 17:26:00,12311,12317,random,test,58.152,60.128483,1.9764828186035146
16315,16393,2023-12-23 09:17:22,16387,16393,random,test,248.777643826511,247.7246,-1.0530497103000585
17776,17866,2024-03-01 19:45:00,17860,17866,random,test,46.84906733,46.267902,-0.5811649557324188
21134,21242,2024-03-06 16:17:00,21236,21242,random,test,108.5096373,83.75632,-24.75332016132812
14495,14555,2023-02-08 19:18:00,14549,14555,random,test,38.328,41.328056,3.000056335449216
5975,5999,2022-10-26 19:36:00,5993,5999,random,test,80.513,82.415825,1.9028248901367135
25406,25526,2024-07-09 10:56:05,25520,25526,random,test,75.2959281337516,68.16092,-7.135008944298477
21460,21568,2024-03-06 17:05:00,21562,21568,random,test,61.57981659,72.96268,11.382860411953125
6824,6854,2023-01-28 17:29:00,6848,6854,random,test,32.664,41.36058,8.696580444335936
491,497,2022-10-22 18:49:00,491,497,random,test,35.024,34.813423,-0.21057684326171966
14942,15008,2023-12-21 10:33:51,15002,15008,random,test,145.010608914572,152.42609,7.415477511209247
3362,3380,2022-10-25 18:01:00,3374,3380,random,test,39.921,43.3947,3.473699096679688
25861,25981,2024-07-09 15:07:55,25975,25981,random,test,24.8640444997516,24.152653,-0.7113917592730843
6946,6976,2023-01-28 17:44:00,6970,6976,random,test,35.26,45.572,10.311998596191408
905,911,2022-10-22 19:33:00,905,911,random,test,35.968,39.01246,3.0444588012695277
501,507,2022-10-22 18:50:00,501,507,random,test,35.024,36.512135,1.4881345520019522
23597,23711,2024-07-05 11:33:20,23705,23711,random,test,23.9450124517516,27.889912,3.9448991998597265
12547,12601,2023-02-07 18:03:00,12595,12601,random,test,41.042,41.396896,0.3548963623046859
2541,2553,2022-10-24 19:20:00,2547,2553,random,test,188.424,200.25429,11.830287719726556
3784,3802,2022-10-25 18:49:00,3796,3802,random,test,51.131,52.1417,1.010700744628906
17078,17168,2024-03-01 18:03:00,17162,17168,random,test,40.72211851,39.638237,-1.0838815104882826
15873,15945,2023-12-22 10:43:52,15939,15945,random,test,113.593701181572,113.29863,-0.29507142082981375
22133,22241,2024-03-06 18:47:00,22235,22241,random,test,52.84565552,52.573006,-0.27264984373046985
20736,20838,2024-03-03 16:52:00,20832,20838,random,test,200.2835088,233.43333,33.149825550585945
14095,14155,2023-02-08 18:27:00,14149,14155,random,test,58.742,49.11419,-9.627810852050779
1684,1690,2022-10-22 20:56:00,1684,1690,random,test,36.676,33.48386,-3.1921399841308613
8969,9005,2023-01-30 19:29:00,8999,9005,random,test,32.192,40.376198,8.184197814941406
3386,3404,2022-10-25 18:04:00,3398,3404,random,test,29.301,33.36039,4.059389709472658
9240,9282,2023-02-01 17:25:00,9276,9282,random,test,55.084,58.516266,3.432265869140622
16839,16929,2024-03-01 17:27:00,16923,16929,random,test,61.44945598,52.356617,-9.09283900612305
24615,24729,2024-07-05 17:30:00,24723,24729,random,test,37.1560981417516,29.257603,-7.898495450101208
2221,2233,2022-10-24 18:48:00,2227,2233,random,test,68.241,68.63786,0.39686315917968784
15662,15734,2023-12-22 10:13:29,15728,15734,random,test,151.137557725572,139.22632,-11.911239366197009
17942,18038,2024-03-02 17:07:00,18032,18038,random,test,42.28644587,54.94102,12.65457509557617
18722,18818,2024-03-02 19:02:00,18812,18818,random,test,66.40315928,61.72339,-4.679770608124997
3230,3242,2022-10-24 20:29:00,3236,3242,random,test,84.997,87.83397,2.8369691162109376
16263,16341,2023-12-23 08:55:49,16335,16341,random,test,227.919945746511,245.77487,17.854926079660885
4254,4272,2022-10-25 19:37:00,4266,4272,random,test,45.29,47.515327,2.225327453613282
1818,1830,2022-10-24 18:10:00,1824,1830,random,test,43.697,49.583115,5.886114624023435
7653,7683,2023-01-28 19:23:00,7677,7683,random,test,37.738,39.772533,2.0345334167480473
5252,5276,2022-10-26 18:14:00,5270,5276,random,test,30.599,31.534279,0.935278869628906
18651,18747,2024-03-02 18:52:00,18741,18747,random,test,50.49916449,54.07397,3.574806304677736
19931,20033,2024-03-03 14:48:00,20027,20033,random,test,96.64682149,93.05646,-3.5903639704687436
12799,12853,2023-02-07 18:33:00,12847,12853,random,test,40.098,41.36424,1.266238739013673
20750,20852,2024-03-03 16:55:00,20846,20852,random,test,226.2252838,155.54132,-70.68396299921875
23845,23959,2024-07-05 12:11:40,23953,23959,random,test,17.0522720917516,23.453136,6.4008643523401965
243,249,2022-10-22 18:25:00,243,249,random,test,39.213,41.044098,1.831097900390624
22615,22723,2024-03-06 19:56:00,22717,22723,random,test,61.84053782,57.5599,-4.280639443535158
22673,22781,2024-03-06 20:04:00,22775,22781,random,test,53.88854043,62.839104,8.95056326873047
9601,9643,2023-02-01 18:09:00,9637,9643,random,test,55.143,57.546432,2.403432495117187
3210,3222,2022-10-24 20:27:00,3216,3222,random,test,130.014,128.58005,-1.433952392578135
19955,20057,2024-03-03 14:51:00,20051,20057,random,test,60.27621046,61.965584,1.6893733412695298
13349,13409,2023-02-08 16:48:00,13403,13409,random,test,49.479,60.309326,10.830326171875
8832,8868,2023-01-30 19:12:00,8862,8868,random,test,90.425,106.218575,15.793574523925784
20629,20731,2024-03-03 16:29:00,20725,20731,random,test,136.2764478,137.06511,0.7886614529296878
14858,14924,2023-12-21 10:09:43,14918,14924,random,test,125.326156351572,118.02697,-7.299186441904027
10244,10286,2023-02-01 19:38:00,10280,10286,random,test,77.268,71.76687,-5.501131408691407
20218,20320,2024-03-03 15:30:00,20314,20320,random,test,86.7394149,78.6981,-8.041317670996094
7534,7564,2023-01-28 19:04:00,7558,7564,random,test,52.547,55.378754,2.831753662109378
10477,10525,2023-02-06 16:09:00,10519,10525,random,test,52.311,48.894375,-3.4166251525878906
6657,6681,2022-10-26 20:57:00,6675,6681,random,test,35.319,38.17511,2.8561098632812474
10430,10478,2023-02-06 16:04:00,10472,10478,random,test,53.137,73.84969,20.712693298339843
12416,12470,2023-02-07 17:46:00,12464,12470,random,test,41.75,46.671364,4.921363830566406
10936,10984,2023-02-06 17:08:00,10978,10984,random,test,39.98,50.98278,11.002780456542972
11681,11729,2023-02-06 18:40:00,11723,11729,random,test,36.499,38.12762,1.628620697021482
843,849,2022-10-22 19:28:00,843,849,random,test,38.623,36.690342,-1.932658050537107
14028,14088,2023-02-08 18:19:00,14082,14088,random,test,56.205,57.85701,1.6520098876953142
22697,22805,2024-03-06 20:08:00,22799,22805,random,test,52.45457368,47.710144,-4.744429637031253
6978,7008,2023-01-28 17:47:00,7002,7008,random,test,35.437,42.48034,7.043339050292971
7861,7897,2023-01-30 17:09:00,7891,7897,random,test,34.611,40.40558,5.794578613281253
6529,6553,2022-10-26 20:45:00,6547,6553,random,test,40.747,37.95542,-2.7915785522460936
25931,26051,2024-07-09 15:18:45,26045,26051,random,test,20.8432792897516,25.964325,5.1210456614202755
15211,15277,2023-12-21 11:29:03,15271,15277,random,test,114.897307311572,115.63203,0.7347193607912743
5549,5573,2022-10-26 18:54:00,5567,5573,random,test,53.727,48.618973,-5.108027221679684
20241,20343,2024-03-03 15:33:00,20337,20343,random,test,112.2900951,112.685486,0.39539073984374795
12268,12322,2023-02-07 17:26:00,12316,12322,random,test,66.471,56.355564,-10.115435882568363
12604,12658,2023-02-07 18:10:00,12652,12658,random,test,47.237,42.219208,-5.017792236328127
21420,21528,2024-03-06 16:59:00,21522,21528,random,test,55.71358901,58.369553,2.6559636023046878
18361,18457,2024-03-02 18:08:00,18451,18457,random,test,44.50257629,45.41877,0.9161935464257809
20739,20841,2024-03-03 16:53:00,20835,20841,random,test,177.991844,135.84233,-42.1495130673828
22712,22826,2024-07-05 09:14:35,22820,22826,random,test,15.6737240197516,19.761917,4.088193094506213
22120,22228,2024-03-06 18:45:00,22222,22228,random,test,52.71529491,57.33842,4.623125957919925
20479,20581,2024-03-03 16:07:00,20575,20581,random,test,138.8836601,131.892,-6.991661808984361
3402,3420,2022-10-25 18:05:00,3414,3420,random,test,29.124,28.822418,-0.3015817871093738
22802,22916,2024-07-05 09:30:55,22910,22916,random,test,38.7644042257516,26.19001,-12.574394154950816
17133,17223,2024-03-01 18:11:00,17217,17223,random,test,45.80618242,50.720707,4.914524519697267
3735,3753,2022-10-25 18:41:00,3747,3753,random,test,39.685,37.670654,-2.0143457031250023
13185,13239,2023-02-07 19:26:00,13233,13239,random,test,35.673,33.97537,-1.6976315002441424
2393,2405,2022-10-24 19:06:00,2399,2405,random,test,55.143,56.615982,1.4729820556640618
9213,9255,2023-02-01 17:22:00,9249,9255,random,test,54.848,59.306355,4.458354522705079
9201,9243,2023-02-01 17:20:00,9237,9243,random,test,63.521,65.40725,1.886249450683593
21878,21986,2024-03-06 18:09:00,21980,21986,random,test,57.53863759,60.1885,2.6498618606835933
22223,22331,2024-03-06 19:00:00,22325,22331,random,test,59.88512863,61.385098,1.4999688736621124
25994,26114,2024-07-09 15:46:15,26108,26114,random,test,78.5125403017516,50.26584,-28.246701678704724
19006,19102,2024-03-02 19:46:00,19096,19102,random,test,51.54204939,53.23532,1.6932716549218725
13736,13796,2023-02-08 17:36:00,13790,13796,random,test,51.78,48.600784,-3.1792156982421886
8957,8993,2023-01-30 19:28:00,8987,8993,random,test,36.145,34.568916,-1.5760836791992219
12854,12908,2023-02-07 18:40:00,12902,12908,random,test,44.228,47.380184,3.152184173583983
1569,1575,2022-10-22 20:45:00,1569,1575,random,test,37.207,36.978703,-0.22829745483398511
24095,24209,2024-07-05 15:46:45,24203,24209,random,test,27.0467456137516,34.359814,7.313068076433947
11250,11298,2023-02-06 17:46:00,11292,11298,random,test,107.535,99.42308,-8.111919555664059
7516,7546,2023-01-28 19:01:00,7540,7546,random,test,48.299,51.410004,3.1110036621093755
13811,13871,2023-02-08 17:45:00,13865,13871,random,test,76.206,69.34532,-6.860678344726566
13823,13883,2023-02-08 17:47:00,13877,13883,random,test,90.071,72.9041,-17.16690148925781
2760,2772,2022-10-24 19:41:00,2766,2772,random,test,115.618,115.22943,-0.388568847656245
6253,6277,2022-10-26 20:12:00,6271,6277,random,test,82.578,91.34544,8.767443725585935
25027,25147,2024-07-09 09:59:05,25141,25147,random,test,41.2917423577516,43.920624,2.628881421545273
25129,25249,2024-07-09 10:13:15,25243,25249,random,test,39.5685572677516,39.376392,-0.19216490324964752
23740,23854,2024-07-05 11:53:25,23848,23854,random,test,17.1671510977516,21.403458,4.236306543849963
6425,6449,2022-10-26 20:34:00,6443,6449,random,test,67.769,67.70324,-0.06576055908203671
5601,5625,2022-10-26 18:59:00,5619,5625,random,test,47.296,48.407238,1.1112380065917975
15376,15448,2023-12-22 09:32:21,15442,15448,random,test,115.549110376572,142.99258,27.443473851943622
15840,15912,2023-12-22 10:38:44,15906,15912,random,test,120.893895509572,112.69815,-8.19574487480638
3704,3722,2022-10-25 18:37:00,3716,3722,random,test,40.865,41.33879,0.4737908935546855
7916,7952,2023-01-30 17:15:00,7946,7952,random,test,38.446,42.42517,3.979170898437502
15726,15798,2023-12-22 10:22:32,15792,15798,random,test,119.199207540572,123.79886,4.599651102006121
26474,26594,2024-07-09 17:44:15,26588,26594,random,test,32.4460588957516,43.287468,10.84140906079137
3813,3831,2022-10-25 18:51:00,3825,3831,random,test,45.644,41.55629,-4.087710327148436
8765,8801,2023-01-30 19:01:00,8795,8801,random,test,86.177,77.81581,-8.361188842773444
10820,10868,2023-02-06 16:54:00,10862,10868,random,test,56.441,68.98923,12.548227294921872
7932,7968,2023-01-30 17:17:00,7962,7968,random,test,54.612,50.559578,-4.052422058105471
1512,1518,2022-10-22 20:38:00,1512,1518,random,test,32.192,38.240917,6.048917205810547
2229,2241,2022-10-24 18:49:00,2235,2241,random,test,64.819,58.07767,-6.741328948974612
17897,17987,2024-03-01 20:03:00,17981,17987,random,test,48.54375529,46.30026,-2.2434966535253906
4143,4161,2022-10-25 19:25:00,4155,4161,random,test,39.508,35.51879,-3.989208801269534
2564,2576,2022-10-24 19:22:00,2570,2576,random,test,102.461,109.42006,6.959059204101564
7586,7616,2023-01-28 19:15:00,7610,7616,random,test,33.608,38.842896,5.234895507812503
6494,6518,2022-10-26 20:41:00,6512,6518,random,test,49.892,47.443825,-2.4481752319335968
21458,21566,2024-03-06 17:05:00,21560,21566,random,test,63.14414395,66.41425,3.270109284863281
9115,9157,2023-02-01 17:10:00,9151,9157,random,test,61.574,61.042866,-0.5311342468261699
17890,17980,2024-03-01 20:02:00,17974,17980,random,test,87.39121797,60.53716,-26.854059003935546
23055,23169,2024-07-05 10:09:25,23163,23169,random,test,32.9055749197516,27.394566,-5.51100933747621
15091,15157,2023-12-21 11:06:44,15151,15157,random,test,102.252327850572,118.54294,16.290610381849874
20554,20656,2024-03-03 16:18:00,20650,20656,random,test,62.75306211,60.925526,-1.8275364447167988
19057,19153,2024-03-02 19:54:00,19147,19153,random,test,54.67070411,56.62213,1.9514272376562474
23397,23511,2024-07-05 11:00:25,23505,23511,random,test,26.5872295897516,29.595798,3.0085689026800395
21522,21630,2024-03-06 17:14:00,21624,21630,random,test,55.45286778,60.016754,4.563886370390627
5013,5037,2022-10-26 17:51:00,5031,5037,random,test,41.514,36.251717,-5.262283386230472
22137,22245,2024-03-06 18:48:00,22239,22245,random,test,52.45457368,51.27327,-1.1813040266796904
17559,17649,2024-03-01 19:14:00,17643,17649,random,test,50.89024633,56.629288,5.739041389726566
12967,13021,2023-02-07 18:54:00,13015,13021,random,test,37.502,37.053703,-0.4482966918945337
12343,12397,2023-02-07 17:38:00,12391,12397,random,test,36.676,41.529778,4.853777526855467
13626,13686,2023-02-08 17:23:00,13680,13686,random,test,37.089,41.754555,4.665554748535158
5513,5537,2022-10-26 18:50:00,5531,5537,random,test,48.181,45.674118,-2.50688195800781
18482,18578,2024-03-02 18:26:00,18572,18578,random,test,85.17508755,79.96541,-5.209679224804688
25445,25565,2024-07-09 11:01:25,25559,25565,random,test,57.4896822037516,69.822174,12.332491868514026
1457,1463,2022-10-22 20:33:00,1457,1463,random,test,34.198,39.752045,5.554044677734375
22747,22861,2024-07-05 09:23:10,22855,22861,random,test,17.6266671217516,18.088398,0.4617308579847297
20290,20392,2024-03-03 15:40:00,20386,20392,random,test,95.86465781,101.49013,5.625469753476565
17139,17229,2024-03-01 18:12:00,17223,17229,random,test,49.71700081,47.23965,-2.4773500836816424
8018,8054,2023-01-30 17:27:00,8048,8054,random,test,43.638,44.251034,0.6130337829589863
18127,18223,2024-03-02 17:33:00,18217,18223,random,test,107.7274736,116.80491,9.07743515244141
4659,4683,2022-10-26 17:17:00,4677,4683,random,test,34.434,30.182796,-4.251203521728513
9530,9572,2023-02-01 18:01:00,9566,9572,random,test,52.724,56.89998,4.175978637695316
9861,9903,2023-02-01 18:46:00,9897,9903,random,test,71.899,76.28333,4.38433282470703
14878,14944,2023-12-21 10:12:28,14938,14944,random,test,107.336391757572,106.31264,-1.0237544284704398
23067,23181,2024-07-05 10:11:00,23175,23181,random,test,22.7962223917516,24.518188,1.7219660848109015
13124,13178,2023-02-07 19:16:00,13172,13178,random,test,35.201,38.932976,3.7319757690429682
11919,11973,2023-02-07 16:42:00,11967,11973,random,test,45.939,41.689713,-4.249287475585938
13909,13969,2023-02-08 18:02:00,13963,13969,random,test,39.095,39.307457,0.2124569702148449
18346,18442,2024-03-02 18:05:00,18436,18442,random,test,66.14243805,65.130646,-1.0117922980468705
12845,12899,2023-02-07 18:39:00,12893,12899,random,test,35.85,41.433918,5.583917999267577
7249,7279,2023-01-28 18:24:00,7273,7279,random,test,49.184,40.592484,-8.591516479492185
13712,13772,2023-02-08 17:33:00,13766,13772,random,test,44.936,46.18579,1.249791015625
7840,7876,2023-01-30 17:06:00,7870,7876,random,test,40.098,41.321053,1.2230525512695323
19899,20001,2024-03-03 14:11:00,19995,20001,random,test,59.10296495,58.659573,-0.4433923486816411
5006,5030,2022-10-26 17:50:00,5024,5030,random,test,36.735,42.467926,5.732926025390626
12034,12088,2023-02-07 16:57:00,12082,12088,random,test,44.641,44.592484,-0.04851647949218574
13371,13431,2023-02-08 16:51:00,13425,13431,random,test,26.528,31.00879,4.480789062500001
10356,10398,2023-02-01 19:53:00,10392,10398,random,test,64.583,68.07248,3.4894792480468766
4438,4456,2022-10-25 19:56:00,4450,4456,random,test,32.192,29.402561,-2.7894388122558595
2982,2994,2022-10-24 20:05:00,2988,2994,random,test,124.232,125.06465,0.8326514892578132
25375,25495,2024-07-09 10:51:45,25489,25495,random,test,29.3443257337516,30.547382,1.2030566209847287
23175,23289,2024-07-05 10:26:35,23283,23289,random,test,25.8979555537516,26.168945,0.27098975874839937
8483,8519,2023-01-30 18:25:00,8513,8519,random,test,53.137,67.117805,13.98080548095703
13141,13195,2023-02-07 19:21:00,13189,13195,random,test,32.664,38.84426,6.180261169433592
25144,25264,2024-07-09 10:15:30,25258,25264,random,test,37.8453721777516,51.419796,13.574423812238635
23628,23742,2024-07-05 11:37:45,23736,23742,random,test,16.7076350737516,23.998302,7.290667385965197
18014,18110,2024-03-02 17:17:00,18104,18110,random,test,49.84736142,46.891365,-2.9559963687304673
21631,21739,2024-03-06 17:31:00,21733,21739,random,test,171.0827315,172.78156,1.6988236757812558
14542,14602,2023-02-08 19:24:00,14596,14602,random,test,40.983,39.3627,-1.620298583984372
19372,19474,2024-03-03 12:45:00,19468,19474,random,test,106.0327856,89.32091,-16.71187800722656
7278,7308,2023-01-28 18:27:00,7302,7308,random,test,52.075,49.650303,-2.424697113037112
640,646,2022-10-22 19:05:00,640,646,random,test,41.632,43.75412,2.122119873046877
22388,22496,2024-03-06 19:23:00,22490,22496,random,test,55.19214656,51.08673,-4.105415602968748
5501,5525,2022-10-26 18:49:00,5519,5525,random,test,33.372,39.287167,5.9151665954589845
9296,9338,2023-02-01 17:32:00,9332,9338,random,test,55.969,62.186947,6.217946868896483
5199,5223,2022-10-26 18:09:00,5217,5223,random,test,35.319,33.079773,-2.2392270507812526
17566,17656,2024-03-01 19:15:00,17650,17656,random,test,55.5832284,54.72871,-0.8545182254394561
7738,7768,2023-01-28 19:34:00,7762,7768,random,test,48.24,48.192806,-0.047193756103517615
7095,7125,2023-01-28 18:03:00,7119,7125,random,test,70.837,58.491756,-12.345243560791019
9579,9621,2023-02-01 18:07:00,9615,9621,random,test,60.866,61.652527,0.7865268554687503
17441,17531,2024-03-01 18:57:00,17525,17531,random,test,70.7050595,91.48936,20.784297494628902
19351,19453,2024-03-03 12:42:00,19447,19453,random,test,48.02231284,48.428703,0.40639046810547086
15786,15858,2023-12-22 10:31:05,15852,15858,random,test,153.875130598572,143.88039,-9.994744246032951
24415,24529,2024-07-05 17:01:25,24523,24529,random,test,47.4952086817516,32.648354,-14.846855105091443
25916,26036,2024-07-09 15:15:50,26030,26036,random,test,21.4176743197516,21.955551,0.5378768277093364
6826,6856,2023-01-28 17:29:00,6850,6856,random,test,32.841,37.778027,4.937026580810546
7474,7504,2023-01-28 18:56:00,7498,7504,random,test,52.37,51.710594,-0.6594058227539037
17394,17484,2024-03-01 18:50:00,17478,17484,random,test,68.22820786,64.35969,-3.8685200548242165
4724,4748,2022-10-26 17:23:00,4742,4748,random,test,27.354,29.981796,2.6277962646484383
9535,9577,2023-02-01 18:01:00,9571,9577,random,test,55.32,61.6564,6.336398773193359
1215,1221,2022-10-22 20:07:00,1215,1221,random,test,62.105,60.137062,-1.9679379272460906
12368,12422,2023-02-07 17:41:00,12416,12422,random,test,33.785,41.654762,7.86976226806641
10882,10930,2023-02-06 17:01:00,10924,10930,random,test,64.878,68.89874,4.02074267578125
14898,14964,2023-12-21 10:18:22,14958,14964,random,test,147.748181787572,140.22382,-7.524365869603258
20158,20260,2024-03-03 15:20:00,20254,20260,random,test,95.99501843,78.26168,-17.733337826972658
20651,20753,2024-03-03 16:32:00,20747,20753,random,test,109.6828828,107.206696,-2.4761872433593766
474,480,2022-10-22 18:47:00,474,480,random,test,37.62,39.229523,1.6095227050781276
16827,16917,2024-03-01 17:26:00,16911,16917,random,test,36.28985767,42.848293,6.558435634443356
15508,15580,2023-12-22 09:51:21,15574,15580,random,test,118.156322636572,104.549324,-13.606998600927469
25683,25803,2024-07-09 12:04:35,25797,25803,random,test,58.4087142517516,55.158764,-3.2499503662535503
15389,15461,2023-12-22 09:34:16,15455,15461,random,test,140.839069298572,130.86232,-9.976749352282951
22312,22420,2024-03-06 19:12:00,22414,22420,random,test,54.54034349,56.142765,1.6024215551660177
19537,19639,2024-03-03 13:10:00,19633,19639,random,test,97.03790333,97.520706,0.4828028467578065
6974,7004,2023-01-28 17:47:00,6998,7004,random,test,36.676,42.105354,5.429354309082029
9515,9557,2023-02-01 17:59:00,9551,9557,random,test,54.022,53.631836,-0.39016406249999847
23194,23308,2024-07-05 10:29:50,23302,23308,random,test,23.2557384157516,26.677467,3.421728930439805
10709,10757,2023-02-06 16:38:00,10751,10757,random,test,38.977,39.27471,0.297711608886722
14227,14287,2023-02-08 18:45:00,14281,14287,random,test,87.357,85.46945,-1.8875480957031243
19776,19878,2024-03-03 13:48:00,19872,19878,random,test,65.09955315,66.661766,1.5622129022460882
6498,6522,2022-10-26 20:41:00,6516,6522,random,test,46.765,48.339478,1.5744775390624994
17691,17781,2024-03-01 19:33:00,17775,17781,random,test,82.04643284,63.294334,-18.7520984283789
3451,3469,2022-10-25 18:10:00,3463,3469,random,test,27.118,27.691654,0.5736542053222671
20320,20422,2024-03-03 15:44:00,20416,20422,random,test,68.09784724,62.43424,-5.663608806162102
17707,17797,2024-03-01 19:35:00,17791,17797,random,test,51.41168878,52.76063,1.3489427812792982
9002,9038,2023-01-30 19:33:00,9032,9038,random,test,34.434,34.432156,-0.0018443908691381239
21836,21944,2024-03-06 18:03:00,21938,21944,random,test,59.6244074,51.359936,-8.264471639501956
21921,22029,2024-03-06 18:15:00,22023,22029,random,test,50.6295251,55.52308,4.893553818457029
230,236,2022-10-22 18:23:00,230,236,random,test,30.127,30.280682,0.15368161010742298
5771,5795,2022-10-26 19:16:00,5789,5795,random,test,40.629,44.410637,3.781636901855471
19395,19497,2024-03-03 12:49:00,19491,19497,random,test,68.6192897,67.15739,-1.4619029202148397
24084,24198,2024-07-05 15:45:05,24192,24198,random,test,23.9450124517516,26.327442,2.3824297174378515
8492,8528,2023-01-30 18:26:00,8522,8528,random,test,65.645,71.03067,5.385670166015629
9922,9964,2023-02-01 18:54:00,9958,9964,random,test,72.371,67.10655,-5.264447875976558
1664,1670,2022-10-22 20:54:00,1664,1670,random,test,44.11,48.53823,4.428230895996094
3050,3062,2022-10-24 20:11:00,3056,3062,random,test,155.325,165.5889,10.263897705078136
16466,16550,2023-12-29 15:51:30,16544,16550,random,test,121.154616735572,154.64655,33.491928674584244
2762,2774,2022-10-24 19:41:00,2768,2774,random,test,103.169,111.38379,8.214789062500003
22941,23055,2024-07-05 09:53:40,23049,23055,random,test,18.2010621517516,20.460056,2.2589941531800406
25640,25760,2024-07-09 11:51:15,25754,25760,random,test,29.2294467277516,88.92154,59.692092578889024
18059,18155,2024-03-02 17:23:00,18149,18155,random,test,42.02572464,45.271797,3.2460725401757813
23967,24081,2024-07-05 15:23:55,24075,24081,random,test,20.8432792897516,23.37286,2.529580665082385
3111,3123,2022-10-24 20:18:00,3117,3123,random,test,172.14,170.7489,-1.3910986328124864
21755,21863,2024-03-06 17:49:00,21857,21863,random,test,147.2267393,234.18655,86.95981465507813
3686,3704,2022-10-25 18:35:00,3698,3704,random,test,64.229,56.967896,-7.261104492187499
2168,2180,2022-10-24 18:44:00,2174,2180,random,test,71.368,63.10041,-8.267589538574214
22645,22753,2024-03-06 20:00:00,22747,22753,random,test,52.97601614,52.553993,-0.42202291490234245
1804,1816,2022-10-24 18:09:00,1810,1816,random,test,39.095,45.478645,6.383645324707032
26209,26329,2024-07-09 16:37:25,26323,26329,random,test,135.607406283752,168.60631,32.99890169964644
17388,17478,2024-03-01 18:49:00,17472,17478,random,test,58.45116188,64.277756,5.826593857304687
4068,4086,2022-10-25 19:18:00,4080,4086,random,test,41.396,34.877007,-6.518993469238282
10299,10341,2023-02-01 19:46:00,10335,10341,random,test,71.132,69.04805,-2.0839500732421925
19131,19227,2024-03-02 20:05:00,19221,19227,random,test,67.83712602,65.65933,-2.1777937446093745
7870,7906,2023-01-30 17:10:00,7900,7906,random,test,37.561,38.878326,1.317326416015625
18402,18498,2024-03-02 18:14:00,18492,18498,random,test,45.67582181,49.080547,3.4047255227636697
3901,3919,2022-10-25 19:00:00,3913,3919,random,test,57.503,59.401287,1.8982870788574218
17979,18075,2024-03-02 17:12:00,18069,18075,random,test,48.93483713,54.317722,5.382885190556642
733,739,2022-10-22 19:15:00,733,739,random,test,53.963,52.404762,-1.5582377319335947
24020,24134,2024-07-05 15:33:55,24128,24134,random,test,26.2425925717516,26.551731,0.30913853786753975
24816,24936,2024-07-09 09:25:10,24930,24936,random,test,19.4647312177516,21.742428,2.277696608176136
19831,19933,2024-03-03 13:56:00,19927,19933,random,test,128.3244505,129.24992,0.9254732060546758
25194,25314,2024-07-09 10:22:30,25308,25314,random,test,59.4426253057516,50.28645,-9.156175873378551
16414,16492,2023-12-23 09:39:01,16486,16492,random,test,174.732828678572,185.92279,11.189961848771759
866,872,2022-10-22 19:30:00,866,872,random,test,40.039,40.402092,0.36309197998046727
4580,4604,2022-10-26 17:10:00,4598,4604,random,test,25.82,26.351078,0.5310780334472653
13524,13584,2023-02-08 17:10:00,13578,13584,random,test,41.986,42.9365,0.9505005493164091
18469,18565,2024-03-02 18:24:00,18559,18565,random,test,39.548873,48.14008,8.591206498291015
9586,9628,2023-02-01 18:07:00,9622,9628,random,test,78.979,69.067604,-9.911395935058593
12359,12413,2023-02-07 17:39:00,12407,12413,random,test,39.744,48.932423,9.188422637939453
19304,19406,2024-03-03 12:36:00,19400,19406,random,test,70.96578073,63.772743,-7.19303750490235
16171,16249,2023-12-23 08:30:13,16243,16249,random,test,256.208224839634,283.85168,27.6434597306785
9362,9404,2023-02-01 17:39:00,9398,9404,random,test,55.379,57.34784,1.9688393554687522
21832,21940,2024-03-06 18:02:00,21934,21940,random,test,44.76329752,53.171993,8.408695735615233
14048,14108,2023-02-08 18:22:00,14102,14108,random,test,56.087,54.725655,-1.361345397949222
16008,16086,2023-12-23 06:49:42,16080,16086,random,test,262.465508191511,275.5669,13.101386339739008
312,318,2022-10-22 18:32:00,312,318,random,test,34.434,29.788162,-4.645837768554685
11608,11656,2023-02-06 18:31:00,11650,11656,random,test,99.688,112.754196,13.066196166992185
18933,19029,2024-03-02 19:35:00,19023,19029,random,test,59.36368617,70.16607,10.802382860761718
19082,19178,2024-03-02 19:58:00,19172,19178,random,test,54.27962227,50.29869,-3.98093147410156
18419,18515,2024-03-02 18:17:00,18509,18515,random,test,47.631231,52.266174,4.63494331640625
20414,20516,2024-03-03 15:58:00,20510,20516,random,test,64.05666824,74.61273,10.556063693593757
23902,24016,2024-07-05 12:28:25,24010,24016,random,test,22.2218273617516,25.385807,3.163979675601915
8037,8073,2023-01-30 17:30:00,8067,8073,random,test,39.803,47.32113,7.5181288452148465
26285,26405,2024-07-09 17:09:45,26399,26405,random,test,30.2633577817516,37.896664,7.633305884019883
23035,23149,2024-07-05 10:06:40,23143,23149,random,test,29.4592047397516,34.319786,4.860581332025745
21999,22107,2024-03-06 18:26:00,22101,22107,random,test,66.53351989,70.807,4.273479316542975
21680,21788,2024-03-06 17:39:00,21782,21788,random,test,124.1529108,96.89241,-27.26050052167969
16876,16966,2024-03-01 17:33:00,16960,16966,random,test,77.48381138,91.157974,13.674162863164057
17445,17535,2024-03-01 18:57:00,17529,17535,random,test,53.6278192,57.31623,3.6884115739257837
21779,21887,2024-03-06 17:54:00,21881,21887,random,test,80.22138425,88.794815,8.573430813476563
23731,23845,2024-07-05 11:52:05,23839,23845,random,test,25.2086815177516,29.88689,4.678208893625353
10229,10271,2023-02-01 19:36:00,10265,10271,random,test,63.816,64.846306,1.0303058471679662
3027,3039,2022-10-24 20:09:00,3033,3039,random,test,198.808,192.15894,-6.649064453124993
4894,4918,2022-10-26 17:39:00,4912,4918,random,test,37.974,38.48987,0.5158681640625034
20088,20190,2024-03-03 15:10:00,20184,20190,random,test,88.6948241,77.82724,-10.86758410976563
3470,3488,2022-10-25 18:12:00,3482,3488,random,test,28.298,29.484253,1.1862529296875017
20887,20989,2024-03-03 17:15:00,20983,20989,random,test,92.21456065,88.48653,-3.728034160742183
14634,14700,2023-12-21 09:23:50,14694,14700,random,test,247.082981929634,229.29831,-17.784672603462127
9406,9448,2023-02-01 17:46:00,9442,9448,random,test,54.081,55.105026,1.0240262451171844
4707,4731,2022-10-26 17:22:00,4725,4731,random,test,23.283,26.11604,2.8330392761230456
19598,19700,2024-03-03 13:19:00,19694,19700,random,test,75.00695973,70.61044,-4.3965166147656305
11230,11278,2023-02-06 17:44:00,11272,11278,random,test,58.093,57.45253,-0.640470092773441
10037,10079,2023-02-01 19:08:00,10073,10079,random,test,65.645,67.20321,1.5582089233398477
19502,19604,2024-03-03 13:04:00,19598,19604,random,test,61.97089843,63.586586,1.615687568535158
20291,20393,2024-03-03 15:40:00,20387,20393,random,test,85.17508755,86.32422,1.1491311999999994
9728,9770,2023-02-01 18:26:00,9764,9770,random,test,53.078,57.769516,4.6915159912109345
4972,4996,2022-10-26 17:47:00,4990,4996,random,test,32.369,36.734867,4.365867095947266
23682,23796,2024-07-05 11:45:15,23790,23796,random,test,33.5948489557516,27.652855,-5.9419940363180075
13542,13602,2023-02-08 17:13:00,13596,13602,random,test,38.505,41.122124,2.617123718261716
15709,15781,2023-12-22 10:20:09,15775,15781,random,test,139.796184394572,141.37384,1.577655937459241
20014,20116,2024-03-03 15:00:00,20110,20116,random,test,81.52499038,75.45141,-6.073581993769537
6271,6295,2022-10-26 20:15:00,6289,6295,random,test,69.185,66.592255,-2.5927453613281273
14354,14414,2023-02-08 19:01:00,14408,14414,random,test,60.453,65.03533,4.582331726074216
6939,6969,2023-01-28 17:43:00,6963,6969,random,test,46.234,47.140926,0.9069263610839826
4739,4763,2022-10-26 17:25:00,4757,4763,random,test,24.876,29.331028,4.455027984619139
7542,7572,2023-01-28 19:05:00,7566,7572,random,test,72.43,71.50319,-0.9268109130859443
17436,17526,2024-03-01 18:56:00,17520,17526,random,test,134.9728417,87.85959,-47.11325307695313
3023,3035,2022-10-24 20:09:00,3029,3035,random,test,177.863,189.32323,11.460226928710938
5414,5438,2022-10-26 18:29:00,5432,5438,random,test,33.49,35.083237,1.5932366943359355
13553,13613,2023-02-08 17:14:00,13607,13613,random,test,36.204,35.016464,-1.1875357666015631
18282,18378,2024-03-02 17:56:00,18372,18378,random,test,42.93824894,46.20954,3.27129238080078
20126,20228,2024-03-03 15:16:00,20222,20228,random,test,57.79935882,60.99549,3.1961322078320293
13040,13094,2023-02-07 19:04:00,13088,13094,random,test,36.204,41.421013,5.217012878417968
13512,13572,2023-02-08 17:09:00,13566,13572,random,test,39.921,41.71639,1.7953887023925788
3547,3565,2022-10-25 18:20:00,3559,3565,random,test,38.269,37.28708,-0.9819211425781234
3710,3728,2022-10-25 18:38:00,3722,3728,random,test,36.971,37.291252,0.3202521362304722
10069,10111,2023-02-01 19:13:00,10105,10111,random,test,62.4,63.062035,0.6620346069335952
23436,23550,2024-07-05 11:06:10,23544,23550,random,test,40.4875893157516,44.271843,3.78425364079137
9831,9873,2023-02-01 18:41:00,9867,9873,random,test,59.332,62.968872,3.6368720703124993
21617,21725,2024-03-06 17:29:00,21719,21725,random,test,103.0344915,112.41374,9.379250565429686
752,758,2022-10-22 19:18:00,752,758,random,test,52.606,53.140984,0.5349835815429671
21897,22005,2024-03-06 18:11:00,21999,22005,random,test,52.97601614,54.579178,1.6031617164453138
1483,1489,2022-10-22 20:35:00,1483,1489,random,test,44.228,43.702477,-0.5255234985351578
8932,8968,2023-01-30 19:25:00,8962,8968,random,test,40.098,36.127377,-3.9706234436035146
4788,4812,2022-10-26 17:29:00,4806,4812,random,test,28.534,34.276398,5.742397705078126
6802,6832,2023-01-28 17:26:00,6826,6832,random,test,31.602,37.703186,6.10118603515625
6562,6586,2022-10-26 20:48:00,6580,6586,random,test,52.724,47.54342,-5.180581115722653
24471,24585,2024-07-05 17:09:20,24579,24585,random,test,25.8979555537516,27.112164,1.2142079899495712
18894,18990,2024-03-02 19:29:00,18984,18990,random,test,58.06008004,56.838974,-1.221106040976565
10611,10659,2023-02-06 16:26:00,10653,10659,random,test,106.827,99.5439,-7.283100463867186
25185,25305,2024-07-09 10:21:15,25299,25305,random,test,59.6723833177516,59.9722,0.29981516857652224
6179,6203,2022-10-26 20:04:00,6197,6203,random,test,87.062,75.1441,-11.917903625488279
19720,19822,2024-03-03 13:38:00,19816,19822,random,test,96.7771821,97.51603,0.7388472579101517
8156,8192,2023-01-30 17:44:00,8186,8192,random,test,59.273,55.455776,-3.817223785400394
20596,20698,2024-03-03 16:24:00,20692,20698,random,test,57.01719514,56.175926,-0.8412689315039046
22342,22450,2024-03-06 19:17:00,22444,22450,random,test,67.96748663,65.84724,-2.120249996699215
17557,17647,2024-03-01 19:13:00,17641,17647,random,test,57.6689982,58.000023,0.33102468818359654
14503,14563,2023-02-08 19:20:00,14557,14563,random,test,54.081,46.334717,-7.746283203125003
17097,17187,2024-03-01 18:06:00,17181,17187,random,test,39.41851238,41.981857,2.5633449198046847
22664,22772,2024-03-06 20:03:00,22766,22772,random,test,55.06178594,58.091713,3.029927011660156
10904,10952,2023-02-06 17:04:00,10946,10952,random,test,47.886,44.52881,-3.357191406250003
19396,19498,2024-03-03 12:49:00,19492,19498,random,test,89.99843023,80.19326,-9.805170037128903
13103,13157,2023-02-07 19:11:00,13151,13157,random,test,33.431,38.98918,5.55818151855469
8840,8876,2023-01-30 19:14:00,8870,8876,random,test,85.469,76.06013,-9.408872741699213
7317,7347,2023-01-28 18:32:00,7341,7347,random,test,40.629,41.45613,0.8271309814453147
9419,9461,2023-02-01 17:48:00,9455,9461,random,test,54.789,58.022854,3.233853851318358
22845,22959,2024-07-05 09:39:20,22953,22959,random,test,24.0598914577516,20.465656,-3.5942351772340224
25016,25136,2024-07-09 09:57:35,25130,25136,random,test,57.6045612097516,58.129402,0.5248409508929299
12471,12525,2023-02-07 17:54:00,12519,12525,random,test,28.475,32.99278,4.5177787780761705
18843,18939,2024-03-02 19:21:00,18933,18939,random,test,57.40827698,65.02544,7.617159421367191
15418,15490,2023-12-22 09:38:26,15484,15490,random,test,148.399984852572,146.47513,-1.924856678743879
9373,9415,2023-02-01 17:42:00,9409,9415,random,test,66.353,58.031986,-8.321013763427729
11651,11699,2023-02-06 18:36:00,11693,11699,random,test,43.933,47.0801,3.147101013183594
11352,11400,2023-02-06 17:59:00,11394,11400,random,test,71.014,72.167854,1.1538543090820355
3308,3320,2022-10-24 20:36:00,3314,3320,random,test,172.671,175.83301,3.1620078125000077
19317,19419,2024-03-03 12:38:00,19413,19419,random,test,54.93142533,53.43562,-1.4958059757519564
7175,7205,2023-01-28 18:13:00,7199,7205,random,test,60.807,51.642212,-9.164788085937502
21669,21777,2024-03-06 17:37:00,21771,21777,random,test,67.83712602,63.56576,-4.27136445383789
13137,13191,2023-02-07 19:20:00,13185,13191,random,test,34.611,39.049168,4.4381676330566435
19148,19244,2024-03-02 20:07:00,19238,19244,random,test,54.14926165,54.845566,0.6963041458984378
20237,20339,2024-03-03 15:32:00,20333,20339,random,test,243.5632193,253.03625,9.473035582812514
20955,21057,2024-03-03 17:26:00,21051,21057,random,test,151.5286396,164.64656,13.117921068945321
24580,24694,2024-07-05 17:25:00,24688,24694,random,test,101.028825477752,90.87119,-10.157632545623088
12315,12369,2023-02-07 17:34:00,12363,12369,random,test,55.202,53.516037,-1.6859630126953107
5478,5502,2022-10-26 18:36:00,5496,5502,random,test,33.608,39.834976,6.2269761962890655
16758,16842,2023-12-29 16:33:07,16836,16842,random,test,88.3037422595724,91.59263,3.288886219431504
14856,14922,2023-12-21 10:09:26,14916,14922,random,test,122.588583478572,124.91409,2.32550953900612
13898,13958,2023-02-08 18:00:00,13952,13958,random,test,39.626,41.402557,1.7765573730468773
15276,15348,2023-12-22 09:17:48,15342,15348,random,test,134.060317422572,130.28978,-3.770537759486075
11355,11403,2023-02-06 17:59:00,11397,11403,random,test,55.674,66.65778,10.983783508300782
4413,4431,2022-10-25 19:53:00,4425,4431,random,test,39.567,35.263523,-4.3034768981933595
18109,18205,2024-03-02 17:31:00,18199,18205,random,test,51.93313123,50.346016,-1.5871152998242195
9939,9981,2023-02-01 18:57:00,9975,9981,random,test,83.227,79.17872,-4.048281433105473
22908,23022,2024-07-05 09:48:30,23016,23022,random,test,18.3159411577516,20.254696,1.9387547345823855
11765,11813,2023-02-06 18:50:00,11807,11813,random,test,50.364,50.741364,0.3773635253906278
20136,20238,2024-03-03 15:17:00,20232,20238,random,test,64.05666824,64.086006,0.029337924550787875
5523,5547,2022-10-26 18:51:00,5541,5547,random,test,49.479,54.64489,5.1658898315429695
20009,20111,2024-03-03 14:59:00,20105,20111,random,test,70.31397767,69.58231,-0.7316641324023436
11140,11188,2023-02-06 17:33:00,11182,11188,random,test,40.806,35.963154,-4.842846160888669
19779,19881,2024-03-03 13:48:00,19875,19881,random,test,57.01719514,60.01988,3.0026832474511735
13047,13101,2023-02-07 19:04:00,13095,13101,random,test,33.372,41.164116,7.792115905761719
1661,1667,2022-10-22 20:54:00,1661,1667,random,test,39.803,41.63891,1.8359083862304715
17409,17499,2024-03-01 18:52:00,17493,17499,random,test,55.5832284,52.925594,-2.6576340701660186
23295,23409,2024-07-05 10:44:40,23403,23409,random,test,23.4854964277516,35.217457,11.731960389875354
12377,12431,2023-02-07 17:42:00,12425,12431,random,test,42.34,38.58349,-3.7565115356445347
5780,5804,2022-10-26 19:17:00,5798,5804,random,test,45.88,50.090157,4.210156555175779
25624,25744,2024-07-09 11:45:45,25738,25744,random,test,51.9754899157516,56.534637,4.559147535420273
14081,14141,2023-02-08 18:26:00,14135,14141,random,test,39.685,47.323063,7.638062896728513
23921,24035,2024-07-05 12:31:15,24029,24035,random,test,24.7491654937516,24.507324,-0.24184127500160102
2153,2165,2022-10-24 18:42:00,2159,2165,random,test,58.683,61.49036,2.807360260009766
21268,21376,2024-03-06 16:37:00,21370,21376,random,test,73.31227176,74.2615,0.9492257375585922
2974,2986,2022-10-24 20:04:00,2980,2986,random,test,92.372,82.89738,-9.474622985839844
21651,21759,2024-03-06 17:34:00,21753,21759,random,test,169.909486,210.14404,40.23455696875001
2136,2148,2022-10-24 18:41:00,2142,2148,random,test,70.719,87.704796,16.98579583740235
16987,17077,2024-03-01 17:49:00,17071,17077,random,test,83.35003897,78.10081,-5.249231780058594
26438,26558,2024-07-09 17:39:05,26552,26558,random,test,63.3485115097516,71.433105,8.084593958998397
3142,3154,2022-10-24 20:21:00,3148,3154,random,test,252.793,254.06241,1.2694084472656186
14811,14877,2023-12-21 10:03:08,14871,14877,random,test,110.334685856572,110.80262,0.4679340775100371
13888,13948,2023-02-08 17:58:00,13942,13948,random,test,59.214,58.63795,-0.5760491027832018
9932,9974,2023-02-01 18:56:00,9968,9974,random,test,68.3,68.51191,0.2119094848632841
11511,11559,2023-02-06 18:19:00,11553,11559,random,test,85.587,87.26575,1.6787470703124967
3885,3903,2022-10-25 18:58:00,3897,3903,random,test,59.568,56.140568,-3.427432220458982
536,542,2022-10-22 18:53:00,536,542,random,test,33.431,34.19464,0.7636411132812526
1113,1119,2022-10-22 19:57:00,1113,1119,random,test,47.473,41.525406,-5.9475941162109365
24708,24822,2024-07-05 17:43:30,24816,24822,random,test,37.6156141657516,32.103138,-5.5124761957808985
22828,22942,2024-07-05 09:36:05,22936,22942,random,test,19.8093682357516,22.606384,2.7970160415921512
17925,18021,2024-03-02 17:04:00,18015,18021,random,test,117.6348802,57.60529,-60.02959074077148
25247,25367,2024-07-09 10:29:55,25361,25367,random,test,76.7893552117516,56.697567,-20.091788225667614
2907,2919,2022-10-24 19:57:00,2913,2919,random,test,256.923,242.58563,-14.337367675781252
26283,26403,2024-07-09 17:09:25,26397,26403,random,test,27.0467456137516,31.809155,4.762408896746447
16277,16355,2023-12-23 09:01:43,16349,16355,random,test,221.141206906572,228.80959,7.668378664717068
17346,17436,2024-03-01 18:42:00,17430,17436,random,test,87.26085736,83.05093,-4.209931151503909
6812,6842,2023-01-28 17:27:00,6836,6842,random,test,30.304,30.953754,0.6497544250488296
4106,4124,2022-10-25 19:22:00,4118,4124,random,test,39.567,41.791046,2.224046142578125
16259,16337,2023-12-23 08:55:17,16331,16337,random,test,253.731360156572,266.87488,13.14351777311549
22654,22762,2024-03-06 20:02:00,22756,22762,random,test,50.6295251,49.34967,-1.2798546898437522
11507,11555,2023-02-06 18:19:00,11549,11555,random,test,109.718,106.81018,-2.9078193359375035
16569,16653,2023-12-29 16:07:16,16647,16653,random,test,111.638291986572,127.67029,16.0319960993655
11361,11409,2023-02-06 18:00:00,11403,11409,random,test,112.137,97.375046,-14.761954223632813
1588,1594,2022-10-22 20:46:00,1588,1594,random,test,37.384,39.90329,2.5192897949218747
14234,14294,2023-02-08 18:46:00,14288,14294,random,test,43.284,45.98189,2.697891632080079
9332,9374,2023-02-01 17:36:00,9368,9374,random,test,61.81,60.7997,-1.0102983093261741
11617,11665,2023-02-06 18:32:00,11659,11665,random,test,54.022,58.536156,4.514155700683595
10981,11029,2023-02-06 17:14:00,11023,11029,random,test,67.474,59.988316,-7.485684417724613
24543,24657,2024-07-05 17:19:45,24651,24657,random,test,74.9512911157516,58.77678,-16.174511940946914
24258,24372,2024-07-05 16:28:30,24366,24372,random,test,23.6003754337516,24.216621,0.6162459651741798
4469,4487,2022-10-25 19:59:00,4481,4487,random,test,42.399,38.54821,-3.850789855957032
14550,14610,2023-02-08 19:25:00,14604,14610,random,test,37.502,36.766182,-0.7358180541992212
19159,19255,2024-03-02 20:09:00,19249,19255,random,test,46.5883461,50.145912,3.5575660704101537
16643,16727,2023-12-29 16:17:16,16721,16727,random,test,123.631468382572,111.22477,-12.406698790286839
10663,10711,2023-02-06 16:33:00,10705,10711,random,test,60.748,64.08093,3.3329326171875024
11176,11224,2023-02-06 17:37:00,11218,11224,random,test,37.561,43.05284,5.491841186523438
24939,25059,2024-07-09 09:45:45,25053,25059,random,test,23.7152544397516,26.0643,2.3490460973577747
15564,15636,2023-12-22 09:59:25,15630,15636,random,test,117.504519571572,114.36571,-3.1388121741110666
10007,10049,2023-02-01 19:05:00,10043,10049,random,test,67.828,69.06021,1.232211181640622
21396,21504,2024-03-06 16:56:00,21498,21504,random,test,81.26426916,82.17736,0.913091374667971
10217,10259,2023-02-01 19:35:00,10253,10259,random,test,62.99,65.30927,2.3192727661132793
20051,20153,2024-03-03 15:05:00,20147,20153,random,test,93.25744555,84.81195,-8.44549486640625
17598,17688,2024-03-01 19:19:00,17682,17688,random,test,57.01719514,52.931587,-4.085607920761717
2805,2817,2022-10-24 19:45:00,2811,2817,random,test,94.319,95.62832,1.3093187866210911
25838,25958,2024-07-09 15:04:45,25952,25958,random,test,17.1671510977516,19.811836,2.644685144924182
14700,14766,2023-12-21 09:38:56,14760,14766,random,test,134.321038648572,122.67517,-11.6458677501345
7093,7123,2023-01-28 18:03:00,7117,7123,random,test,64.406,61.852375,-2.553624969482428
20766,20868,2024-03-03 16:57:00,20862,20868,random,test,86.7394149,93.44977,6.71035316640625
5286,5310,2022-10-26 18:17:00,5304,5310,random,test,47.827,51.268707,3.441707275390627
23134,23248,2024-07-05 10:20:20,23242,23248,random,test,33.9394859737516,28.21616,-5.723326153194961
7326,7356,2023-01-28 18:33:00,7350,7356,random,test,43.697,47.800728,4.1037278442382785
3578,3596,2022-10-25 18:23:00,3590,3596,random,test,33.726,38.570843,4.844842742919923
6624,6648,2022-10-26 20:54:00,6642,6648,random,test,37.207,38.171757,0.9647567443847649
15841,15913,2023-12-22 10:38:53,15907,15913,random,test,120.633174283572,106.037,-14.596171720095441
3734,3752,2022-10-25 18:41:00,3746,3752,random,test,39.095,39.675667,0.5806668090820324
12333,12387,2023-02-07 17:36:00,12381,12387,random,test,55.792,51.353382,-4.4386178894042985
1087,1093,2022-10-22 19:52:00,1087,1093,random,test,50.718,52.49695,1.7789482421874965
16295,16373,2023-12-23 09:07:18,16367,16373,random,test,224.921677719634,236.75346,11.831786025483183
24932,25052,2024-07-09 09:44:45,25046,25052,random,test,24.1747704637516,24.738407,0.5636366712581662
3000,3012,2022-10-24 20:07:00,3006,3012,random,test,191.02,195.624,4.603992919921865
8478,8514,2023-01-30 18:25:00,8508,8514,random,test,66.117,51.575325,-14.541674987792973
12125,12179,2023-02-07 17:08:00,12173,12179,random,test,53.904,53.17997,-0.7240302124023472
24142,24256,2024-07-05 15:54:00,24250,24256,random,test,91.0343519557516,53.350517,-37.683834682802384
8373,8409,2023-01-30 18:10:00,8403,8409,random,test,66.707,63.340446,-3.366553527832025
16375,16453,2023-12-23 09:33:16,16447,16453,random,test,194.156560015572,203.26958,9.113017010795176
13706,13766,2023-02-08 17:33:00,13760,13766,random,test,60.217,52.550713,-7.66628741455078
341,347,2022-10-22 18:35:00,341,347,random,test,43.166,38.1577,-5.008300415039059
1190,1196,2022-10-22 20:04:00,1190,1196,random,test,48.476,45.751503,-2.724497009277343
21577,21685,2024-03-06 17:23:00,21679,21685,random,test,131.5834658,142.26453,10.681060567187501
13825,13885,2023-02-08 17:47:00,13879,13885,random,test,61.928,51.91715,-10.010851409912107
21867,21975,2024-03-06 18:07:00,21969,21975,random,test,58.32080127,59.762783,1.4419817805371125
12925,12979,2023-02-07 18:49:00,12973,12979,random,test,38.446,33.860622,-4.585377593994139
5706,5730,2022-10-26 19:10:00,5724,5730,random,test,40.747,42.53292,1.7859208374023439
1227,1233,2022-10-22 20:10:00,1227,1233,random,test,36.263,51.373474,15.110474121093752
19932,20034,2024-03-03 14:48:00,20028,20034,random,test,89.34662716,98.328995,8.982367590976565
26249,26369,2024-07-09 17:02:35,26363,26369,random,test,71.0454049117516,83.716354,12.670949458365584
12049,12103,2023-02-07 16:59:00,12097,12103,random,test,37.738,45.76505,8.027048980712891
382,388,2022-10-22 18:39:00,382,388,random,test,45.349,45.926037,0.5770368347168002
18303,18399,2024-03-02 17:59:00,18393,18399,random,test,53.10637675,51.256123,-1.8502541608886744
5589,5613,2022-10-26 18:57:00,5607,5613,random,test,37.974,44.59909,6.625090576171878
1598,1604,2022-10-22 20:47:00,1598,1604,random,test,41.75,39.8617,-1.8883018493652344
9124,9166,2023-02-01 17:11:00,9160,9166,random,test,55.32,59.27099,3.9509884643554685
9742,9784,2023-02-01 18:28:00,9778,9784,random,test,54.73,58.453045,3.723044891357425
24047,24161,2024-07-05 15:39:50,24155,24161,random,test,19.5796102237516,19.923992,0.3443819332308209
5836,5860,2022-10-26 19:22:00,5854,5860,random,test,36.499,38.014137,1.515137268066404
17213,17303,2024-03-01 18:23:00,17297,17303,random,test,106.9453099,94.76136,-12.183949731542967
7793,7829,2023-01-30 17:01:00,7823,7829,random,test,46.352,43.110825,-3.2411754150390593
19934,20036,2024-03-03 14:48:00,20030,20036,random,test,104.7291795,104.924644,0.195464970214843
21615,21723,2024-03-06 17:28:00,21717,21723,random,test,138.8836601,133.62761,-5.2560508470702985
13580,13640,2023-02-08 17:17:00,13634,13640,random,test,29.832,42.19339,12.361389892578124
11997,12051,2023-02-07 16:51:00,12045,12051,random,test,51.898,48.805984,-3.0920155029296907
16498,16582,2023-12-29 15:56:29,16576,16582,random,test,84.3929238695724,83.32907,-1.0638528246505246
19290,19392,2024-03-03 12:34:00,19386,19392,random,test,102.6434097,94.42628,-8.217132539355475
6508,6532,2022-10-26 20:42:00,6526,6532,random,test,40.098,44.88413,4.786128570556642
26036,26156,2024-07-09 15:52:40,26150,26156,random,test,77.3637502417516,90.36316,12.999408937935897
4955,4979,2022-10-26 17:45:00,4973,4979,random,test,29.183,32.593136,3.4101358337402345
14321,14381,2023-02-08 18:57:00,14375,14381,random,test,44.759,45.340176,0.581175628662109
19659,19761,2024-03-03 13:28:00,19755,19761,random,test,118.2866832,110.03601,-8.250672457812499
8647,8683,2023-01-30 18:45:00,8677,8683,random,test,76.855,72.41025,-4.444752197265629
23824,23938,2024-07-05 12:06:10,23932,23938,random,test,26.3574715777516,22.526154,-3.8313180132984748
8731,8767,2023-01-30 18:56:00,8761,8767,random,test,93.847,97.01948,3.172477844238287
2055,2067,2022-10-24 18:33:00,2061,2067,random,test,51.485,48.846466,-2.6385339355468744
3986,4004,2022-10-25 19:08:00,3998,4004,random,test,63.934,65.03878,1.1047802124023463
21789,21897,2024-03-06 17:56:00,21891,21897,random,test,58.32080127,63.464725,5.143924224384769
1182,1188,2022-10-22 20:03:00,1182,1188,random,test,31.071,33.16537,2.094370941162108
3844,3862,2022-10-25 18:55:00,3856,3862,random,test,43.756,42.252,-1.5040010986328127
1444,1450,2022-10-22 20:32:00,1444,1450,random,test,34.198,38.34927,4.151269866943359
6366,6390,2022-10-26 20:28:00,6384,6390,random,test,74.79,70.787125,-4.002875366210944
11677,11725,2023-02-06 18:40:00,11719,11725,random,test,34.139,35.922443,1.7834433898925752
2201,2213,2022-10-24 18:47:00,2207,2213,random,test,62.577,65.4221,2.845096252441408
14695,14761,2023-12-21 09:38:16,14755,14761,random,test,145.662411979572,149.23552,3.5731074296076883
22647,22755,2024-03-06 20:01:00,22749,22755,random,test,54.27962227,50.761497,-3.5181247724414035
5621,5645,2022-10-26 19:01:00,5639,5645,random,test,42.871,48.581245,5.710245422363279
9287,9329,2023-02-01 17:31:00,9323,9329,random,test,57.031,58.755917,1.7249165954589856
5754,5778,2022-10-26 19:14:00,5772,5778,random,test,37.384,39.729637,2.3456371459960934
18832,18928,2024-03-02 19:19:00,18922,18928,random,test,73.83371422,69.70094,-4.132771226835942
17152,17242,2024-03-01 18:14:00,17236,17242,random,test,39.80959422,44.43572,4.626124316376952
12340,12394,2023-02-07 17:37:00,12388,12394,random,test,37.325,47.071484,9.746483612060544
22465,22573,2024-03-06 19:34:00,22567,22573,random,test,54.67070411,55.28878,0.6180761024023411
23005,23119,2024-07-05 10:02:30,23113,23119,random,test,27.3913826317516,29.807785,2.416402402428087
5598,5622,2022-10-26 18:58:00,5616,5622,random,test,48.299,46.74494,-1.5540582885742182
13148,13202,2023-02-07 19:21:00,13196,13202,random,test,35.319,36.61553,1.2965281066894505
20113,20215,2024-03-03 15:14:00,20209,20215,random,test,84.26256326,86.21311,1.950548617441413
22162,22270,2024-03-06 18:51:00,22264,22270,random,test,62.75306211,63.282406,0.5293437432714825
6087,6111,2022-10-26 19:53:00,6105,6111,random,test,72.194,71.407906,-0.7860944213867214
21782,21890,2024-03-06 17:55:00,21884,21890,random,test,83.87148142,85.14985,1.2783675179882863
20622,20724,2024-03-03 16:28:00,20718,20724,random,test,67.96748663,73.79037,5.8228804964648475
20734,20836,2024-03-03 16:52:00,20830,20836,random,test,338.0746637,296.3465,-41.728167117968724
17838,17928,2024-03-01 19:54:00,17922,17928,random,test,46.32762487,49.49492,3.1672939532421864
1921,1933,2022-10-24 18:20:00,1927,1933,random,test,62.341,58.85129,-3.4897083435058605
23506,23620,2024-07-05 11:16:35,23614,23620,random,test,17.9713041397516,24.714424,6.743119993549183
10656,10704,2023-02-06 16:32:00,10698,10704,random,test,52.901,56.09739,3.196389221191403
6224,6248,2022-10-26 20:09:00,6242,6248,random,test,60.925,57.864254,-3.060746002197263
18817,18913,2024-03-02 19:17:00,18907,18913,random,test,47.24014916,55.046272,7.80612311783203
23512,23626,2024-07-05 11:17:30,23620,23626,random,test,20.1540052537516,21.386543,1.2325380201741822
3703,3721,2022-10-25 18:37:00,3715,3721,random,test,41.632,40.540802,-1.091197998046873
25959,26079,2024-07-09 15:30:25,26073,26079,random,test,92.4129000277516,89.03712,-3.375783023357073
4547,4571,2022-10-26 17:07:00,4565,4571,random,test,25.584,28.57722,2.9932209167480472
17473,17563,2024-03-01 19:01:00,17557,17563,random,test,50.89024633,57.750343,6.86009699275391
13298,13358,2023-02-08 16:41:00,13352,13358,random,test,69.834,52.35859,-17.475410827636722
18656,18752,2024-03-02 18:53:00,18746,18752,random,test,67.05496234,53.844505,-13.21045702994141
2864,2876,2022-10-24 19:51:00,2870,2876,random,test,162.818,171.49242,8.674416381835925
7484,7514,2023-01-28 18:57:00,7508,7514,random,test,44.641,50.24504,5.604040893554689
24865,24985,2024-07-09 09:32:10,24979,24985,random,test,23.7152544397516,22.97649,-0.7387644189996472
2142,2154,2022-10-24 18:41:00,2148,2154,random,test,78.212,67.22836,-10.983636962890628
8025,8061,2023-01-30 17:28:00,8055,8061,random,test,52.488,51.08271,-1.4052897338867183
23552,23666,2024-07-05 11:26:55,23660,23666,random,test,29.5740837457516,23.091026,-6.483057439599257
3014,3026,2022-10-24 20:08:00,3020,3026,random,test,210.667,207.91422,-2.7527849121093766
14045,14105,2023-02-08 18:21:00,14099,14105,random,test,42.694,49.89433,7.200329071044919
26453,26573,2024-07-09 17:41:15,26567,26573,random,test,55.6516181077516,41.92507,-13.726546391443009
8618,8654,2023-01-30 18:42:00,8648,8654,random,test,47.119,60.586147,13.46714730834961
9061,9103,2023-02-01 17:02:00,9097,9103,random,test,77.209,84.65801,7.449012390136716
12369,12423,2023-02-07 17:41:00,12417,12423,random,test,33.077,40.388054,7.311053894042971
23480,23594,2024-07-05 11:12:20,23588,23594,random,test,95.9741492137516,78.778824,-17.19532536121254
8147,8183,2023-01-30 17:43:00,8177,8183,random,test,57.621,52.327568,-5.2934319458007835
8616,8652,2023-01-30 18:42:00,8646,8652,random,test,45.585,52.152485,6.567484893798827
15914,15986,2023-12-22 10:49:52,15980,15986,random,test,113.463340568572,117.33432,3.8709794997873814
24876,24996,2024-07-09 09:33:40,24990,24996,random,test,24.8640444997516,26.258137,1.3940922495159782
11393,11441,2023-02-06 18:04:00,11435,11441,random,test,65.291,71.02658,5.735580810546878
11188,11236,2023-02-06 17:38:00,11230,11236,random,test,64.701,57.60506,-7.095939422607415
18694,18790,2024-03-02 18:58:00,18784,18790,random,test,44.37221568,45.440643,1.0684276305468785
2561,2573,2022-10-24 19:22:00,2567,2573,random,test,98.921,99.27366,0.35265875244139977
20005,20107,2024-03-03 14:58:00,20101,20107,random,test,73.18191115,75.582306,2.40039475820312
8777,8813,2023-01-30 19:03:00,8807,8813,random,test,51.013,46.60695,-4.406051147460936
17351,17441,2024-03-01 18:43:00,17435,17441,random,test,47.50087039,56.16144,8.660571412978513
13344,13404,2023-02-08 16:48:00,13398,13404,random,test,38.977,38.75636,-0.22064089965819988
6778,6808,2023-01-28 17:23:00,6802,6808,random,test,33.785,36.7875,3.002498474121097
550,556,2022-10-22 18:55:00,550,556,random,test,67.12,57.129948,-9.990052337646489
14826,14892,2023-12-21 10:05:22,14886,14892,random,test,108.639997887572,109.76721,1.1272140264905062
2308,2320,2022-10-24 18:57:00,2314,2320,random,test,55.851,63.23008,7.379079650878907
10963,11011,2023-02-06 17:11:00,11005,11011,random,test,64.052,53.08145,-10.970548583984382
3643,3661,2022-10-25 18:31:00,3655,3661,random,test,61.869,65.78065,3.9116472778320315
1427,1433,2022-10-22 20:30:00,1427,1433,random,test,58.978,53.47393,-5.504069641113283
11693,11741,2023-02-06 18:42:00,11735,11741,random,test,29.596,31.413784,1.8177840270996093
20913,21015,2024-03-03 17:19:00,21009,21015,random,test,58.32080127,60.70608,2.3852801203808625
23648,23762,2024-07-05 11:40:35,23756,23762,random,test,23.9450124517516,27.725983,3.7809702142640234
1972,1984,2022-10-24 18:25:00,1978,1984,random,test,56.146,68.57931,12.433307556152343
23153,23267,2024-07-05 10:23:35,23261,23267,random,test,18.7754571817516,19.917656,1.1421987630726171
16763,16847,2023-12-29 16:33:49,16841,16847,random,test,84.3929238695724,80.48566,-3.9072671312911496
13835,13895,2023-02-08 17:49:00,13889,13895,random,test,122.993,112.00934,-10.983661621093745
401,407,2022-10-22 18:40:00,401,407,random,test,33.254,37.790653,4.536653228759768
3189,3201,2022-10-24 20:25:00,3195,3201,random,test,129.896,115.68358,-14.212421508789049
9414,9456,2023-02-01 17:47:00,9450,9456,random,test,56.559,57.83546,1.2764606628417994
18917,19013,2024-03-02 19:33:00,19007,19013,random,test,53.6278192,63.654976,10.027156691113284
22253,22361,2024-03-06 19:04:00,22355,22361,random,test,57.53863759,53.938633,-3.60000462491211
20518,20620,2024-03-03 16:13:00,20614,20620,random,test,71.87830502,75.78084,3.9025329926953134
4057,4075,2022-10-25 19:17:00,4069,4075,random,test,43.225,42.88381,-0.3411918640136733
19864,19966,2024-03-03 14:00:00,19960,19966,random,test,71.48722318,66.25998,-5.227243931953126
9169,9211,2023-02-01 17:16:00,9205,9211,random,test,54.612,58.810436,4.198436248779295
10506,10554,2023-02-06 16:13:00,10548,10554,random,test,55.084,67.08614,12.00214349365234
22914,23028,2024-07-05 09:49:20,23022,23028,random,test,16.2481190497516,19.814625,3.566505736625352
23763,23877,2024-07-05 11:56:40,23871,23877,random,test,26.5872295897516,28.98275,2.3955203492132426
15419,15491,2023-12-22 09:38:34,15485,15491,random,test,117.765240797572,137.61697,19.85173307938112
11697,11745,2023-02-06 18:42:00,11739,11745,random,test,30.186,32.954258,2.7682579650878907
16000,16078,2023-12-23 06:40:52,16072,16078,random,test,267.549585134572,265.17078,-2.3788087673844984
19319,19421,2024-03-03 12:38:00,19415,19421,random,test,52.71529491,56.30606,3.5907658810156278
23245,23359,2024-07-05 10:36:55,23353,23359,random,test,22.1069483557516,24.910675,2.8037266930765234
2463,2475,2022-10-24 19:12:00,2469,2475,random,test,125.412,123.18007,-2.2319310302734436
26340,26460,2024-07-09 17:17:45,26454,26460,random,test,23.6003754337516,29.533234,5.932858208826524
2383,2395,2022-10-24 19:05:00,2389,2395,random,test,49.066,45.845444,-3.220556274414065
1805,1817,2022-10-24 18:09:00,1811,1817,random,test,40.865,46.36058,5.4955804443359355
6847,6877,2023-01-28 17:32:00,6871,6877,random,test,34.198,37.98281,3.7848109741210934
21123,21231,2024-03-06 16:16:00,21225,21231,random,test,102.3826885,104.72437,2.341684363769531
5163,5187,2022-10-26 18:05:00,5181,5187,random,test,39.508,44.4823,4.974299804687497
14850,14916,2023-12-21 10:08:37,14910,14916,random,test,120.763534896572,103.75272,-17.01081120272434
14573,14639,2023-12-21 09:06:59,14633,14639,random,test,209.278404159634,213.85335,4.574943618686319
6014,6038,2022-10-26 19:42:00,6032,6038,random,test,48.299,48.114147,-0.1848528137207026
21144,21252,2024-03-06 16:19:00,21246,21252,random,test,160.9146037,239.16422,78.24961138789064
13114,13168,2023-02-07 19:13:00,13162,13168,random,test,40.688,40.51734,-0.17065838623047114
24633,24747,2024-07-05 17:32:45,24741,24747,random,test,22.3367063677516,27.946377,5.60967043278551
12117,12171,2023-02-07 17:07:00,12165,12171,random,test,54.376,54.80005,0.42404882812500233
6111,6135,2022-10-26 19:55:00,6129,6135,random,test,46.647,48.066677,1.419677093505861
11031,11079,2023-02-06 17:20:00,11073,11079,random,test,92.136,101.29466,9.158662475585942
283,289,2022-10-22 18:29:00,283,289,random,test,25.997,28.526768,2.5297677307128907
23347,23461,2024-07-05 10:53:10,23455,23461,random,test,14.5249339597516,20.24509,5.720156524867541
15050,15116,2023-12-21 11:00:28,15110,15116,random,test,118.417043862572,146.22406,27.80701619602175
17129,17219,2024-03-01 18:11:00,17213,17219,random,test,66.92460173,68.83929,1.9146850741992125
8692,8728,2023-01-30 18:51:00,8722,8728,random,test,59.863,63.8722,4.009200012207032
25423,25543,2024-07-09 10:58:25,25537,25543,random,test,109.529871921752,137.3502,27.820332546021433
7330,7360,2023-01-28 18:34:00,7354,7360,random,test,55.969,54.61399,-1.355009216308595
21391,21499,2024-03-06 16:55:00,21493,21499,random,test,52.97601614,77.24037,24.264355564101564
19074,19170,2024-03-02 19:56:00,19164,19170,random,test,56.49575269,63.160393,6.664640071230465
23468,23582,2024-07-05 11:10:35,23576,23582,random,test,37.8453721777516,37.80919,-0.03618333497816195
10035,10077,2023-02-01 19:08:00,10071,10077,random,test,65.881,68.85623,2.9752316894531248
14194,14254,2023-02-08 18:41:00,14248,14254,random,test,61.633,57.067635,-4.565365417480471
2851,2863,2022-10-24 19:50:00,2857,2863,random,test,169.131,187.90085,18.769848388671875
9048,9084,2023-01-30 19:39:00,9078,9084,random,test,40.275,41.731476,1.4564758300781264
15241,15307,2023-12-21 11:33:05,15301,15307,random,test,134.451399261572,156.83414,22.382737701318632
21274,21382,2024-03-06 16:38:00,21376,21382,random,test,58.32080127,73.8058,15.485000121601566
9871,9913,2023-02-01 18:47:00,9907,9913,random,test,62.931,69.30709,6.376090759277346
25384,25504,2024-07-09 10:53:00,25498,25504,random,test,76.5595971997516,58.62849,-17.931106751753546
10746,10794,2023-02-06 16:44:00,10788,10794,random,test,128.421,112.26938,-16.151621337890617
23578,23692,2024-07-05 11:30:35,23686,23692,random,test,18.6605781757516,21.588425,2.9278465068655883
5998,6022,2022-10-26 19:40:00,6016,6022,random,test,78.271,68.641685,-9.629314514160157
26132,26252,2024-07-09 16:12:25,26246,26252,random,test,146.635790859752,105.83772,-40.798068081431694
22486,22594,2024-03-06 19:37:00,22588,22594,random,test,72.39974747,72.98788,0.5881294220898496
4206,4224,2022-10-25 19:32:00,4218,4224,random,test,45.054,41.951145,-3.1028548278808614
9567,9609,2023-02-01 18:05:00,9603,9609,random,test,54.789,62.002052,7.213052307128905
5407,5431,2022-10-26 18:29:00,5425,5431,random,test,36.027,34.315193,-1.7118068237304698
11206,11254,2023-02-06 17:41:00,11248,11254,random,test,65.94,63.994118,-1.9458822631835915
9845,9887,2023-02-01 18:43:00,9881,9887,random,test,59.804,60.07966,0.2756585083007792
10413,10455,2023-02-01 19:59:00,10449,10455,random,test,70.247,68.85605,-1.3909514160156249
20578,20680,2024-03-03 16:22:00,20674,20680,random,test,45.93654303,47.04686,1.1103167112109347
15289,15361,2023-12-22 09:19:35,15355,15361,random,test,140.447987459572,140.09314,-0.3548478111345048
23815,23929,2024-07-05 12:04:25,23923,23929,random,test,23.8301334457516,26.856846,3.0267124099612914
25253,25373,2024-07-09 10:30:45,25367,25373,random,test,45.4273865737516,46.35753,0.9301421127718399
13083,13137,2023-02-07 19:09:00,13131,13137,random,test,41.16,45.168343,4.008342590332035
1388,1394,2022-10-22 20:26:00,1388,1394,random,test,34.965,36.44769,1.482689056396481
22987,23101,2024-07-05 10:00:00,23095,23101,random,test,23.9450124517516,24.341557,0.396544097320664
17086,17176,2024-03-01 18:05:00,17170,17176,random,test,43.85077323,47.74379,3.893016442851561
21309,21417,2024-03-06 16:43:00,21411,21417,random,test,152.9626063,179.64078,26.67817128789062
10765,10813,2023-02-06 16:46:00,10807,10813,random,test,45.88,53.8103,7.930298919677732
10215,10257,2023-02-01 19:35:00,10251,10257,random,test,63.049,65.99958,2.9505803833007818
1202,1208,2022-10-22 20:05:00,1202,1208,random,test,43.697,50.7574,7.06040051269531
14283,14343,2023-02-08 18:52:00,14337,14343,random,test,67.356,59.69766,-7.658341461181635
9380,9422,2023-02-01 17:43:00,9416,9422,random,test,56.677,60.358032,3.6810322265625004
23479,23593,2024-07-05 11:12:10,23587,23593,random,test,50.2523048257516,56.800316,6.548011031181993
1103,1109,2022-10-22 19:56:00,1103,1109,random,test,50.895,51.991398,1.0963978576660125
23799,23913,2024-07-05 12:02:00,23907,23913,random,test,22.5664643797516,25.02182,2.4553556886077743
24566,24680,2024-07-05 17:23:00,24674,24680,random,test,20.3837632657516,34.15924,13.77547745690465
3919,3937,2022-10-25 19:02:00,3931,3937,random,test,42.399,46.590683,4.191682983398437
12787,12841,2023-02-07 18:32:00,12835,12841,random,test,37.089,41.620926,4.531925903320314
12440,12494,2023-02-07 17:50:00,12488,12494,random,test,36.145,40.473083,4.328083496093747
4990,5014,2022-10-26 17:49:00,5008,5014,random,test,32.841,38.052155,5.211154541015624
24086,24200,2024-07-05 15:45:25,24194,24200,random,test,35.4329130517516,27.910412,-7.522501217034801
19038,19134,2024-03-02 19:51:00,19128,19134,random,test,51.02060694,54.10942,3.088813836367187
5683,5707,2022-10-26 19:07:00,5701,5707,random,test,54.022,60.342056,6.320056274414064
18915,19011,2024-03-02 19:32:00,19005,19011,random,test,70.44433828,79.17059,8.726254981718753
5343,5367,2022-10-26 18:23:00,5361,5367,random,test,34.316,38.65691,4.340909942626951
9796,9838,2023-02-01 18:37:00,9832,9838,random,test,65.232,67.839676,2.607675903320313
11955,12009,2023-02-07 16:46:00,12003,12009,random,test,39.331,43.883015,4.552014678955075
24484,24598,2024-07-05 17:11:10,24592,24598,random,test,18.4308201637516,21.23164,2.8008196983089455
11686,11734,2023-02-06 18:41:00,11728,11734,random,test,31.012,31.55698,0.5449801330566402
15180,15246,2023-12-21 11:24:34,15240,15246,random,test,95.7342972005724,100.90845,5.174150065052601
14771,14837,2023-12-21 09:52:11,14831,14837,random,test,149.833951595572,160.62173,10.787783023568636
16887,16977,2024-03-01 17:35:00,16971,16977,random,test,92.99672433,174.7465,81.74978140730468
4639,4663,2022-10-26 17:16:00,4657,4663,random,test,30.894,28.791077,-2.1029233398437484
17309,17399,2024-03-01 18:37:00,17393,17399,random,test,75.00695973,71.45763,-3.549333387226568
5545,5569,2022-10-26 18:53:00,5563,5569,random,test,44.051,41.58928,-2.4617208251953144
21262,21370,2024-03-06 16:37:00,21364,21370,random,test,84.6536451,79.99886,-4.654781879785162
15320,15392,2023-12-22 09:23:55,15386,15392,random,test,123.110025930572,115.40194,-7.708086538482149
21321,21429,2024-03-06 16:45:00,21423,21429,random,test,107.0756705,95.30109,-11.774584074218751
14784,14850,2023-12-21 09:55:21,14844,14850,random,test,98.0807882345724,90.86702,-7.213768581252083
23379,23493,2024-07-05 10:57:55,23487,23493,random,test,22.1069483557516,27.757591,5.650642891806992
13416,13476,2023-02-08 16:56:00,13470,13476,random,test,34.906,35.709496,0.8034955444335949
1901,1913,2022-10-24 18:18:00,1907,1913,random,test,54.081,48.643303,-5.437697082519534
3836,3854,2022-10-25 18:54:00,3848,3854,random,test,39.862,42.012863,2.1508631591796856
20516,20618,2024-03-03 16:12:00,20612,20618,random,test,91.30203636,84.18479,-7.117244795058596
18593,18689,2024-03-02 18:42:00,18683,18689,random,test,67.96748663,77.658005,9.690518130742191
12029,12083,2023-02-07 16:56:00,12077,12083,random,test,44.464,47.086372,2.6223723754882826
25099,25219,2024-07-09 10:09:05,25213,25219,random,test,48.7588777477516,38.76889,-9.989987366892223
16796,16880,2023-12-29 16:55:18,16874,16880,random,test,92.4752818755724,94.92127,2.445990402259625
23742,23856,2024-07-05 11:53:40,23850,23856,random,test,22.7962223917516,23.435848,0.6396258443323859
2734,2746,2022-10-24 19:38:00,2740,2746,random,test,189.309,183.28206,-6.026941284179685
17791,17881,2024-03-01 19:48:00,17875,17881,random,test,50.10808265,44.945984,-5.16209876328125
2213,2225,2022-10-24 18:48:00,2219,2225,random,test,61.81,60.448383,-1.3616166687011741
10507,10555,2023-02-06 16:13:00,10549,10555,random,test,54.258,66.46095,12.20295275878906
11060,11108,2023-02-06 17:23:00,11102,11108,random,test,81.634,68.60543,-13.028569396972657
5047,5071,2022-10-26 17:54:00,5065,5071,random,test,40.983,38.6632,-2.3197996215820282
4160,4178,2022-10-25 19:27:00,4172,4178,random,test,72.489,71.64766,-0.8413406982421918
852,858,2022-10-22 19:28:00,852,858,random,test,40.216,40.795418,0.5794177856445302
3399,3417,2022-10-25 18:05:00,3411,3417,random,test,29.124,33.66598,4.541981292724611
25399,25519,2024-07-09 10:55:05,25513,25519,random,test,99.4205193937516,51.83728,-47.583239120314104
5102,5126,2022-10-26 17:59:00,5120,5126,random,test,32.723,34.385773,1.662772705078126
22599,22707,2024-03-06 19:54:00,22701,22707,random,test,68.74965031,57.325954,-11.423695872744148
13818,13878,2023-02-08 17:46:00,13872,13878,random,test,73.315,81.26091,7.94591003417969
24686,24800,2024-07-05 17:40:15,24794,24800,random,test,19.6944892297516,28.424004,8.729514371322619
10620,10668,2023-02-06 16:27:00,10662,10668,random,test,74.967,83.938156,8.971156127929689
5516,5540,2022-10-26 18:50:00,5534,5540,random,test,43.992,41.374443,-2.6175569458007786
20133,20235,2024-03-03 15:17:00,20229,20235,random,test,66.01207744,63.541355,-2.470722306943358
23383,23497,2024-07-05 10:58:25,23491,23497,random,test,25.4384395297516,28.120052,2.681612807894883
19634,19736,2024-03-03 13:24:00,19730,19736,random,test,67.70676541,74.19281,6.486044648593747
19803,19905,2024-03-03 13:51:00,19899,19905,random,test,91.95383942,97.73575,5.781908871015631
7784,7814,2023-01-28 19:39:00,7808,7814,random,test,44.641,43.24211,-1.3988887939453107
274,280,2022-10-22 18:28:00,274,280,random,test,29.596,30.347649,0.7516486206054687
199,205,2022-10-22 18:20:00,199,205,random,test,37.266,35.083347,-2.1826526794433576
18819,18915,2024-03-02 19:17:00,18909,18915,random,test,50.75988572,51.520523,0.7606373512890627
16624,16708,2023-12-29 16:14:42,16702,16708,random,test,91.3020363585724,86.68135,-4.620685650564582
14018,14078,2023-02-08 18:18:00,14072,14078,random,test,47.001,50.353783,3.352782653808596
21048,21150,2024-03-03 17:39:00,21144,21150,random,test,45.02401874,42.77412,-2.2498984091894556
10632,10680,2023-02-06 16:29:00,10674,10680,random,test,80.454,92.733345,12.279345031738288
20015,20117,2024-03-03 15:00:00,20111,20117,random,test,62.23161966,70.57115,8.339532073398438
8672,8708,2023-01-30 18:48:00,8702,8708,random,test,57.68,56.43304,-1.2469593811035153
24259,24373,2024-07-05 16:29:00,24367,24373,random,test,26.8169876017516,24.793892,-2.0230956950133177
25225,25345,2024-07-09 10:26:45,25339,25345,random,test,39.9131942857516,44.512096,4.598902119277696
8510,8546,2023-01-30 18:29:00,8540,8546,random,test,81.693,98.40724,16.714241821289065
4397,4415,2022-10-25 19:52:00,4409,4415,random,test,43.225,45.579903,2.35490264892578
3757,3775,2022-10-25 18:46:00,3769,3775,random,test,62.636,62.62603,-0.009970031738284035
17550,17640,2024-03-01 19:12:00,17634,17640,random,test,57.53863759,53.6573,-3.8813385482519536
18009,18105,2024-03-02 17:16:00,18099,18105,random,test,56.49575269,53.510338,-2.9854148604101596
23657,23771,2024-07-05 11:41:50,23765,23771,random,test,20.2688842597516,23.69579,3.4269050774066017
2152,2164,2022-10-24 18:42:00,2158,2164,random,test,63.993,63.077312,-0.9156875305175802
24210,24324,2024-07-05 16:20:15,24318,24324,random,test,22.3367063677516,27.093903,4.757196220139026
8403,8439,2023-01-30 18:14:00,8433,8439,random,test,40.924,45.977333,5.053333068847657
25693,25813,2024-07-09 12:06:00,25807,25813,random,test,67.3692767197516,61.597836,-5.771441178980112
16518,16602,2023-12-29 15:59:19,16596,16602,random,test,93.6485273925724,86.489746,-7.158781298822404
18264,18360,2024-03-02 17:54:00,18354,18360,random,test,47.631231,56.181557,8.550325701660157
19977,20079,2024-03-03 14:55:00,20073,20079,random,test,226.7467133,183.32108,-43.425637860546885
13978,14038,2023-02-08 18:12:00,14032,14038,random,test,47.237,43.90045,-3.336548339843752
13862,13922,2023-02-08 17:55:00,13916,13922,random,test,55.025,57.40797,2.3829704284667983
17526,17616,2024-03-01 19:09:00,17610,17616,random,test,69.53181399,77.65409,8.122276891347653
22037,22145,2024-03-06 18:32:00,22139,22145,random,test,63.79594702,66.9551,3.159153993183594
5284,5308,2022-10-26 18:17:00,5302,5308,random,test,69.657,60.99103,-8.66596835327148
20027,20129,2024-03-03 15:02:00,20123,20129,random,test,67.83712602,70.77324,2.936113115742188
16305,16383,2023-12-23 09:09:34,16377,16383,random,test,229.484299174634,241.4997,12.015395649584747
25995,26115,2024-07-09 15:46:25,26109,26115,random,test,79.6613303617516,63.694687,-15.966643472103158
26271,26391,2024-07-09 17:07:45,26385,26391,random,test,96.6634232497516,96.10877,-0.5546509719195711
959,965,2022-10-22 19:39:00,959,965,random,test,28.239,36.641735,8.402735076904296
7898,7934,2023-01-30 17:13:00,7928,7934,random,test,38.564,42.01641,3.4524108276367187
6885,6915,2023-01-28 17:36:00,6909,6915,random,test,33.431,37.145348,3.7143475952148464
2449,2461,2022-10-24 19:11:00,2455,2461,random,test,210.608,206.19273,-4.415266235351567
7609,7639,2023-01-28 19:18:00,7633,7639,random,test,33.962,35.340088,1.3780878906249967
11959,12013,2023-02-07 16:47:00,12007,12013,random,test,41.691,38.849365,-2.8416347656250025
21228,21336,2024-03-06 16:31:00,21330,21336,random,test,83.35003897,90.130554,6.78051522921875
25709,25829,2024-07-09 12:08:30,25823,25829,random,test,42.6702904297516,39.53041,-3.1398796631500403
26440,26560,2024-07-09 17:39:25,26554,26560,random,test,53.1242799757516,71.92009,18.79580974592809
11727,11775,2023-02-06 18:46:00,11769,11775,random,test,42.281,43.066433,0.7854329528808606
11764,11812,2023-02-06 18:50:00,11806,11812,random,test,48.535,50.61843,2.083431091308597
12868,12922,2023-02-07 18:42:00,12916,12922,random,test,43.461,46.007378,2.5463776245117202
19013,19109,2024-03-02 19:47:00,19103,19109,random,test,45.28473997,48.783096,3.4983563434765657
12788,12842,2023-02-07 18:32:00,12836,12842,random,test,35.024,41.18734,6.163339782714843
1347,1353,2022-10-22 20:23:00,1347,1353,random,test,59.332,50.18418,-9.147818786621094
10669,10717,2023-02-06 16:33:00,10711,10717,random,test,93.788,98.69661,4.908609497070316
23886,24000,2024-07-05 12:24:50,23994,24000,random,test,20.3837632657516,20.604824,0.22106080041050902
15249,15315,2023-12-21 11:34:16,15309,15315,random,test,160.653882474572,168.41444,7.760561495154576
25962,26082,2024-07-09 15:31:40,26076,26082,random,test,31.2972688357516,31.878204,0.5809355099515265
23352,23466,2024-07-05 10:54:10,23460,23466,random,test,14.8695709777516,24.11869,9.249119512971056
16812,16896,2023-12-29 17:04:36,16890,16896,random,test,104.989900723572,105.518814,0.5289133633420562
9401,9443,2023-02-01 17:46:00,9437,9443,random,test,61.692,61.920193,0.2281927185058592
17579,17669,2024-03-01 19:17:00,17663,17669,random,test,54.54034349,49.97699,-4.563353743906248
20514,20616,2024-03-03 16:12:00,20610,20616,random,test,155.0483761,132.32773,-22.720647828515638
11149,11197,2023-02-06 17:34:00,11191,11197,random,test,36.735,40.00432,3.269318237304688
13943,14003,2023-02-08 18:08:00,13997,14003,random,test,64.17,63.82551,-0.34449188232422046
7318,7348,2023-01-28 18:32:00,7342,7348,random,test,48.004,45.584084,-2.4199164428710915
21052,21154,2024-03-03 17:40:00,21148,21154,random,test,49.32591897,48.183056,-1.1428630923144496
18790,18886,2024-03-02 19:13:00,18880,18886,random,test,71.35686257,72.92441,1.567545388984371
9948,9990,2023-02-01 18:58:00,9984,9990,random,test,64.878,66.85967,1.9816725463867186
22838,22952,2024-07-05 09:38:20,22946,22952,random,test,22.4515853737516,21.268547,-1.1830383156461295
12101,12155,2023-02-07 17:05:00,12149,12155,random,test,43.284,43.541054,0.25705377197265733
11654,11702,2023-02-06 18:37:00,11696,11702,random,test,44.995,44.155098,-0.8399020385742162
23549,23663,2024-07-05 11:26:15,23657,23663,random,test,19.8093682357516,22.552094,2.7427252701077762
19606,19708,2024-03-03 13:20:00,19702,19708,random,test,104.8595401,81.50621,-23.353329772851566
12825,12879,2023-02-07 18:37:00,12873,12879,random,test,32.133,43.427925,11.294925109863279
20250,20352,2024-03-03 15:34:00,20346,20352,random,test,55.71358901,56.40297,0.6893803503515628
9857,9899,2023-02-01 18:46:00,9893,9899,random,test,70.424,67.574036,-2.8499643554687566
25846,25966,2024-07-09 15:05:50,25960,25966,random,test,16.9373930857516,20.081612,3.1442185475491797
4489,4513,2022-10-26 17:01:00,4507,4513,random,test,31.72,34.659275,2.9392750549316418
18027,18123,2024-03-02 17:19:00,18117,18123,random,test,42.41680648,40.976852,-1.4399540630078107
7231,7261,2023-01-28 18:22:00,7255,7261,random,test,46.352,42.68874,-3.6632602233886686
23493,23607,2024-07-05 11:14:15,23601,23607,random,test,25.2086815177516,22.274948,-2.9337333976344127
24536,24650,2024-07-05 17:18:45,24644,24650,random,test,19.0052151937516,22.925758,3.920543168064807
14441,14501,2023-02-08 19:11:00,14495,14501,random,test,40.747,43.689163,2.9421632080078126
2797,2809,2022-10-24 19:45:00,2803,2809,random,test,167.715,162.64273,-5.072269287109378
15912,15984,2023-12-22 10:49:29,15978,15984,random,test,121.936780413572,120.87205,-1.0647329892555888
3503,3521,2022-10-25 18:15:00,3515,3521,random,test,30.953,32.66503,1.7120314331054693
5107,5131,2022-10-26 18:00:00,5125,5131,random,test,30.009,32.219788,2.2107875976562497
147,153,2022-10-22 18:14:00,147,153,random,test,24.699,29.66985,4.9708493957519515
3394,3412,2022-10-25 18:04:00,3406,3412,random,test,30.717,36.89552,6.178519256591798
8336,8372,2023-01-30 18:06:00,8366,8372,random,test,44.051,50.164963,6.113962768554686
13634,13694,2023-02-08 17:24:00,13688,13694,random,test,48.712,54.69073,5.978731048583981
14483,14543,2023-02-08 19:17:00,14537,14543,random,test,48.83,56.17972,7.349721832275392
3077,3089,2022-10-24 20:14:00,3083,3089,random,test,192.082,199.5945,7.512497680664069
22831,22945,2024-07-05 09:36:40,22939,22945,random,test,17.1671510977516,22.364498,5.197347040676135
2214,2226,2022-10-24 18:48:00,2220,2226,random,test,62.872,59.50583,-3.366171142578125
10801,10849,2023-02-06 16:51:00,10843,10849,random,test,37.384,46.639572,9.255572143554687
7030,7060,2023-01-28 17:55:00,7054,7060,random,test,46.234,52.98541,6.751408782958983
6880,6910,2023-01-28 17:36:00,6904,6910,random,test,34.847,40.729652,5.882652404785155
22241,22349,2024-03-06 19:02:00,22343,22349,random,test,54.54034349,52.95834,-1.5820037988378886
23073,23187,2024-07-05 10:11:50,23181,23187,random,test,25.7830765477516,25.932163,0.1490866907737889
24257,24371,2024-07-05 16:28:20,24365,24371,random,test,22.1069483557516,24.335781,2.228832741660508
10323,10365,2023-02-01 19:49:00,10359,10365,random,test,67.828,64.8765,-2.9514970092773467
22674,22782,2024-03-06 20:04:00,22776,22782,random,test,54.80106472,60.808693,6.007628212128907
18786,18882,2024-03-02 19:12:00,18876,18882,random,test,51.80277062,62.3756,10.572828287470706
2266,2278,2022-10-24 18:53:00,2272,2278,random,test,64.052,61.578423,-2.473577453613288
24618,24732,2024-07-05 17:30:30,24726,24732,random,test,24.5194074817516,25.479855,0.9604471019886347
24332,24446,2024-07-05 16:49:30,24440,24446,random,test,31.4121478417516,46.21144,14.799293198287462
20911,21013,2024-03-03 17:18:00,21007,21013,random,test,63.53522579,62.508476,-1.0267495326757796
12272,12326,2023-02-07 17:27:00,12320,12326,random,test,42.93,45.263863,2.3338626098632815
21876,21984,2024-03-06 18:08:00,21978,21984,random,test,56.49575269,60.877823,4.382070185976559
1937,1949,2022-10-24 18:21:00,1943,1949,random,test,59.214,61.301693,2.0876929626464857
24072,24186,2024-07-05 15:43:25,24180,24186,random,test,38.6495252197516,42.88439,4.234866564916366
52,58,2022-10-22 18:05:00,52,58,random,test,32.487,39.076195,6.589194763183592
873,879,2022-10-22 19:30:00,873,879,random,test,35.968,37.418873,1.4508728332519496
16658,16742,2023-12-29 16:19:17,16736,16742,random,test,88.1733816465724,86.85045,-1.3229330381739572
21996,22104,2024-03-06 18:26:00,22098,22104,random,test,69.40145337,65.1437,-4.257753724003905
996,1002,2022-10-22 19:42:00,996,1002,random,test,56.5,52.60064,-3.8993606567382812
19960,20062,2024-03-03 14:52:00,20056,20062,random,test,60.53693169,57.859352,-2.6775795781835967
15820,15892,2023-12-22 10:35:51,15886,15892,random,test,159.610997570572,161.63928,2.0282846559904897
10513,10561,2023-02-06 16:14:00,10555,10561,random,test,38.387,48.715256,10.328255737304687
4047,4065,2022-10-25 19:16:00,4059,4065,random,test,40.924,41.42824,0.5042417297363286
2619,2631,2022-10-24 19:27:00,2625,2631,random,test,196.33,203.22328,6.89328186035155
26443,26563,2024-07-09 17:39:50,26557,26563,random,test,83.1077005417516,86.17113,3.06342677758434
14766,14832,2023-12-21 09:51:31,14826,14832,random,test,102.382688463572,110.2836,7.90091138994363
5927,5951,2022-10-26 19:31:00,5945,5951,random,test,71.309,68.176575,-3.1324252929687475
12844,12898,2023-02-07 18:39:00,12892,12898,random,test,37.089,42.85736,5.768360839843751
24889,25009,2024-07-09 09:35:30,25003,25009,random,test,31.2972688357516,32.34934,1.0520696957425422
25922,26042,2024-07-09 15:16:40,26036,26042,random,test,17.9713041397516,23.767326,5.79602221522887
8317,8353,2023-01-30 18:04:00,8347,8353,random,test,77.327,62.803093,-14.52390704345703
14279,14339,2023-02-08 18:51:00,14333,14339,random,test,61.928,62.948708,1.020707580566409
397,403,2022-10-22 18:40:00,397,403,random,test,43.756,45.57094,1.8149381103515623
3053,3065,2022-10-24 20:12:00,3059,3065,random,test,167.833,174.44937,6.616371337890627
18750,18846,2024-03-02 19:06:00,18840,18846,random,test,53.88854043,56.208942,2.320401983330079
11879,11933,2023-02-07 16:36:00,11927,11933,random,test,41.396,43.086357,1.690357116699218
14278,14338,2023-02-08 18:51:00,14332,14338,random,test,69.362,64.43929,-4.922707092285151
15416,15488,2023-12-22 09:38:09,15482,15488,random,test,146.966018109572,155.8546,8.888580889451447
896,902,2022-10-22 19:33:00,896,902,random,test,34.493,31.808136,-2.684864013671877
20868,20970,2024-03-03 17:12:00,20964,20970,random,test,75.6587628,69.129616,-6.529147016308599
4819,4843,2022-10-26 17:32:00,4837,4843,random,test,30.009,31.309158,1.3001583251953122
6149,6173,2022-10-26 20:01:00,6167,6173,random,test,79.274,71.63714,-7.636861633300782
13170,13224,2023-02-07 19:25:00,13218,13224,random,test,34.847,38.119915,3.2729150085449206
18325,18421,2024-03-02 18:02:00,18415,18421,random,test,40.85247913,39.953033,-0.899445682734374
1441,1447,2022-10-22 20:31:00,1441,1447,random,test,37.443,39.251045,1.8080452270507834
25164,25284,2024-07-09 10:18:20,25278,25284,random,test,75.1810491277516,68.92558,-6.255466242009419
2157,2169,2022-10-24 18:43:00,2163,2169,random,test,58.86,58.036816,-0.8231843566894526
5980,6004,2022-10-26 19:36:00,5998,6004,random,test,65.409,87.80873,22.399731079101556
14305,14365,2023-02-08 18:55:00,14359,14365,random,test,95.322,70.66198,-24.660020324707034
20072,20174,2024-03-03 15:08:00,20168,20174,random,test,84.78400571,87.617516,2.8335098539648413
15375,15447,2023-12-22 09:32:13,15441,15447,random,test,129.367335354572,137.15079,7.783451998943633
22022,22130,2024-03-06 18:30:00,22124,22130,random,test,61.31909537,61.46219,0.14309335070312557
20796,20898,2024-03-03 17:01:00,20892,20898,random,test,74.87659912,88.41937,13.542773438593755
13442,13502,2023-02-08 17:00:00,13496,13502,random,test,40.688,45.339035,4.651035034179685
22254,22362,2024-03-06 19:04:00,22356,22362,random,test,55.06178594,52.512794,-2.548991445371094
10285,10327,2023-02-01 19:44:00,10321,10327,random,test,65.468,66.11312,0.6451210327148402
6788,6818,2023-01-28 17:24:00,6812,6818,random,test,33.962,33.17276,-0.7892399902343783
20485,20587,2024-03-03 16:08:00,20581,20587,random,test,73.44263238,73.11841,-0.32422417687500626
19076,19172,2024-03-02 19:57:00,19166,19172,random,test,68.6192897,67.37838,-1.2409098782226522
8246,8282,2023-01-30 17:54:00,8276,8282,random,test,50.954,50.095985,-0.8580145874023444
10075,10117,2023-02-01 19:14:00,10111,10117,random,test,64.347,67.40688,3.0598832397460995
7417,7447,2023-01-28 18:49:00,7441,7447,random,test,49.184,51.72966,2.54566003417969
20910,21012,2024-03-03 17:18:00,21006,21012,random,test,65.09955315,69.58701,4.487460094628901
23357,23471,2024-07-05 10:54:55,23465,23471,random,test,15.9034820317516,23.592228,7.688745904039415
21578,21686,2024-03-06 17:23:00,21680,21686,random,test,76.18020525,122.28404,46.10383710839844
25822,25942,2024-07-09 12:38:15,25936,25942,random,test,17.5117881157516,21.91526,4.403472199189807
19359,19461,2024-03-03 12:44:00,19455,19461,random,test,67.18532295,61.754,-5.431321332568359
25522,25642,2024-07-09 11:13:55,25636,25642,random,test,65.3014546117516,59.686832,-5.614622183773079
6072,6096,2022-10-26 19:47:00,6090,6096,random,test,80.041,87.08444,7.043442138671878
11598,11646,2023-02-06 18:30:00,11640,11646,random,test,47.001,44.757767,-2.243233276367185
2730,2742,2022-10-24 19:38:00,2736,2742,random,test,164.352,173.16959,8.817586181640621
6214,6238,2022-10-26 20:08:00,6232,6238,random,test,58.211,78.5912,20.380201782226564
538,544,2022-10-22 18:54:00,538,544,random,test,33.372,33.75507,0.38306973266601574
1610,1616,2022-10-22 20:49:00,1610,1616,random,test,41.632,46.404015,4.772014587402346
24103,24217,2024-07-05 15:47:50,24211,24217,random,test,21.5325533257516,23.451172,1.9186185492484
16481,16565,2023-12-29 15:54:13,16559,16565,random,test,100.818361107572,101.06078,0.24242227865846644
10463,10511,2023-02-06 16:08:00,10505,10511,random,test,45.703,51.292076,5.589076110839841
26268,26388,2024-07-09 17:07:00,26382,26388,random,test,153.413652213752,132.51627,-20.897386344611363
22743,22857,2024-07-05 09:22:00,22851,22857,random,test,15.2142079957516,15.780247,0.5660387388675403
18191,18287,2024-03-02 17:43:00,18281,18287,random,test,65.88171682,57.09322,-8.788497062919916
5982,6006,2022-10-26 19:37:00,6000,6006,random,test,102.933,98.95624,-3.976762207031257
15657,15729,2023-12-22 10:12:44,15723,15729,random,test,151.007197112572,151.40384,0.39664199875613804
3799,3817,2022-10-25 18:50:00,3811,3817,random,test,48.476,47.343483,-1.1325170288085928
4140,4158,2022-10-25 19:25:00,4152,4158,random,test,43.461,45.41264,1.9516396179199234
10646,10694,2023-02-06 16:31:00,10688,10694,random,test,57.857,57.117493,-0.7395073242187493
25417,25537,2024-07-09 10:57:35,25531,25537,random,test,102.062736531752,77.53998,-24.522758504408245
7712,7742,2023-01-28 19:30:00,7736,7742,random,test,58.27,52.187744,-6.082255859375003
6384,6408,2022-10-26 20:30:00,6402,6408,random,test,44.346,47.040848,2.694847778320316
6417,6441,2022-10-26 20:34:00,6435,6441,random,test,48.594,51.208553,2.614553314208983
7850,7886,2023-01-30 17:08:00,7880,7886,random,test,36.499,39.70054,3.201538635253904
2300,2312,2022-10-24 18:56:00,2306,2312,random,test,65.173,76.73248,11.559482910156248
4871,4895,2022-10-26 17:37:00,4889,4895,random,test,41.278,37.626698,-3.6513024597167956
24201,24315,2024-07-05 16:19:00,24309,24315,random,test,17.7415461277516,21.478413,3.7368665004222272
13061,13115,2023-02-07 19:06:00,13109,13115,random,test,41.042,44.759697,3.717696960449217
1710,1716,2022-10-22 20:59:00,1710,1716,random,test,40.57,41.4271,0.857101135253906
1246,1252,2022-10-22 20:13:00,1246,1252,random,test,36.794,36.169746,-0.6242536010742157
23519,23633,2024-07-05 11:18:35,23627,23633,random,test,18.7754571817516,21.420052,2.6445943929554296
17469,17559,2024-03-01 19:01:00,17553,17559,random,test,53.49745859,55.988075,2.4906166663476554
26196,26316,2024-07-09 16:33:30,26310,26316,random,test,156.860022393752,91.62242,-65.23760112910355
5218,5242,2022-10-26 18:11:00,5236,5242,random,test,41.278,39.24489,-2.033111694335936
6245,6269,2022-10-26 20:11:00,6263,6269,random,test,84.171,83.62572,-0.545282836914069
21187,21295,2024-03-06 16:25:00,21289,21295,random,test,57.40827698,66.20321,8.794931943339847
20078,20180,2024-03-03 15:09:00,20174,20180,random,test,59.49404679,62.64298,3.148931878212892
17843,17933,2024-03-01 19:55:00,17927,17933,random,test,48.54375529,47.68866,-0.85509562203125
17882,17972,2024-03-01 20:01:00,17966,17972,random,test,58.71188311,55.18543,-3.5264544906152366
17116,17206,2024-03-01 18:09:00,17200,17206,random,test,44.6329369,45.737045,1.1041083880859404
9412,9454,2023-02-01 17:47:00,9448,9454,random,test,59.096,61.897923,2.801922515869144
4579,4603,2022-10-26 17:10:00,4597,4603,random,test,25.82,25.654434,-0.16556579589843778
21474,21582,2024-03-06 17:07:00,21576,21582,random,test,88.17338165,112.81006,24.636676943750004
16694,16778,2023-12-29 16:24:09,16772,16778,random,test,90.2591514545724,92.270226,2.01107407032994
25142,25262,2024-07-09 10:15:10,25256,25262,random,test,35.7775500697516,39.248016,3.470466287670277
18534,18630,2024-03-02 18:34:00,18624,18630,random,test,43.19897016,43.294495,0.09552446890624822
4821,4845,2022-10-26 17:33:00,4839,4845,random,test,39.508,33.592632,-5.915367706298831
9112,9154,2023-02-01 17:10:00,9148,9154,random,test,63.875,59.692722,-4.182277679443359
2325,2337,2022-10-24 18:58:00,2331,2337,random,test,117.447,108.92473,-8.522271606445315
9767,9809,2023-02-01 18:32:00,9803,9809,random,test,54.73,56.401188,1.6711878967285188
12257,12311,2023-02-07 17:25:00,12305,12311,random,test,45.703,45.890373,0.1873732299804658
19287,19389,2024-03-03 12:33:00,19383,19389,random,test,77.35345077,82.1072,4.753749852558599
25131,25251,2024-07-09 10:13:30,25245,25251,random,test,31.0675108237516,37.01993,5.95242096946129
16352,16430,2023-12-23 09:24:59,16424,16430,random,test,195.720887371572,222.45944,26.738554767099885
21055,21157,2024-03-03 17:40:00,21151,21157,random,test,48.93483713,46.04678,-2.888057497431639
1323,1329,2022-10-22 20:20:00,1323,1329,random,test,43.225,40.817764,-2.407235717773439
19986,20088,2024-03-03 14:56:00,20082,20088,random,test,68.48892908,69.44761,0.9586798677539008
5564,5588,2022-10-26 18:55:00,5582,5588,random,test,41.042,40.374527,-0.6674730224609391
7397,7427,2023-01-28 18:47:00,7421,7427,random,test,49.951,45.661034,-4.289966369628907
9736,9778,2023-02-01 18:27:00,9772,9778,random,test,50.954,54.090595,3.1365952453613275
16895,16985,2024-03-01 17:36:00,16979,16985,random,test,48.02231284,44.219757,-3.802555759921873
24409,24523,2024-07-05 17:00:35,24517,24523,random,test,23.8301334457516,28.061321,4.231187812793323
3268,3280,2022-10-24 20:33:00,3274,3280,random,test,190.194,188.33289,-1.8611142578124884
4178,4196,2022-10-25 19:29:00,4190,4196,random,test,40.157,39.48545,-0.6715492553710902
993,999,2022-10-22 19:42:00,993,999,random,test,69.657,61.681038,-7.975962097167965
11124,11172,2023-02-06 17:31:00,11166,11172,random,test,49.479,53.95106,4.472061248779298
21914,22022,2024-03-06 18:14:00,22016,22022,random,test,53.23673736,56.77185,3.5351132259375007
19640,19742,2024-03-03 13:25:00,19736,19742,random,test,111.8990132,106.58081,-5.318202653124999
21557,21665,2024-03-06 17:20:00,21659,21665,random,test,164.9557827,208.74522,43.78944129902345
16768,16852,2023-12-29 16:34:29,16846,16852,random,test,143.446281558572,125.68974,-17.75653851657981
12264,12318,2023-02-07 17:26:00,12312,12318,random,test,61.279,62.720993,1.441993041992184
24205,24319,2024-07-05 16:19:35,24313,24319,random,test,29.6889627517516,27.483437,-2.2055261672789435
25574,25694,2024-07-09 11:31:05,25688,25694,random,test,21.7623113377516,25.895401,4.133089663224961
18183,18279,2024-03-02 17:42:00,18273,18279,random,test,65.22991376,59.39081,-5.839105654531252
7647,7677,2023-01-28 19:23:00,7671,7677,random,test,37.797,41.20026,3.4032601623535186
13310,13370,2023-02-08 16:43:00,13364,13370,random,test,52.724,48.38524,-4.338761352539059
20549,20651,2024-03-03 16:17:00,20645,20651,random,test,72.53010809,72.11028,-0.41982519205078006
10610,10658,2023-02-06 16:26:00,10652,10658,random,test,114.615,96.57333,-18.04166625976562
15783,15855,2023-12-22 10:30:38,15849,15855,random,test,139.926545007572,133.86191,-6.0646370485876275
25892,26012,2024-07-09 15:12:35,26006,26012,random,test,15.6737240197516,20.19859,4.524865305199572
5705,5729,2022-10-26 19:10:00,5723,5729,random,test,39.803,39.71662,-0.08637860107421602
12285,12339,2023-02-07 17:29:00,12333,12339,random,test,45.585,49.816437,4.231436767578124
15798,15870,2023-12-22 10:32:47,15864,15870,random,test,125.717238190572,127.74155,2.0243084402873706
11899,11953,2023-02-07 16:38:00,11947,11953,random,test,38.918,48.46502,9.54701922607422
24411,24525,2024-07-05 17:00:55,24519,24525,random,test,22.3367063677516,28.760845,6.4241388165745725
12909,12963,2023-02-07 18:47:00,12957,12963,random,test,41.16,37.657295,-3.5027047729492153
14528,14588,2023-02-08 19:22:00,14582,14588,random,test,40.275,37.242916,-3.032083892822264
7582,7612,2023-01-28 19:15:00,7606,7612,random,test,34.552,39.76834,5.216341064453125
9355,9397,2023-02-01 17:39:00,9391,9397,random,test,55.733,60.37989,4.646890441894534
20989,21091,2024-03-03 17:31:00,21085,21091,random,test,81.52499038,85.61457,4.089580237675776
22319,22427,2024-03-06 19:13:00,22421,22427,random,test,61.44945598,60.406525,-1.0429313217968783
6357,6381,2022-10-26 20:28:00,6375,6381,random,test,76.737,86.377,9.639998901367193
8165,8201,2023-01-30 17:45:00,8195,8201,random,test,46.647,45.415836,-1.2311636657714828
16045,16123,2023-12-23 07:42:02,16117,16123,random,test,254.513523834572,244.27751,-10.23601223789231
13014,13068,2023-02-07 19:00:00,13062,13068,random,test,34.847,38.229515,3.3825150756835924
7304,7334,2023-01-28 18:31:00,7328,7334,random,test,46.116,48.47191,2.355908569335938
12659,12713,2023-02-07 18:16:00,12707,12713,random,test,31.366,36.04183,4.6758281555175785
15769,15841,2023-12-22 10:28:38,15835,15841,random,test,130.410220258572,131.76712,1.3569001027561285
26290,26410,2024-07-09 17:10:25,26404,26410,random,test,71.9644369597516,77.60185,5.637415457240593
10163,10205,2023-02-01 19:25:00,10199,10205,random,test,62.813,69.73362,6.920619689941404
22763,22877,2024-07-05 09:25:25,22871,22877,random,test,14.8695709777516,17.315735,2.44616388552965
16265,16343,2023-12-23 08:56:05,16337,16343,random,test,233.134370266511,243.60608,10.471708835051487
2772,2784,2022-10-24 19:42:00,2778,2784,random,test,104.821,98.70698,-6.114022155761717
26234,26354,2024-07-09 16:46:20,26348,26354,random,test,173.632345781851,146.37384,-27.25850544981975
20089,20191,2024-03-03 15:11:00,20185,20191,random,test,89.86806962,76.63165,-13.23641678796875
6595,6619,2022-10-26 20:51:00,6613,6619,random,test,37.502,40.183838,2.6818378906249976
12505,12559,2023-02-07 17:58:00,12553,12559,random,test,35.201,41.35761,6.156608795166015
19748,19850,2024-03-03 13:42:00,19844,19850,random,test,64.31738947,77.42211,13.104722041230474
8909,8945,2023-01-30 19:22:00,8939,8945,random,test,36.027,38.3499,2.3228992919921865
23412,23526,2024-07-05 11:02:35,23520,23526,random,test,21.4176743197516,28.015041,6.597367031566758
20340,20442,2024-03-03 15:47:00,20436,20442,random,test,62.23161966,61.626293,-0.6053264776269529
7094,7124,2023-01-28 18:03:00,7118,7124,random,test,67.828,60.33808,-7.489918640136722
24631,24745,2024-07-05 17:32:20,24739,24745,random,test,25.4384395297516,26.492855,1.0544155422698829
13213,13273,2023-02-08 16:30:00,13267,13273,random,test,33.608,41.634525,8.026525299072269
21475,21583,2024-03-06 17:07:00,21577,21583,random,test,90.51987268,105.8848,15.36493109197265
7228,7258,2023-01-28 18:21:00,7252,7258,random,test,42.812,42.47277,-0.33922930908202886
150,156,2022-10-22 18:16:00,150,156,random,test,25.938,27.667706,1.729705535888673
25609,25729,2024-07-09 11:41:50,25723,25729,random,test,17.6266671217516,24.371704,6.745036979810902
9725,9767,2023-02-01 18:25:00,9761,9767,random,test,57.326,58.611095,1.2850954284667964
23618,23732,2024-07-05 11:36:15,23726,23732,random,test,24.2896494697516,23.33947,-0.9501795600836296
8870,8906,2023-01-30 19:18:00,8900,8906,random,test,56.205,65.62343,9.418428344726564
24819,24939,2024-07-09 09:25:40,24933,24939,random,test,19.3498522117516,22.239956,2.8901036903480097
3382,3400,2022-10-25 18:03:00,3394,3400,random,test,30.245,31.71592,1.4709194946289053
26170,26290,2024-07-09 16:21:25,26284,26290,random,test,180.869734647752,234.31007,53.44033920478705
25942,26062,2024-07-09 15:24:10,26056,26062,random,test,29.6889627517516,26.888863,-2.8001001418883185
13551,13611,2023-02-08 17:14:00,13605,13611,random,test,35.673,36.537827,0.8648265380859357
10631,10679,2023-02-06 16:29:00,10673,10679,random,test,98.567,100.40846,1.8414625244140694
4093,4111,2022-10-25 19:20:00,4105,4111,random,test,42.163,41.675636,-0.48736370849609045
12188,12242,2023-02-07 17:17:00,12236,12242,random,test,39.626,41.826973,2.2009729614257836
23227,23341,2024-07-05 10:34:25,23335,23341,random,test,21.0730373017516,26.100574,5.027537191656602
17698,17788,2024-03-01 19:34:00,17782,17788,random,test,53.75817981,47.246414,-6.511765625429689
24463,24577,2024-07-05 17:08:10,24571,24577,random,test,17.6266671217516,26.919167,9.292499443189808
17230,17320,2024-03-01 18:25:00,17314,17320,random,test,51.41168878,51.887802,0.47611334402343886
10579,10627,2023-02-06 16:22:00,10621,10627,random,test,84.289,92.38708,8.098077331542967
14727,14793,2023-12-21 09:42:38,14787,14793,random,test,140.969429911572,164.31305,23.343619404834243
21014,21116,2024-03-03 17:35:00,21110,21116,random,test,57.40827698,82.73039,25.32211547605469
23985,24099,2024-07-05 15:26:25,24093,24099,random,test,20.4986422717516,22.116627,1.6179844677503539
7468,7498,2023-01-28 18:56:00,7492,7498,random,test,62.282,59.382347,-2.8996528930664027
22805,22919,2024-07-05 09:31:20,22913,22919,random,test,25.7830765477516,24.97496,-0.8081162206031642
23979,24093,2024-07-05 15:25:35,24087,24093,random,test,32.4460588957516,24.049652,-8.396406796142223
16949,17039,2024-03-01 17:44:00,17033,17039,random,test,75.91948402,63.274086,-12.645398021464842
11129,11177,2023-02-06 17:31:00,11171,11177,random,test,66.235,72.58002,6.345017089843751
23817,23931,2024-07-05 12:04:40,23925,23931,random,test,24.1747704637516,25.122543,0.9477728712093381
8079,8115,2023-01-30 17:35:00,8109,8115,random,test,72.371,70.97593,-1.3950707397460889
2715,2727,2022-10-24 19:36:00,2721,2727,random,test,111.193,116.78903,5.596031982421877
17983,18079,2024-03-02 17:12:00,18073,18079,random,test,192.461872,111.806885,-80.654987234375
23331,23445,2024-07-05 10:51:00,23439,23445,random,test,24.4045284757516,38.926693,14.522164486894884
4450,4468,2022-10-25 19:57:00,4462,4468,random,test,33.667,32.72434,-0.942661468505861
25365,25485,2024-07-09 10:50:25,25479,25485,random,test,122.281441587752,127.618706,5.33726416175972
3172,3184,2022-10-24 20:24:00,3178,3184,random,test,210.431,212.385,1.953994506835926
23871,23985,2024-07-05 12:17:35,23979,23985,random,test,27.1616246197516,27.383724,0.22209959289488523
13684,13744,2023-02-08 17:30:00,13738,13744,random,test,62.931,56.01163,-6.919368988037107
11614,11662,2023-02-06 18:32:00,11656,11662,random,test,85.174,87.576904,2.4029042968749934
6239,6263,2022-10-26 20:11:00,6257,6263,random,test,95.086,92.85397,-2.2320266113281235
17699,17789,2024-03-01 19:34:00,17783,17789,random,test,51.15096755,50.854553,-0.2964143273437472
20831,20933,2024-03-03 17:06:00,20927,20933,random,test,55.45286778,67.72362,12.27074977371094
12630,12684,2023-02-07 18:13:00,12678,12684,random,test,42.222,46.015682,3.793682220458983
6599,6623,2022-10-26 20:51:00,6617,6623,random,test,42.576,42.947468,0.3714678039550776
23918,24032,2024-07-05 12:30:45,24026,24032,random,test,19.4647312177516,26.787395,7.322664259543323
6133,6157,2022-10-26 19:58:00,6151,6157,random,test,99.452,92.75058,-6.701420166015623
9103,9145,2023-02-01 17:09:00,9139,9145,random,test,57.09,61.407608,4.317608032226559
18198,18294,2024-03-02 17:44:00,18288,18294,random,test,49.45627959,53.707848,4.251568005214843
3396,3414,2022-10-25 18:05:00,3408,3414,random,test,29.596,38.29606,8.700058654785156
6244,6268,2022-10-26 20:11:00,6262,6268,random,test,83.935,87.94695,4.0119528198242165
4667,4691,2022-10-26 17:18:00,4685,4691,random,test,27.708,25.870083,-1.837917144775389
25843,25963,2024-07-09 15:05:25,25957,25963,random,test,15.5588450137516,19.004662,3.445816546306993
7403,7433,2023-01-28 18:47:00,7427,7433,random,test,42.399,49.349136,6.950136352539062
7427,7457,2023-01-28 18:50:00,7451,7457,random,test,46.116,44.80591,-1.3100917968749997
24893,25013,2024-07-09 09:36:00,25007,25013,random,test,25.8979555537516,28.173512,2.2755559513753525
13989,14049,2023-02-08 18:14:00,14043,14049,random,test,53.019,55.26308,2.2440805969238298
3488,3506,2022-10-25 18:14:00,3500,3506,random,test,34.257,33.507668,-0.7493324584960916
1947,1959,2022-10-24 18:22:00,1953,1959,random,test,43.048,49.632183,6.58418307495117
20623,20725,2024-03-03 16:28:00,20719,20725,random,test,81.00354793,92.72051,11.716964460136722
24227,24341,2024-07-05 16:23:35,24335,24341,random,test,28.0806566677516,28.605682,0.525025705295274
24239,24353,2024-07-05 16:25:25,24347,24353,random,test,19.2349732057516,21.660378,2.4254042966898055
7258,7288,2023-01-28 18:25:00,7282,7288,random,test,38.387,39.628433,1.241433227539062
19547,19649,2024-03-03 13:12:00,19643,19649,random,test,57.53863759,63.8487,6.310063887050781
12296,12350,2023-02-07 17:30:00,12344,12350,random,test,47.709,51.66774,3.9587398681640593
512,518,2022-10-22 18:51:00,512,518,random,test,35.378,37.182884,1.8048842163085936
22410,22518,2024-03-06 19:26:00,22512,22518,random,test,63.53522579,64.29158,0.7563544101953141
12287,12341,2023-02-07 17:29:00,12335,12341,random,test,49.951,51.653378,1.7023775329589839
19548,19650,2024-03-03 13:12:00,19644,19650,random,test,55.19214656,60.514122,5.321975449277346
23216,23330,2024-07-05 10:32:55,23324,23330,random,test,33.7097279617516,30.852283,-2.8574444839683935
22929,23043,2024-07-05 09:52:00,23037,23043,random,test,21.1879163077516,22.697083,1.5091662117796503
8023,8059,2023-01-30 17:28:00,8053,8059,random,test,55.084,48.817184,-6.266815551757816
6921,6951,2023-01-28 17:41:00,6945,6951,random,test,48.417,39.406155,-9.010845367431642
23878,23992,2024-07-05 12:20:25,23986,23992,random,test,21.7623113377516,23.404247,1.6419359461839456
5098,5122,2022-10-26 17:59:00,5116,5122,random,test,30.717,34.14453,3.4275312500000013
24551,24665,2024-07-05 17:20:50,24659,24665,random,test,52.6647639517516,53.047176,0.38241240933238174
22847,22961,2024-07-05 09:39:35,22955,22961,random,test,18.3159411577516,20.41272,2.096778568810901
24141,24255,2024-07-05 15:53:50,24249,24255,random,test,67.4841557257516,48.234074,-19.25008208683559
18001,18097,2024-03-02 17:15:00,18091,18097,random,test,46.84906733,45.434883,-1.4141842123242157
8161,8197,2023-01-30 17:44:00,8191,8197,random,test,57.385,52.919746,-4.465253601074217
25677,25797,2024-07-09 12:03:50,25791,25797,random,test,42.4405324177516,44.93091,2.490375785373402
17277,17367,2024-03-01 18:32:00,17361,17367,random,test,61.57981659,57.67799,-3.901826630283203
2662,2674,2022-10-24 19:31:00,2668,2674,random,test,158.511,173.49628,14.985276855468754
5550,5574,2022-10-26 18:54:00,5568,5574,random,test,53.314,47.099285,-6.214714874267578
880,886,2022-10-22 19:31:00,880,886,random,test,35.201,36.33529,1.1342890014648432
22028,22136,2024-03-06 18:31:00,22130,22136,random,test,51.02060694,45.188725,-5.831882422177735
15380,15452,2023-12-22 09:32:59,15446,15452,random,test,239.000597851511,190.70271,-48.29788483881569
26410,26530,2024-07-09 17:31:00,26524,26530,random,test,43.9339594957516,43.86052,-0.07344008657191381
15074,15140,2023-12-21 11:04:24,15134,15140,random,test,105.250621949572,102.5489,-2.701725160021212
24594,24708,2024-07-05 17:27:00,24702,24708,random,test,57.6045612097516,53.23479,-4.369770407749648
24921,25041,2024-07-09 09:43:15,25035,25041,random,test,25.7830765477516,27.457825,1.6747481592796483
5814,5838,2022-10-26 19:20:00,5832,5838,random,test,40.216,45.480934,5.264934143066405
19495,19597,2024-03-03 13:03:00,19591,19597,random,test,60.53693169,61.57759,1.0406592523828095
22724,22838,2024-07-05 09:16:35,22832,22838,random,test,15.7886030257516,18.769932,2.9813287674612905
24742,24856,2024-07-05 17:49:45,24850,24856,random,test,25.0938025117516,29.889633,4.795830666959336
6462,6486,2022-10-26 20:38:00,6480,6486,random,test,60.04,60.434273,0.3942727661132821
18451,18547,2024-03-02 18:21:00,18541,18547,random,test,57.79935882,59.285545,1.4861865291210918
23583,23697,2024-07-05 11:31:20,23691,23697,random,test,22.9111013977516,23.214756,0.3036546142112897
14479,14539,2023-02-08 19:16:00,14533,14539,random,test,41.042,47.930397,6.888397033691405
14378,14438,2023-02-08 19:04:00,14432,14438,random,test,44.346,49.712677,5.3666770019531285
7976,8012,2023-01-30 17:22:00,8006,8012,random,test,48.358,50.297188,1.9391878051757843
6165,6189,2022-10-26 20:03:00,6183,6189,random,test,68.536,64.46995,-4.066052185058595
24195,24309,2024-07-05 16:18:10,24303,24309,random,test,17.8564251337516,21.401546,3.5451213445198846
25237,25357,2024-07-09 10:28:30,25351,25357,random,test,76.4447181937516,63.6645,-12.780217003566051
15634,15706,2023-12-22 10:09:24,15700,15706,random,test,147.748181787572,139.1968,-8.551389185032946
7792,7828,2023-01-30 17:01:00,7822,7828,random,test,46.411,44.130432,-2.2805678710937514
4900,4924,2022-10-26 17:40:00,4918,4924,random,test,33.844,40.621063,6.777063232421874
485,491,2022-10-22 18:48:00,485,491,random,test,32.959,39.033707,6.074706665039059
11583,11631,2023-02-06 18:28:00,11625,11631,random,test,39.567,40.89502,1.3280195312499998
20859,20961,2024-03-03 17:11:00,20955,20961,random,test,81.655351,86.03461,4.379255933593754
5883,5907,2022-10-26 19:27:00,5901,5907,random,test,53.255,49.522415,-3.73258483886719
3068,3080,2022-10-24 20:13:00,3074,3080,random,test,207.599,224.55382,16.954817749023448
16242,16320,2023-12-23 08:51:47,16314,16320,random,test,244.866825436511,251.8186,6.951778079114007
7921,7957,2023-01-30 17:16:00,7951,7957,random,test,42.045,42.815536,0.7705364990234358
16427,16511,2023-12-29 15:33:23,16505,16511,random,test,96.9075427175724,93.6194,-3.288142693158335
21939,22047,2024-03-06 18:17:00,22041,22047,random,test,68.22820786,65.853714,-2.374493870742185
15723,15795,2023-12-22 10:22:07,15789,15795,random,test,106.423867466572,110.94532,4.521452662822526
6944,6974,2023-01-28 17:43:00,6968,6974,random,test,46.234,54.363495,8.129494873046873
21920,22028,2024-03-06 18:15:00,22022,22028,random,test,49.45627959,56.240837,6.784557507167968
22100,22208,2024-03-06 18:41:00,22202,22208,random,test,57.6689982,65.54211,7.8731084284179715
24104,24218,2024-07-05 15:48:00,24212,24218,random,test,23.4854964277516,23.716255,0.2307587602366823
23433,23547,2024-07-05 11:05:45,23541,23547,random,test,39.4536782617516,35.8105,-3.6431771631187857
19435,19537,2024-03-03 12:55:00,19531,19537,random,test,63.14414395,60.345238,-2.7989062180664064
15542,15614,2023-12-22 09:56:17,15608,15614,random,test,111.768652599572,106.8534,-4.915251415489962
5225,5249,2022-10-26 18:11:00,5243,5249,random,test,34.788,34.20266,-0.585340393066403
6077,6101,2022-10-26 19:52:00,6095,6101,random,test,62.754,68.0536,5.2995964965820335
3541,3559,2022-10-25 18:19:00,3553,3559,random,test,27.236,33.422253,6.186252655029296
22315,22423,2024-03-06 19:13:00,22417,22423,random,test,52.06349185,55.229073,3.165580720800783
22306,22414,2024-03-06 19:11:00,22408,22414,random,test,64.05666824,61.60189,-2.4547776760351496
15331,15403,2023-12-22 09:25:37,15397,15403,random,test,112.941898116572,135.9169,22.97500251819362
17572,17662,2024-03-01 19:16:00,17656,17662,random,test,56.75647391,54.113346,-2.6431278101464812
13800,13860,2023-02-08 17:44:00,13854,13860,random,test,73.256,76.29092,3.0349164428710935
17166,17256,2024-03-01 18:16:00,17250,17256,random,test,57.6689982,52.168205,-5.5007929387695285
8178,8214,2023-01-30 17:46:00,8208,8214,random,test,48.653,45.051163,-3.601837280273436
19425,19527,2024-03-03 12:53:00,19521,19527,random,test,86.08761184,95.99948,9.911869361171881
21985,22093,2024-03-06 18:24:00,22087,22093,random,test,73.44263238,76.46666,3.0240271658984312
17156,17246,2024-03-01 18:15:00,17240,17246,random,test,48.67411591,47.08019,-1.5939271587792945
16792,16876,2023-12-29 16:37:51,16870,16876,random,test,121.676059187572,106.38018,-15.295878828685275
5925,5949,2022-10-26 19:31:00,5943,5949,random,test,72.135,63.687984,-8.44701553344727
5220,5244,2022-10-26 18:11:00,5238,5244,random,test,37.797,38.915306,1.1183060913085967
4252,4270,2022-10-25 19:37:00,4264,4270,random,test,43.402,47.724953,4.322952697753905
15537,15609,2023-12-22 09:55:34,15603,15609,random,test,117.113437732572,122.48744,5.374004284029567
18560,18656,2024-03-02 18:37:00,18650,18656,random,test,53.49745859,47.91657,-5.580889833896485
2885,2897,2022-10-24 19:53:00,2891,2897,random,test,253.147,234.33832,-18.80868212890624
7639,7669,2023-01-28 19:22:00,7663,7669,random,test,42.635,39.12748,-3.5075204467773418
24730,24844,2024-07-05 17:48:05,24838,24844,random,test,68.1734297617516,58.69321,-9.480219159944966
4484,4508,2022-10-26 17:01:00,4502,4508,random,test,29.065,30.865868,1.8008676147460925
1603,1609,2022-10-22 20:48:00,1603,1609,random,test,41.514,39.543274,-1.970726074218753
5001,5025,2022-10-26 17:50:00,5019,5025,random,test,31.543,36.56049,5.017489654541016
12085,12139,2023-02-07 17:03:00,12133,12139,random,test,39.036,49.619675,10.583674682617186
1366,1372,2022-10-22 20:24:00,1366,1372,random,test,46.765,48.029778,1.2647775268554682
7665,7695,2023-01-28 19:25:00,7689,7695,random,test,40.806,42.64483,1.8388287963867214
16161,16239,2023-12-23 08:28:50,16233,16239,random,test,243.823966604634,241.51292,-2.3110424102980573
22727,22841,2024-07-05 09:17:40,22835,22841,random,test,15.7886030257516,23.559486,7.770883363408556
11428,11476,2023-02-06 18:08:00,11470,11476,random,test,36.322,37.146477,0.824476745605466
13618,13678,2023-02-08 17:22:00,13672,13678,random,test,42.93,46.27304,3.3430407714843753
23673,23787,2024-07-05 11:44:05,23781,23787,random,test,33.3650909437516,25.759434,-7.605657197413713
4471,4489,2022-10-25 19:59:00,4483,4489,random,test,49.007,45.418747,-3.5882530517578104
9926,9968,2023-02-01 18:55:00,9962,9968,random,test,71.368,68.37365,-2.9943504028320262
23027,23141,2024-07-05 10:05:30,23135,23141,random,test,22.6813433857516,28.524975,5.843631437246447
9773,9815,2023-02-01 18:33:00,9809,9815,random,test,55.674,56.96213,1.2881315002441411
261,267,2022-10-22 18:26:00,261,267,random,test,24.758,27.251976,2.4939760131835946
10810,10858,2023-02-06 16:52:00,10852,10858,random,test,36.676,44.658638,7.982638000488279
2227,2239,2022-10-24 18:49:00,2233,2239,random,test,62.754,56.36402,-6.3899786987304665
6492,6516,2022-10-26 20:41:00,6510,6516,random,test,46.824,45.750874,-1.07312643432617
11504,11552,2023-02-06 18:18:00,11546,11552,random,test,86.767,100.15307,13.386068542480473
14204,14264,2023-02-08 18:42:00,14258,14264,random,test,56.087,58.151802,2.064802062988278
11728,11776,2023-02-06 18:46:00,11770,11776,random,test,41.101,43.357277,2.256276916503907
11724,11772,2023-02-06 18:45:00,11766,11772,random,test,40.393,43.125748,2.732747680664062
15544,15616,2023-12-22 09:56:34,15610,15616,random,test,107.075670531572,99.16579,-7.909883788407939
167,173,2022-10-22 18:17:00,167,173,random,test,26.823,32.541462,5.718461944580078
14467,14527,2023-02-08 19:15:00,14521,14527,random,test,40.039,45.388187,5.349187408447264
25161,25281,2024-07-09 10:17:55,25275,25281,random,test,65.9907286477516,55.889236,-10.101492197556283
10755,10803,2023-02-06 16:45:00,10797,10803,random,test,58.093,65.02892,6.935923034667965
2518,2530,2022-10-24 19:18:00,2524,2530,random,test,103.818,90.82402,-12.99397961425781
3639,3657,2022-10-25 18:30:00,3651,3657,random,test,38.387,46.308006,7.921006286621093
19471,19573,2024-03-03 13:00:00,19567,19573,random,test,56.6261133,59.776768,3.1506544307128905
23896,24010,2024-07-05 12:26:50,24004,24010,random,test,17.9713041397516,18.574165,0.6028612044866826
5528,5552,2022-10-26 18:52:00,5546,5552,random,test,52.016,53.960075,1.9440753784179705
5114,5138,2022-10-26 18:00:00,5132,5138,random,test,28.416,30.82409,2.4080890502929684
6983,7013,2023-01-28 17:48:00,7007,7013,random,test,41.868,41.420876,-0.44712445068359585
21814,21922,2024-03-06 18:00:00,21916,21922,random,test,54.54034349,65.400276,10.859932694082033
8407,8443,2023-01-30 18:15:00,8437,8443,random,test,63.226,61.39346,-1.8325406799316397
14070,14130,2023-02-08 18:24:00,14124,14130,random,test,58.388,63.3916,5.003601562500002
20899,21001,2024-03-03 17:17:00,20995,21001,random,test,108.1185554,131.45389,23.33533253945312
19997,20099,2024-03-03 14:57:00,20093,20099,random,test,123.8921896,104.471634,-19.420555688867182
10476,10524,2023-02-06 16:09:00,10518,10524,random,test,52.724,58.59021,5.866209960937503
13246,13306,2023-02-08 16:34:00,13300,13306,random,test,64.406,60.593475,-3.812524658203131
26055,26175,2024-07-09 15:55:40,26169,26175,random,test,201.892592745752,204.44975,2.5571600618651757
247,253,2022-10-22 18:25:00,247,253,random,test,24.404,28.675133,4.271132751464844
1448,1454,2022-10-22 20:32:00,1448,1454,random,test,36.558,40.250854,3.6928544921875
19044,19140,2024-03-02 19:52:00,19134,19140,random,test,57.6689982,55.543495,-2.125503021777341
23456,23570,2024-07-05 11:08:55,23564,23570,random,test,31.5270268477516,23.507015,-8.020011619480115
20287,20389,2024-03-03 15:39:00,20383,20389,random,test,109.0310797,107.23945,-1.7916311526367252
3548,3566,2022-10-25 18:20:00,3560,3566,random,test,37.384,37.818497,0.43449670410156216
20042,20144,2024-03-03 15:04:00,20138,20144,random,test,76.57128709,77.21014,0.6388493235742203
14747,14813,2023-12-21 09:46:36,14807,14813,random,test,150.485754660572,154.17897,3.6932156763420494
6027,6051,2022-10-26 19:43:00,6045,6051,random,test,41.927,45.177235,3.2502346496582035
487,493,2022-10-22 18:49:00,487,493,random,test,31.72,35.636505,3.916505126953126
18396,18492,2024-03-02 18:13:00,18486,18492,random,test,52.45457368,52.363068,-0.09150605304687787
10580,10628,2023-02-06 16:23:00,10622,10628,random,test,97.505,86.34103,-11.163973693847652
12259,12313,2023-02-07 17:25:00,12307,12313,random,test,47.237,49.206398,1.9693980102539044
5910,5934,2022-10-26 19:29:00,5928,5934,random,test,46.175,45.188286,-0.9867141723632784
16816,16900,2023-12-29 17:05:09,16894,16900,random,test,95.6039365875724,99.73708,4.133146847486188
11812,11860,2023-02-06 18:57:00,11854,11860,random,test,36.322,37.373985,1.051985290527341
2588,2600,2022-10-24 19:24:00,2594,2600,random,test,131.666,138.01257,6.346573242187503
19032,19128,2024-03-02 19:50:00,19122,19128,random,test,54.40998288,58.215065,3.805082122441405
13443,13503,2023-02-08 17:00:00,13497,13503,random,test,35.909,44.616768,8.707767883300782
12514,12568,2023-02-07 17:59:00,12562,12568,random,test,35.614,35.097076,-0.5169235839843722
23141,23255,2024-07-05 10:21:25,23249,23255,random,test,20.8432792897516,21.486076,0.6427970652288693
10054,10096,2023-02-01 19:11:00,10090,10096,random,test,72.43,67.89058,-4.539420776367194
4794,4818,2022-10-26 17:30:00,4812,4818,random,test,39.272,37.620056,-1.6519438476562485
2240,2252,2022-10-24 18:50:00,2246,2252,random,test,76.265,63.387295,-12.877705230712891
26191,26311,2024-07-09 16:31:10,26305,26311,random,test,105.509106711752,105.20978,-0.29932887972074695
3486,3504,2022-10-25 18:13:00,3498,3504,random,test,31.012,33.504436,2.4924364929199214
3860,3878,2022-10-25 18:56:00,3872,3878,random,test,44.228,43.91336,-0.31463940429687653
17084,17174,2024-03-01 18:04:00,17168,17174,random,test,44.6329369,47.550667,2.917729909082034
18406,18502,2024-03-02 18:15:00,18496,18502,random,test,44.37221568,50.457993,6.085776873710941
5859,5883,2022-10-26 19:25:00,5877,5883,random,test,47.709,49.26706,1.5580593261718718
1114,1120,2022-10-22 19:57:00,1114,1120,random,test,53.904,43.81993,-10.084068969726566
1834,1846,2022-10-24 18:11:00,1840,1846,random,test,44.995,44.744133,-0.2508670043945287
3923,3941,2022-10-25 19:02:00,3935,3941,random,test,45.172,50.590286,5.4182862548828155
23832,23946,2024-07-05 12:09:20,23940,23946,random,test,20.3837632657516,23.550068,3.1663046358597278
13642,13702,2023-02-08 17:25:00,13696,13702,random,test,47.06,50.85194,3.7919401550292946
8270,8306,2023-01-30 17:58:00,8300,8306,random,test,78.802,87.80031,8.998308227539056
8452,8488,2023-01-30 18:22:00,8482,8488,random,test,41.809,52.811337,11.002336517333987
2635,2647,2022-10-24 19:29:00,2641,2647,random,test,190.489,196.49165,6.002653442382808
8873,8909,2023-01-30 19:18:00,8903,8909,random,test,49.538,52.66533,3.127328979492191
953,959,2022-10-22 19:38:00,953,959,random,test,36.145,38.562424,2.4174237060546844
7877,7913,2023-01-30 17:11:00,7907,7913,random,test,33.549,35.522644,1.9736440429687505
9607,9649,2023-02-01 18:10:00,9643,9649,random,test,56.913,60.164913,3.2519131774902377
26220,26340,2024-07-09 16:40:25,26334,26340,random,test,185.464894887752,146.22592,-39.23897325689262
16188,16266,2023-12-23 08:35:13,16260,16266,random,test,260.119043229634,268.17947,8.060430647319151
5551,5575,2022-10-26 18:54:00,5569,5575,random,test,51.544,45.897495,-5.646504730224606
1530,1536,2022-10-22 20:40:00,1530,1536,random,test,45.703,41.86359,-3.8394097595214873
20575,20677,2024-03-03 16:21:00,20671,20677,random,test,51.93313123,59.7965,7.863369929667968
3286,3298,2022-10-24 20:34:00,3292,3298,random,test,127.89,147.72314,19.83314453125
5532,5556,2022-10-26 18:52:00,5550,5556,random,test,56.382,48.047066,-8.334934265136717
22463,22571,2024-03-06 19:34:00,22565,22571,random,test,57.14755575,61.207726,4.0601697749023415
25035,25155,2024-07-09 10:00:10,25149,25155,random,test,57.6045612097516,52.28381,-5.320751547886367
14272,14332,2023-02-08 18:51:00,14326,14332,random,test,55.733,58.644325,2.9113252563476593
19866,19968,2024-03-03 14:01:00,19962,19968,random,test,50.75988572,56.939552,6.1796665871289065
15969,16041,2023-12-22 10:57:46,16035,16041,random,test,137.971135812572,139.13293,1.161798757740513
25427,25547,2024-07-09 10:58:55,25541,25547,random,test,67.8287927437516,62.49266,-5.3361322212906686
26208,26328,2024-07-09 16:37:05,26322,26328,random,test,132.850310139752,153.85434,21.004029459857378
9961,10003,2023-02-01 18:59:00,9997,10003,random,test,66.058,68.14845,2.0904527587890556
10475,10523,2023-02-06 16:09:00,10517,10523,random,test,64.052,75.319954,11.267953918457025
17842,17932,2024-03-01 19:55:00,17926,17932,random,test,48.02231284,49.169304,1.1469910540429709
14564,14630,2023-12-21 09:05:45,14624,14630,random,test,160.653882474572,140.9267,-19.727185697228236
20344,20446,2024-03-03 15:48:00,20440,20446,random,test,54.40998288,59.88692,5.476938048955077
14759,14825,2023-12-21 09:49:05,14819,14825,random,test,164.564700864572,178.59148,14.026775575857698
14583,14649,2023-12-21 09:11:16,14643,14649,random,test,150.225033434572,139.78497,-10.440060290040748
1475,1481,2022-10-22 20:35:00,1475,1481,random,test,32.841,39.331985,6.490985473632811
18502,18598,2024-03-02 18:29:00,18592,18598,random,test,54.54034349,53.591835,-0.9485084680273417
4084,4102,2022-10-25 19:19:00,4096,4102,random,test,45.585,38.678474,-6.90652557373047
11212,11260,2023-02-06 17:41:00,11254,11260,random,test,110.485,138.40306,27.918060913085938
15797,15869,2023-12-22 10:32:39,15863,15869,random,test,124.283271447572,129.9176,5.634331091490495
15382,15454,2023-12-22 09:33:16,15448,15454,random,test,286.973316471572,232.52986,-54.44345502137668
13837,13897,2023-02-08 17:50:00,13891,13897,random,test,89.835,89.10238,-0.73262115478515
15314,15386,2023-12-22 09:23:04,15380,15386,random,test,177.861483390572,171.53299,-6.32849388861888
22519,22627,2024-03-06 19:42:00,22621,22627,random,test,48.41339468,55.84968,7.436287174248044
25045,25165,2024-07-09 10:01:35,25159,25165,random,test,61.8550844317516,54.513546,-7.341538441761365
3580,3598,2022-10-25 18:23:00,3592,3598,random,test,35.142,38.460934,3.3189336853027314
22257,22365,2024-03-06 19:05:00,22359,22365,random,test,48.02231284,44.903305,-3.1190077862890604
8763,8799,2023-01-30 19:01:00,8793,8799,random,test,82.342,74.04766,-8.29433917236328
16995,17085,2024-03-01 17:51:00,17079,17085,random,test,56.23503146,56.42959,0.1945568578710919
14187,14247,2023-02-08 18:40:00,14241,14247,random,test,84.407,67.55027,-16.85672991943359
23324,23438,2024-07-05 10:50:05,23432,23438,random,test,32.2163008837516,36.895813,4.67951210452965
10427,10475,2023-02-06 16:03:00,10469,10475,random,test,96.03,96.49533,0.46533081054687386
21595,21703,2024-03-06 17:26:00,21697,21703,random,test,126.8904837,109.56312,-17.327365719042973
15529,15601,2023-12-22 09:54:24,15595,15601,random,test,123.761828995572,117.61251,-6.149318314419659
21016,21118,2024-03-03 17:35:00,21112,21118,random,test,55.71358901,60.69363,4.98004120850586
9276,9318,2023-02-01 17:29:00,9312,9318,random,test,58.624,57.752884,-0.8711160888671898
15716,15788,2023-12-22 10:21:10,15782,15788,random,test,119.068846927572,125.90092,6.8320701256506595
4540,4564,2022-10-26 17:06:00,4558,4564,random,test,27.944,31.79573,3.8517305908203134
19447,19549,2024-03-03 12:56:00,19543,19549,random,test,62.23161966,64.758575,2.526955779453125
9918,9960,2023-02-01 18:54:00,9954,9960,random,test,70.306,70.40252,0.09651922607422136
25653,25773,2024-07-09 11:56:15,25767,25773,random,test,31.0675108237516,49.25221,18.184697885965196
7703,7733,2023-01-28 19:29:00,7727,7733,random,test,43.402,42.91603,-0.4859691162109385
20718,20820,2024-03-03 16:47:00,20814,20820,random,test,204.7157827,174.8801,-29.83568626445313
3441,3459,2022-10-25 18:09:00,3453,3459,random,test,28.652,29.392815,0.7408146362304677
18622,18718,2024-03-02 18:48:00,18712,18718,random,test,51.93313123,47.99006,-3.9430723310742195
980,986,2022-10-22 19:41:00,980,986,random,test,37.502,36.974976,-0.5270244140625024
17269,17359,2024-03-01 18:31:00,17353,17359,random,test,64.70847131,71.37093,6.662462222714851
12918,12972,2023-02-07 18:48:00,12966,12972,random,test,37.266,46.342117,9.076117309570314
20625,20727,2024-03-03 16:29:00,20721,20727,random,test,119.4599288,114.91967,-4.540258695019531
2676,2688,2022-10-24 19:33:00,2682,2688,random,test,177.273,180.56058,3.287577392578129
2119,2131,2022-10-24 18:39:00,2125,2131,random,test,98.154,94.47679,-3.677208618164059
9816,9858,2023-02-01 18:39:00,9852,9858,random,test,57.798,63.400158,5.602157928466795
13139,13193,2023-02-07 19:20:00,13187,13193,random,test,33.549,39.69205,6.143050933837891
280,286,2022-10-22 18:28:00,280,286,random,test,27.236,28.231804,0.9958038940429681
6952,6982,2023-01-28 17:44:00,6976,6982,random,test,54.199,50.40993,-3.78906881713867
26337,26457,2024-07-09 17:17:20,26451,26457,random,test,28.5401726917516,28.706532,0.16635883290660303
5887,5911,2022-10-26 19:27:00,5905,5911,random,test,54.612,52.233475,-2.3785252685546894
14737,14803,2023-12-21 09:44:01,14797,14803,random,test,262.465508191511,158.37384,-104.09166785947974
9026,9062,2023-01-30 19:36:00,9056,9062,random,test,40.57,38.66734,-1.9026606750488284
15272,15344,2023-12-22 09:17:15,15338,15344,random,test,124.543992673572,130.14865,5.604658449474869
9250,9292,2023-02-01 17:26:00,9286,9292,random,test,59.45,47.73992,-11.710078430175784
22256,22364,2024-03-06 19:04:00,22358,22364,random,test,48.02231284,47.457516,-0.5647971234472635
11635,11683,2023-02-06 18:35:00,11677,11683,random,test,49.125,57.89382,8.768821716308594
19202,19304,2024-03-03 12:21:00,19298,19304,random,test,63.01378334,61.353687,-1.6600960536230502
2622,2634,2022-10-24 19:27:00,2628,2634,random,test,198.749,230.8528,32.10379846191407
5673,5697,2022-10-26 19:06:00,5691,5697,random,test,85.528,87.251015,1.7230147094726505
19305,19407,2024-03-03 12:36:00,19401,19407,random,test,68.09784724,62.70509,-5.392757670908196
18715,18811,2024-03-02 19:01:00,18805,18811,random,test,57.53863759,58.33905,0.8004127029687496
10930,10978,2023-02-06 17:07:00,10972,10978,random,test,37.856,50.972088,13.11608786010742
6779,6809,2023-01-28 17:23:00,6803,6809,random,test,33.785,34.696106,0.9111059570312534
13627,13687,2023-02-08 17:23:00,13681,13687,random,test,37.089,41.417496,4.328495727539064
19809,19911,2024-03-03 13:53:00,19905,19911,random,test,96.25573965,114.92963,18.673886814843755
21801,21909,2024-03-06 17:58:00,21903,21909,random,test,82.6982359,91.75812,9.05988177578125
22377,22485,2024-03-06 19:22:00,22479,22485,random,test,57.79935882,55.789665,-2.009693597832033
6835,6865,2023-01-28 17:30:00,6859,6865,random,test,32.9,30.672493,-2.2275070190429673
8241,8277,2023-01-30 17:54:00,8271,8277,random,test,41.632,46.37529,4.74328991699219
10368,10410,2023-02-01 19:54:00,10404,10410,random,test,66.412,67.92054,1.508539855957025
22566,22674,2024-03-06 19:49:00,22668,22674,random,test,66.14243805,57.45998,-8.682458039013667
20204,20306,2024-03-03 15:27:00,20300,20306,random,test,55.84394962,65.450836,9.606886561640628
16976,17066,2024-03-01 17:48:00,17060,17066,random,test,49.5866402,48.97091,-0.6157310813476542
12094,12148,2023-02-07 17:04:00,12142,12148,random,test,46.706,45.824276,-0.8817240295410187
12831,12885,2023-02-07 18:37:00,12879,12885,random,test,32.723,35.25489,2.5318904418945323
1815,1827,2022-10-24 18:10:00,1821,1827,random,test,52.606,53.065388,0.4593877258300765
20749,20851,2024-03-03 16:55:00,20845,20851,random,test,178.7740077,133.09698,-45.67702283671875
1981,1993,2022-10-24 18:25:00,1987,1993,random,test,68.89,69.09489,0.20488677978515568
5864,5888,2022-10-26 19:25:00,5882,5888,random,test,54.494,43.699806,-10.794193786621094
22756,22870,2024-07-05 09:24:25,22864,22870,random,test,14.8695709777516,16.113312,1.243740789826525
2819,2831,2022-10-24 19:47:00,2825,2831,random,test,137.153,131.68596,-5.467041137695304
4685,4709,2022-10-26 17:20:00,4703,4709,random,test,36.322,33.477432,-2.8445677490234402
25066,25186,2024-07-09 10:04:30,25180,25186,random,test,43.7042014837516,48.17488,4.470679497693709
3698,3716,2022-10-25 18:36:00,3710,3716,random,test,51.249,49.129105,-2.11989538574219
7125,7155,2023-01-28 18:07:00,7149,7155,random,test,43.756,46.428078,2.672077697753906
2516,2528,2022-10-24 19:17:00,2522,2528,random,test,111.547,98.633255,-12.913744995117185
21889,21997,2024-03-06 18:10:00,21991,21997,random,test,60.14584985,61.570133,1.424283359228518
2501,2513,2022-10-24 19:16:00,2507,2513,random,test,159.691,170.84312,11.152124389648435
4043,4061,2022-10-25 19:16:00,4055,4061,random,test,45.408,44.05483,-1.3531713562011731
16463,16547,2023-12-29 15:50:48,16541,16547,random,test,116.461634667572,113.21123,-3.250407250579812
14381,14441,2023-02-08 19:04:00,14435,14441,random,test,43.579,44.98486,1.4058594665527337
3096,3108,2022-10-24 20:16:00,3102,3108,random,test,272.617,295.6596,23.04260693359373
13552,13612,2023-02-08 17:14:00,13606,13612,random,test,35.614,36.298843,0.6848433837890653
738,744,2022-10-22 19:15:00,738,744,random,test,44.405,45.69295,1.287951202392577
9136,9178,2023-02-01 17:13:00,9172,9178,random,test,54.258,60.03694,5.77894152832031
26364,26484,2024-07-09 17:21:10,26478,26484,random,test,28.0806566677516,45.64911,17.56845221896715
21319,21427,2024-03-06 16:45:00,21421,21427,random,test,219.0554501,199.88156,-19.173888820703127
18151,18247,2024-03-02 17:37:00,18241,18247,random,test,54.67070411,72.86692,18.196216361191404
1056,1062,2022-10-22 19:48:00,1056,1062,random,test,34.316,35.86048,1.5444812622070287
18158,18254,2024-03-02 17:38:00,18248,18254,random,test,62.36198027,60.8262,-1.5357816921191372
3047,3059,2022-10-24 20:11:00,3053,3059,random,test,155.974,164.03903,8.065031982421885
17242,17332,2024-03-01 18:27:00,17326,17332,random,test,58.06008004,63.444286,5.384206306435544
1311,1317,2022-10-22 20:19:00,1311,1317,random,test,38.859,41.04139,2.1823894653320295
11474,11522,2023-02-06 18:14:00,11516,11522,random,test,50.364,47.349304,-3.014695800781247
9068,9110,2023-02-01 17:03:00,9104,9110,random,test,65.586,64.75488,-0.8311171874999985
10574,10622,2023-02-06 16:21:00,10616,10622,random,test,129.07,85.220726,-43.8492739868164
22976,23090,2024-07-05 09:58:25,23084,23090,random,test,21.0730373017516,23.080315,2.007277334478868
17825,17915,2024-03-01 19:53:00,17909,17915,random,test,58.5815225,58.280518,-0.3010049218749984
12758,12812,2023-02-07 18:28:00,12806,12812,random,test,37.915,41.471443,3.556443176269532
9128,9170,2023-02-01 17:12:00,9164,9170,random,test,59.686,61.25995,1.57394873046875
4715,4739,2022-10-26 17:23:00,4733,4739,random,test,23.873,27.949997,4.076996948242186
9397,9439,2023-02-01 17:45:00,9433,9439,random,test,53.55,60.883343,7.333342742919925
13143,13197,2023-02-07 19:21:00,13191,13197,random,test,32.369,39.540337,7.171336608886719
24477,24591,2024-07-05 17:10:10,24585,24591,random,test,20.7284002837516,20.723896,-0.004504257140272472
2464,2476,2022-10-24 19:13:00,2470,2476,random,test,107.299,117.319824,10.020824218749993
12507,12561,2023-02-07 17:58:00,12555,12561,random,test,35.614,43.80008,8.186079345703128
34,40,2022-10-22 18:03:00,34,40,random,test,22.339,27.452263,5.11326287841797
14544,14604,2023-02-08 19:24:00,14598,14604,random,test,41.868,41.626907,-0.2410926513671896
1729,1741,2022-10-24 18:01:00,1735,1741,random,test,33.726,33.988003,0.2620027770996103
11808,11856,2023-02-06 18:57:00,11850,11856,random,test,34.965,41.722,6.757000122070309
14250,14310,2023-02-08 18:48:00,14304,14310,random,test,51.308,54.2676,2.959601013183594
21376,21484,2024-03-06 16:53:00,21478,21484,random,test,45.28473997,54.20776,8.923019887177738
24559,24673,2024-07-05 17:22:00,24667,24673,random,test,20.1540052537516,24.56102,4.4070146437093385
12247,12301,2023-02-07 17:24:00,12295,12301,random,test,42.281,45.905228,3.6242276611328137
23542,23656,2024-07-05 11:24:30,23650,23656,random,test,20.3837632657516,23.145233,2.7614698885452746
6550,6574,2022-10-26 20:47:00,6568,6574,random,test,48.889,49.27306,0.3840598449707002
21775,21883,2024-03-06 17:54:00,21877,21883,random,test,66.53351989,73.76025,7.226726386855475
8760,8796,2023-01-30 19:01:00,8790,8796,random,test,56.559,58.28157,1.722570434570315
626,632,2022-10-22 19:03:00,626,632,random,test,45.408,41.909195,-3.4988050537109388
22735,22849,2024-07-05 09:20:00,22843,22849,random,test,20.0391262477516,20.249897,0.210770755422228
9818,9860,2023-02-01 18:39:00,9854,9860,random,test,57.621,63.814735,6.193735412597654
20606,20708,2024-03-03 16:26:00,20702,20708,random,test,62.6227015,67.35995,4.737245704589846
21216,21324,2024-03-06 16:29:00,21318,21324,random,test,98.7325913,104.46818,5.7355864954101605
23362,23476,2024-07-05 10:55:35,23470,23476,random,test,16.2481190497516,20.906357,4.6582377617718365
601,607,2022-10-22 19:01:00,601,607,random,test,47.473,41.70795,-5.765049407958983
11668,11716,2023-02-06 18:39:00,11710,11716,random,test,34.788,40.53212,5.744119750976566
4679,4703,2022-10-26 17:19:00,4697,4703,random,test,32.9,34.924545,2.024545288085939
18266,18362,2024-03-02 17:54:00,18356,18362,random,test,42.80788832,53.285206,10.47731752106445
18000,18096,2024-03-02 17:15:00,18090,18096,random,test,48.80447652,45.165657,-3.63881947654297
3858,3876,2022-10-25 18:56:00,3870,3876,random,test,43.697,40.41045,-3.2865500183105496
24715,24829,2024-07-05 17:44:35,24823,24829,random,test,20.6135212777516,26.489323,5.875801384601914
24883,25003,2024-07-09 09:34:40,24997,25003,random,test,26.5872295897516,30.125118,3.5378886658636333
10104,10146,2023-02-01 19:17:00,10140,10146,random,test,68.123,67.01981,-1.1031864624023484
13538,13598,2023-02-08 17:12:00,13592,13598,random,test,37.62,37.727768,0.10776794433594006
409,415,2022-10-22 18:41:00,409,415,random,test,31.897,38.57631,6.679309204101564
2281,2293,2022-10-24 18:54:00,2287,2293,random,test,61.515,61.528385,0.013385162353515057
1644,1650,2022-10-22 20:52:00,1644,1650,random,test,38.033,43.171837,5.1388368530273425
2222,2234,2022-10-24 18:49:00,2228,2234,random,test,62.282,61.764862,-0.5171379394531215
8170,8206,2023-01-30 17:45:00,8200,8206,random,test,44.523,41.31063,-3.2123692016601595
12528,12582,2023-02-07 18:01:00,12576,12582,random,test,38.918,38.599735,-0.31826473999023364
21027,21129,2024-03-03 17:36:00,21123,21129,random,test,65.22991376,71.33851,6.108594845957029
1822,1834,2022-10-24 18:10:00,1828,1834,random,test,43.697,40.791264,-2.905736419677737
18883,18979,2024-03-02 19:27:00,18973,18979,random,test,79.56958119,79.06029,-0.5092937144140564
7794,7830,2023-01-30 17:01:00,7824,7830,random,test,41.101,41.619926,0.5189264526367197
23963,24077,2024-07-05 15:23:20,24071,24077,random,test,17.3969091097516,22.5085,5.111590035756212
20678,20780,2024-03-03 16:36:00,20774,20780,random,test,333.7727896,273.26538,-60.50740874062501
6293,6317,2022-10-26 20:17:00,6311,6317,random,test,55.379,50.76252,-4.6164801635742165
2683,2695,2022-10-24 19:33:00,2689,2695,random,test,135.206,137.46506,2.259057373046886
12077,12131,2023-02-07 17:02:00,12125,12131,random,test,42.871,38.974586,-3.896413513183596
7112,7142,2023-01-28 18:05:00,7136,7142,random,test,54.022,55.449875,1.427874877929689
11890,11944,2023-02-07 16:37:00,11938,11944,random,test,49.243,48.45136,-0.7916412048339865
23586,23700,2024-07-05 11:31:50,23694,23700,random,test,22.3367063677516,25.886387,3.5496805035862913
6741,6771,2023-01-28 17:18:00,6765,6771,random,test,36.499,35.581863,-0.9171365966796898
12589,12643,2023-02-07 18:08:00,12637,12643,random,test,33.195,35.34833,2.1533314514160153
25246,25366,2024-07-09 10:29:45,25360,25366,random,test,90.4599569257516,57.62446,-32.83549861276332
9995,10037,2023-02-01 19:03:00,10031,10037,random,test,60.807,63.198025,2.391024749755857
17584,17674,2024-03-01 19:17:00,17668,17674,random,test,52.19385246,53.354008,1.1601552609472634
16794,16878,2023-12-29 16:43:32,16872,16878,random,test,91.3020363585724,98.84718,7.545146868966668
21579,21687,2024-03-06 17:23:00,21681,21687,random,test,75.26768096,88.87996,13.612278146445306
10331,10373,2023-02-01 19:50:00,10367,10373,random,test,66.884,67.45437,0.5703685913085934
19592,19694,2024-03-03 13:18:00,19688,19694,random,test,81.655351,78.46244,-3.1929105092773398
10227,10269,2023-02-01 19:36:00,10263,10269,random,test,65.704,65.94648,0.24247979736328773
19449,19551,2024-03-03 12:57:00,19545,19551,random,test,73.18191115,66.047,-7.134914079687505
19980,20082,2024-03-03 14:55:00,20076,20082,random,test,88.95554532,97.30442,8.348875151191407
15003,15069,2023-12-21 10:45:32,15063,15069,random,test,119.068846927572,114.7216,-4.347243534017309
6534,6558,2022-10-26 20:45:00,6552,6558,random,test,39.154,43.38347,4.229468627929684
13590,13650,2023-02-08 17:18:00,13644,13650,random,test,44.995,47.390743,2.395743255615237
5198,5222,2022-10-26 18:08:00,5216,5222,random,test,32.428,31.551449,-0.8765511779785129
22962,23076,2024-07-05 09:56:30,23070,23076,random,test,14.9844499837516,22.342167,7.357716916883165
18871,18967,2024-03-02 19:26:00,18961,18967,random,test,55.5832284,58.872185,3.2889563534179658
18536,18632,2024-03-02 18:34:00,18626,18632,random,test,44.11149445,41.51217,-2.5993255657226584
24748,24862,2024-07-05 17:50:35,24856,24862,random,test,58.6384722637516,49.85621,-8.78226346248207
3964,3982,2022-10-25 19:06:00,3976,3982,random,test,55.32,57.366753,2.0467526245117185
24057,24171,2024-07-05 15:41:15,24165,24171,random,test,17.3969091097516,21.031353,3.6344438870745712
3455,3473,2022-10-25 18:10:00,3467,3473,random,test,27.0,26.472557,-0.5274429321289062
11255,11303,2023-02-06 17:47:00,11297,11303,random,test,74.259,69.33445,-4.924550231933594
4817,4841,2022-10-26 17:32:00,4835,4841,random,test,31.071,29.187195,-1.8838051757812515
15221,15287,2023-12-21 11:30:25,15281,15287,random,test,101.209442946572,110.13692,8.927474167685816
380,386,2022-10-22 18:38:00,380,386,random,test,45.467,46.718277,1.2512769775390638
12179,12233,2023-02-07 17:14:00,12227,12233,random,test,63.757,55.299095,-8.457904846191404
13433,13493,2023-02-08 16:58:00,13487,13493,random,test,36.499,38.489357,1.990356994628904
21747,21855,2024-03-06 17:48:00,21849,21855,random,test,96.38610027,77.50582,-18.880279041972656
10321,10363,2023-02-01 19:48:00,10357,10363,random,test,69.657,60.50518,-9.151819641113278
26104,26224,2024-07-09 16:05:05,26218,26224,random,test,90.1153199077516,77.464264,-12.651055991735973
15001,15067,2023-12-21 10:45:16,15061,15067,random,test,114.506225472572,106.38937,-8.116851693275123
13212,13272,2023-02-08 16:30:00,13266,13272,random,test,33.785,42.62522,8.84022125244141
12078,12132,2023-02-07 17:02:00,12126,12132,random,test,43.343,40.542336,-2.8006644897460973
7109,7139,2023-01-28 18:05:00,7133,7139,random,test,62.931,58.534645,-4.396354919433591
16631,16715,2023-12-29 16:15:39,16709,16715,random,test,79.9606630275724,81.20023,1.2395704319002618
11386,11434,2023-02-06 18:03:00,11428,11434,random,test,44.818,54.403114,9.585114318847658
14808,14874,2023-12-21 10:02:44,14868,14874,random,test,114.766946698572,118.44513,3.6781826959592507
8439,8475,2023-01-30 18:20:00,8469,8475,random,test,61.161,69.73303,8.572032226562499
23447,23561,2024-07-05 11:07:40,23555,23561,random,test,103.096647585752,95.59211,-7.504537905576214
21418,21526,2024-03-06 16:59:00,21520,21526,random,test,63.27450456,59.176888,-4.097617047792966
19802,19904,2024-03-03 13:51:00,19898,19904,random,test,120.8938955,125.492645,4.598749763671876
20713,20815,2024-03-03 16:46:00,20809,20815,random,test,238.3487948,206.4735,-31.87529931660157
18655,18751,2024-03-02 18:52:00,18745,18751,random,test,75.52840219,53.313503,-22.214898924619135
15244,15310,2023-12-21 11:33:35,15304,15310,random,test,136.797890295572,160.67125,23.87335909407645
11532,11580,2023-02-06 18:22:00,11574,11580,random,test,48.004,46.795486,-1.2085135498046853
23368,23482,2024-07-05 10:56:25,23476,23482,random,test,15.2142079957516,18.924217,3.7100092283694934
11127,11175,2023-02-06 17:31:00,11169,11175,random,test,76.796,67.902275,-8.893724914550788
25820,25940,2024-07-09 12:37:10,25934,25940,random,test,22.5664643797516,20.273293,-2.2931718382476944
13207,13261,2023-02-07 19:29:00,13255,13261,random,test,43.402,43.73644,0.3344387512207021
4563,4587,2022-10-26 17:08:00,4581,4587,random,test,24.05,33.298264,9.248263549804687
20535,20637,2024-03-03 16:15:00,20631,20637,random,test,77.61417199,78.71164,1.0974674142968723
24388,24502,2024-07-05 16:57:30,24496,24502,random,test,31.9865428717516,33.663467,1.6769245354749636
8309,8345,2023-01-30 18:03:00,8339,8345,random,test,41.75,43.954422,2.2044219970703125
10511,10559,2023-02-06 16:14:00,10553,10559,random,test,31.897,56.473003,24.576003387451173
25866,25986,2024-07-09 15:08:35,25980,25986,random,test,24.9789235057516,25.288025,0.3091013965921512
17448,17538,2024-03-01 18:58:00,17532,17538,random,test,52.45457368,47.238846,-5.21572785480469
13167,13221,2023-02-07 19:24:00,13215,13221,random,test,35.142,38.181953,3.0399534301757782
18479,18575,2024-03-02 18:25:00,18569,18575,random,test,44.89365813,50.13887,5.245212109257814
14673,14739,2023-12-21 09:34:46,14733,14739,random,test,149.833951595572,167.24156,17.40761029407645
11458,11506,2023-02-06 18:12:00,11500,11506,random,test,55.084,49.50055,-5.583450683593753
7267,7297,2023-01-28 18:26:00,7291,7297,random,test,52.606,44.417038,-8.188962036132814
9320,9362,2023-02-01 17:34:00,9356,9362,random,test,55.674,55.053684,-0.6203157653808589
19818,19920,2024-03-03 13:54:00,19914,19920,random,test,100.9487217,102.91426,1.9655391642578195
11968,12022,2023-02-07 16:48:00,12016,12022,random,test,38.151,38.826965,0.6759653320312466
21830,21938,2024-03-06 18:02:00,21932,21938,random,test,54.27962227,58.117355,3.83773307667969
17217,17307,2024-03-01 18:24:00,17301,17307,random,test,53.49745859,47.016056,-6.481402529208985
25952,26072,2024-07-09 15:28:40,26066,26072,random,test,48.7588777477516,56.984814,8.22593594243395
8735,8771,2023-01-30 18:56:00,8765,8771,random,test,81.457,71.786804,-9.670195800781244
21252,21360,2024-03-06 16:35:00,21354,21360,random,test,77.48381138,82.20144,4.717627523808588
7339,7369,2023-01-28 18:35:00,7363,7369,random,test,34.965,38.094612,3.129612121582028
19736,19838,2024-03-03 13:41:00,19832,19838,random,test,71.74794441,78.75424,7.006297533359373
18294,18390,2024-03-02 17:58:00,18384,18390,random,test,43.590052,41.390816,-2.1992362651367188
8442,8478,2023-01-30 18:21:00,8472,8478,random,test,54.435,61.594658,7.1596578979492165
20057,20159,2024-03-03 15:06:00,20153,20159,random,test,68.88001092,64.17672,-4.70329125447266
20917,21019,2024-03-03 17:19:00,21013,21019,random,test,71.22650196,80.29505,9.068549614707038
15500,15572,2023-12-22 09:50:10,15566,15572,random,test,127.933368611572,120.2052,-7.728168416259507
5115,5139,2022-10-26 18:00:00,5133,5139,random,test,29.006,30.988327,1.9823270263671873
25837,25957,2024-07-09 15:04:35,25951,25957,random,test,18.4308201637516,19.594868,1.1640475425472268
13514,13574,2023-02-08 17:09:00,13568,13574,random,test,35.909,42.546844,6.637844482421876
23707,23821,2024-07-05 11:48:45,23815,23821,random,test,26.9318666077516,22.656654,-4.275212249841445
19619,19721,2024-03-03 13:22:00,19715,19721,random,test,80.22138425,77.14636,-3.0750219453125
19500,19602,2024-03-03 13:04:00,19596,19602,random,test,62.10125905,62.775642,0.6743833450195282
3537,3555,2022-10-25 18:19:00,3549,3555,random,test,30.422,32.09404,1.672039916992187
9482,9524,2023-02-01 17:55:00,9518,9524,random,test,57.267,62.46369,5.196691711425778
9648,9690,2023-02-01 18:15:00,9684,9690,random,test,61.928,59.984604,-1.9433961181640598
12146,12200,2023-02-07 17:10:00,12194,12200,random,test,46.057,48.852295,2.795294921874998
13199,13253,2023-02-07 19:28:00,13247,13253,random,test,48.299,46.38619,-1.9128114929199214
24177,24291,2024-07-05 16:15:35,24285,24291,random,test,30.3782367877516,37.965763,7.587526304289415
8470,8506,2023-01-30 18:24:00,8500,8506,random,test,47.237,45.199005,-2.037994873046877
8345,8381,2023-01-30 18:07:00,8375,8381,random,test,40.57,50.956444,10.386443786621093
19886,19988,2024-03-03 14:04:00,19982,19988,random,test,60.6672923,61.737495,1.0702031223632815
15571,15643,2023-12-22 10:00:26,15637,15643,random,test,115.158028537572,112.48035,-2.677681857884494
25743,25863,2024-07-09 12:13:10,25857,25863,random,test,38.1900091957516,43.179314,4.989304463916369
2209,2221,2022-10-24 18:47:00,2215,2221,random,test,101.399,83.16513,-18.233869384765626
8247,8283,2023-01-30 17:54:00,8277,8283,random,test,49.715,53.336258,3.621257934570309
2898,2910,2022-10-24 19:56:00,2904,2910,random,test,264.534,258.44528,-6.088718017578117
16249,16327,2023-12-23 08:53:46,16321,16327,random,test,260.770846294634,254.75977,-6.011080669633998
16801,16885,2023-12-29 16:55:58,16879,16885,random,test,93.7788880055724,93.12457,-0.6543152516661479
8299,8335,2023-01-30 18:02:00,8329,8335,random,test,40.275,45.016304,4.741304016113283
16780,16864,2023-12-29 16:36:10,16858,16864,random,test,93.6485273925724,96.98783,3.339303723150252
11396,11444,2023-02-06 18:04:00,11438,11444,random,test,53.904,53.658833,-0.24516744995117534
12518,12572,2023-02-07 17:59:00,12566,12572,random,test,35.496,39.48444,3.9884398498535134
5954,5978,2022-10-26 19:33:00,5972,5978,random,test,38.446,40.03998,1.5939818420410177
22649,22757,2024-03-06 20:01:00,22751,22757,random,test,51.67241001,51.4162,-0.2562112795312501
26222,26342,2024-07-09 16:40:45,26336,26342,random,test,185.579773893752,177.81836,-7.761414518751991
15081,15147,2023-12-21 11:05:22,15141,15147,random,test,110.725767695572,108.52455,-2.2012163039704404
25447,25567,2024-07-09 11:01:45,25561,25567,random,test,68.4031877737516,61.06014,-7.343049071359019
11020,11068,2023-02-06 17:18:00,11062,11068,random,test,65.409,67.48128,2.0722774658203065
14642,14708,2023-12-21 09:24:58,14702,14708,random,test,119.590289379572,98.81092,-20.779368664239968
18379,18475,2024-03-02 18:10:00,18469,18475,random,test,74.09443544,48.66927,-25.42516587823242
24680,24794,2024-07-05 17:39:25,24788,24794,random,test,19.2349732057516,27.028366,7.793392883115587
7293,7323,2023-01-28 18:29:00,7317,7323,random,test,54.553,48.970116,-5.5828843383789035
22344,22452,2024-03-06 19:17:00,22446,22452,random,test,71.87830502,68.0752,-3.803102078105468
5116,5140,2022-10-26 18:00:00,5134,5140,random,test,29.183,32.5757,3.3926988525390627
15487,15559,2023-12-22 09:48:18,15553,15559,random,test,145.662411979572,138.15744,-7.504971794025124
11717,11765,2023-02-06 18:45:00,11759,11765,random,test,44.464,46.36467,1.9006697998046889
12827,12881,2023-02-07 18:37:00,12875,12881,random,test,31.897,37.688675,5.791674926757814
23376,23490,2024-07-05 10:57:30,23484,23490,random,test,20.1540052537516,23.364792,3.2107866163655885
19043,19139,2024-03-02 19:52:00,19133,19139,random,test,55.5832284,56.08374,0.500511834374997
26135,26255,2024-07-09 16:12:50,26249,26255,random,test,68.8627037977516,164.03731,95.1746039415062
3635,3653,2022-10-25 18:30:00,3647,3653,random,test,33.844,33.645054,-0.19894613647461057
17654,17744,2024-03-01 19:28:00,17738,17744,random,test,51.67241001,56.627647,4.955237389902344
16485,16569,2023-12-29 15:54:45,16563,16569,random,test,80.7428267055724,73.96505,-6.777776961920054
19069,19165,2024-03-02 19:56:00,19159,19165,random,test,58.71188311,59.38939,0.6775059280859352
4618,4642,2022-10-26 17:14:00,4636,4642,random,test,25.584,27.8592,2.2751995239257816
10199,10241,2023-02-01 19:33:00,10235,10241,random,test,64.996,67.8611,2.8650992431640674
4740,4764,2022-10-26 17:25:00,4758,4764,random,test,24.699,29.19645,4.497449279785155
8827,8863,2023-01-30 19:11:00,8857,8863,random,test,63.58,63.665703,0.08570281982422046
6,12,2022-10-22 18:01:00,6,12,random,test,23.637,30.084263,6.44726284790039
2346,2358,2022-10-24 19:00:00,2352,2358,random,test,97.505,108.41192,10.906918640136723
75,81,2022-10-22 18:07:00,75,81,random,test,24.345,30.63403,6.2890293884277355
23837,23951,2024-07-05 12:10:00,23945,23951,random,test,29.3443257337516,26.88116,-2.463164997667615
2973,2985,2022-10-24 20:04:00,2979,2985,random,test,91.723,76.96256,-14.760437438964843
6648,6672,2022-10-26 20:56:00,6666,6672,random,test,41.455,41.340202,-0.11479766845702954
1108,1114,2022-10-22 19:56:00,1108,1114,random,test,29.596,37.377354,7.7813536682128905
12107,12161,2023-02-07 17:05:00,12155,12161,random,test,47.414,45.05996,-2.3540405883789077
6039,6063,2022-10-26 19:44:00,6057,6063,random,test,43.402,44.493553,1.0915531616210927
15409,15481,2023-12-22 09:37:09,15475,15481,random,test,110.334685856572,113.12866,2.793976252803006
18937,19033,2024-03-02 19:36:00,19027,19033,random,test,55.71358901,55.146626,-0.5669634912011716
13593,13653,2023-02-08 17:19:00,13647,13653,random,test,52.547,55.70008,3.153080871582034
17583,17673,2024-03-01 19:17:00,17667,17673,random,test,52.32421307,51.314587,-1.0096264305957021
748,754,2022-10-22 19:17:00,748,754,random,test,66.707,60.08915,-6.617850524902337
25515,25635,2024-07-09 11:12:30,25629,25635,random,test,151.001193087752,132.99524,-18.0059538299395
9720,9762,2023-02-01 18:25:00,9756,9762,random,test,56.972,57.340385,0.36838543701171744
4203,4221,2022-10-25 19:32:00,4215,4221,random,test,47.178,41.419025,-5.758974578857419
7886,7922,2023-01-30 17:12:00,7916,7922,random,test,33.667,38.23008,4.563079650878905
7305,7335,2023-01-28 18:31:00,7329,7335,random,test,46.47,47.917816,1.4478161621093761
7303,7333,2023-01-28 18:31:00,7327,7333,random,test,43.461,47.856243,4.395243133544923
22751,22865,2024-07-05 09:23:45,22859,22865,random,test,16.4778770617516,21.906494,5.428617078873401
19613,19715,2024-03-03 13:21:00,19709,19715,random,test,69.14073215,67.654434,-1.4862979458984427
3282,3294,2022-10-24 20:34:00,3288,3294,random,test,157.272,161.55676,4.284762695312509
12840,12894,2023-02-07 18:38:00,12888,12894,random,test,45.644,44.875587,-0.7684125366210921
24770,24884,2024-07-05 17:53:40,24878,24884,random,test,20.9581582957516,22.40702,1.4488622730960579
26101,26221,2024-07-09 16:04:30,26215,26221,random,test,57.2599241917516,61.638496,4.37857220717418
10404,10446,2023-02-01 19:58:00,10440,10446,random,test,68.3,68.825714,0.5257141113281278
16444,16528,2023-12-29 15:47:32,16522,16528,random,test,108.118555435572,101.00447,-7.114084610376693
20555,20657,2024-03-03 16:18:00,20651,20657,random,test,62.10125905,58.646378,-3.4548814865234405
13104,13158,2023-02-07 19:11:00,13152,13158,random,test,32.959,37.72898,4.769981018066403
476,482,2022-10-22 18:47:00,476,482,random,test,38.8,41.67637,2.876368713378909
26008,26128,2024-07-09 15:48:15,26122,26128,random,test,63.6931485277516,64.21851,0.5253649610179281
7780,7810,2023-01-28 19:39:00,7804,7810,random,test,42.753,49.846653,7.0936529846191405
7655,7685,2023-01-28 19:24:00,7679,7685,random,test,38.918,40.23194,1.313941223144532
16224,16302,2023-12-23 08:47:51,16296,16302,random,test,247.343690119572,253.43048,6.086790837459262
17870,17960,2024-03-01 19:59:00,17954,17960,random,test,53.75817981,50.99812,-2.7600604557519546
12620,12674,2023-02-07 18:11:00,12668,12674,random,test,48.476,57.131706,8.65570623779297
3498,3516,2022-10-25 18:14:00,3510,3516,random,test,38.741,35.12979,-3.6112087402343747
13295,13355,2023-02-08 16:40:00,13349,13355,random,test,33.962,36.50363,2.5416315917968717
17068,17158,2024-03-01 18:02:00,17152,17158,random,test,60.14584985,54.03604,-6.109808590234373
12838,12892,2023-02-07 18:38:00,12886,12892,random,test,37.62,41.467224,3.8472241210937526
259,265,2022-10-22 18:26:00,259,265,random,test,23.873,27.387474,3.5144740600585926
20305,20407,2024-03-03 15:42:00,20401,20407,random,test,120.1117318,108.98888,-11.122855457226564
971,977,2022-10-22 19:40:00,971,977,random,test,37.03,39.421997,2.391997070312499
2141,2153,2022-10-24 18:41:00,2147,2153,random,test,79.746,71.15808,-8.587918945312495
20833,20935,2024-03-03 17:07:00,20929,20935,random,test,51.41168878,60.193924,8.782235170195314
25349,25469,2024-07-09 10:48:10,25463,25469,random,test,26.0128345597516,31.076328,5.063493717836291
24447,24561,2024-07-05 17:05:55,24555,24561,random,test,16.8225140797516,21.108147,4.28563258772887
9888,9930,2023-02-01 18:50:00,9924,9930,random,test,67.297,68.74232,1.4453171997070342
21473,21581,2024-03-06 17:07:00,21575,21581,random,test,121.9367804,119.59262,-2.3441595503906285
7748,7778,2023-01-28 19:35:00,7772,7778,random,test,56.559,57.24118,0.6821804199218775
8184,8220,2023-01-30 17:47:00,8214,8220,random,test,51.426,46.026222,-5.399777770996096
2084,2096,2022-10-24 18:36:00,2090,2096,random,test,65.468,55.448994,-10.019006317138675
10362,10404,2023-02-01 19:53:00,10398,10404,random,test,65.881,69.68594,3.8049436035156248
1489,1495,2022-10-22 20:36:00,1489,1495,random,test,45.054,46.531677,1.477677246093748
10901,10949,2023-02-06 17:03:00,10943,10949,random,test,48.594,42.395638,-6.19836248779297
13088,13142,2023-02-07 19:09:00,13136,13142,random,test,41.455,41.35873,-0.09626968383788892
911,917,2022-10-22 19:34:00,911,917,random,test,44.523,48.595726,4.0727260131835905
5070,5094,2022-10-26 17:56:00,5088,5094,random,test,25.289,26.762547,1.4735465393066391
16933,17023,2024-03-01 17:42:00,17017,17023,random,test,40.5917579,43.191757,2.59999930214844
13624,13684,2023-02-08 17:22:00,13678,13684,random,test,41.278,41.85282,0.5748213500976576
18094,18190,2024-03-02 17:28:00,18184,18190,random,test,54.67070411,53.783543,-0.887161476943362
17437,17527,2024-03-01 18:56:00,17521,17527,random,test,145.7927726,116.14764,-29.645136186425788
2111,2123,2022-10-24 18:38:00,2117,2123,random,test,85.764,80.695366,-5.068634094238277
19192,19294,2024-03-03 12:20:00,19288,19294,random,test,55.06178594,56.303497,1.241711374453125
25430,25550,2024-07-09 10:59:20,25544,25550,random,test,47.0356926577516,68.410324,21.374631438928084
5100,5124,2022-10-26 17:59:00,5118,5124,random,test,32.015,35.00624,2.991240844726562
19562,19664,2024-03-03 13:14:00,19658,19664,random,test,83.35003897,89.694756,6.344716584199219
14913,14979,2023-12-21 10:21:41,14973,14979,random,test,93.1270849405724,91.32922,-1.7978613077599022
346,352,2022-10-22 18:35:00,346,352,random,test,38.741,37.34111,-1.3998897705078122
6607,6631,2022-10-26 20:52:00,6625,6631,random,test,39.98,41.09502,1.1150202941894563
7212,7242,2023-01-28 18:19:00,7236,7242,random,test,48.181,47.27661,-0.9043886718749974
17295,17385,2024-03-01 18:35:00,17379,17385,random,test,55.45286778,59.748093,4.295224871367189
10224,10266,2023-02-01 19:36:00,10260,10266,random,test,63.58,65.650444,2.0704440307617205
18161,18257,2024-03-02 17:39:00,18251,18257,random,test,66.53351989,63.87875,-2.6547700425878844
2583,2595,2022-10-24 19:24:00,2589,2595,random,test,119.748,114.228294,-5.519705627441411
13082,13136,2023-02-07 19:09:00,13130,13136,random,test,45.408,45.555515,0.14751528930663937
5553,5577,2022-10-26 18:54:00,5571,5577,random,test,49.007,42.633026,-6.373973876953123
9774,9816,2023-02-01 18:33:00,9810,9816,random,test,56.5,58.907387,2.4073867797851562
14690,14756,2023-12-21 09:37:35,14750,14756,random,test,119.199207540572,128.61957,9.420360330521746
96,102,2022-10-22 18:09:00,96,102,random,test,24.935,26.77132,1.8363203430175794
624,630,2022-10-22 19:03:00,624,630,random,test,43.579,40.683266,-2.8957343139648444
20217,20319,2024-03-03 15:29:00,20313,20319,random,test,72.53010809,73.69263,1.1625188631250012
99,105,2022-10-22 18:10:00,99,105,random,test,25.761,27.079407,1.3184067382812508
2140,2152,2022-10-24 18:41:00,2146,2152,random,test,81.575,78.26523,-3.309771728515628
15306,15378,2023-12-22 09:21:57,15372,15378,random,test,124.022550221572,113.86461,-10.157941456923567
19524,19626,2024-03-03 13:07:00,19620,19626,random,test,70.44433828,85.0986,14.654264014921878
10899,10947,2023-02-06 17:03:00,10941,10947,random,test,43.815,41.81579,-1.999211730957029
11658,11706,2023-02-06 18:37:00,11700,11706,random,test,36.44,44.49083,8.05082946777344
17687,17777,2024-03-01 19:33:00,17771,17777,random,test,57.6689982,51.03655,-6.632449585498044
17178,17268,2024-03-01 18:18:00,17262,17268,random,test,62.36198027,57.519676,-4.842304061503903
963,969,2022-10-22 19:39:00,963,969,random,test,31.012,34.6417,3.629700744628906
18559,18655,2024-03-02 18:37:00,18649,18655,random,test,54.14926165,49.69482,-4.454441245947265
24849,24969,2024-07-09 09:29:50,24963,24969,random,test,20.4986422717516,22.441803,1.9431607067640257
1456,1462,2022-10-22 20:33:00,1456,1462,random,test,34.611,39.224564,4.613563598632815
18007,18103,2024-03-02 17:16:00,18097,18103,random,test,48.41339468,49.447823,1.034427890800778
21780,21888,2024-03-06 17:54:00,21882,21888,random,test,86.7394149,93.64618,6.90676429921875
16189,16267,2023-12-23 08:35:21,16261,16267,random,test,264.029861619634,271.40576,7.375900099115995
12564,12618,2023-02-07 18:05:00,12612,12618,random,test,35.673,35.97622,0.30321917724609193
19441,19543,2024-03-03 12:56:00,19537,19543,random,test,59.6244074,63.144154,3.5197461949707005
8049,8085,2023-01-30 17:31:00,8079,8085,random,test,40.747,41.991047,1.2440469055175782
13566,13626,2023-02-08 17:16:00,13620,13626,random,test,33.136,30.028511,-3.1074889526367215
9132,9174,2023-02-01 17:12:00,9168,9174,random,test,61.633,66.47939,4.846393005371091
11928,11982,2023-02-07 16:43:00,11976,11982,random,test,46.352,56.039654,9.687653778076175
18003,18099,2024-03-02 17:15:00,18093,18099,random,test,41.89536403,44.142838,2.2474734944140593
7277,7307,2023-01-28 18:27:00,7301,7307,random,test,49.951,47.599415,-2.3515851745605474
2476,2488,2022-10-24 19:14:00,2482,2488,random,test,135.855,132.36028,-3.4947247314453023
3318,3330,2022-10-24 20:37:00,3324,3330,random,test,167.892,177.65245,9.760450561523442
25386,25506,2024-07-09 10:53:15,25500,25506,random,test,46.6910556397516,44.56476,-2.1262973389703532
14971,15037,2023-12-21 10:41:06,15031,15037,random,test,110.856128308572,145.55775,34.701626208029566
5094,5118,2022-10-26 17:58:00,5112,5118,random,test,31.366,33.91154,2.545540985107422
24271,24385,2024-07-05 16:30:40,24379,24385,random,test,23.0259804037516,25.62415,2.598168918758166
21504,21612,2024-03-06 17:11:00,21606,21612,random,test,146.314215,154.05693,7.742715541992197
12730,12784,2023-02-07 18:25:00,12778,12784,random,test,44.169,45.24581,1.0768114624023468
12599,12653,2023-02-07 18:09:00,12647,12653,random,test,46.647,45.046593,-1.6004072875976547
3995,4013,2022-10-25 19:09:00,4007,4013,random,test,74.967,86.79388,11.82687664794922
18053,18149,2024-03-02 17:23:00,18143,18149,random,test,50.49916449,45.3584,-5.140766052499998
13606,13666,2023-02-08 17:20:00,13660,13666,random,test,43.343,51.59317,8.250170166015621
8074,8110,2023-01-30 17:34:00,8104,8110,random,test,64.642,62.887978,-1.7540223999023397
2508,2520,2022-10-24 19:17:00,2514,2520,random,test,201.699,194.37962,-7.319376586914075
2740,2752,2022-10-24 19:39:00,2746,2752,random,test,228.072,235.39217,7.32016613769531
23827,23941,2024-07-05 12:07:45,23935,23941,random,test,20.0391262477516,22.91103,2.871903567922228
9681,9723,2023-02-01 18:19:00,9717,9723,random,test,56.264,60.74998,4.485980926513669
24983,25103,2024-07-09 09:51:55,25097,25103,random,test,30.0335997697516,29.980076,-0.053523933569959325
5804,5828,2022-10-26 19:19:00,5822,5828,random,test,46.352,47.877388,1.5253880004882845
9740,9782,2023-02-01 18:28:00,9776,9782,random,test,55.792,59.26621,3.474208648681639
1959,1971,2022-10-24 18:23:00,1965,1971,random,test,77.445,73.0939,-4.351097412109368
250,256,2022-10-22 18:25:00,250,256,random,test,27.118,27.817741,0.6997413940429702
20425,20527,2024-03-03 15:59:00,20521,20527,random,test,66.79424111,63.40388,-3.3903600370019547
4322,4340,2022-10-25 19:43:00,4334,4340,random,test,42.163,44.114037,1.951036560058597
1346,1352,2022-10-22 20:22:00,1346,1352,random,test,47.886,49.579216,1.693216003417966
1923,1935,2022-10-24 18:20:00,1929,1935,random,test,67.061,62.77321,-4.2877913818359445
19747,19849,2024-03-03 13:42:00,19843,19849,random,test,67.05496234,78.07799,11.023025330898435
24903,25023,2024-07-09 09:37:30,25017,25023,random,test,29.9187207637516,27.666306,-2.2524152217594136
24493,24607,2024-07-05 17:12:25,24601,24607,random,test,43.9339594957516,45.8198,1.885841834814805
12463,12517,2023-02-07 17:53:00,12511,12517,random,test,31.779,35.267513,3.4885132751464845
18505,18601,2024-03-02 18:29:00,18595,18601,random,test,45.93654303,48.193783,2.2572397763964815
11142,11190,2023-02-06 17:33:00,11184,11190,random,test,47.768,34.240353,-13.527647369384766
4186,4204,2022-10-25 19:30:00,4198,4204,random,test,43.107,44.946587,1.8395866088867194
21619,21727,2024-03-06 17:29:00,21721,21727,random,test,80.48210548,89.139496,8.657390369609374
11490,11538,2023-02-06 18:16:00,11532,11538,random,test,133.436,129.4136,-4.022395263671882
17142,17232,2024-03-01 18:13:00,17226,17232,random,test,44.6329369,44.6448,0.011861378808596612
14813,14879,2023-12-21 10:03:24,14873,14879,random,test,121.024256122572,118.53679,-2.4874671821423107
6522,6546,2022-10-26 20:44:00,6540,6546,random,test,36.853,36.13031,-0.7226899414062515
19060,19156,2024-03-02 19:54:00,19150,19156,random,test,48.02231284,54.635704,6.613391200527346
7568,7598,2023-01-28 19:13:00,7592,7598,random,test,57.621,52.132133,-5.4888665161132835
8214,8250,2023-01-30 17:50:00,8244,8250,random,test,53.55,53.60579,0.05578918457031534
21232,21340,2024-03-06 16:32:00,21334,21340,random,test,136.6675297,122.708534,-13.958995459277332
4101,4119,2022-10-25 19:21:00,4113,4119,random,test,45.998,46.844097,0.8460971374511743
3045,3057,2022-10-24 20:11:00,3051,3057,random,test,171.609,179.23364,7.624642578124991
22490,22598,2024-03-06 19:38:00,22592,22598,random,test,50.49916449,54.015644,3.51647958348633
2724,2736,2022-10-24 19:37:00,2730,2736,random,test,147.419,159.69344,12.274435668945301
7477,7507,2023-01-28 18:57:00,7501,7507,random,test,79.097,60.33039,-18.766609069824213
23494,23608,2024-07-05 11:14:35,23602,23608,random,test,21.3027953137516,21.896744,0.5939484606624639
19445,19547,2024-03-03 12:56:00,19541,19547,random,test,62.36198027,66.153015,3.7910348667187534
8255,8291,2023-01-30 17:55:00,8285,8291,random,test,46.47,50.21337,3.74337127685547
16031,16109,2023-12-23 07:35:28,16103,16109,random,test,232.612940850572,250.56952,17.956578192396762
21795,21903,2024-03-06 17:57:00,21897,21903,random,test,97.6897064,101.5432,3.853491231835932
8622,8658,2023-01-30 18:42:00,8652,8658,random,test,72.017,65.65714,-6.35985736083984
23290,23404,2024-07-05 10:44:00,23398,23404,random,test,24.5194074817516,30.551823,6.032415180601916
15336,15408,2023-12-22 09:26:23,15402,15408,random,test,147.487460561572,138.93646,-8.550998159228243
7819,7855,2023-01-30 17:04:00,7849,7855,random,test,36.912,37.39969,0.48768872070312597
19823,19925,2024-03-03 13:55:00,19919,19925,random,test,77.35345077,85.710014,8.356563573261724
16737,16821,2023-12-29 16:30:00,16815,16821,random,test,91.4323969715724,85.41281,-6.019585692275527
18541,18637,2024-03-02 18:35:00,18631,18637,random,test,43.590052,45.302517,1.7124649372558594
26442,26562,2024-07-09 17:39:40,26556,26562,random,test,73.8025010557516,79.535675,5.7331739930765195
11326,11374,2023-02-06 17:56:00,11368,11374,random,test,80.218,80.217285,-0.0007148437500035243
8574,8610,2023-01-30 18:36:00,8604,8610,random,test,66.353,54.767086,-11.58591397094726
23932,24046,2024-07-05 12:40:20,24040,24046,random,test,15.9034820317516,20.689537,4.786055016588243
8034,8070,2023-01-30 17:29:00,8064,8070,random,test,47.355,44.03447,-3.3205303955078094
14874,14940,2023-12-21 10:11:56,14934,14940,random,test,106.684588692572,97.23378,-9.450808785345444
25703,25823,2024-07-09 12:07:35,25817,25823,random,test,97.5824552977516,86.06423,-11.518223425193
21109,21217,2024-03-06 16:13:00,21211,21217,random,test,70.31397767,55.15055,-15.163426827714844
5160,5184,2022-10-26 18:05:00,5178,5184,random,test,67.474,55.38901,-12.084988616943363
21018,21120,2024-03-03 17:35:00,21114,21120,random,test,50.89024633,56.44825,5.558003486894535
14538,14598,2023-02-08 19:24:00,14592,14598,random,test,39.803,41.98478,2.181779357910159
4393,4411,2022-10-25 19:51:00,4405,4411,random,test,47.237,46.733925,-0.5030751342773456
26163,26283,2024-07-09 16:20:25,26277,26283,random,test,198.675980577752,210.54982,11.873839368537062
10726,10774,2023-02-06 16:40:00,10768,10774,random,test,57.149,60.013325,2.864324737548827
25706,25826,2024-07-09 12:08:00,25820,25826,random,test,45.5422655797516,47.39759,1.8553250574554312
14032,14092,2023-02-08 18:20:00,14086,14092,random,test,49.42,62.263935,12.843935089111326
5711,5735,2022-10-26 19:10:00,5729,5735,random,test,46.942,46.180965,-0.7610345764160158
8144,8180,2023-01-30 17:42:00,8174,8180,random,test,71.368,60.55081,-10.81718823242187
5533,5557,2022-10-26 18:52:00,5551,5557,random,test,56.146,47.414604,-8.731395812988282
11373,11421,2023-02-06 18:02:00,11415,11421,random,test,54.258,56.506622,2.2486223144531223
16159,16237,2023-12-23 08:28:33,16231,16237,random,test,254.383163221572,246.61546,-7.767699964736067
11266,11314,2023-02-06 17:48:00,11308,11314,random,test,78.743,57.253834,-21.489166229248042
15297,15369,2023-12-22 09:20:42,15363,15369,random,test,134.060317422572,126.184906,-7.8754114167126374
20999,21101,2024-03-03 17:32:00,21095,21101,random,test,53.36709798,58.982754,5.615655773662112
2641,2653,2022-10-24 19:29:00,2647,2653,random,test,189.014,205.29947,16.285468994140615
24723,24837,2024-07-05 17:45:45,24831,24837,random,test,43.1298064537516,66.451546,23.321739261580433
14666,14732,2023-12-21 09:32:06,14726,14732,random,test,97.1682639435724,118.33415,21.16588827810729
6424,6448,2022-10-26 20:34:00,6442,6448,random,test,67.297,65.687584,-1.6094160766601533
26242,26362,2024-07-09 16:51:05,26356,26362,random,test,256.575011089652,242.44516,-14.129851177542605
17967,18063,2024-03-02 17:10:00,18057,18063,random,test,70.7050595,42.642067,-28.062992544433598
21656,21764,2024-03-06 17:35:00,21758,21764,random,test,118.9384863,119.96712,1.0286310095703186
6258,6282,2022-10-26 20:13:00,6276,6282,random,test,84.997,89.5792,4.582200744628906
22123,22231,2024-03-06 18:46:00,22225,22231,random,test,52.71529491,52.289215,-0.42607982210937223
9441,9483,2023-02-01 17:50:00,9477,9483,random,test,50.954,57.080036,6.1260361633300775
5365,5389,2022-10-26 18:25:00,5383,5389,random,test,41.514,43.5427,2.0287017211914034
19108,19204,2024-03-02 20:01:00,19198,19204,random,test,59.36368617,52.20912,-7.154564465898439
5857,5881,2022-10-26 19:24:00,5875,5881,random,test,55.202,51.534367,-3.6676333923339826
7442,7472,2023-01-28 18:52:00,7466,7472,random,test,55.792,49.287132,-6.504867736816408
16599,16683,2023-12-29 16:11:21,16677,16683,random,test,79.1784993495724,78.59483,-0.5836659755489677
734,740,2022-10-22 19:15:00,734,740,random,test,47.945,53.503387,5.558387451171875
1288,1294,2022-10-22 20:17:00,1288,1294,random,test,31.543,32.50063,0.9576294250488289
19093,19189,2024-03-02 19:59:00,19183,19189,random,test,61.97089843,57.486465,-4.484432975898436
15915,15987,2023-12-22 10:50:03,15981,15987,random,test,112.681176890572,113.28003,0.5988524063029956
18762,18858,2024-03-02 19:08:00,18852,18858,random,test,60.14584985,60.644627,0.498776767431643
12276,12330,2023-02-07 17:27:00,12324,12330,random,test,42.281,45.002113,2.7211133422851574
21698,21806,2024-03-06 17:41:00,21800,21806,random,test,82.43751467,78.94486,-3.4926523042773425
24768,24882,2024-07-05 17:53:25,24876,24882,random,test,20.3837632657516,22.604027,2.2202635286819934
516,522,2022-10-22 18:51:00,516,522,random,test,35.201,36.42025,1.2192499389648432
10030,10072,2023-02-01 19:07:00,10066,10072,random,test,67.946,69.504845,1.5588446655273458
12082,12136,2023-02-07 17:02:00,12130,12136,random,test,42.222,46.861694,4.639694335937499
23367,23481,2024-07-05 10:56:15,23475,23481,random,test,15.6737240197516,19.725029,4.051304971947619
4372,4390,2022-10-25 19:49:00,4384,4390,random,test,45.113,46.1652,1.0521992797851567
6667,6691,2022-10-26 20:58:00,6685,6691,random,test,36.145,38.266304,2.121304016113278
8358,8394,2023-01-30 18:09:00,8388,8394,random,test,40.039,48.993706,8.954705749511717
20569,20671,2024-03-03 16:20:00,20665,20671,random,test,43.45969139,48.162056,4.702364579238278
5770,5794,2022-10-26 19:16:00,5788,5794,random,test,41.278,45.91658,4.638580200195314
20202,20304,2024-03-03 15:27:00,20298,20304,random,test,63.92630763,64.70084,0.7745361810351596
12698,12752,2023-02-07 18:21:00,12746,12752,random,test,36.853,36.95276,0.09975878906249847
6662,6686,2022-10-26 20:57:00,6680,6686,random,test,35.201,37.77464,2.5736391296386714
24008,24122,2024-07-05 15:29:55,24116,24122,random,test,23.4854964277516,28.518566,5.033069703840198
14951,15017,2023-12-21 10:38:19,15011,15017,random,test,194.286933664634,183.76355,-10.523383859946506
16823,16907,2023-12-29 17:06:47,16901,16907,random,test,81.3946297705724,85.697845,4.303215688411981
18026,18122,2024-03-02 17:19:00,18116,18122,random,test,42.15608526,41.85103,-0.30505681761718506
12624,12678,2023-02-07 18:12:00,12672,12678,random,test,54.848,46.946022,-7.901977966308593
18240,18336,2024-03-02 17:50:00,18330,18336,random,test,66.92460173,60.852875,-6.071726974140631
15286,15358,2023-12-22 09:19:11,15352,15358,random,test,141.881954202572,126.237305,-15.64464951507199
23450,23564,2024-07-05 11:08:05,23558,23564,random,test,53.1242799757516,52.26784,-0.8564386366402701
26197,26317,2024-07-09 16:34:10,26311,26317,random,test,168.577681005752,118.5717,-50.00597995594731
26026,26146,2024-07-09 15:51:15,26140,26146,random,test,87.8177397877516,90.11935,2.301606830900738
19924,20026,2024-03-03 14:47:00,20020,20026,random,test,123.761829,106.27751,-17.48431740332032
17377,17467,2024-03-01 18:47:00,17461,17467,random,test,50.23844326,49.675552,-0.5628908918359343
14046,14106,2023-02-08 18:21:00,14100,14106,random,test,45.821,52.961693,7.140692810058596
7828,7864,2023-01-30 17:05:00,7858,7864,random,test,36.853,40.29593,3.4429289550781235
2813,2825,2022-10-24 19:46:00,2819,2825,random,test,131.489,126.78716,-4.701837219238286
2830,2842,2022-10-24 19:48:00,2836,2842,random,test,124.94,130.78091,5.840914306640627
14970,15036,2023-12-21 10:40:58,15030,15036,random,test,111.116849534572,136.65599,25.53914106601394
19959,20061,2024-03-03 14:52:00,20055,20061,random,test,61.44945598,58.93123,-2.518227342304691
20811,20913,2024-03-03 17:03:00,20907,20913,random,test,97.82006701,98.00403,0.18396131031249752
1147,1153,2022-10-22 20:00:00,1147,1153,random,test,36.322,42.7302,6.4082017211914035
21028,21130,2024-03-03 17:37:00,21124,21130,random,test,74.48551728,76.85557,2.37005065212891
6552,6576,2022-10-26 20:47:00,6570,6576,random,test,50.128,49.158463,-0.9695374755859376
3398,3416,2022-10-25 18:05:00,3410,3416,random,test,28.829,36.231976,7.402975555419921
26009,26129,2024-07-09 15:48:25,26123,26129,random,test,54.7325860597516,59.72421,4.991622772035512
6872,6902,2023-01-28 17:35:00,6896,6902,random,test,43.284,38.32744,-4.956561645507811
10624,10672,2023-02-06 16:28:00,10666,10672,random,test,129.896,119.997665,-9.898334594726549
6660,6684,2022-10-26 20:57:00,6678,6684,random,test,35.673,38.176605,2.503605224609373
2496,2508,2022-10-24 19:16:00,2502,2508,random,test,164.706,170.49689,5.790887207031261
15573,15645,2023-12-22 10:00:43,15639,15645,random,test,109.161440339572,107.17712,-1.9843239455290274
16407,16485,2023-12-23 09:38:05,16479,16485,random,test,238.348794786511,243.65392,5.30512061876243
15506,15578,2023-12-22 09:51:03,15572,15578,random,test,118.808125701572,107.148895,-11.65923043790012
22084,22192,2024-03-06 18:39:00,22186,22192,random,test,54.80106472,56.973087,2.1720225907910162
17853,17943,2024-03-01 19:57:00,17937,17943,random,test,63.27450456,56.612522,-6.661982434755856
10443,10491,2023-02-06 16:05:00,10485,10491,random,test,28.239,31.340332,3.1013320312499992
20972,21074,2024-03-03 17:28:00,21068,21074,random,test,215.2749793,211.84703,-3.427948660351575
20482,20584,2024-03-03 16:07:00,20578,20584,random,test,129.3673354,127.078705,-2.2886305660156268
13531,13591,2023-02-08 17:11:00,13585,13591,random,test,36.971,35.106323,-1.8646767578124965
7136,7166,2023-01-28 18:08:00,7160,7166,random,test,44.523,39.865845,-4.657155273437503
8557,8593,2023-01-30 18:34:00,8587,8593,random,test,33.431,46.09784,12.666839355468753
1510,1516,2022-10-22 20:38:00,1510,1516,random,test,31.484,34.135677,2.6516773376464826
17384,17474,2024-03-01 18:48:00,17468,17474,random,test,49.06519775,57.46729,8.402091220947263
10781,10829,2023-02-06 16:49:00,10823,10829,random,test,104.408,114.13776,9.729756347656249
11456,11504,2023-02-06 18:12:00,11498,11504,random,test,45.88,44.793236,-1.0867642211914088
22721,22835,2024-07-05 09:16:10,22829,22835,random,test,15.4439660077516,17.839676,2.3957098955687126
9682,9724,2023-02-01 18:19:00,9718,9724,random,test,56.854,60.38085,3.5268517456054695
15446,15518,2023-12-22 09:42:30,15512,15518,random,test,111.116849534572,115.459885,4.34303510898269
26252,26372,2024-07-09 17:04:35,26366,26372,random,test,58.8682302757516,85.16396,26.295733042119494
14604,14670,2023-12-21 09:17:57,14664,14670,random,test,111.899013212572,112.95,1.0509837356701865
3256,3268,2022-10-24 20:32:00,3262,3268,random,test,207.068,204.66396,-2.4040443115234496
5512,5536,2022-10-26 18:50:00,5530,5536,random,test,46.765,42.128105,-4.636894836425782
14782,14848,2023-12-21 09:55:05,14842,14848,random,test,97.6897063955724,94.821785,-2.8679214224278695
15121,15187,2023-12-21 11:14:11,15181,15187,random,test,113.724061794572,120.54321,6.819151096053005
8332,8368,2023-01-30 18:06:00,8362,8368,random,test,46.116,44.344864,-1.7711361083984372
17105,17195,2024-03-01 18:07:00,17189,17195,random,test,50.6295251,58.994194,8.364668930761717
16705,16789,2023-12-29 16:25:38,16783,16789,random,test,97.0379033305724,87.784706,-9.253197214849749
11751,11799,2023-02-06 18:49:00,11793,11799,random,test,37.207,43.865356,6.658356445312499
13764,13824,2023-02-08 17:40:00,13818,13824,random,test,61.043,53.114906,-7.928093688964843
8617,8653,2023-01-30 18:42:00,8647,8653,random,test,46.883,56.292343,9.409343139648435
35,41,2022-10-22 18:03:00,35,41,random,test,22.634,27.419624,4.785624328613281
21565,21673,2024-03-06 17:21:00,21667,21673,random,test,86.47869368,72.70241,-13.776285843085944
10094,10136,2023-02-01 19:16:00,10130,10136,random,test,64.996,65.40937,0.41337042236328614
8810,8846,2023-01-30 19:07:00,8840,8846,random,test,82.873,74.531784,-8.341215942382817
11150,11198,2023-02-06 17:34:00,11192,11198,random,test,35.791,37.933567,2.142567047119144
7732,7762,2023-01-28 19:33:00,7756,7762,random,test,44.346,44.28715,-0.05884866333007466
194,200,2022-10-22 18:20:00,194,200,random,test,37.03,38.098587,1.0685870361328114
10732,10780,2023-02-06 16:41:00,10774,10780,random,test,73.492,74.64582,1.1538206176757768
3421,3439,2022-10-25 18:07:00,3433,3439,random,test,32.487,37.094482,4.607482421874998
16213,16291,2023-12-23 08:42:44,16285,16291,random,test,263.247684905572,263.3288,0.08111148114676325
21402,21510,2024-03-06 16:56:00,21504,21510,random,test,97.82006701,104.92813,7.1080640935156225
24296,24410,2024-07-05 16:34:10,24404,24410,random,test,22.6813433857516,22.318306,-0.36303741651331833
430,436,2022-10-22 18:43:00,430,436,random,test,38.092,39.525154,1.4331541137695325
21011,21113,2024-03-03 17:34:00,21107,21113,random,test,86.86977552,84.75157,-2.118203864726567
15714,15786,2023-12-22 10:20:53,15780,15786,random,test,127.281565546572,130.60999,3.328419804990503
18357,18453,2024-03-02 18:07:00,18447,18453,random,test,49.97772204,49.680553,-0.2971686037207064
3916,3934,2022-10-25 19:01:00,3928,3934,random,test,47.65,54.013092,6.363092041015626
5875,5899,2022-10-26 19:26:00,5893,5899,random,test,49.538,46.15551,-3.382490051269528
11096,11144,2023-02-06 17:27:00,11138,11144,random,test,110.603,100.551254,-10.051745727539057
12134,12188,2023-02-07 17:09:00,12182,12188,random,test,50.423,45.919834,-4.503165863037111
9149,9191,2023-02-01 17:14:00,9185,9191,random,test,53.019,52.58306,-0.4359387817382796
5382,5406,2022-10-26 18:26:00,5400,5406,random,test,38.033,45.264126,7.231125823974608
18523,18619,2024-03-02 18:32:00,18613,18619,random,test,38.89706993,39.988136,1.0910663615039056
18716,18812,2024-03-02 19:02:00,18806,18812,random,test,55.45286778,59.92988,4.477010454863283
15453,15525,2023-12-22 09:43:30,15519,15525,random,test,113.332979955572,111.74808,-1.584902562993875
1747,1759,2022-10-24 18:03:00,1753,1759,random,test,43.992,43.4263,-0.5656999511718723
12209,12263,2023-02-07 17:19:00,12257,12263,random,test,44.346,45.389053,1.043053344726566
20327,20429,2024-03-03 15:45:00,20423,20429,random,test,74.35515667,66.97242,-7.382736931230468
15977,16049,2023-12-22 10:58:53,16043,16049,random,test,116.722355893572,124.10884,7.386485048810812
1052,1058,2022-10-22 19:48:00,1052,1058,random,test,32.841,35.98658,3.14557989501953
22086,22194,2024-03-06 18:39:00,22188,22194,random,test,58.84224372,64.075,5.2327532282421885
5018,5042,2022-10-26 17:51:00,5036,5042,random,test,35.909,34.561092,-1.3479076232910145
5339,5363,2022-10-26 18:22:00,5357,5363,random,test,42.34,39.31826,-3.0217398071289097
15884,15956,2023-12-22 10:45:25,15950,15956,random,test,119.851010605572,116.85486,-2.9961522071345
17415,17505,2024-03-01 18:53:00,17499,17505,random,test,65.49063498,57.37488,-8.11575323561523
2904,2916,2022-10-24 19:57:00,2910,2916,random,test,303.179,274.8211,-28.357894042968724
24091,24205,2024-07-05 15:46:05,24199,24205,random,test,41.4066213637516,31.660809,-9.745812800519175
21442,21550,2024-03-06 17:02:00,21544,21550,random,test,69.92289583,64.11776,-5.805136125410158
5282,5306,2022-10-26 18:17:00,5300,5306,random,test,69.362,68.53806,-0.8239369506835885
4699,4723,2022-10-26 17:21:00,4717,4723,random,test,27.295,30.51773,3.2227307128906233
22165,22273,2024-03-06 18:52:00,22267,22273,random,test,67.44604418,61.57566,-5.870383474433595
4303,4321,2022-10-25 19:42:00,4315,4321,random,test,37.62,40.87072,3.2507199096679713
13838,13898,2023-02-08 17:50:00,13892,13898,random,test,87.003,84.24461,-2.7583863525390626
20104,20206,2024-03-03 15:13:00,20200,20206,random,test,76.83200832,76.325615,-0.5063933908007812
13812,13872,2023-02-08 17:46:00,13866,13872,random,test,87.239,84.04995,-3.1890503540039106
14919,14985,2023-12-21 10:22:29,14979,14985,random,test,84.5232844825724,72.718544,-11.804740476224737
26517,26637,2024-07-09 17:50:15,26631,26637,random,test,47.9547247057516,54.68132,6.726595484678086
10034,10076,2023-02-01 19:08:00,10070,10076,random,test,66.353,69.35419,3.0011870117187556
9792,9834,2023-02-01 18:36:00,9828,9834,random,test,59.391,59.40748,0.016478332519533012
26514,26634,2024-07-09 17:49:50,26628,26634,random,test,44.9678705497516,53.191353,8.22348229448668
18675,18771,2024-03-02 18:55:00,18765,18771,random,test,81.78571161,64.02264,-17.76307519642579
8454,8490,2023-01-30 18:22:00,8484,8490,random,test,43.638,52.28978,8.65177966308594
23104,23218,2024-07-05 10:16:10,23212,23218,random,test,16.8225140797516,23.35566,6.533145405111682
12553,12607,2023-02-07 18:04:00,12601,12607,random,test,41.632,44.301403,2.669403045654299
25075,25195,2024-07-09 10:05:45,25189,25195,random,test,46.2315396157516,52.386566,6.1550265463577745
7719,7749,2023-01-28 19:31:00,7743,7749,random,test,46.411,49.80729,3.396289123535155
16070,16148,2023-12-23 08:05:28,16142,16148,random,test,257.251083671511,241.98686,-15.264221488893838
1808,1820,2022-10-24 18:09:00,1814,1820,random,test,48.24,46.111214,-2.1287863159179707
2275,2287,2022-10-24 18:53:00,2281,2287,random,test,63.108,62.376274,-0.7317258911132782
718,724,2022-10-22 19:13:00,718,724,random,test,71.781,57.11796,-14.663038116455084
26108,26228,2024-07-09 16:07:10,26222,26228,random,test,151.345830105752,229.62996,78.28412900069333
20747,20849,2024-03-03 16:54:00,20843,20849,random,test,106.5542281,133.32153,26.767305103124997
3993,4011,2022-10-25 19:09:00,4005,4011,random,test,72.194,81.50434,9.310341125488279
9841,9883,2023-02-01 18:42:00,9877,9883,random,test,62.341,65.50325,3.1622501220703114
15040,15106,2023-12-21 10:51:11,15100,15106,random,test,128.845892902572,146.97662,18.13073063258426
12623,12677,2023-02-07 18:12:00,12671,12677,random,test,67.061,47.98144,-19.079558502197273
8298,8334,2023-01-30 18:01:00,8328,8334,random,test,41.927,44.540695,2.613695190429688
20385,20487,2024-03-03 15:54:00,20481,20487,random,test,164.5647009,134.09987,-30.46483212558593
25084,25204,2024-07-09 10:07:00,25198,25204,random,test,71.7346789477516,61.700718,-10.033961021726213
15953,16025,2023-12-22 10:55:28,16019,16025,random,test,113.202619342572,114.66938,1.4667608454162746
22753,22867,2024-07-05 09:24:00,22861,22867,random,test,15.0993289897516,20.29115,5.191820149652697
12895,12949,2023-02-07 18:46:00,12943,12949,random,test,34.198,36.440002,2.2420024414062496
22106,22214,2024-03-06 18:42:00,22208,22214,random,test,54.54034349,56.892014,2.3516700598046896
16164,16242,2023-12-23 08:29:14,16236,16242,random,test,287.885827726511,284.12796,-3.7578675214328996
15779,15851,2023-12-22 10:30:02,15845,15851,random,test,119.851010605572,116.14559,-3.7054188697321564
9517,9559,2023-02-01 17:59:00,9553,9559,random,test,51.898,51.980293,0.08229327392577801
11947,12001,2023-02-07 16:45:00,11995,12001,random,test,40.039,41.67271,1.6337104187011704
25361,25481,2024-07-09 10:49:50,25475,25481,random,test,63.2336325037516,86.198494,22.96486145376793
11385,11433,2023-02-06 18:03:00,11427,11433,random,test,49.715,53.734898,4.019897613525387
2414,2426,2022-10-24 19:08:00,2420,2426,random,test,83.935,69.07719,-14.857813415527346
12292,12346,2023-02-07 17:29:00,12340,12346,random,test,53.255,52.240555,-1.01444519042969
2359,2371,2022-10-24 19:01:00,2365,2371,random,test,51.544,47.635345,-3.908654541015622
3002,3014,2022-10-24 20:07:00,3008,3014,random,test,194.914,196.90419,1.9901900634765752
10012,10054,2023-02-01 19:05:00,10048,10054,random,test,70.896,68.23903,-2.6569710693359383
22503,22611,2024-03-06 19:40:00,22605,22611,random,test,53.36709798,56.335705,2.9686068234668
11841,11895,2023-02-07 16:31:00,11889,11895,random,test,38.682,38.0288,-0.6531990356445334
3752,3770,2022-10-25 18:46:00,3764,3770,random,test,51.721,47.877235,-3.8437645874023403
11433,11481,2023-02-06 18:09:00,11475,11481,random,test,49.656,40.745094,-8.910905700683593
6069,6093,2022-10-26 19:47:00,6087,6093,random,test,98.98,88.361595,-10.61840484619141
14094,14154,2023-02-08 18:27:00,14148,14154,random,test,56.972,49.568497,-7.403503295898439
12421,12475,2023-02-07 17:47:00,12469,12475,random,test,54.553,50.37317,-4.179831054687497
7884,7920,2023-01-30 17:12:00,7914,7920,random,test,37.738,40.97003,3.2320317382812505
16071,16149,2023-12-23 08:05:36,16143,16149,random,test,262.856603066572,257.4275,-5.429112832197006
25993,26113,2024-07-09 15:46:10,26107,26113,random,test,85.7499176797516,41.578445,-44.17147224518129
19422,19524,2024-03-03 12:53:00,19518,19524,random,test,77.61417199,75.00591,-2.608259209238284
4461,4479,2022-10-25 19:58:00,4473,4479,random,test,36.558,36.50343,-0.054570587158202954
24905,25025,2024-07-09 09:37:45,25019,25025,random,test,25.0938025117516,26.573116,1.4793137907386331
18164,18260,2024-03-02 17:39:00,18254,18260,random,test,63.01378334,53.144814,-9.868969802402347
20565,20667,2024-03-03 16:19:00,20661,20667,random,test,48.02231284,50.293404,2.2710907854882834
24080,24194,2024-07-05 15:44:35,24188,24194,random,test,18.8903361877516,25.524258,6.633921472160509
15666,15738,2023-12-22 10:14:02,15732,15738,random,test,130.279859645572,134.79147,4.511613743099872
19277,19379,2024-03-03 12:32:00,19373,19379,random,test,95.60393659,79.47803,-16.125909246250004
22826,22940,2024-07-05 09:35:50,22934,22940,random,test,16.3629980557516,22.227066,5.864067984287463
11316,11364,2023-02-06 17:55:00,11358,11364,random,test,58.093,63.94518,5.8521789855957
14906,14972,2023-12-21 10:19:30,14966,14972,random,test,113.854422407572,104.76252,-9.091902571146221
10867,10915,2023-02-06 16:59:00,10909,10915,random,test,45.29,46.636585,1.346585235595704
10993,11041,2023-02-06 17:15:00,11035,11041,random,test,51.78,57.076782,5.296782226562499
4202,4220,2022-10-25 19:31:00,4214,4220,random,test,47.532,43.50034,-4.031660491943356
6281,6305,2022-10-26 20:16:00,6299,6305,random,test,77.268,68.610916,-8.657083862304688
20594,20696,2024-03-03 16:24:00,20690,20696,random,test,48.02231284,52.786926,4.764613429531252
20664,20766,2024-03-03 16:34:00,20760,20766,random,test,118.2866832,119.060844,0.7741612213867199
23458,23572,2024-07-05 11:09:15,23566,23572,random,test,33.2502119377516,26.219944,-7.03026793750746
6870,6900,2023-01-28 17:34:00,6894,6900,random,test,38.564,38.96948,0.4054786071777343
13282,13342,2023-02-08 16:39:00,13336,13342,random,test,40.57,41.82596,1.2559582519531247
12560,12614,2023-02-07 18:04:00,12608,12614,random,test,32.428,33.04168,0.6136793823242215
18703,18799,2024-03-02 19:00:00,18793,18799,random,test,50.89024633,49.016777,-1.8734692914257778
13093,13147,2023-02-07 19:10:00,13141,13147,random,test,56.264,48.133232,-8.130767883300784
3265,3277,2022-10-24 20:32:00,3271,3277,random,test,187.244,185.61137,-1.6326260986328123
1035,1041,2022-10-22 19:46:00,1035,1041,random,test,33.844,35.355244,1.511243682861327
20898,21000,2024-03-03 17:16:00,20994,21000,random,test,112.1597344,127.74629,15.586557714257808
11809,11857,2023-02-06 18:57:00,11851,11857,random,test,35.142,41.5148,6.372801025390622
5787,5811,2022-10-26 19:18:00,5805,5811,random,test,69.303,66.252365,-3.0506348876953098
9853,9895,2023-02-01 18:45:00,9889,9895,random,test,82.342,75.42897,-6.913029663085936
5719,5743,2022-10-26 19:11:00,5737,5743,random,test,39.39,38.36826,-1.02174057006836
17,23,2022-10-22 18:02:00,17,23,random,test,27.767,29.111252,1.344251831054688
26000,26120,2024-07-09 15:47:10,26114,26120,random,test,115.158943215752,172.96967,57.810722311591746
20599,20701,2024-03-03 16:25:00,20695,20701,random,test,60.01548924,63.978634,3.9631446406152335
23110,23224,2024-07-05 10:17:00,23218,23224,random,test,16.8225140797516,18.563602,1.7410883677581666
3662,3680,2022-10-25 18:33:00,3674,3680,random,test,39.567,40.57583,1.0088285522460936
10090,10132,2023-02-01 19:16:00,10126,10132,random,test,62.105,61.05629,-1.0487103271484344
15461,15533,2023-12-22 09:44:36,15527,15533,random,test,110.725767695572,104.076256,-6.649511897232159
10633,10681,2023-02-06 16:29:00,10675,10681,random,test,63.049,78.15741,15.10840966796875
26377,26497,2024-07-09 17:23:45,26491,26497,random,test,22.3367063677516,26.93224,4.595533164719104
17969,18065,2024-03-02 17:10:00,18059,18065,random,test,79.17849935,40.94332,-38.23517812197265
22768,22882,2024-07-05 09:26:05,22876,22882,random,test,17.5117881157516,20.927174,3.4153854987503536
2009,2021,2022-10-24 18:29:00,2015,2021,random,test,56.854,58.34118,1.4871788940429695
4246,4264,2022-10-25 19:36:00,4258,4264,random,test,45.703,45.226246,-0.47675411987304983
2595,2607,2022-10-24 19:25:00,2601,2607,random,test,184.117,194.05496,9.937962158203135
15085,15151,2023-12-21 11:05:54,15145,15151,random,test,135.103202326572,112.29435,-22.808852656161832
15752,15824,2023-12-22 10:26:15,15818,15824,random,test,143.967724010572,133.15689,-10.810833141431374
9427,9469,2023-02-01 17:49:00,9463,9469,random,test,54.317,56.932594,2.615594299316406
19768,19870,2024-03-03 13:46:00,19864,19870,random,test,55.06178594,62.68476,7.622975107363281
2008,2020,2022-10-24 18:28:00,2014,2020,random,test,61.574,60.539494,-1.0345064392089824
6011,6035,2022-10-26 19:41:00,6029,6035,random,test,44.346,41.93297,-2.413031860351559
25613,25733,2024-07-09 11:42:35,25727,25733,random,test,36.5817031117516,37.69569,1.113987043277696
6919,6949,2023-01-28 17:40:00,6943,6949,random,test,39.98,37.212303,-2.767696838378903
12176,12230,2023-02-07 17:14:00,12224,12230,random,test,53.963,52.3414,-1.621599853515626
14628,14694,2023-12-21 09:23:00,14688,14694,random,test,146.183854431572,143.2703,-2.9135602421188764
21215,21323,2024-03-06 16:29:00,21317,21323,random,test,91.95383942,105.650505,13.696665645917975
23700,23814,2024-07-05 11:47:45,23808,23814,random,test,25.4384395297516,30.316402,4.877962905551133
7751,7781,2023-01-28 19:35:00,7775,7781,random,test,54.848,57.487015,2.6390147705078135
6703,6733,2023-01-28 17:14:00,6727,6733,random,test,42.222,39.87694,-2.345058319091798
24572,24686,2024-07-05 17:23:50,24680,24686,random,test,44.3934755197516,59.807552,15.414076817894887
10191,10233,2023-02-01 19:32:00,10227,10233,random,test,59.745,63.472645,3.7276448059082057
10824,10872,2023-02-06 16:54:00,10866,10872,random,test,64.524,63.43795,-1.0860498657226572
14474,14534,2023-02-08 19:16:00,14528,14534,random,test,39.39,42.99353,3.6035302734374994
17978,18074,2024-03-02 17:12:00,18068,18074,random,test,52.71529491,53.49554,0.7802457088964871
11503,11551,2023-02-06 18:18:00,11545,11551,random,test,82.991,91.12886,8.137860473632813
2034,2046,2022-10-24 18:31:00,2040,2046,random,test,123.406,116.43897,-6.967027526855475
480,486,2022-10-22 18:48:00,480,486,random,test,37.974,42.97544,5.00144097900391
23274,23388,2024-07-05 10:41:40,23382,23388,random,test,24.8640444997516,25.51844,0.6543957468304313
5955,5979,2022-10-26 19:34:00,5973,5979,random,test,40.393,40.71898,0.3259788818359368
1303,1309,2022-10-22 20:18:00,1303,1309,random,test,33.313,36.704605,3.39160510253906
20962,21064,2024-03-03 17:27:00,21058,21064,random,test,125.7172382,120.8916,-4.825636637499997
13129,13183,2023-02-07 19:18:00,13177,13183,random,test,37.443,44.60942,7.16642077636719
6612,6636,2022-10-26 20:53:00,6630,6636,random,test,38.859,40.004524,1.1455242309570295
15993,16071,2023-12-23 06:31:25,16065,16071,random,test,278.369529049634,257.08423,-21.285300534009025
3525,3543,2022-10-25 18:17:00,3537,3543,random,test,28.239,29.401379,1.162378631591796
13722,13782,2023-02-08 17:35:00,13776,13782,random,test,42.694,46.03183,3.3378298339843724
16716,16800,2023-12-29 16:27:07,16794,16800,random,test,94.9521335225724,88.8641,-6.088035927357552
14180,14240,2023-02-08 18:39:00,14234,14240,random,test,38.21,47.27018,9.060179748535155
22384,22492,2024-03-06 19:23:00,22486,22492,random,test,55.97431024,59.77984,3.8055283220117175
2195,2207,2022-10-24 18:46:00,2201,2207,random,test,70.483,67.84677,-2.636228759765629
24146,24260,2024-07-05 15:55:05,24254,24260,random,test,33.2502119377516,46.87465,13.624437110099962
23807,23921,2024-07-05 12:03:05,23915,23921,random,test,27.6211406437516,30.525112,2.903971508348011
26221,26341,2024-07-09 16:40:35,26335,26341,random,test,209.474618629652,172.86305,-36.61156626148795
6883,6913,2023-01-28 17:36:00,6907,6913,random,test,33.667,39.8304,6.163398559570311
1290,1296,2022-10-22 20:17:00,1290,1296,random,test,33.608,31.912922,-1.6950780944824189
9366,9408,2023-02-01 17:40:00,9402,9408,random,test,60.158,55.940094,-4.217906005859376
22562,22670,2024-03-06 19:48:00,22664,22670,random,test,52.84565552,53.035496,0.18984023805663952
4814,4838,2022-10-26 17:32:00,4832,4838,random,test,33.372,30.517437,-2.854563018798828
10943,10991,2023-02-06 17:09:00,10985,10991,random,test,41.396,47.341866,5.9458655395507805
5815,5839,2022-10-26 19:20:00,5833,5839,random,test,39.98,49.83719,9.857188720703128
20971,21073,2024-03-03 17:28:00,21067,21073,random,test,255.0349663,226.30898,-28.725991080273445
24970,25090,2024-07-09 09:50:05,25084,25090,random,test,34.0543649797516,36.193863,2.1394979352874657
19353,19455,2024-03-03 12:43:00,19449,19455,random,test,47.631231,47.875134,0.24390251440429722
17054,17144,2024-03-01 18:00:00,17138,17144,random,test,49.19555836,50.956024,1.7604658099218753
3711,3729,2022-10-25 18:38:00,3723,3729,random,test,36.794,35.35237,-1.4416287841796844
8704,8740,2023-01-30 18:52:00,8734,8740,random,test,37.384,39.649097,2.265097442626953
3100,3112,2022-10-24 20:17:00,3106,3112,random,test,270.257,273.59674,3.339740722656245
18194,18290,2024-03-02 17:43:00,18284,18290,random,test,64.57811069,56.13445,-8.44366168487305
22659,22767,2024-03-06 20:02:00,22761,22767,random,test,49.84736142,52.424965,2.5776034847851577
7578,7608,2023-01-28 19:14:00,7602,7608,random,test,37.62,40.75889,3.138888244628909
3820,3838,2022-10-25 18:52:00,3832,3838,random,test,41.632,41.58748,-0.0445213623046854
5068,5092,2022-10-26 17:56:00,5086,5092,random,test,26.115,26.446629,0.3316285705566422
16130,16208,2023-12-23 08:23:28,16202,16208,random,test,48.4133946815724,143.8759,95.46250558698229
24833,24953,2024-07-09 09:27:35,24947,24953,random,test,22.6813433857516,30.141182,7.459838560049182
24839,24959,2024-07-09 09:28:25,24953,24959,random,test,22.5664643797516,25.240898,2.674433752572618
5090,5114,2022-10-26 17:58:00,5108,5114,random,test,28.416,31.212212,2.7962116088867184
19513,19615,2024-03-03 13:06:00,19609,19615,random,test,60.40657108,58.534706,-1.8718649642773428
15501,15573,2023-12-22 09:50:18,15567,15573,random,test,123.761828995572,117.886696,-5.875133133755597
14361,14421,2023-02-08 19:02:00,14415,14421,random,test,55.379,54.97009,-0.4089110412597634
15936,16008,2023-12-22 10:53:02,16002,16008,random,test,133.669235583572,132.94635,-0.7228854859157536
17846,17936,2024-03-01 19:56:00,17930,17936,random,test,51.80277062,52.41796,0.6151905006054719
18181,18277,2024-03-02 17:42:00,18271,18277,random,test,65.88171682,59.81738,-6.06433782219726
14580,14646,2023-12-21 09:10:24,14640,14646,random,test,156.743064084572,167.80713,11.064064821677988
10852,10900,2023-02-06 16:57:00,10894,10900,random,test,50.6,47.489067,-3.1109329223632827
11524,11572,2023-02-06 18:21:00,11566,11572,random,test,37.325,44.594666,7.269665527343747
17298,17388,2024-03-01 18:35:00,17382,17388,random,test,66.92460173,58.48126,-8.443343337666022
11544,11592,2023-02-06 18:24:00,11586,11592,random,test,58.034,51.52556,-6.508441528320311
25172,25292,2024-07-09 10:19:25,25286,25292,random,test,42.2107744057516,42.990654,0.7798795859476186
13972,14032,2023-02-08 18:12:00,14026,14032,random,test,49.066,51.98998,2.9239787902832006
5732,5756,2022-10-26 19:12:00,5750,5756,random,test,35.024,35.47077,0.44677178955078034
3426,3444,2022-10-25 18:07:00,3438,3444,random,test,28.652,28.391346,-0.2606540222167979
5638,5662,2022-10-26 19:02:00,5656,5662,random,test,77.091,70.52802,-6.562977233886713
16275,16353,2023-12-23 09:01:27,16347,16353,random,test,251.254508509572,246.61888,-4.635627283986054
11747,11795,2023-02-06 18:48:00,11789,11795,random,test,39.272,37.090973,-2.1810270996093735
5784,5808,2022-10-26 19:17:00,5802,5808,random,test,65.468,63.491558,-1.9764419250488316
11868,11922,2023-02-07 16:35:00,11916,11922,random,test,37.62,38.313293,0.6932934570312526
9392,9434,2023-02-01 17:45:00,9428,9434,random,test,53.196,55.32128,2.125281433105471
15356,15428,2023-12-22 09:29:14,15422,15428,random,test,147.226739335572,145.1979,-2.028832841431381
22576,22684,2024-03-06 19:50:00,22678,22684,random,test,55.84394962,54.50657,-1.3373807113085903
6442,6466,2022-10-26 20:36:00,6460,6466,random,test,42.93,40.640472,-2.2895275878906247
24130,24244,2024-07-05 15:51:40,24238,24244,random,test,27.8508986557516,30.434235,2.5833359633890254
8136,8172,2023-01-30 17:41:00,8166,8172,random,test,54.14,51.697704,-2.4422956848144537
5508,5532,2022-10-26 18:50:00,5526,5532,random,test,36.322,38.04229,1.720289733886716
3834,3852,2022-10-25 18:54:00,3846,3852,random,test,39.921,41.34613,1.4251303710937506
15428,15500,2023-12-22 09:39:52,15494,15500,random,test,107.336391757572,114.030975,6.694583584224873
6084,6108,2022-10-26 19:52:00,6102,6108,random,test,72.489,77.4903,5.001303039550777
2232,2244,2022-10-24 18:50:00,2238,2244,random,test,70.424,94.402405,23.978404785156243
5076,5100,2022-10-26 17:57:00,5094,5100,random,test,27.0,28.828087,1.8280868530273438
6216,6240,2022-10-26 20:08:00,6234,6240,random,test,51.249,66.65795,15.408951354980466
10883,10931,2023-02-06 17:01:00,10925,10931,random,test,56.677,64.68402,8.00702099609375
22850,22964,2024-07-05 09:40:00,22958,22964,random,test,17.3969091097516,20.013744,2.6168352444964462
16993,17083,2024-03-01 17:50:00,17077,17083,random,test,48.28303407,68.31537,20.03233458234375
12407,12461,2023-02-07 17:45:00,12455,12461,random,test,39.449,40.222908,0.7739080200195332
18250,18346,2024-03-02 17:52:00,18340,18346,random,test,77.61417199,62.07758,-15.536592491708987
3581,3599,2022-10-25 18:23:00,3593,3599,random,test,36.263,37.946632,1.6836323852539081
21908,22016,2024-03-06 18:13:00,22010,22016,random,test,51.02060694,53.09801,2.0774040768457027
22249,22357,2024-03-06 19:03:00,22351,22357,random,test,50.6295251,48.460342,-2.1691826927734397
5183,5207,2022-10-26 18:07:00,5201,5207,random,test,35.496,35.244713,-0.25128717041015847
14836,14902,2023-12-21 10:06:44,14896,14902,random,test,159.610997570572,139.86388,-19.747121227798573
8880,8916,2023-01-30 19:19:00,8910,8916,random,test,39.921,40.022743,0.10174322509765688
23849,23963,2024-07-05 12:12:15,23957,23963,random,test,18.3159411577516,23.736877,5.420936283654651
20164,20266,2024-03-03 15:21:00,20260,20266,random,test,89.47698778,94.27303,4.796045362089842
11798,11846,2023-02-06 18:55:00,11840,11846,random,test,35.142,38.614433,3.4724332885742157
12030,12084,2023-02-07 16:56:00,12078,12084,random,test,44.759,45.620586,0.8615863952636715
17590,17680,2024-03-01 19:18:00,17674,17680,random,test,54.14926165,53.11574,-1.0335199202636716
8670,8706,2023-01-30 18:48:00,8700,8706,random,test,69.362,63.096725,-6.265274536132807
4345,4363,2022-10-25 19:46:00,4357,4363,random,test,45.349,40.507114,-4.841885589599606
11465,11513,2023-02-06 18:13:00,11507,11513,random,test,53.196,50.69164,-2.504361053466795
1738,1750,2022-10-24 18:02:00,1744,1750,random,test,36.322,36.3879,0.06590130615234102
3418,3436,2022-10-25 18:07:00,3430,3436,random,test,32.959,37.06988,4.110881439208981
19415,19517,2024-03-03 12:52:00,19511,19517,random,test,94.16996984,88.17048,-5.999491019199212
14600,14666,2023-12-21 09:17:25,14660,14666,random,test,155.309097341572,119.17218,-36.13691716579075
22565,22673,2024-03-06 19:49:00,22667,22673,random,test,66.01207744,57.536766,-8.475311387753905
21395,21503,2024-03-06 16:55:00,21497,21503,random,test,140.8390693,110.09636,-30.742710047070318
26356,26476,2024-07-09 17:20:00,26470,26476,random,test,50.7118208497516,51.117226,0.4054047972210597
1765,1777,2022-10-24 18:05:00,1771,1777,random,test,37.915,43.31601,5.401009521484376
15895,15967,2023-12-22 10:46:58,15961,15967,random,test,112.550816277572,105.29407,-7.256748894759497
21828,21936,2024-03-06 18:02:00,21930,21936,random,test,70.57469889,63.52807,-7.046630347519525
8757,8793,2023-01-30 19:00:00,8787,8793,random,test,48.122,48.122284,0.0002839355468751137
2726,2738,2022-10-24 19:37:00,2732,2738,random,test,163.113,177.27542,14.162421142578125
22136,22244,2024-03-06 18:47:00,22238,22244,random,test,52.71529491,52.127922,-0.5873728518945285
25140,25260,2024-07-09 10:14:55,25254,25260,random,test,36.8114611237516,33.767914,-3.0435473053922237
3482,3500,2022-10-25 18:13:00,3494,3500,random,test,28.77,34.650337,5.880337219238282
21224,21332,2024-03-06 16:31:00,21326,21332,random,test,79.83030241,74.62608,-5.204219035976564
18732,18828,2024-03-02 19:04:00,18822,18828,random,test,59.6244074,51.96586,-7.658548940527346
8769,8805,2023-01-30 19:02:00,8799,8805,random,test,59.922,61.559025,1.6370248107910186
16496,16580,2023-12-29 15:56:13,16574,16580,random,test,85.9572512255724,87.5291,1.5718472851697811
5034,5058,2022-10-26 17:53:00,5052,5058,random,test,38.387,32.56598,-5.8210209960937505
17975,18071,2024-03-02 17:11:00,18065,18071,random,test,59.49404679,47.869347,-11.624700171347655
19538,19640,2024-03-03 13:10:00,19634,19640,random,test,108.5096373,101.954254,-6.555383149609369
10353,10395,2023-02-01 19:52:00,10389,10395,random,test,65.173,67.930786,2.757786132812498
11852,11906,2023-02-07 16:33:00,11900,11906,random,test,41.573,40.045155,-1.5278454284667973
4110,4128,2022-10-25 19:22:00,4122,4128,random,test,41.337,45.000443,3.663442504882809
8021,8057,2023-01-30 17:28:00,8051,8057,random,test,53.137,47.44371,-5.693289672851563
22982,23096,2024-07-05 09:59:15,23090,23096,random,test,23.9450124517516,28.379948,4.434935210601914
1743,1755,2022-10-24 18:03:00,1749,1755,random,test,36.912,38.938194,2.0261942749023447
20854,20956,2024-03-03 17:10:00,20950,20956,random,test,104.4684583,89.00488,-15.463575487499995
447,453,2022-10-22 18:45:00,447,453,random,test,32.428,37.75119,5.323190185546878
5687,5711,2022-10-26 19:07:00,5705,5711,random,test,69.126,68.66681,-0.4591909179687548
10829,10877,2023-02-06 16:55:00,10871,10877,random,test,60.335,57.78884,-2.546158752441407
5148,5172,2022-10-26 18:03:00,5166,5172,random,test,40.511,38.89475,-1.6162513122558622
1675,1681,2022-10-22 20:56:00,1675,1681,random,test,39.213,40.107834,0.8948338623046865
22169,22277,2024-03-06 18:52:00,22271,22277,random,test,54.27962227,57.492645,3.2130229936718777
25622,25742,2024-07-09 11:45:10,25736,25742,random,test,32.9055749197516,38.875076,5.969501374193712
23267,23381,2024-07-05 10:40:40,23375,23381,random,test,26.3574715777516,29.38913,3.0316580609202752
10091,10133,2023-02-01 19:16:00,10127,10133,random,test,63.226,61.403675,-1.822324920654296
15891,15963,2023-12-22 10:46:24,15957,15963,random,test,113.854422407572,106.700615,-7.153807478372784
8607,8643,2023-01-30 18:41:00,8637,8643,random,test,50.364,51.724987,1.3609870300292997
20778,20880,2024-03-03 16:59:00,20874,20880,random,test,84.39292387,91.81703,7.424107990351558
15105,15171,2023-12-21 11:08:43,15165,15171,random,test,163.261094734572,151.086,-12.175096199415748
20489,20591,2024-03-03 16:08:00,20585,20591,random,test,59.10296495,56.16671,-2.9362550500976567
22107,22215,2024-03-06 18:42:00,22209,22215,random,test,54.54034349,55.65315,1.112805161123049
23233,23347,2024-07-05 10:35:15,23341,23347,random,test,21.7623113377516,26.584995,4.822683932023789
5219,5243,2022-10-26 18:11:00,5237,5243,random,test,40.216,39.647213,-0.5687870178222667
25999,26119,2024-07-09 15:47:00,26113,26119,random,test,109.989387945752,160.17625,50.18686632670894
15322,15394,2023-12-22 09:24:13,15388,15394,random,test,101.730885398572,103.78615,2.0552626727170633
22289,22397,2024-03-06 19:09:00,22391,22397,random,test,67.05496234,60.67612,-6.378841581943362
17104,17194,2024-03-01 18:07:00,17188,17194,random,test,56.6261133,58.162296,1.5361829951660155
1121,1127,2022-10-22 19:57:00,1121,1127,random,test,53.845,55.535248,1.6902478027343761
19739,19841,2024-03-03 13:41:00,19835,19841,random,test,54.27962227,77.67051,23.39088706837891
520,526,2022-10-22 18:52:00,520,526,random,test,30.127,36.946793,6.819792602539064
385,391,2022-10-22 18:39:00,385,391,random,test,42.399,49.678925,7.279924560546874
16362,16440,2023-12-23 09:27:05,16434,16440,random,test,215.274979321572,221.48692,6.211943896201433
24192,24306,2024-07-05 16:17:45,24300,24306,random,test,18.6605781757516,20.802391,2.1418128764944946
15597,15669,2023-12-22 10:04:04,15663,15669,random,test,118.286683249572,111.54819,-6.738495993712618
17941,18037,2024-03-02 17:06:00,18031,18037,random,test,42.28644587,54.552376,12.26592992345703
15842,15914,2023-12-22 10:39:03,15908,15914,random,test,131.062023323572,105.12446,-25.93756501058371
21130,21238,2024-03-06 16:17:00,21232,21238,random,test,109.291801,97.204254,-12.087546849609382
14957,15023,2023-12-21 10:39:08,15017,15023,random,test,199.370984535572,175.8598,-23.511182289478256
7591,7621,2023-01-28 19:16:00,7615,7621,random,test,47.473,43.502785,-3.9702152709960927
3585,3603,2022-10-25 18:23:00,3597,3603,random,test,35.732,39.25415,3.5221503906250007
11488,11536,2023-02-06 18:16:00,11530,11536,random,test,111.783,90.89127,-20.891726501464845
5035,5059,2022-10-26 17:53:00,5053,5059,random,test,38.8,32.808876,-5.991123962402341
22588,22696,2024-03-06 19:52:00,22690,22696,random,test,51.15096755,50.21431,-0.9366578576171847
438,444,2022-10-22 18:44:00,438,444,random,test,37.148,38.211174,1.0631740112304655
25749,25869,2024-07-09 12:14:00,25863,25869,random,test,40.0280732917516,40.75176,0.7236852836878498
9875,9917,2023-02-01 18:48:00,9911,9917,random,test,62.341,64.724075,2.3830753173828114
3609,3627,2022-10-25 18:27:00,3621,3627,random,test,42.281,42.93773,0.6567288818359387
24482,24596,2024-07-05 17:10:55,24590,24596,random,test,17.1671510977516,23.04161,5.874459620021838
12151,12205,2023-02-07 17:11:00,12199,12205,random,test,46.175,48.74327,2.5682708740234403
482,488,2022-10-22 18:48:00,482,488,random,test,35.85,41.49419,5.644190216064452
12086,12140,2023-02-07 17:03:00,12134,12140,random,test,39.862,47.41519,7.553191650390623
4156,4174,2022-10-25 19:27:00,4168,4174,random,test,50.954,52.189217,1.2352166137695306
16465,16549,2023-12-29 15:51:13,16543,16549,random,test,123.761828995572,119.433624,-4.328204727993878
4273,4291,2022-10-25 19:39:00,4285,4291,random,test,45.703,43.5718,-2.131199768066409
4391,4409,2022-10-25 19:51:00,4403,4409,random,test,48.712,46.876892,-1.8351079101562533
14685,14751,2023-12-21 09:36:53,14745,14751,random,test,115.288389150572,97.96706,-17.32133287615794
681,687,2022-10-22 19:08:00,681,687,random,test,62.105,52.62377,-9.481228332519528
18110,18206,2024-03-02 17:31:00,18200,18206,random,test,52.19385246,50.026184,-2.1676683779687522
6463,6487,2022-10-26 20:38:00,6481,6487,random,test,58.27,55.02435,-3.2456507873535188
6950,6980,2023-01-28 17:44:00,6974,6980,random,test,41.632,45.55961,3.9276084594726584
25217,25337,2024-07-09 10:25:40,25331,25337,random,test,69.2073408157516,58.604404,-10.602936366288716
7691,7721,2023-01-28 19:28:00,7715,7721,random,test,39.98,44.849327,4.869327087402347
19972,20074,2024-03-03 14:54:00,20068,20074,random,test,85.82689061,87.712494,1.8856032864843684
1106,1112,2022-10-22 19:56:00,1106,1112,random,test,28.652,40.02446,11.372459838867186
22079,22187,2024-03-06 18:38:00,22181,22187,random,test,54.01890104,68.46392,14.445019553261716
16603,16687,2023-12-29 16:11:53,16681,16687,random,test,114.375864859572,87.05537,-27.320498343458723
8673,8709,2023-01-30 18:48:00,8703,8709,random,test,50.246,49.290127,-0.9558731994628928
11644,11692,2023-02-06 18:36:00,11686,11692,random,test,39.331,50.007317,10.676316589355466
11756,11804,2023-02-06 18:49:00,11798,11804,random,test,34.021,40.584957,6.563957122802734
15590,15662,2023-12-22 10:03:07,15656,15662,random,test,119.329568153572,105.14533,-14.184235817146217
459,465,2022-10-22 18:46:00,459,465,random,test,44.523,42.629295,-1.8937046508789095
18927,19023,2024-03-02 19:34:00,19017,19023,random,test,56.23503146,55.110176,-1.1248553735742206
14980,15046,2023-12-21 10:42:21,15040,15046,random,test,132.887071905572,155.98544,23.09837120966239
2592,2604,2022-10-24 19:25:00,2598,2604,random,test,159.455,171.02435,11.569353027343737
21434,21542,2024-03-06 17:01:00,21536,21542,random,test,69.01037154,65.55874,-3.4516328315039004
7603,7633,2023-01-28 19:17:00,7627,7633,random,test,34.198,36.382034,2.184034301757812
22430,22538,2024-03-06 19:29:00,22532,22538,random,test,49.84736142,49.49457,-0.35278973420898296
1396,1402,2022-10-22 20:27:00,1396,1402,random,test,34.552,36.20829,1.6562901000976566
8896,8932,2023-01-30 19:21:00,8926,8932,random,test,40.334,45.969704,5.635703674316403
2579,2591,2022-10-24 19:23:00,2585,2591,random,test,122.58,118.728836,-3.851163940429686
4165,4183,2022-10-25 19:28:00,4177,4183,random,test,60.158,59.99806,-0.15994168090820438
23504,23618,2024-07-05 11:16:20,23612,23618,random,test,21.0730373017516,26.622635,5.549597585943712
6355,6379,2022-10-26 20:27:00,6373,6379,random,test,75.97,66.556305,-9.413695068359374
25674,25794,2024-07-09 12:02:45,25788,25794,random,test,50.3671838317516,44.01969,-6.347492364466447
3229,3241,2022-10-24 20:29:00,3235,3241,random,test,84.289,71.65316,-12.635839904785158
6145,6169,2022-10-26 19:59:00,6163,6169,random,test,98.508,93.90492,-4.603077514648433
1201,1207,2022-10-22 20:05:00,1201,1207,random,test,43.225,49.27305,6.048048400878905
17738,17828,2024-03-01 19:40:00,17822,17828,random,test,51.15096755,49.270897,-1.8800706383789034
7090,7120,2023-01-28 18:03:00,7114,7120,random,test,45.998,57.133633,11.135632659912112
17605,17695,2024-03-01 19:20:00,17689,17695,random,test,54.14926165,54.10093,-0.04833238974609344
14786,14852,2023-12-21 09:55:37,14846,14852,random,test,114.245504246572,102.112686,-12.132818089345434
7458,7488,2023-01-28 18:54:00,7482,7488,random,test,50.6,51.453957,0.8539566040039048
1978,1990,2022-10-24 18:25:00,1984,1990,random,test,71.309,69.81274,-1.4962634887695287
25719,25839,2024-07-09 12:09:50,25833,25839,random,test,54.3879490417516,51.502304,-2.8856449646031592
17516,17606,2024-03-01 19:07:00,17600,17606,random,test,84.39292387,77.727135,-6.66578916541016
3979,3997,2022-10-25 19:07:00,3991,3997,random,test,41.396,40.563515,-0.8324852905273445
16026,16104,2023-12-23 07:24:58,16098,16104,random,test,257.511830969634,268.74255,11.23072274130351
7885,7921,2023-01-30 17:12:00,7915,7921,random,test,35.85,39.683704,3.8337043762207017
4194,4212,2022-10-25 19:30:00,4206,4212,random,test,45.585,37.724983,-7.86001678466797
24760,24874,2024-07-05 17:52:15,24868,24874,random,test,28.3104146797516,27.934013,-0.37640131305238
11056,11104,2023-02-06 17:23:00,11098,11104,random,test,85.646,66.50059,-19.145412536621095
15973,16045,2023-12-22 10:58:19,16039,16045,random,test,129.888777806572,131.26918,1.3804024912795683
19644,19746,2024-03-03 13:26:00,19740,19746,random,test,99.12367314,100.92667,1.802993119765631
1940,1952,2022-10-24 18:21:00,1946,1952,random,test,54.966,60.743362,5.777362426757811
221,227,2022-10-22 18:23:00,221,227,random,test,31.661,33.87605,2.2150490417480455
2420,2432,2022-10-24 19:08:00,2426,2432,random,test,110.662,105.88236,-4.77963763427735
5130,5154,2022-10-26 18:02:00,5148,5154,random,test,29.478,27.99707,-1.4809296875000015
9403,9445,2023-02-01 17:46:00,9439,9445,random,test,51.367,57.67932,6.312321289062503
23783,23897,2024-07-05 11:59:45,23891,23897,random,test,28.4252936857516,25.537651,-2.8876426237398825
11822,11870,2023-02-06 18:58:00,11864,11870,random,test,35.732,35.259556,-0.4724441833496087
15809,15881,2023-12-22 10:34:19,15875,15881,random,test,122.979665317572,131.89026,8.9105934714905
2435,2447,2022-10-24 19:10:00,2441,2447,random,test,113.907,116.02646,2.1194587402343785
2842,2854,2022-10-24 19:49:00,2848,2854,random,test,169.426,176.23166,6.805658935546887
8365,8401,2023-01-30 18:09:00,8395,8401,random,test,45.821,44.964195,-0.8568047485351542
12543,12597,2023-02-07 18:02:00,12591,12597,random,test,36.086,38.353386,2.2673859252929702
24312,24426,2024-07-05 16:46:40,24420,24426,random,test,18.4308201637516,21.487045,3.056225124334336
11961,12015,2023-02-07 16:47:00,12009,12015,random,test,39.449,40.343704,0.8947042236328144
18209,18305,2024-03-02 17:46:00,18299,18305,random,test,53.23673736,45.648563,-7.588173974990234
20261,20363,2024-03-03 15:36:00,20357,20363,random,test,96.25573965,101.061745,4.806005039941411
25379,25499,2024-07-09 10:52:20,25493,25499,random,test,27.5062616377516,34.739166,7.232904622014026
1397,1403,2022-10-22 20:27:00,1397,1403,random,test,35.555,37.85225,2.297249145507813
19852,19954,2024-03-03 13:59:00,19948,19954,random,test,58.5815225,59.20846,0.626939261474611
12608,12662,2023-02-07 18:10:00,12656,12662,random,test,41.337,39.808926,-1.528074371337894
15834,15906,2023-12-22 10:37:51,15900,15906,random,test,108.509637274572,124.874954,16.365316949060812
17995,18091,2024-03-02 17:14:00,18085,18091,random,test,40.85247913,40.80983,-0.042649418085936475
11293,11341,2023-02-06 17:52:00,11335,11341,random,test,89.422,91.332115,1.9101151733398467
5081,5105,2022-10-26 17:57:00,5099,5105,random,test,31.602,30.280926,-1.3210742492675784
24661,24775,2024-07-05 17:36:45,24769,24775,random,test,15.3290870017516,20.59496,5.265872257281604
20092,20194,2024-03-03 15:11:00,20188,20194,random,test,64.31738947,74.59808,10.280694026093755
9904,9946,2023-02-01 18:51:00,9940,9946,random,test,63.934,64.85208,0.9180812988281275
2020,2032,2022-10-24 18:30:00,2026,2032,random,test,63.462,61.061157,-2.4008427734375033
18618,18714,2024-03-02 18:47:00,18708,18714,random,test,46.45798549,54.522522,8.064536482656251
12498,12552,2023-02-07 17:57:00,12546,12552,random,test,45.526,45.741436,0.21543600463866852
15144,15210,2023-12-21 11:18:49,15204,15210,random,test,101.730885398572,96.364784,-5.366101157849343
21989,22097,2024-03-06 18:25:00,22091,22097,random,test,67.57640479,66.55994,-1.016468266562498
4966,4990,2022-10-26 17:46:00,4984,4990,random,test,30.599,38.255173,7.656172729492187
4689,4713,2022-10-26 17:20:00,4707,4713,random,test,30.009,33.412903,3.4039028320312497
23774,23888,2024-07-05 11:58:15,23882,23888,random,test,20.6135212777516,23.882343,3.2688220144847264
12724,12778,2023-02-07 18:24:00,12772,12778,random,test,47.178,45.782764,-1.3952355651855441
8710,8746,2023-01-30 18:53:00,8740,8746,random,test,34.906,40.04098,5.134981292724611
3316,3328,2022-10-24 20:37:00,3322,3328,random,test,153.732,168.39755,14.665552490234376
4036,4054,2022-10-25 19:15:00,4048,4054,random,test,49.184,55.380695,6.196695343017581
17440,17530,2024-03-01 18:56:00,17524,17530,random,test,67.18532295,113.20384,46.01851921308594
20010,20112,2024-03-03 14:59:00,20106,20112,random,test,73.83371422,74.635864,0.8021500378124955
22607,22715,2024-03-06 19:55:00,22709,22715,random,test,88.30374226,82.126434,-6.177307933828132
19125,19221,2024-03-02 20:04:00,19215,19221,random,test,65.88171682,61.48593,-4.395785423515619
7827,7863,2023-01-30 17:05:00,7857,7863,random,test,37.325,38.950344,1.6253440856933565
4085,4103,2022-10-25 19:20:00,4097,4103,random,test,43.048,39.352196,-3.695804260253908
14615,14681,2023-12-21 09:20:20,14675,14681,random,test,211.233813354634,205.19229,-6.041522094868384
22809,22923,2024-07-05 09:31:55,22917,22923,random,test,21.0730373017516,27.61863,6.545592153814805
6602,6626,2022-10-26 20:52:00,6620,6626,random,test,43.756,42.175835,-1.5801653442382815
19665,19767,2024-03-03 13:29:00,19761,19767,random,test,63.6655864,65.34568,1.680093836816404
11679,11727,2023-02-06 18:40:00,11721,11727,random,test,35.673,38.53074,2.8577388305664044
6633,6657,2022-10-26 20:55:00,6651,6657,random,test,50.187,45.41426,-4.772739135742185
11850,11904,2023-02-07 16:32:00,11898,11904,random,test,37.502,39.48578,1.9837788085937476
19379,19481,2024-03-03 12:46:00,19475,19481,random,test,82.6982359,81.91711,-0.7811292715820315
19667,19769,2024-03-03 13:29:00,19763,19769,random,test,57.6689982,65.7217,8.052704375683597
17765,17855,2024-03-01 19:44:00,17849,17855,random,test,51.02060694,52.62433,1.6037216732812496
19413,19515,2024-03-03 12:51:00,19509,19515,random,test,106.4238675,95.508026,-10.915841376953125
23791,23905,2024-07-05 12:00:50,23899,23905,random,test,21.3027953137516,25.847424,4.544628239715198
2701,2713,2022-10-24 19:35:00,2707,2713,random,test,159.219,158.77371,-0.4452878417968691
9722,9764,2023-02-01 18:25:00,9758,9764,random,test,57.857,55.341747,-2.5152527160644524
16114,16192,2023-12-23 08:20:45,16186,16192,random,test,242.389986825572,244.53119,2.1412021392717406
12246,12300,2023-02-07 17:24:00,12294,12300,random,test,41.573,45.110916,3.537916137695312
2404,2416,2022-10-24 19:07:00,2410,2416,random,test,56.146,52.86425,-3.281749816894532
11038,11086,2023-02-06 17:20:00,11080,11086,random,test,76.088,79.91167,3.8236668701171936
24632,24746,2024-07-05 17:32:30,24740,24746,random,test,23.4854964277516,27.107002,3.6215058305491823
5117,5141,2022-10-26 18:01:00,5135,5141,random,test,30.127,32.76849,2.6414898376464855
22026,22134,2024-03-06 18:30:00,22128,22134,random,test,52.32421307,48.428974,-3.895238918388671
127,133,2022-10-22 18:12:00,127,133,random,test,30.127,32.981987,2.85498699951172
3351,3369,2022-10-25 18:00:00,3363,3369,random,test,31.248,40.856033,9.608033325195311
21266,21374,2024-03-06 16:37:00,21368,21374,random,test,106.4238675,91.94828,-14.475587165527344
19650,19752,2024-03-03 13:27:00,19746,19752,random,test,98.21114885,90.97478,-7.236371628320313
10854,10902,2023-02-06 16:58:00,10896,10902,random,test,53.491,51.33272,-2.1582782897949215
19328,19430,2024-03-03 12:39:00,19424,19430,random,test,49.45627959,51.74751,2.2912294126855457
8687,8723,2023-01-30 18:50:00,8717,8723,random,test,63.226,60.469814,-2.7561856994628897
25665,25785,2024-07-09 12:00:50,25779,25785,random,test,57.3748031977516,56.662468,-0.7123352412086348
25950,26070,2024-07-09 15:27:50,26064,26070,random,test,46.9208136517516,41.794933,-5.125880332659804
24002,24116,2024-07-05 15:29:00,24110,24116,random,test,58.8682302757516,51.38825,-7.479981832148084
22024,22132,2024-03-06 18:30:00,22126,22132,random,test,54.67070411,57.622437,2.9517324134374974
3169,3181,2022-10-24 20:23:00,3175,3181,random,test,160.458,189.25314,28.795143310546877
17307,17397,2024-03-01 18:36:00,17391,17397,random,test,69.01037154,71.82513,2.8147551079492246
21718,21826,2024-03-06 17:44:00,21820,21826,random,test,50.89024633,50.52143,-0.3688153607617153
964,970,2022-10-22 19:39:00,964,970,random,test,33.844,35.727753,1.8837526855468738
15242,15308,2023-12-21 11:33:14,15302,15308,random,test,134.451399261572,156.74261,22.291215484521757
7029,7059,2023-01-28 17:55:00,7053,7059,random,test,53.786,54.77925,0.9932510986328111
20759,20861,2024-03-03 16:56:00,20855,20861,random,test,173.950665,138.26477,-35.68589449218749
16254,16332,2023-12-23 08:54:28,16326,16332,random,test,301.964786966572,287.67682,-14.287968118915728
21379,21487,2024-03-06 16:53:00,21481,21487,random,test,43.85077323,55.242996,11.392222985820311
24414,24528,2024-07-05 17:01:20,24522,24528,random,test,37.0412191357516,31.924015,-5.117204090585581
9152,9194,2023-02-01 17:14:00,9188,9194,random,test,53.668,58.250504,4.582503540039063
22806,22920,2024-07-05 09:31:30,22914,22920,random,test,21.8771903437516,27.045597,5.168406732664415
20526,20628,2024-03-03 16:14:00,20622,20628,random,test,64.70847131,65.24107,0.5326022983984444
20400,20502,2024-03-03 15:56:00,20496,20502,random,test,107.7274736,153.27696,45.54948868027344
12480,12534,2023-02-07 17:55:00,12528,12534,random,test,32.369,32.409878,0.0408777770996096
22807,22921,2024-07-05 09:31:35,22915,22921,random,test,20.3837632657516,27.14891,6.765147256709337
13227,13287,2023-02-08 16:32:00,13281,13287,random,test,26.115,33.66858,7.553579101562502
2173,2185,2022-10-24 18:44:00,2179,2185,random,test,71.84,74.1537,2.313701782226559
22784,22898,2024-07-05 09:28:20,22892,22898,random,test,28.1955356737516,32.89111,4.6955737928011345
18654,18750,2024-03-02 18:52:00,18744,18750,random,test,70.05325644,52.866585,-17.186671662167967
3473,3491,2022-10-25 18:12:00,3485,3491,random,test,27.177,26.77507,-0.4019298095703121
503,509,2022-10-22 18:50:00,503,509,random,test,34.906,35.92861,1.022611755371095
5306,5330,2022-10-26 18:19:00,5324,5330,random,test,35.968,35.238846,-0.729154174804691
8028,8064,2023-01-30 17:28:00,8058,8064,random,test,48.122,48.868843,0.7468430786132814
20719,20821,2024-03-03 16:47:00,20815,20821,random,test,206.5408183,191.66823,-14.87259015058595
14710,14776,2023-12-21 09:40:17,14770,14776,random,test,135.233562939572,132.21588,-3.0176815919157605
24974,25094,2024-07-09 09:50:40,25088,25094,random,test,32.1014218777516,33.01838,0.9169573336741834
26109,26229,2024-07-09 16:07:20,26223,26229,random,test,124.004626677752,198.12164,74.11701638865425
3226,3238,2022-10-24 20:29:00,3232,3238,random,test,91.664,71.87216,-19.791838134765626
8882,8918,2023-01-30 19:19:00,8912,8918,random,test,41.809,40.627934,-1.1810664978027319
928,934,2022-10-22 19:36:00,928,934,random,test,37.974,38.43589,0.4618901977539096
12335,12389,2023-02-07 17:37:00,12383,12389,random,test,48.712,48.537094,-0.1749058837890658
7949,7985,2023-01-30 17:19:00,7979,7985,random,test,50.954,47.561394,-3.392606262207032
9037,9073,2023-01-30 19:38:00,9067,9073,random,test,44.051,42.766884,-1.2841161499023457
5561,5585,2022-10-26 18:55:00,5579,5585,random,test,49.774,47.449783,-2.3242166748046884
17354,17444,2024-03-01 18:44:00,17438,17444,random,test,51.67241001,58.65404,6.981631280283203
12008,12062,2023-02-07 16:53:00,12056,12062,random,test,46.057,46.584854,0.5278541259765603
3840,3858,2022-10-25 18:54:00,3852,3858,random,test,41.337,41.083878,-0.2531224365234408
22402,22510,2024-03-06 19:25:00,22504,22510,random,test,65.6209956,63.175255,-2.445740778222657
21956,22064,2024-03-06 18:20:00,22058,22064,random,test,51.80277062,55.205967,3.4031963294628937
16852,16942,2024-03-01 17:29:00,16936,16942,random,test,60.79765292,60.351826,-0.4458272058886692
8518,8554,2023-01-30 18:29:00,8548,8554,random,test,85.233,83.6318,-1.6012022094726603
828,834,2022-10-22 19:26:00,828,834,random,test,35.909,37.558586,1.6495861206054698
8180,8216,2023-01-30 17:46:00,8210,8216,random,test,40.452,42.60399,2.1519886474609393
11912,11966,2023-02-07 16:40:00,11960,11966,random,test,42.34,46.57383,4.233829650878903
9070,9112,2023-02-01 17:04:00,9106,9112,random,test,73.492,66.715195,-6.776805297851567
6279,6303,2022-10-26 20:15:00,6297,6303,random,test,92.313,70.5315,-21.78149822998047
11502,11550,2023-02-06 18:18:00,11544,11550,random,test,79.392,80.28862,0.8966199951171916
26313,26433,2024-07-09 17:13:40,26427,26433,random,test,54.6177070537516,49.48581,-5.131897727579727
7671,7701,2023-01-28 19:25:00,7695,7701,random,test,38.505,39.9261,1.42110168457031
24673,24787,2024-07-05 17:38:25,24781,24787,random,test,19.0052151937516,27.078133,8.072917435642932
22194,22302,2024-03-06 18:56:00,22296,22302,random,test,57.27791637,57.102013,-0.17590373572265605
2434,2446,2022-10-24 19:10:00,2440,2446,random,test,117.034,118.30954,1.275539794921869
4048,4066,2022-10-25 19:16:00,4060,4066,random,test,40.157,41.42138,1.2643790893554723
22981,23095,2024-07-05 09:59:10,23089,23095,random,test,22.7962223917516,30.937721,8.141498860689808
25738,25858,2024-07-09 12:12:30,25852,25858,random,test,33.5948489557516,32.93001,-0.6648372064840231
16501,16585,2023-12-29 15:56:55,16579,16585,random,test,92.8663637145724,88.367355,-4.4990083678927135
9934,9976,2023-02-01 18:56:00,9970,9976,random,test,72.725,69.40844,-3.3165603637695256
13723,13783,2023-02-08 17:35:00,13777,13783,random,test,44.464,48.020798,3.556797729492189
3706,3724,2022-10-25 18:37:00,3718,3724,random,test,37.915,40.743187,2.8281869506835946
5391,5415,2022-10-26 18:27:00,5409,5415,random,test,38.859,41.464317,2.605317321777342
17635,17725,2024-03-01 19:25:00,17719,17725,random,test,48.67411591,46.786453,-1.887662662929685
18189,18285,2024-03-02 17:43:00,18279,18285,random,test,64.31738947,59.039783,-5.277605992216792
2043,2055,2022-10-24 18:32:00,2049,2055,random,test,57.916,54.088295,-3.8277050170898406
6388,6412,2022-10-26 20:31:00,6406,6412,random,test,54.671,51.046585,-3.624414916992187
7104,7134,2023-01-28 18:04:00,7128,7134,random,test,51.603,57.389183,5.786183044433592
7602,7632,2023-01-28 19:17:00,7626,7632,random,test,33.962,36.80939,2.8473910217285123
6186,6210,2022-10-26 20:05:00,6204,6210,random,test,89.245,90.795395,1.550394897460933
14185,14245,2023-02-08 18:39:00,14239,14245,random,test,78.153,61.93547,-16.21752941894532
23459,23573,2024-07-05 11:09:20,23567,23573,random,test,33.9394859737516,29.876701,-4.062784618771133
8396,8432,2023-01-30 18:13:00,8426,8432,random,test,103.641,69.31467,-34.32633325195313
24329,24443,2024-07-05 16:49:05,24437,24443,random,test,29.1145677217516,29.154144,0.03957656535777332
11331,11379,2023-02-06 17:57:00,11373,11379,random,test,84.938,84.89753,-0.04047039794922114
10144,10186,2023-02-01 19:22:00,10180,10186,random,test,72.312,70.170044,-2.1419560546874976
8729,8765,2023-01-30 18:55:00,8759,8765,random,test,47.001,62.415813,15.414813446044924
12290,12344,2023-02-07 17:29:00,12338,12344,random,test,56.441,52.823143,-3.6178569946289088
3509,3527,2022-10-25 18:16:00,3521,3527,random,test,29.183,33.96484,4.7818399353027345
16334,16412,2023-12-23 09:20:04,16406,16412,random,test,210.712357866572,201.5392,-9.173158037470444
1063,1069,2022-10-22 19:49:00,1063,1069,random,test,71.781,51.158245,-20.622754913330084
9092,9134,2023-02-01 17:07:00,9128,9134,random,test,66.353,69.16992,2.8169218750000056
10500,10548,2023-02-06 16:12:00,10542,10548,random,test,83.817,68.1322,-15.684797851562493
5128,5152,2022-10-26 18:02:00,5146,5152,random,test,29.419,27.26096,-2.15804037475586
8602,8638,2023-01-30 18:40:00,8632,8638,random,test,45.703,42.83976,-2.8632401733398467
24670,24784,2024-07-05 17:38:00,24778,24784,random,test,23.2557384157516,25.69659,2.440852007832383
21264,21372,2024-03-06 16:37:00,21366,21372,random,test,95.86465781,101.660126,5.795467922421878
5312,5336,2022-10-26 18:20:00,5330,5336,random,test,50.659,44.26203,-6.396968444824218
14812,14878,2023-12-21 10:03:16,14872,14878,random,test,112.029373825572,112.327545,0.2981713404436306
12675,12729,2023-02-07 18:18:00,12723,12729,random,test,40.098,39.776863,-0.3211369018554677
22262,22370,2024-03-06 19:05:00,22364,22370,random,test,46.32762487,49.717377,3.389751838984374
2061,2073,2022-10-24 18:33:00,2067,2073,random,test,55.851,55.504555,-0.34644525146484284
9251,9293,2023-02-01 17:26:00,9287,9293,random,test,58.919,53.814297,-5.1047032775878876
17502,17592,2024-03-01 19:05:00,17586,17592,random,test,87.26085736,90.549225,3.288367493515622
7809,7845,2023-01-30 17:03:00,7839,7845,random,test,35.673,33.638035,-2.034965179443361
12695,12749,2023-02-07 18:20:00,12743,12749,random,test,40.157,42.490566,2.333566253662113
21603,21711,2024-03-06 17:27:00,21705,21711,random,test,107.9881948,109.576614,1.5884195798828102
19910,20012,2024-03-03 14:44:00,20006,20012,random,test,68.35856847,62.795925,-5.562643329619135
6307,6331,2022-10-26 20:23:00,6325,6331,random,test,49.597,48.08847,-1.5085295410156263
25525,25645,2024-07-09 11:14:30,25639,25645,random,test,82.0737894877516,69.50183,-12.571958433064097
7172,7202,2023-01-28 18:13:00,7196,7202,random,test,60.748,53.92472,-6.823279235839841
2225,2237,2022-10-24 18:49:00,2231,2237,random,test,62.754,56.449696,-6.304304412841795
1282,1288,2022-10-22 20:16:00,1282,1288,random,test,38.505,37.41117,-1.0938290405273463
5678,5702,2022-10-26 19:06:00,5696,5702,random,test,68.418,66.344925,-2.073075073242194
2647,2659,2022-10-24 19:30:00,2653,2659,random,test,179.515,190.5007,10.985701904296889
20272,20374,2024-03-03 15:37:00,20368,20374,random,test,70.18361705,62.237076,-7.946541244335933
12770,12824,2023-02-07 18:29:00,12818,12824,random,test,36.44,41.310383,4.87038284301758
23760,23874,2024-07-05 11:56:15,23868,23874,random,test,25.0938025117516,26.970585,1.8767823576331644
22966,23080,2024-07-05 09:57:05,23074,23080,random,test,37.5007351597516,36.042587,-1.4581478794781617
23264,23378,2024-07-05 10:40:15,23372,23378,random,test,25.4384395297516,30.009148,4.570708114291367
23237,23351,2024-07-05 10:35:50,23345,23351,random,test,24.0598914577516,26.561039,2.501147513195665
7356,7386,2023-01-28 18:37:00,7380,7386,random,test,45.998,42.455246,-3.54275402832031
9989,10031,2023-02-01 19:03:00,10025,10031,random,test,62.931,64.398865,1.4678647460937526
11771,11819,2023-02-06 18:52:00,11813,11819,random,test,70.542,59.15002,-11.391979400634767
16787,16871,2023-12-29 16:37:11,16865,16871,random,test,107.857834209572,93.66717,-14.190666545997786
3592,3610,2022-10-25 18:24:00,3604,3610,random,test,34.906,33.0259,-1.880098205566405
24662,24776,2024-07-05 17:36:55,24770,24776,random,test,15.4439660077516,20.905117,5.4611510271605095
13144,13198,2023-02-07 19:21:00,13192,13198,random,test,32.664,39.524334,6.86033395385742
21597,21705,2024-03-06 17:26:00,21699,21705,random,test,129.2369747,128.84708,-0.38989828398436543
9936,9978,2023-02-01 18:56:00,9972,9978,random,test,73.551,74.67552,1.1245218505859356
22600,22708,2024-03-06 19:54:00,22702,22708,random,test,75.13732035,59.74721,-15.390108893701168
3589,3607,2022-10-25 18:24:00,3601,3607,random,test,33.431,32.520386,-0.9106142578124974
10349,10391,2023-02-01 19:52:00,10385,10391,random,test,68.064,70.05357,1.9895736083984445
14432,14492,2023-02-08 19:10:00,14486,14492,random,test,40.039,45.043774,5.004773651123045
478,484,2022-10-22 18:48:00,478,484,random,test,41.573,45.07011,3.4971103210449215
4610,4634,2022-10-26 17:13:00,4628,4634,random,test,25.171,26.684742,1.5137419738769538
9568,9610,2023-02-01 18:05:00,9604,9610,random,test,55.143,61.825108,6.68210757446289
13198,13252,2023-02-07 19:28:00,13246,13252,random,test,47.768,45.864227,-1.9037727050781257
5472,5496,2022-10-26 18:35:00,5490,5496,random,test,52.606,51.293583,-1.312417083740236
25468,25588,2024-07-09 11:04:40,25582,25588,random,test,65.6460916297516,69.779205,4.13311369251403
1092,1098,2022-10-22 19:53:00,1092,1098,random,test,45.526,46.224926,0.6989259948730435
24727,24841,2024-07-05 17:47:35,24835,24841,random,test,141.695993601752,147.43285,5.73685246758393
4596,4620,2022-10-26 17:12:00,4614,4620,random,test,29.124,30.5955,1.471500946044923
19523,19625,2024-03-03 13:07:00,19619,19625,random,test,68.74965031,79.5943,10.844649006406243
17248,17338,2024-03-01 18:28:00,17332,17338,random,test,49.32591897,54.48017,5.154252233613285
8279,8315,2023-01-30 17:59:00,8309,8315,random,test,67.297,65.77179,-1.525210449218747
4191,4209,2022-10-25 19:30:00,4203,4209,random,test,39.98,38.53786,-1.4421391296386687
6677,6707,2023-01-28 17:10:00,6701,6707,random,test,34.788,34.81619,0.028188812255862672
21994,22102,2024-03-06 18:26:00,22096,22102,random,test,55.19214656,63.95153,8.759383896542971
15218,15284,2023-12-21 11:30:00,15278,15284,random,test,104.207737045572,107.134094,2.926357192709247
20068,20170,2024-03-03 15:07:00,20164,20170,random,test,63.53522579,72.677345,9.142119485878908
17306,17396,2024-03-01 18:36:00,17390,17396,random,test,74.61587789,85.686584,11.070706582656257
15058,15124,2023-12-21 11:02:10,15118,15124,random,test,137.580053973572,141.9962,4.416146587951431
970,976,2022-10-22 19:40:00,970,976,random,test,36.086,38.630295,2.544294799804689
23713,23827,2024-07-05 11:49:35,23821,23827,random,test,18.5456991697516,21.265797,2.720097491625353
4424,4442,2022-10-25 19:54:00,4436,4442,random,test,46.057,38.56996,-7.48703845214844
22193,22301,2024-03-06 18:56:00,22295,22301,random,test,54.40998288,55.80091,1.39092806970703
10052,10094,2023-02-01 19:10:00,10088,10094,random,test,69.185,67.39385,-1.7911477661132835
25759,25879,2024-07-09 12:15:25,25873,25879,random,test,46.8059346457516,36.596607,-10.209327437499645
14041,14101,2023-02-08 18:21:00,14095,14101,random,test,46.765,44.91042,-1.8545805358886724
6306,6330,2022-10-26 20:23:00,6324,6330,random,test,50.718,51.050476,0.3324760742187465
23305,23419,2024-07-05 10:47:20,23413,23419,random,test,34.1692439857516,35.213554,1.0443103965726195
20490,20592,2024-03-03 16:09:00,20586,20592,random,test,61.31909537,57.692104,-3.62699103040039
1009,1015,2022-10-22 19:43:00,1009,1015,random,test,55.615,54.89203,-0.722971191406252
23125,23239,2024-07-05 10:19:05,23233,23239,random,test,17.7415461277516,22.765842,5.02429630999254
14058,14118,2023-02-08 18:23:00,14112,14118,random,test,63.285,55.060116,-8.224884185791012
210,216,2022-10-22 18:22:00,210,216,random,test,33.372,36.841747,3.469747283935547
21768,21876,2024-03-06 17:53:00,21870,21876,random,test,76.96236893,75.06181,-1.9005555755078092
18920,19016,2024-03-02 19:33:00,19010,19016,random,test,50.89024633,54.43559,3.5453425066699253
8054,8090,2023-01-30 17:32:00,8084,8090,random,test,47.768,56.845264,9.077264434814452
15426,15498,2023-12-22 09:39:35,15492,15498,random,test,107.466752370572,115.5894,8.122648874545192
6689,6719,2023-01-28 17:12:00,6713,6719,random,test,32.133,36.479416,4.346415893554685
14751,14817,2023-12-21 09:47:58,14811,14817,random,test,168.475519254572,173.55107,5.075551912420195
5121,5145,2022-10-26 18:01:00,5139,5145,random,test,30.422,30.40775,-0.014250823974609972
4605,4629,2022-10-26 17:12:00,4623,4629,random,test,25.997,29.159462,3.1624619750976564
8137,8173,2023-01-30 17:41:00,8167,8173,random,test,67.238,58.80516,-8.432839477539062
5535,5559,2022-10-26 18:52:00,5553,5559,random,test,43.756,45.32976,1.573761505126953
4957,4981,2022-10-26 17:45:00,4975,4981,random,test,27.885,32.001213,4.116213073730467
9559,9601,2023-02-01 18:04:00,9595,9601,random,test,55.556,64.0353,8.479301208496096
24695,24809,2024-07-05 17:41:35,24803,24809,random,test,17.1671510977516,22.836117,5.668965693019885
24509,24623,2024-07-05 17:14:50,24617,24623,random,test,41.9810163937516,45.646454,3.6654374636702727
21502,21610,2024-03-06 17:11:00,21604,21610,random,test,136.6675297,145.99205,9.324520470898449
20684,20786,2024-03-03 16:38:00,20780,20786,random,test,134.190678,175.35379,41.163112283203134
9687,9729,2023-02-01 18:20:00,9723,9729,random,test,57.503,60.92642,3.4234183044433593
8197,8233,2023-01-30 17:48:00,8227,8233,random,test,47.768,46.1115,-1.6565002136230476
22375,22483,2024-03-06 19:21:00,22477,22483,random,test,56.88683453,57.874393,0.9875589331347641
2194,2206,2022-10-24 18:46:00,2200,2206,random,test,68.654,64.98207,-3.671929077148434
649,655,2022-10-22 19:05:00,649,655,random,test,36.617,40.743618,4.126618011474612
15090,15156,2023-12-21 11:06:36,15150,15156,random,test,106.293506853572,113.79651,7.503001935490502
217,223,2022-10-22 18:22:00,217,223,random,test,40.924,42.743923,1.8199231872558599
9633,9675,2023-02-01 18:13:00,9669,9675,random,test,54.553,60.280212,5.727212402343753
22755,22869,2024-07-05 09:24:20,22863,22869,random,test,15.0993289897516,17.196949,2.0976200153753535
5908,5932,2022-10-26 19:29:00,5926,5932,random,test,46.057,48.699104,2.642104309082029
3707,3725,2022-10-25 18:37:00,3719,3725,random,test,36.794,39.780113,2.986113220214847
14990,15056,2023-12-21 10:43:45,15050,15056,random,test,125.586877577572,110.87967,-14.707208388118872
6285,6309,2022-10-26 20:16:00,6303,6309,random,test,61.22,71.22356,10.003556518554689
15227,15293,2023-12-21 11:31:13,15287,15293,random,test,106.814949305572,115.94302,9.128074376068625
22559,22667,2024-03-06 19:48:00,22661,22667,random,test,50.75988572,50.24112,-0.5187663352343748
23072,23186,2024-07-05 10:11:45,23180,23186,random,test,24.5194074817516,26.000217,1.480809955992541
16432,16516,2023-12-29 15:44:10,16510,16516,random,test,135.363923552572,99.056885,-36.307038786947004
15731,15803,2023-12-22 10:23:16,15797,15803,random,test,128.845892902572,138.93439,10.08849430445926
26452,26572,2024-07-09 17:41:05,26566,26572,random,test,59.3277462997516,45.34394,-13.983805564888321
12794,12848,2023-02-07 18:32:00,12842,12848,random,test,41.278,42.2602,0.9822005004882826
9920,9962,2023-02-01 18:54:00,9956,9962,random,test,72.666,68.84551,-3.820487609863278
11307,11355,2023-02-06 17:54:00,11349,11355,random,test,63.698,60.55622,-3.141778991699219
3971,3989,2022-10-25 19:06:00,3983,3989,random,test,46.706,48.690254,1.9842542114257782
24162,24276,2024-07-05 15:57:40,24270,24276,random,test,18.5456991697516,21.70411,3.158410022142931
9212,9254,2023-02-01 17:22:00,9248,9254,random,test,55.851,58.679344,2.8283441772460947
23407,23521,2024-07-05 11:01:50,23515,23521,random,test,47.2654506697516,47.44616,0.1807086930413675
6290,6314,2022-10-26 20:17:00,6308,6314,random,test,73.374,69.05781,-4.316192077636714
12711,12765,2023-02-07 18:22:00,12759,12765,random,test,39.449,40.264244,0.8152440795898457
19271,19373,2024-03-03 12:31:00,19367,19373,random,test,69.79253521,65.9785,-3.8140348437890594
17893,17983,2024-03-01 20:02:00,17977,17983,random,test,70.18361705,62.522408,-7.661209518261714
10242,10284,2023-02-01 19:38:00,10278,10284,random,test,75.321,76.54513,1.2241278686523458
14149,14209,2023-02-08 18:35:00,14203,14209,random,test,75.439,85.62377,10.184771667480476
12805,12859,2023-02-07 18:34:00,12853,12859,random,test,35.732,35.846596,0.11459576416015693
25612,25732,2024-07-09 11:42:25,25726,25732,random,test,34.9733970277516,32.823097,-2.150299798747696
25664,25784,2024-07-09 12:00:40,25778,25784,random,test,58.5235932577516,54.070427,-4.453166316833631
7745,7775,2023-01-28 19:34:00,7769,7775,random,test,48.771,53.837128,5.066127685546874
15548,15620,2023-12-22 09:57:09,15614,15620,random,test,110.465046469572,98.4662,-11.99884468734544
23933,24047,2024-07-05 15:19:10,24041,24047,random,test,17.9713041397516,21.713757,3.742452421527698
18687,18783,2024-03-02 18:57:00,18777,18783,random,test,55.32250717,50.37477,-4.947736051835939
4344,4362,2022-10-25 19:46:00,4356,4362,random,test,45.29,39.2362,-6.05380157470703
19241,19343,2024-03-03 12:27:00,19337,19343,random,test,68.48892908,70.166664,1.6777350435351508
9798,9840,2023-02-01 18:37:00,9834,9840,random,test,64.583,68.60851,4.02551287841797
7558,7588,2023-01-28 19:12:00,7582,7588,random,test,55.379,67.07872,11.69972009277344
2752,2764,2022-10-24 19:40:00,2758,2764,random,test,185.415,184.86147,-0.5535345458984295
6628,6652,2022-10-26 20:54:00,6646,6652,random,test,40.983,39.41858,-1.564420898437497
13492,13552,2023-02-08 17:07:00,13546,13552,random,test,61.869,58.24832,-3.6206784667968748
13259,13319,2023-02-08 16:36:00,13313,13319,random,test,42.045,40.522324,-1.5226763916015642
8293,8329,2023-01-30 18:01:00,8323,8329,random,test,49.774,46.278614,-3.495385955810548
24528,24642,2024-07-05 17:17:35,24636,24642,random,test,62.8889954857516,52.743484,-10.145510988681288
7174,7204,2023-01-28 18:13:00,7198,7204,random,test,62.105,52.361946,-9.743053894042966
7801,7837,2023-01-30 17:02:00,7831,7837,random,test,37.679,40.91405,3.235051055908201
4730,4754,2022-10-26 17:24:00,4748,4754,random,test,24.876,29.433773,4.557773040771483
134,140,2022-10-22 18:13:00,134,140,random,test,31.956,34.049545,2.093545288085938
10914,10962,2023-02-06 17:05:00,10956,10962,random,test,51.603,53.017975,1.4149748535156235
18466,18562,2024-03-02 18:23:00,18556,18562,random,test,51.02060694,55.166008,4.145401055605468
21745,21853,2024-03-06 17:48:00,21847,21853,random,test,110.5954071,94.37428,-16.22112426308594
18599,18695,2024-03-02 18:43:00,18689,18695,random,test,61.57981659,65.55876,3.9789450066796874
7290,7320,2023-01-28 18:29:00,7314,7320,random,test,46.706,48.279068,1.5730679931640594
4285,4303,2022-10-25 19:40:00,4297,4303,random,test,51.131,52.864944,1.7339444580078123
7581,7611,2023-01-28 19:15:00,7605,7611,random,test,34.847,39.00609,4.159088256835936
3197,3209,2022-10-24 20:26:00,3203,3209,random,test,126.002,118.697266,-7.304734374999995
15436,15508,2023-12-22 09:40:59,15502,15508,random,test,108.770358500572,113.8904,5.120045246986592
6354,6378,2022-10-26 20:27:00,6372,6378,random,test,76.914,63.98141,-12.932589019775392
7589,7619,2023-01-28 19:16:00,7613,7619,random,test,42.694,41.493103,-1.2008969726562526
146,152,2022-10-22 18:14:00,146,152,random,test,24.699,30.477333,5.778333068847655
7051,7081,2023-01-28 17:58:00,7075,7081,random,test,42.517,47.556004,5.039003570556638
26253,26373,2024-07-09 17:04:40,26367,26373,random,test,58.8682302757516,101.49649,42.628260202764025
11526,11574,2023-02-06 18:21:00,11568,11574,random,test,37.03,42.93907,5.909071655273436
7997,8033,2023-01-30 17:25:00,8027,8033,random,test,40.157,42.97271,2.8157096557617223
8099,8135,2023-01-30 17:37:00,8129,8135,random,test,44.228,40.659626,-3.5683739929199234
22860,22974,2024-07-05 09:41:25,22968,22974,random,test,17.6266671217516,21.898777,4.272109886305042
10275,10317,2023-02-01 19:43:00,10311,10317,random,test,64.052,66.26929,2.2172871093749933
7495,7525,2023-01-28 18:59:00,7519,7525,random,test,44.523,46.953255,2.430254699707028
15807,15879,2023-12-22 10:34:02,15873,15879,random,test,130.410220258572,133.24748,2.837262041232691
7547,7577,2023-01-28 19:05:00,7571,7577,random,test,81.811,63.237846,-18.57315362548829
15274,15346,2023-12-22 09:17:32,15340,15346,random,test,128.454811063572,127.7209,-0.7339095743141968
12519,12573,2023-02-07 17:59:00,12567,12573,random,test,37.266,40.476124,3.210123809814455
24655,24769,2024-07-05 17:35:55,24763,24769,random,test,22.2218273617516,20.60545,-1.6163776852379286
24554,24668,2024-07-05 17:21:15,24662,24668,random,test,40.9471053397516,34.29028,-6.656825951323867
11993,12047,2023-02-07 16:51:00,12041,12047,random,test,59.804,48.70112,-11.10288153076172
10594,10642,2023-02-06 16:24:00,10636,10642,random,test,124.291,128.60826,4.317261108398441
22628,22736,2024-03-06 19:58:00,22730,22736,random,test,55.97431024,49.779922,-6.194387754648439
819,825,2022-10-22 19:25:00,819,825,random,test,35.909,36.61161,0.7026104125976573
367,373,2022-10-22 18:37:00,367,373,random,test,33.785,35.82293,2.037929382324222
7743,7773,2023-01-28 19:34:00,7767,7773,random,test,45.172,49.974552,4.802552154541019
22736,22850,2024-07-05 09:20:40,22844,22850,random,test,14.8695709777516,19.906673,5.037102453644884
12279,12333,2023-02-07 17:28:00,12327,12333,random,test,45.526,47.006683,1.4806833496093716
17710,17800,2024-03-01 19:36:00,17794,17800,random,test,57.92971943,53.312546,-4.617173653632811
6503,6527,2022-10-26 20:42:00,6521,6527,random,test,42.163,43.081703,0.9187031860351595
25514,25634,2024-07-09 11:12:05,25628,25634,random,test,55.5367391017516,78.946465,23.40972543682262
3931,3949,2022-10-25 19:03:00,3943,3949,random,test,45.762,47.57139,1.8093882446289058
21660,21768,2024-03-06 17:36:00,21762,21768,random,test,212.5374195,129.20865,-83.32877081835937
14653,14719,2023-12-21 09:27:23,14713,14719,random,test,105.641703788572,105.38388,-0.25782317333762705
21682,21790,2024-03-06 17:39:00,21784,21790,random,test,99.12367314,83.28997,-15.833702742050775
13559,13619,2023-02-08 17:15:00,13613,13619,random,test,33.49,32.806564,-0.6834356689453145
13153,13207,2023-02-07 19:22:00,13201,13207,random,test,38.682,37.942043,-0.7399566955566428
91,97,2022-10-22 18:09:00,91,97,random,test,24.404,24.318233,-0.08576651000976554
19770,19872,2024-03-03 13:47:00,19866,19872,random,test,72.6604687,74.744484,2.0840152477539107
25632,25752,2024-07-09 11:48:10,25746,25752,random,test,29.5740837457516,30.647953,1.0738692876956648
5653,5677,2022-10-26 19:04:00,5671,5677,random,test,51.249,57.20936,5.960358215332029
17443,17533,2024-03-01 18:57:00,17527,17533,random,test,62.88342272,61.93409,-0.9493330593554674
16605,16689,2023-12-29 16:12:09,16683,16689,random,test,109.813243404572,91.54555,-18.267695919220444
2532,2544,2022-10-24 19:19:00,2538,2544,random,test,204.354,212.30562,7.951618286132799
3108,3120,2022-10-24 20:17:00,3114,3120,random,test,215.8,212.77536,-3.0246398925781364
11547,11595,2023-02-06 18:24:00,11589,11595,random,test,54.671,43.43319,-11.237810607910156
5464,5488,2022-10-26 18:34:00,5482,5488,random,test,46.057,46.94425,0.8872481994628885
2495,2507,2022-10-24 19:15:00,2501,2507,random,test,188.66,189.94624,1.286243286132816
9644,9686,2023-02-01 18:14:00,9680,9686,random,test,59.155,61.92606,2.7710597229003895
8127,8163,2023-01-30 17:40:00,8157,8163,random,test,58.683,52.44204,-6.240960510253906
2505,2517,2022-10-24 19:16:00,2511,2517,random,test,198.631,193.69662,-4.934375244140625
8641,8677,2023-01-30 18:45:00,8671,8677,random,test,42.104,44.294807,2.190807434082032
3272,3284,2022-10-24 20:33:00,3278,3284,random,test,194.324,186.44034,-7.883661865234387
12417,12471,2023-02-07 17:46:00,12465,12471,random,test,43.461,47.733177,4.272177185058595
6717,6747,2023-01-28 17:15:00,6741,6747,random,test,33.608,35.538807,1.9308069152832061
7753,7783,2023-01-28 19:35:00,7777,7783,random,test,52.429,56.602108,4.173108001708982
21346,21454,2024-03-06 16:48:00,21448,21454,random,test,108.6399979,105.50284,-3.1371597652343723
12761,12815,2023-02-07 18:28:00,12809,12815,random,test,38.977,41.265205,2.2882053833007845
4793,4817,2022-10-26 17:30:00,4811,4817,random,test,41.927,37.488037,-4.438962890625
20729,20831,2024-03-03 16:49:00,20825,20831,random,test,311.0900299,268.4237,-42.66632384531249
4170,4188,2022-10-25 19:28:00,4182,4188,random,test,44.464,40.63243,-3.831568969726561
17422,17512,2024-03-01 18:54:00,17506,17512,random,test,61.31909537,60.515457,-0.8036382166796869
12872,12926,2023-02-07 18:42:00,12920,12926,random,test,41.455,44.185837,2.730836791992189
13328,13388,2023-02-08 16:46:00,13382,13388,random,test,46.706,41.875664,-4.830336242675784
25847,25967,2024-07-09 15:06:00,25961,25967,random,test,16.9373930857516,20.411179,3.473785503115586
2528,2540,2022-10-24 19:18:00,2534,2540,random,test,194.678,206.81207,12.134072753906253
15900,15972,2023-12-22 10:47:41,15966,15972,random,test,117.634880184572,119.32398,1.6891020541975337
18969,19065,2024-03-02 19:41:00,19059,19065,random,test,69.79253521,68.20149,-1.5910429004296844
24290,24404,2024-07-05 16:33:20,24398,24404,random,test,25.5533185357516,28.175644,2.622325385146837
11904,11958,2023-02-07 16:39:00,11952,11958,random,test,39.685,37.609337,-2.0756631469726585
12451,12505,2023-02-07 17:51:00,12499,12505,random,test,28.947,33.982666,5.035666015625001
10126,10168,2023-02-01 19:20:00,10162,10168,random,test,69.657,66.622154,-3.0348457641601527
5652,5676,2022-10-26 19:04:00,5670,5676,random,test,47.886,56.535873,8.649873413085935
1034,1040,2022-10-22 19:46:00,1034,1040,random,test,35.85,36.33667,0.4866699218749986
4157,4175,2022-10-25 19:27:00,4169,4175,random,test,57.621,53.713654,-3.907346435546877
2270,2282,2022-10-24 18:53:00,2276,2282,random,test,62.518,62.365005,-0.15299450683593818
696,702,2022-10-22 19:11:00,696,702,random,test,33.608,35.79451,2.1865098876953155
3181,3193,2022-10-24 20:25:00,3187,3193,random,test,186.595,181.0004,-5.594603271484374
19461,19563,2024-03-03 12:58:00,19557,19563,random,test,61.97089843,63.557022,1.5861236647265642
24895,25015,2024-07-09 09:36:20,25009,25015,random,test,26.4723505837516,27.309196,0.8368458884163701
21106,21214,2024-03-06 16:13:00,21208,21214,random,test,51.15096755,58.37021,7.219241190234378
13340,13400,2023-02-08 16:47:00,13394,13400,random,test,38.564,42.599384,4.035384307861328
119,125,2022-10-22 18:12:00,119,125,random,test,25.112,31.583393,6.47139309692383
25803,25923,2024-07-09 12:26:25,25917,25923,random,test,33.1353329317516,64.71749,31.582158218150745
13291,13351,2023-02-08 16:40:00,13345,13351,random,test,31.13,37.74975,6.61974822998047
2790,2802,2022-10-24 19:44:00,2796,2802,random,test,86.944,93.33148,6.387481933593747
4982,5006,2022-10-26 17:48:00,5000,5006,random,test,33.667,38.93934,5.27233868408203
9626,9668,2023-02-01 18:12:00,9662,9668,random,test,58.565,59.608955,1.0439553833007835
10246,10288,2023-02-01 19:39:00,10282,10288,random,test,72.548,72.35199,-0.19601025390625182
15347,15419,2023-12-22 09:27:58,15413,15419,random,test,137.319332747572,138.91727,1.5979340981311339
16108,16186,2023-12-23 08:19:56,16180,16186,random,test,236.784480466572,222.76158,-14.022899045673569
4336,4354,2022-10-25 19:45:00,4348,4354,random,test,44.287,44.383812,0.09681195068359472
19553,19655,2024-03-03 13:13:00,19649,19655,random,test,88.82518471,78.25126,-10.573925859902346
9898,9940,2023-02-01 18:51:00,9934,9940,random,test,62.754,67.16834,4.4143425903320335
15288,15360,2023-12-22 09:19:27,15354,15360,random,test,139.405102555572,137.4296,-1.9755066083063753
20725,20827,2024-03-03 16:48:00,20821,20827,random,test,312.5239966,240.054,-72.46999574550779
11946,12000,2023-02-07 16:45:00,11994,12000,random,test,39.567,42.53459,2.9675916748046873
18806,18902,2024-03-02 19:15:00,18896,18902,random,test,70.57469889,72.746506,2.171806847304694
14406,14466,2023-02-08 19:07:00,14460,14466,random,test,51.249,54.978058,3.7290578613281227
6536,6560,2022-10-26 20:45:00,6554,6560,random,test,38.682,42.29873,3.6167289428710916
5138,5162,2022-10-26 18:03:00,5156,5162,random,test,31.543,31.835705,0.2927048034667976
23277,23391,2024-07-05 10:42:05,23385,23391,random,test,29.2294467277516,26.40435,-2.825096446989882
9668,9710,2023-02-01 18:18:00,9704,9710,random,test,60.748,63.56035,2.81234851074219
1888,1900,2022-10-24 18:17:00,1894,1900,random,test,54.848,50.899376,-3.9486240844726552
13267,13327,2023-02-08 16:37:00,13321,13327,random,test,40.216,34.933388,-5.282612243652345
5863,5887,2022-10-26 19:25:00,5881,5887,random,test,50.01,43.36744,-6.642560729980467
12215,12269,2023-02-07 17:20:00,12263,12269,random,test,44.051,47.36557,3.314570068359373
15550,15622,2023-12-22 09:57:26,15616,15622,random,test,109.682882791572,97.855865,-11.827017313056373
19885,19987,2024-03-03 14:04:00,19981,19987,random,test,61.31909537,59.252148,-2.0669476954394526
9279,9321,2023-02-01 17:30:00,9315,9321,random,test,56.795,55.436886,-1.3581141662597673
17360,17450,2024-03-01 18:44:00,17444,17450,random,test,63.14414395,62.68952,-0.4546221604492189
2408,2420,2022-10-24 19:07:00,2414,2420,random,test,57.031,54.32864,-2.7023600158691394
17841,17931,2024-03-01 19:55:00,17925,17931,random,test,48.28303407,50.05729,1.774255053535157
4564,4588,2022-10-26 17:08:00,4582,4588,random,test,23.578,33.89626,10.318259307861329
1413,1419,2022-10-22 20:29:00,1413,1419,random,test,54.494,61.354362,6.860362487792969
11311,11359,2023-02-06 17:54:00,11353,11359,random,test,69.716,66.33733,-3.3786663208007752
12860,12914,2023-02-07 18:41:00,12908,12914,random,test,42.989,43.852932,0.8639319763183622
18392,18488,2024-03-02 18:13:00,18482,18488,random,test,53.88854043,51.894947,-1.993593377998046
18262,18358,2024-03-02 17:53:00,18352,18358,random,test,62.88342272,59.29375,-3.5896719570605455
23728,23842,2024-07-05 11:51:40,23836,23842,random,test,24.9789235057516,30.322392,5.343468004258167
19671,19773,2024-03-03 13:30:00,19767,19773,random,test,59.36368617,59.507664,0.14397755680663948
1450,1456,2022-10-22 20:32:00,1450,1456,random,test,35.673,39.498833,3.825832702636717
10339,10381,2023-02-01 19:51:00,10375,10381,random,test,68.772,78.05177,9.279773071289057
6148,6172,2022-10-26 20:01:00,6166,6172,random,test,71.427,75.93804,4.511041687011712
11359,11407,2023-02-06 18:00:00,11401,11407,random,test,110.131,95.587585,-14.54341455078125
13495,13555,2023-02-08 17:07:00,13549,13555,random,test,49.243,50.354233,1.1112327880859354
17991,18087,2024-03-02 17:14:00,18081,18087,random,test,42.93824894,57.41436,14.476111106386718
15813,15885,2023-12-22 10:34:53,15879,15885,random,test,163.912897799572,160.01895,-3.8939463835563686
180,186,2022-10-22 18:19:00,180,186,random,test,34.729,33.17995,-1.549049285888671
23942,24056,2024-07-05 15:20:25,24050,24056,random,test,15.2142079957516,19.855495,4.641287457129259
24901,25021,2024-07-09 09:37:10,25015,25021,random,test,32.2163008837516,28.484734,-3.7315673022086315
22092,22200,2024-03-06 18:40:00,22194,22200,random,test,70.44433828,79.86206,9.417722266875003
14339,14399,2023-02-08 18:59:00,14393,14399,random,test,39.213,46.58113,7.3681309814453115
25780,25900,2024-07-09 12:19:40,25894,25900,random,test,24.5194074817516,24.509102,-0.010305614075818426
6650,6674,2022-10-26 20:56:00,6668,6674,random,test,39.921,37.637833,-2.283167358398437
25933,26053,2024-07-09 15:19:55,26047,26053,random,test,23.3706174217516,27.310402,3.939784494752306
5211,5235,2022-10-26 18:10:00,5229,5235,random,test,41.337,40.78534,-0.5516606445312533
1493,1499,2022-10-22 20:36:00,1493,1499,random,test,39.213,40.554413,1.341412841796874
469,475,2022-10-22 18:47:00,469,475,random,test,38.21,38.6259,0.41590026855468665
25458,25578,2024-07-09 11:03:15,25572,25578,random,test,49.3332727777516,52.67618,3.342909015461288
2166,2178,2022-10-24 18:43:00,2172,2178,random,test,61.81,60.813747,-0.9962525939941429
1911,1923,2022-10-24 18:19:00,1917,1923,random,test,46.765,45.821762,-0.9432379150390631
5038,5062,2022-10-26 17:53:00,5056,5062,random,test,35.319,32.985554,-2.3334462585449245
1423,1429,2022-10-22 20:30:00,1423,1429,random,test,57.031,51.79403,-5.236970764160155
16551,16635,2023-12-29 16:04:47,16629,16635,random,test,86.8697755165724,86.47743,-0.39234326559584076
26415,26535,2024-07-09 17:32:55,26529,26535,random,test,33.9394859737516,32.31584,-1.623644298946914
11897,11951,2023-02-07 16:38:00,11945,11951,random,test,41.16,45.364212,4.204212036132816
12385,12439,2023-02-07 17:43:00,12433,12439,random,test,34.139,38.841846,4.70284646606445
25318,25438,2024-07-09 10:42:25,25432,25438,random,test,174.206740811851,158.73318,-15.473555997397881
7138,7168,2023-01-28 18:08:00,7162,7168,random,test,46.411,40.45433,-5.956669555664064
4384,4402,2022-10-25 19:50:00,4396,4402,random,test,46.116,46.359463,0.24346273803710972
7348,7378,2023-01-28 18:36:00,7372,7378,random,test,51.249,55.307785,4.058785034179685
23975,24089,2024-07-05 15:25:00,24083,24089,random,test,23.7152544397516,24.176601,0.4613469701605091
23099,23213,2024-07-05 10:15:30,23207,23213,random,test,18.2010621517516,19.69429,1.4932280093812125
13420,13480,2023-02-08 16:57:00,13474,13480,random,test,36.617,36.795807,0.17880688476562767
1192,1198,2022-10-22 20:04:00,1192,1198,random,test,33.254,44.297516,11.043515869140627
4220,4238,2022-10-25 19:33:00,4232,4238,random,test,46.883,51.082882,4.199881927490232
23717,23831,2024-07-05 11:50:05,23825,23831,random,test,19.1200941997516,23.418274,4.298179726029652
3329,3341,2022-10-24 20:38:00,3335,3341,random,test,170.783,188.85416,18.071156494140638
17505,17595,2024-03-01 19:06:00,17589,17595,random,test,97.16826394,70.959015,-26.209249047421878
7821,7857,2023-01-30 17:04:00,7851,7857,random,test,36.263,36.783333,0.5203328247070331
8542,8578,2023-01-30 18:32:00,8572,8578,random,test,53.137,46.30445,-6.832549011230469
23666,23780,2024-07-05 11:43:05,23774,23780,random,test,27.1616246197516,30.037186,2.8755610491937134
8364,8400,2023-01-30 18:09:00,8394,8400,random,test,46.411,45.863594,-0.5474059448242201
2937,2949,2022-10-24 20:01:00,2943,2949,random,test,92.313,96.3483,4.035297119140623
16479,16563,2023-12-29 15:53:57,16557,16563,random,test,112.029373825572,112.57129,0.5419152369280056
7007,7037,2023-01-28 17:52:00,7031,7037,random,test,36.912,35.963104,-0.948895751953124
22508,22616,2024-03-06 19:41:00,22610,22616,random,test,52.32421307,55.104443,2.780229526435548
12769,12823,2023-02-07 18:29:00,12817,12823,random,test,37.325,43.63485,6.309849548339841
21598,21706,2024-03-06 17:26:00,21700,21706,random,test,124.4136321,137.19403,12.780398661718749
25650,25770,2024-07-09 11:55:15,25764,25770,random,test,46.5761766337516,63.082245,16.506068239295274
9750,9792,2023-02-01 18:29:00,9786,9792,random,test,53.137,57.116863,3.9798632507324214
2918,2930,2022-10-24 19:59:00,2924,2930,random,test,234.326,232.52638,-1.799617553710931
6287,6311,2022-10-26 20:17:00,6305,6311,random,test,74.849,78.204575,3.3555745849609337
351,357,2022-10-22 18:36:00,351,357,random,test,36.794,40.052986,3.2589861450195343
23299,23413,2024-07-05 10:45:25,23407,23413,random,test,21.3027953137516,38.955368,17.65257272824059
8576,8612,2023-01-30 18:37:00,8606,8612,random,test,37.974,43.32472,5.3507184753418
23996,24110,2024-07-05 15:28:00,24104,24110,random,test,19.9242472417516,23.644012,3.7197652094202738
10280,10322,2023-02-01 19:44:00,10316,10322,random,test,67.179,64.80338,-2.375617126464846
2604,2616,2022-10-24 19:26:00,2610,2616,random,test,165.178,202.81885,37.64084765625
6502,6526,2022-10-26 20:42:00,6520,6526,random,test,40.806,43.368767,2.5627667846679714
6091,6115,2022-10-26 19:53:00,6109,6115,random,test,50.305,56.270897,5.965896911621094
12777,12831,2023-02-07 18:30:00,12825,12831,random,test,40.865,41.43061,0.5656106567382793
5337,5361,2022-10-26 18:22:00,5355,5361,random,test,42.517,43.20489,0.6878912048339814
23965,24079,2024-07-05 15:23:40,24073,24079,random,test,18.3159411577516,23.430248,5.114307102746448
16129,16207,2023-12-23 08:22:46,16201,16207,random,test,267.810306360572,187.51141,-80.29889278635324
1297,1303,2022-10-22 20:18:00,1297,1303,random,test,34.316,32.409832,-1.9061679992675806
7936,7972,2023-01-30 17:18:00,7966,7972,random,test,42.93,43.975807,1.0458071899414065
14368,14428,2023-02-08 19:02:00,14422,14428,random,test,47.768,49.035763,1.2677627868652337
22290,22398,2024-03-06 19:09:00,22392,22398,random,test,68.88001092,59.57856,-9.301451044511722
6095,6119,2022-10-26 19:53:00,6113,6119,random,test,44.464,47.549576,3.085575805664064
18478,18574,2024-03-02 18:25:00,18568,18574,random,test,40.98283974,45.022892,4.040052258291013
635,641,2022-10-22 19:04:00,635,641,random,test,42.871,40.461884,-2.409116455078127
6876,6906,2023-01-28 17:35:00,6900,6906,random,test,36.853,41.37803,4.525028869628905
23011,23125,2024-07-05 10:03:20,23119,23125,random,test,24.4045284757516,26.950489,2.5459605684378523
7132,7162,2023-01-28 18:08:00,7156,7162,random,test,43.933,44.247635,0.31463488769531267
4546,4570,2022-10-26 17:07:00,4564,4570,random,test,25.997,29.711952,3.7149522094726564
7500,7530,2023-01-28 18:59:00,7524,7530,random,test,39.39,45.851395,6.461394653320312
21408,21516,2024-03-06 16:57:00,21510,21516,random,test,64.31738947,63.319157,-0.9982328232714792
4125,4143,2022-10-25 19:23:00,4137,4143,random,test,51.249,47.63148,-3.6175188293457055
5215,5239,2022-10-26 18:10:00,5233,5239,random,test,43.933,43.1948,-0.7381986694335936
25955,26075,2024-07-09 15:29:10,26069,26075,random,test,57.2599241917516,86.09578,28.83585522719371
14733,14799,2023-12-21 09:43:28,14793,14799,random,test,125.847598803572,135.1723,9.324703442521752
26236,26356,2024-07-09 16:46:40,26350,26356,random,test,192.127877235752,178.00294,-14.124932289462947
8482,8518,2023-01-30 18:25:00,8512,8518,random,test,48.771,62.021324,13.250324157714843
17962,18058,2024-03-02 17:09:00,18052,18058,random,test,51.02060694,52.32918,1.3085747311425777
9391,9433,2023-02-01 17:44:00,9427,9433,random,test,52.783,54.90786,2.1248598022460925
6977,7007,2023-01-28 17:47:00,7001,7007,random,test,35.142,42.201042,7.059042175292966
9303,9345,2023-02-01 17:32:00,9339,9345,random,test,54.199,56.274902,2.075902343750002
5663,5687,2022-10-26 19:05:00,5681,5687,random,test,54.966,61.881348,6.915347656249999
22186,22294,2024-03-06 18:55:00,22288,22294,random,test,83.87148142,82.40106,-1.470419408281245
2004,2016,2022-10-24 18:28:00,2010,2016,random,test,61.633,67.59794,5.964938537597654
25250,25370,2024-07-09 10:30:20,25364,25370,random,test,48.9886357597516,53.197144,4.2085077949358976
2386,2398,2022-10-24 19:05:00,2392,2398,random,test,47.886,47.292725,-0.5932753906250028
26001,26121,2024-07-09 15:47:15,26115,26121,random,test,141.810872607752,174.75932,32.948450512365184
5453,5477,2022-10-26 18:33:00,5471,5477,random,test,47.06,43.385506,-3.674494323730471
14505,14565,2023-02-08 19:20:00,14559,14565,random,test,54.258,45.838028,-8.41997204589844
14927,14993,2023-12-21 10:31:11,14987,14993,random,test,201.978196795572,190.13742,-11.840776141275114
18757,18853,2024-03-02 19:08:00,18847,18853,random,test,72.79082931,67.102394,-5.6884352059961
9165,9207,2023-02-01 17:16:00,9201,9207,random,test,56.736,56.828796,0.0927963867187529
3058,3070,2022-10-24 20:12:00,3064,3070,random,test,197.864,191.56683,-6.297166503906254
3780,3798,2022-10-25 18:48:00,3792,3798,random,test,33.431,38.208405,4.777404541015628
6925,6955,2023-01-28 17:41:00,6949,6955,random,test,40.688,42.057446,1.3694455261230445
29,35,2022-10-22 18:03:00,29,35,random,test,21.985,24.167145,2.1821447753906256
11828,11876,2023-02-06 18:59:00,11870,11876,random,test,36.499,38.08441,1.5854116210937477
24316,24430,2024-07-05 16:47:15,24424,24430,random,test,33.7097279617516,29.22639,-4.48333712312855
7024,7054,2023-01-28 17:54:00,7048,7054,random,test,60.807,51.431503,-9.375496704101565
25290,25410,2024-07-09 10:38:30,25404,25410,random,test,129.403939959752,139.1365,9.73256516720113
4404,4422,2022-10-25 19:53:00,4416,4422,random,test,46.883,43.592934,-3.2900663452148464
20634,20736,2024-03-03 16:30:00,20730,20736,random,test,122.7189441,117.21114,-5.507800606347658
8453,8489,2023-01-30 18:22:00,8483,8489,random,test,43.166,52.63655,9.470550903320316
23672,23786,2024-07-05 11:43:55,23780,23786,random,test,24.1747704637516,25.375828,1.2010573255550412
6435,6459,2022-10-26 20:35:00,6453,6459,random,test,43.579,43.93839,0.35938882446289
15203,15269,2023-12-21 11:27:41,15263,15269,random,test,113.593701181572,112.36804,-1.2256591893845012
6730,6760,2023-01-28 17:17:00,6754,6760,random,test,36.499,35.601593,-0.8974069824218773
11121,11169,2023-02-06 17:30:00,11163,11169,random,test,44.169,48.030384,3.861384063720706
6379,6403,2022-10-26 20:30:00,6397,6403,random,test,53.137,51.91341,-1.2235898132324223
13557,13617,2023-02-08 17:14:00,13611,13617,random,test,37.915,34.14196,-3.7730398559570304
13581,13641,2023-02-08 17:17:00,13635,13641,random,test,30.599,45.08284,14.483839965820312
15049,15115,2023-12-21 11:00:20,15109,15115,random,test,114.245504246572,162.42838,48.18287099756863
10533,10581,2023-02-06 16:16:00,10575,10581,random,test,33.785,41.75862,7.973621215820316
21676,21784,2024-03-06 17:38:00,21778,21784,random,test,82.6982359,95.66906,12.970823853417969
18501,18597,2024-03-02 18:29:00,18591,18597,random,test,78.78741751,60.052956,-18.73446188255859
960,966,2022-10-22 19:39:00,960,966,random,test,27.0,34.764275,7.764274597167969
984,990,2022-10-22 19:41:00,984,990,random,test,43.756,39.655716,-4.100284057617188
3222,3234,2022-10-24 20:28:00,3228,3234,random,test,121.636,119.299286,-2.3367141113281207
17856,17946,2024-03-01 19:57:00,17940,17946,random,test,63.14414395,60.009716,-3.1344279160644533
19628,19730,2024-03-03 13:23:00,19724,19730,random,test,72.92118993,68.91605,-4.005136158027341
2145,2157,2022-10-24 18:41:00,2151,2157,random,test,65.173,69.1897,4.016697265624998
24421,24535,2024-07-05 17:02:15,24529,24535,random,test,15.4439660077516,27.771027,12.327060603576525
25730,25850,2024-07-09 12:11:25,25844,25850,random,test,64.0377855457516,70.66364,6.625857337549178
12064,12118,2023-02-07 17:00:00,12112,12118,random,test,52.724,50.55484,-2.1691599121093716
25402,25522,2024-07-09 10:55:30,25516,25522,random,test,54.5028280477516,61.532852,7.030024125099963
21863,21971,2024-03-06 18:07:00,21965,21971,random,test,71.87830502,68.47098,-3.407327236796874
7613,7643,2023-01-28 19:19:00,7637,7643,random,test,34.434,38.501488,4.067487731933596
7395,7425,2023-01-28 18:46:00,7419,7425,random,test,42.93,45.28531,2.3553088378906253
17673,17763,2024-03-01 19:30:00,17757,17763,random,test,52.19385246,50.87255,-1.3213014956445335
10509,10557,2023-02-06 16:13:00,10551,10557,random,test,130.368,63.218334,-67.14966580200195
12248,12302,2023-02-07 17:24:00,12296,12302,random,test,42.635,46.30845,3.6734487915039082
11940,11994,2023-02-07 16:45:00,11988,11994,random,test,37.384,43.04589,5.661890808105468
25660,25780,2024-07-09 11:59:20,25774,25780,random,test,58.9831092817516,61.62372,2.6406089799671477
17147,17237,2024-03-01 18:13:00,17231,17237,random,test,49.32591897,45.13124,-4.194678125273434
26178,26298,2024-07-09 16:26:45,26292,26298,random,test,130.667609025752,198.94702,68.279412458623
3594,3612,2022-10-25 18:24:00,3606,3612,random,test,40.629,39.10747,-1.5215285339355447
291,297,2022-10-22 18:30:00,291,297,random,test,25.466,28.56308,3.097079833984374
14668,14734,2023-12-21 09:33:44,14728,14734,random,test,149.312509143572,164.81116,15.498648082990513
16510,16594,2023-12-29 15:58:13,16588,16594,random,test,88.6948240985724,82.820694,-5.8741301288458345
19098,19194,2024-03-02 20:00:00,19188,19194,random,test,78.6570569,74.73683,-3.920225234960938
13150,13204,2023-02-07 19:22:00,13198,13204,random,test,37.561,37.47204,-0.0889617309570312
5155,5179,2022-10-26 18:04:00,5173,5179,random,test,45.349,46.95353,1.6045293579101596
21462,21570,2024-03-06 17:05:00,21564,21570,random,test,71.74794441,80.74734,8.999392931308591
12767,12821,2023-02-07 18:29:00,12815,12821,random,test,40.511,42.110336,1.5993363037109347
1259,1265,2022-10-22 20:14:00,1259,1265,random,test,40.275,37.03584,-3.2391609191894517
26381,26501,2024-07-09 17:24:20,26495,26501,random,test,28.3104146797516,28.53759,0.22717534710387
17003,17093,2024-03-01 17:52:00,17087,17093,random,test,51.02060694,49.981335,-1.0392722537207035
3366,3384,2022-10-25 18:02:00,3378,3384,random,test,77.917,76.142746,-1.774254028320314
3035,3047,2022-10-24 20:10:00,3041,3047,random,test,182.996,185.76111,2.7651083984374907
15075,15141,2023-12-21 11:04:33,15135,15141,random,test,109.943604017572,102.00212,-7.941483045892312
4783,4807,2022-10-26 17:29:00,4801,4807,random,test,32.9,29.52618,-3.373819732666014
16181,16259,2023-12-23 08:33:43,16253,16259,random,test,324.908254854572,257.1359,-67.7723600791814
20002,20104,2024-03-03 14:58:00,20098,20104,random,test,60.14584985,62.168682,2.0228322483886743
6491,6515,2022-10-26 20:41:00,6509,6515,random,test,46.883,43.0427,-3.8402982788085964
17321,17411,2024-03-01 18:38:00,17405,17411,random,test,51.67241001,62.386456,10.714045525888672
8796,8832,2023-01-30 19:05:00,8826,8832,random,test,101.399,100.399124,-0.9998758544921884
10062,10104,2023-02-01 19:11:00,10098,10104,random,test,62.695,63.39421,0.6992108154296872
4844,4868,2022-10-26 17:35:00,4862,4868,random,test,29.714,32.00172,2.2877204284667982
16504,16588,2023-12-29 15:57:21,16582,16588,random,test,97.5593457825724,92.59682,-4.962528765970831
20798,20900,2024-03-03 17:01:00,20894,20900,random,test,101.9916066,93.61788,-8.373724825097653
22945,23059,2024-07-05 09:54:10,23053,23059,random,test,19.6944892297516,23.014694,3.3202049841155876
8628,8664,2023-01-30 18:43:00,8658,8664,random,test,42.694,44.337326,1.6433260498046849
2748,2760,2022-10-24 19:40:00,2754,2760,random,test,272.204,269.8587,-2.3452963867187577
25875,25995,2024-07-09 15:10:15,25989,25995,random,test,32.6758169077516,30.78349,-1.892327680456681
25621,25741,2024-07-09 11:44:35,25735,25741,random,test,41.5215003697516,37.631813,-3.8896873204351934
25261,25381,2024-07-09 10:31:50,25375,25381,random,test,64.7270595817516,64.21022,-0.5168392448375414
17357,17447,2024-03-01 18:44:00,17441,17447,random,test,47.37050978,51.112846,3.7423365945117197
18223,18319,2024-03-02 17:48:00,18313,18319,random,test,49.84736142,48.995277,-0.8520840152148423
15667,15739,2023-12-22 10:14:10,15733,15739,random,test,133.147793131572,141.77199,8.624194783467061
10671,10719,2023-02-06 16:34:00,10713,10719,random,test,100.337,100.050964,-0.2860356445312533
15268,15340,2023-12-22 09:16:42,15334,15340,random,test,125.195795738572,146.69849,21.502690589552998
3792,3810,2022-10-25 18:50:00,3804,3810,random,test,44.7,55.319344,10.619343566894528
12375,12429,2023-02-07 17:41:00,12423,12429,random,test,35.791,37.60891,1.817909606933597
24782,24896,2024-07-05 17:55:25,24890,24896,random,test,63.9229065397516,51.811703,-12.111203811480117
21735,21843,2024-03-06 17:47:00,21837,21843,random,test,137.7104146,147.20865,9.498234081640618
16415,16493,2023-12-23 09:39:09,16487,16493,random,test,173.038140709572,184.45148,11.41333634120926
21344,21452,2024-03-06 16:48:00,21446,21452,random,test,87.65193919,95.23584,7.583900653750007
14787,14853,2023-12-21 09:55:46,14847,14853,random,test,119.199207540572,113.97565,-5.223560567915754
5019,5043,2022-10-26 17:51:00,5037,5043,random,test,36.145,36.05863,-0.08636810302734688
7958,7994,2023-01-30 17:20:00,7988,7994,random,test,43.284,42.57085,-0.7131496276855458
10076,10118,2023-02-01 19:14:00,10112,10118,random,test,63.934,68.07893,4.144933715820315
19992,20094,2024-03-03 14:57:00,20088,20094,random,test,69.27109276,76.582405,7.311312330332029
8124,8160,2023-01-30 17:40:00,8154,8160,random,test,47.001,45.589886,-1.4111142883300758
11505,11553,2023-02-06 18:19:00,11547,11553,random,test,106.886,104.64698,-2.2390197143554644
3350,3362,2022-10-24 20:41:00,3356,3362,random,test,116.208,110.835205,-5.372794921874998
5214,5238,2022-10-26 18:10:00,5232,5238,random,test,43.402,41.58361,-1.8183894653320323
9544,9586,2023-02-01 18:02:00,9580,9586,random,test,57.326,63.750767,6.42476675415039
4375,4393,2022-10-25 19:49:00,4387,4393,random,test,42.871,45.69111,2.820108703613279
12014,12068,2023-02-07 16:54:00,12062,12068,random,test,65.586,49.30439,-16.281610046386717
1611,1617,2022-10-22 20:49:00,1611,1617,random,test,42.222,48.649452,6.427452209472655
46,52,2022-10-22 18:04:00,46,52,random,test,29.36,28.610836,-0.7491639709472651
12255,12309,2023-02-07 17:25:00,12303,12309,random,test,43.815,42.999687,-0.815312805175779
17992,18088,2024-03-02 17:14:00,18082,18088,random,test,38.24526687,45.41268,7.167414709589842
7900,7936,2023-01-30 17:13:00,7930,7936,random,test,39.095,49.20262,10.107621459960939
25176,25296,2024-07-09 10:19:55,25290,25296,random,test,45.0827495557516,43.450905,-1.6318447095601911
23647,23761,2024-07-05 11:40:25,23755,23761,random,test,24.9789235057516,27.749977,2.7710536060648074
21871,21979,2024-03-06 18:08:00,21973,21979,random,test,49.5866402,53.725163,4.138522306103518
8862,8898,2023-01-30 19:17:00,8892,8898,random,test,65.94,51.83319,-14.106809082031248
1339,1345,2022-10-22 20:22:00,1339,1345,random,test,37.62,41.50034,3.880339508056643
20838,20940,2024-03-03 17:07:00,20934,20940,random,test,87.00013613,92.16221,5.162072427128905
1514,1520,2022-10-22 20:38:00,1514,1520,random,test,37.856,43.070503,5.21450323486328
14655,14721,2023-12-21 09:29:32,14715,14721,random,test,97.8200670085724,106.014404,8.194337288302606
12692,12746,2023-02-07 18:20:00,12740,12746,random,test,47.06,45.891228,-1.1687722778320335
139,145,2022-10-22 18:14:00,139,145,random,test,27.708,31.906937,4.198936645507814
26153,26273,2024-07-09 16:19:00,26267,26273,random,test,202.581878269652,228.587,26.005127345582366
21884,21992,2024-03-06 18:09:00,21986,21992,random,test,62.6227015,69.404854,6.782152320800783
11215,11263,2023-02-06 17:42:00,11257,11263,random,test,142.168,138.23883,-3.9291694335937564
2617,2629,2022-10-24 19:27:00,2623,2629,random,test,207.304,212.23285,4.928849121093748
2744,2756,2022-10-24 19:39:00,2750,2756,random,test,265.242,279.17963,13.937626464843731
5584,5608,2022-10-26 18:57:00,5602,5608,random,test,39.036,36.747253,-2.2887465820312514
17686,17776,2024-03-01 19:32:00,17770,17776,random,test,58.84224372,49.171204,-9.671040106718749
6888,6918,2023-01-28 17:37:00,6912,6918,random,test,33.49,35.38211,1.892110595703123
2497,2509,2022-10-24 19:16:00,2503,2509,random,test,160.399,162.7904,2.391405273437499
3949,3967,2022-10-25 19:04:00,3961,3967,random,test,53.314,47.131134,-6.182865966796875
13043,13097,2023-02-07 19:04:00,13091,13097,random,test,38.741,45.675224,6.934224304199219
6484,6508,2022-10-26 20:40:00,6502,6508,random,test,46.47,50.82608,4.356080322265626
6399,6423,2022-10-26 20:32:00,6417,6423,random,test,56.323,64.988464,8.66546435546875
18317,18413,2024-03-02 18:01:00,18407,18413,random,test,55.06178594,54.316696,-0.7450897730078125
25048,25168,2024-07-09 10:02:00,25162,25168,random,test,61.9699634377516,70.91277,8.942809694572617
11123,11171,2023-02-06 17:31:00,11165,11171,random,test,42.399,50.65133,8.252329040527343
13850,13910,2023-02-08 17:52:00,13904,13910,random,test,113.022,111.26483,-1.7571684570312556
11732,11780,2023-02-06 18:46:00,11774,11780,random,test,43.638,45.290863,1.6528630371093769
26326,26446,2024-07-09 17:15:45,26440,26446,random,test,28.9996887157516,39.229572,10.229883580390979
4070,4088,2022-10-25 19:18:00,4082,4088,random,test,45.172,38.070354,-7.101645538330075
21078,21180,2024-03-03 17:44:00,21174,21180,random,test,58.45116188,59.3236,0.872438889042968
5979,6003,2022-10-26 19:36:00,5997,6003,random,test,66.058,84.37284,18.31484088134765
10029,10071,2023-02-01 19:07:00,10065,10071,random,test,65.763,70.50909,4.7460866088867135
5405,5429,2022-10-26 18:29:00,5423,5429,random,test,36.735,35.416515,-1.3184846496582026
1599,1605,2022-10-22 20:48:00,1599,1605,random,test,41.632,38.816475,-2.8155250854492166
26515,26635,2024-07-09 17:50:00,26629,26635,random,test,39.9131942857516,56.59043,16.677236927627305
25907,26027,2024-07-09 15:14:40,26021,26027,random,test,22.6813433857516,19.212936,-3.468406984384412
17399,17489,2024-03-01 18:51:00,17483,17489,random,test,67.18532295,64.26059,-2.9247333503906248
8958,8994,2023-01-30 19:28:00,8988,8994,random,test,35.378,34.30886,-1.0691392211914064
16333,16411,2023-12-23 09:19:55,16405,16411,random,test,213.189222549634,205.00702,-8.182203506665246
19101,19197,2024-03-02 20:00:00,19191,19197,random,test,61.31909537,59.365948,-1.9531476466113276
4400,4418,2022-10-25 19:52:00,4412,4418,random,test,42.989,40.386734,-2.6022659912109347
23148,23262,2024-07-05 10:22:50,23256,23262,random,test,19.5796102237516,22.399109,2.819498662967149
23912,24026,2024-07-05 12:29:55,24020,24026,random,test,20.4986422717516,24.0405,3.5418583691175414
17510,17600,2024-03-01 19:07:00,17594,17600,random,test,69.79253521,62.745262,-7.047273064003903
9514,9556,2023-02-01 17:59:00,9550,9556,random,test,55.202,55.623844,0.42184414672851744
24232,24346,2024-07-05 16:24:20,24340,24346,random,test,38.8792832317516,33.66193,-5.2173531475230845
26119,26239,2024-07-09 16:09:45,26233,26239,random,test,126.646843815752,142.5892,15.942359065107368
21227,21335,2024-03-06 16:31:00,21329,21335,random,test,81.00354793,74.60188,-6.401664995429684
14404,14464,2023-02-08 19:07:00,14458,14464,random,test,56.146,51.46196,-4.684040161132813
208,214,2022-10-22 18:21:00,208,214,random,test,36.44,36.408413,-0.03158706665038835
26227,26347,2024-07-09 16:42:20,26341,26347,random,test,100.913946471752,126.66243,25.748483337818314
25633,25753,2024-07-09 11:48:45,25747,25753,random,test,39.9131942857516,38.28244,-1.6307541002047259
25481,25601,2024-07-09 11:06:25,25595,25601,random,test,62.8889954857516,71.28298,8.393986386806993
12341,12395,2023-02-07 17:37:00,12389,12395,random,test,36.853,45.818474,8.965473815917967
7713,7743,2023-01-28 19:31:00,7737,7743,random,test,55.615,48.792168,-6.822832336425783
4520,4544,2022-10-26 17:04:00,4538,4544,random,test,24.286,26.820007,2.5340073242187486
11012,11060,2023-02-06 17:17:00,11054,11060,random,test,35.083,39.085068,4.002067749023439
2587,2599,2022-10-24 19:24:00,2593,2599,random,test,127.595,131.5668,3.971802978515626
24234,24348,2024-07-05 16:24:35,24342,24348,random,test,20.2688842597516,27.36303,7.094145220228867
12381,12435,2023-02-07 17:42:00,12429,12435,random,test,42.635,41.592827,-1.0421731567382793
9757,9799,2023-02-01 18:30:00,9793,9799,random,test,54.081,60.82879,6.747788757324216
3383,3401,2022-10-25 18:03:00,3395,3401,random,test,29.95,31.893997,1.9439971923828132
21877,21985,2024-03-06 18:08:00,21979,21985,random,test,56.10467085,59.83438,3.729710253515627
15131,15197,2023-12-21 11:17:01,15191,15197,random,test,109.682882791572,110.45934,0.7764601649709704
11621,11669,2023-02-06 18:33:00,11663,11669,random,test,41.337,41.71453,0.37753094482421545
2870,2882,2022-10-24 19:52:00,2876,2882,random,test,198.572,206.9606,8.388601806640622
9851,9893,2023-02-01 18:43:00,9887,9893,random,test,79.451,68.932755,-10.518245483398431
25032,25152,2024-07-09 09:59:45,25146,25152,random,test,46.4612976277516,48.982372,2.5210746561839485
8029,8065,2023-01-30 17:29:00,8059,8065,random,test,44.169,47.99151,3.822508483886722
7724,7754,2023-01-28 19:32:00,7748,7754,random,test,48.24,51.384415,3.1444146728515605
20101,20203,2024-03-03 15:12:00,20197,20203,random,test,69.92289583,76.50842,6.585527021562498
15060,15126,2023-12-21 11:02:26,15120,15126,random,test,127.542286772572,125.39918,-2.143109221302467
2254,2266,2022-10-24 18:52:00,2260,2266,random,test,73.02,66.01912,-7.0008807373046835
23155,23269,2024-07-05 10:23:50,23263,23269,random,test,19.2349732057516,20.775372,1.5403983457620711
2905,2917,2022-10-24 19:57:00,2911,2917,random,test,283.768,256.2362,-27.531793945312472
16851,16941,2024-03-01 17:29:00,16935,16941,random,test,85.17508755,69.838524,-15.336563685253907
21935,22043,2024-03-06 18:17:00,22037,22043,random,test,110.9864889,110.336044,-0.6504445884765602
13405,13465,2023-02-08 16:55:00,13459,13465,random,test,31.189,34.148605,2.9596053466796874
18851,18947,2024-03-02 19:22:00,18941,18947,random,test,62.23161966,82.45305,20.221429046054688
19784,19886,2024-03-03 13:49:00,19880,19886,random,test,69.27109276,62.037075,-7.234017717275393
20343,20445,2024-03-03 15:48:00,20439,20445,random,test,54.93142533,60.931732,6.000306847734372
2351,2363,2022-10-24 19:01:00,2357,2363,random,test,87.652,97.44597,9.793968627929686
5053,5077,2022-10-26 17:55:00,5071,5077,random,test,43.756,43.854874,0.09887365722656227
4813,4837,2022-10-26 17:32:00,4831,4837,random,test,32.723,30.563496,-2.159504364013671
10128,10170,2023-02-01 19:20:00,10164,10170,random,test,73.669,67.78534,-5.883660644531247
4519,4543,2022-10-26 17:04:00,4537,4543,random,test,24.168,26.137833,1.9698326416015632
1751,1763,2022-10-24 18:03:00,1757,1763,random,test,44.405,46.549385,2.14438507080078
2299,2311,2022-10-24 18:56:00,2305,2311,random,test,65.881,68.185814,2.3048139038085935
7306,7336,2023-01-28 18:31:00,7330,7336,random,test,44.169,46.425476,2.256476074218753
12701,12755,2023-02-07 18:21:00,12749,12755,random,test,36.44,35.613647,-0.8263525390624977
8094,8130,2023-01-30 17:36:00,8124,8130,random,test,49.774,49.86492,0.09092156982421784
9322,9364,2023-02-01 17:35:00,9358,9364,random,test,57.09,54.54382,-2.546180572509769
14476,14536,2023-02-08 19:16:00,14530,14536,random,test,38.682,44.782963,6.1009627990722635
4168,4186,2022-10-25 19:28:00,4180,4186,random,test,49.656,42.470413,-7.185586791992186
22406,22514,2024-03-06 19:26:00,22508,22514,random,test,80.61246609,77.09789,-3.5145733287695293
6720,6750,2023-01-28 17:16:00,6744,6750,random,test,34.198,35.062347,0.8643474121093746
22201,22309,2024-03-06 18:57:00,22303,22309,random,test,60.92801353,61.61069,0.6826775405566394
17902,17992,2024-03-01 20:04:00,17986,17992,random,test,51.93313123,50.283882,-1.6492490888867195
23440,23554,2024-07-05 11:06:45,23548,23554,random,test,51.6308528977516,46.44104,-5.189812858689102
1640,1646,2022-10-22 20:52:00,1640,1646,random,test,35.496,39.179085,3.683084777832029
10439,10487,2023-02-06 16:05:00,10481,10487,random,test,27.531,34.11575,6.584749359130861
14491,14551,2023-02-08 19:18:00,14545,14551,random,test,38.859,41.918304,3.0593044433593732
9893,9935,2023-02-01 18:50:00,9929,9935,random,test,61.928,64.85298,2.9249815673828152
25810,25930,2024-07-09 12:32:20,25924,25930,random,test,27.8508986557516,25.202442,-2.6484564865621465
10341,10383,2023-02-01 19:51:00,10377,10383,random,test,69.244,73.412224,4.168223815917969
10318,10360,2023-02-01 19:48:00,10354,10360,random,test,66.589,63.642303,-2.9466965332031236
3184,3196,2022-10-24 20:25:00,3190,3196,random,test,153.791,149.94586,-3.845138183593747
13069,13123,2023-02-07 19:07:00,13117,13123,random,test,49.833,44.497177,-5.335822875976561
7901,7937,2023-01-30 17:14:00,7931,7937,random,test,44.11,52.809578,8.699577941894532
20788,20890,2024-03-03 17:00:00,20884,20890,random,test,85.82689061,90.06565,4.2387603299414
25157,25277,2024-07-09 10:17:20,25271,25277,random,test,47.1505716637516,52.106262,4.955690543279651
4343,4361,2022-10-25 19:46:00,4355,4361,random,test,44.995,39.978565,-5.016434783935544
3508,3526,2022-10-25 18:16:00,3520,3526,random,test,30.776,34.56457,3.7885713806152346
315,321,2022-10-22 18:32:00,315,321,random,test,34.434,33.667717,-0.7662830200195287
25744,25864,2024-07-09 12:13:20,25858,25864,random,test,37.5007351597516,38.695633,1.1948977748187133
20494,20596,2024-03-03 16:09:00,20590,20596,random,test,165.2165039,165.48665,0.2701446595703203
13756,13816,2023-02-08 17:39:00,13810,13816,random,test,40.393,48.418083,8.025083190917968
6879,6909,2023-01-28 17:36:00,6903,6909,random,test,35.083,41.54801,6.465011779785158
13035,13089,2023-02-07 19:03:00,13083,13089,random,test,39.154,41.83902,2.6850197753906215
9418,9460,2023-02-01 17:48:00,9454,9460,random,test,55.202,59.367355,4.165355346679689
6421,6445,2022-10-26 20:34:00,6439,6445,random,test,55.202,59.87584,4.673839233398439
936,942,2022-10-22 19:36:00,936,942,random,test,35.378,38.55174,3.1737387390136718
22939,23053,2024-07-05 09:53:20,23047,23053,random,test,21.0730373017516,22.589317,1.516280020025743
15411,15483,2023-12-22 09:37:26,15477,15483,random,test,112.420455664572,119.65251,7.232055932107684
3110,3122,2022-10-24 20:18:00,3116,3122,random,test,183.232,182.27501,-0.9569908447265618
16239,16317,2023-12-23 08:49:56,16311,16317,random,test,237.305935954634,248.54086,11.234927082475366
22339,22447,2024-03-06 19:16:00,22441,22447,random,test,59.6244074,59.215748,-0.4086595667480495
20299,20401,2024-03-03 15:41:00,20395,20401,random,test,67.96748663,70.58793,2.62044214197266
13312,13372,2023-02-08 16:44:00,13366,13372,random,test,34.08,41.987938,7.9079379272460955
23452,23566,2024-07-05 11:08:25,23560,23566,random,test,19.8093682357516,27.924973,8.115604298428089
4104,4122,2022-10-25 19:21:00,4116,4122,random,test,40.393,42.77668,2.3836799926757806
15558,15630,2023-12-22 09:58:34,15624,15630,random,test,137.319332747572,148.37506,11.055728287584259
13152,13206,2023-02-07 19:22:00,13200,13206,random,test,38.328,36.886986,-1.4410142211914092
2492,2504,2022-10-24 19:15:00,2498,2504,random,test,193.793,206.83286,13.039855224609369
3694,3712,2022-10-25 18:36:00,3706,3712,random,test,70.542,74.413605,3.8716047363281234
23050,23164,2024-07-05 10:08:40,23158,23164,random,test,25.0938025117516,39.816193,14.722390115201524
5174,5198,2022-10-26 18:06:00,5192,5198,random,test,31.189,31.573067,0.3840667114257812
19040,19136,2024-03-02 19:51:00,19130,19136,random,test,50.23844326,52.552967,2.3145238115332063
3942,3960,2022-10-25 19:04:00,3954,3960,random,test,45.585,52.71382,7.128821411132812
14563,14629,2023-12-21 09:05:35,14623,14629,random,test,161.175324926572,134.0979,-27.07742453594699
8856,8892,2023-01-30 19:16:00,8886,8892,random,test,49.892,49.07392,-0.8180787963867218
25836,25956,2024-07-09 15:04:25,25950,25956,random,test,20.1540052537516,18.962227,-1.1917783860758178
3806,3824,2022-10-25 18:51:00,3818,3824,random,test,45.88,47.770943,1.8909426879882787
5511,5535,2022-10-26 18:50:00,5529,5535,random,test,41.101,41.115852,0.01485235595703216
5331,5355,2022-10-26 18:21:00,5349,5355,random,test,61.043,54.625977,-6.417023437499999
13570,13630,2023-02-08 17:16:00,13624,13630,random,test,31.189,32.533443,1.3444434509277343
24230,24344,2024-07-05 16:24:00,24338,24344,random,test,38.7644042257516,36.852467,-1.9119376424996446
11189,11237,2023-02-06 17:39:00,11231,11237,random,test,43.815,53.631004,9.816004333496096
16145,16223,2023-12-23 08:25:36,16217,16223,random,test,253.470638930572,257.78873,4.318087876068631
21073,21175,2024-03-03 17:43:00,21169,21175,random,test,49.71700081,55.7509,6.033899458554686
25117,25237,2024-07-09 10:11:30,25231,25237,random,test,43.2446854597516,43.45107,0.2063834184222273
19849,19951,2024-03-03 13:58:00,19945,19951,random,test,103.1648521,110.24062,7.075771374121089
15333,15405,2023-12-22 09:25:58,15399,15405,random,test,125.847598803572,137.10172,11.254116284318627
12250,12304,2023-02-07 17:24:00,12298,12304,random,test,46.352,44.612694,-1.739306213378903
6480,6504,2022-10-26 20:40:00,6498,6504,random,test,42.458,48.23359,5.775589172363283
25149,25269,2024-07-09 10:16:10,25263,25269,random,test,68.5180667797516,69.19916,0.6810909350921435
10855,10903,2023-02-06 16:58:00,10897,10903,random,test,51.19,48.91298,-2.2770208740234352
9512,9554,2023-02-01 17:59:00,9548,9554,random,test,57.739,58.787582,1.0485823974609403
4978,5002,2022-10-26 17:47:00,4996,5002,random,test,31.838,36.228683,4.3906834716796865
21987,22095,2024-03-06 18:25:00,22089,22095,random,test,68.88001092,69.8111,0.9310852714062463
12643,12697,2023-02-07 18:14:00,12691,12697,random,test,35.791,40.262436,4.471435913085941
20912,21014,2024-03-03 17:19:00,21008,21014,random,test,58.06008004,60.260857,2.200776588417966
18682,18778,2024-03-02 18:56:00,18772,18778,random,test,89.34662716,66.35149,-22.99514095394531
1474,1480,2022-10-22 20:34:00,1474,1480,random,test,35.673,40.395905,4.722904541015623
6003,6027,2022-10-26 19:40:00,6021,6027,random,test,43.166,54.580936,11.414936431884769
17282,17372,2024-03-01 18:33:00,17366,17372,random,test,85.30544816,79.00123,-6.304219827480466
11800,11848,2023-02-06 18:55:00,11842,11848,random,test,35.968,34.42046,-1.5475402526855504
5135,5159,2022-10-26 18:02:00,5153,5159,random,test,28.593,31.592945,2.999945098876953
8282,8318,2023-01-30 18:00:00,8312,8318,random,test,62.577,68.31694,5.739940307617189
10459,10507,2023-02-06 16:07:00,10501,10507,random,test,42.635,50.504467,7.869467010498049
18780,18876,2024-03-02 19:11:00,18870,18876,random,test,60.79765292,63.277287,2.4796336095410183
17914,18010,2024-03-02 17:02:00,18004,18010,random,test,34.85589093,36.912964,2.057072937187499
1713,1719,2022-10-22 20:59:00,1713,1719,random,test,40.275,35.64249,-4.632509613037108
5421,5445,2022-10-26 18:30:00,5439,5445,random,test,35.555,38.234848,2.679848022460938
25480,25600,2024-07-09 11:06:15,25594,25600,random,test,51.8606109097516,56.639057,4.778446249672228
18140,18236,2024-03-02 17:36:00,18230,18236,random,test,92.86636371,63.295273,-29.571090882851564
7204,7234,2023-01-28 18:17:00,7228,7234,random,test,40.098,43.662163,3.5641627807617198
21708,21816,2024-03-06 17:43:00,21810,21816,random,test,57.14755575,62.512886,5.365330297363279
10132,10174,2023-02-01 19:21:00,10168,10174,random,test,78.212,76.32701,-1.8849888916015658
13735,13795,2023-02-08 17:36:00,13789,13795,random,test,54.435,52.34886,-2.0861383056640648
708,714,2022-10-22 19:12:00,708,714,random,test,34.67,37.40914,2.739141540527342
7503,7533,2023-01-28 19:00:00,7527,7533,random,test,43.225,50.728775,7.503775024414061
12759,12813,2023-02-07 18:28:00,12807,12813,random,test,36.794,42.09819,5.304190307617191
21977,22085,2024-03-06 18:23:00,22079,22085,random,test,54.40998288,60.28688,5.876897613164061
2981,2993,2022-10-24 20:05:00,2987,2993,random,test,112.55,111.715416,-0.8345840454101534
18299,18395,2024-03-02 17:59:00,18389,18395,random,test,39.80959422,43.193672,3.38407796017578
13175,13229,2023-02-07 19:25:00,13223,13229,random,test,35.26,39.505352,4.245352020263674
12922,12976,2023-02-07 18:49:00,12970,12976,random,test,37.974,34.744057,-3.2299432983398404
26219,26339,2024-07-09 16:40:20,26333,26339,random,test,128.025391887752,121.28026,-6.745133709041056
21064,21166,2024-03-03 17:42:00,21160,21166,random,test,50.10808265,48.83391,-1.274170754248047
6753,6783,2023-01-28 17:20:00,6777,6783,random,test,43.579,55.258312,11.679312225341796
9729,9771,2023-02-01 18:26:00,9765,9771,random,test,53.845,58.0793,4.234299926757814
15744,15816,2023-12-22 10:25:09,15810,15816,random,test,121.415337961572,126.81775,5.402411061865493
3843,3861,2022-10-25 18:54:00,3855,3861,random,test,43.933,42.863182,-1.069817932128906
7525,7555,2023-01-28 19:02:00,7549,7555,random,test,50.954,51.650757,0.6967568359374994
24986,25106,2024-07-09 09:52:20,25100,25106,random,test,37.2709771477516,36.255745,-1.0152322136695702
2554,2566,2022-10-24 19:21:00,2560,2566,random,test,168.895,181.55762,12.66261718749999
22955,23069,2024-07-05 09:55:35,23063,23069,random,test,35.7775500697516,25.871872,-9.90567812150941
13620,13680,2023-02-08 17:22:00,13674,13680,random,test,46.706,42.892056,-3.8139444885253937
5262,5286,2022-10-26 18:15:00,5280,5286,random,test,32.841,36.505527,3.6645274963378895
10543,10591,2023-02-06 16:18:00,10585,10591,random,test,54.258,54.38122,0.1232217712402317
16886,16976,2024-03-01 17:34:00,16970,16976,random,test,96.90754272,126.67488,29.767338261445317
19283,19385,2024-03-03 12:33:00,19379,19385,random,test,72.79082931,73.33791,0.5470842031835872
15750,15822,2023-12-22 10:25:59,15816,15822,random,test,115.549110376572,127.40369,11.854576146865497
24495,24609,2024-07-05 17:12:45,24603,24609,random,test,54.2730700357516,48.69744,-5.575628934677383
22539,22647,2024-03-06 19:45:00,22641,22647,random,test,56.75647391,55.022686,-1.733787905361325
18902,18998,2024-03-02 19:30:00,18992,18998,random,test,49.32591897,56.601078,7.275159063447269
2250,2262,2022-10-24 18:51:00,2256,2262,random,test,77.622,73.635414,-3.9865858764648436
9992,10034,2023-02-01 19:03:00,10028,10034,random,test,61.633,65.065956,3.4329561157226536
7912,7948,2023-01-30 17:15:00,7942,7948,random,test,44.818,42.822742,-1.9952575378417947
26259,26379,2024-07-09 17:05:45,26373,26379,random,test,96.2039072257516,126.631294,30.427387024736674
12131,12185,2023-02-07 17:08:00,12179,12185,random,test,48.889,45.569122,-3.319877685546878
8319,8355,2023-01-30 18:04:00,8349,8355,random,test,67.415,62.1559,-5.259100952148444
8393,8429,2023-01-30 18:13:00,8423,8429,random,test,46.47,59.10553,12.635529785156251
10127,10169,2023-02-01 19:20:00,10163,10169,random,test,71.309,66.8393,-4.469697937011716
1642,1648,2022-10-22 20:52:00,1642,1648,random,test,36.853,41.219376,4.366375610351561
18596,18692,2024-03-02 18:43:00,18686,18692,random,test,63.27450456,72.42439,9.149888140195316
19119,19215,2024-03-02 20:03:00,19209,19215,random,test,54.27962227,55.117775,0.838152693378909
25007,25127,2024-07-09 09:55:45,25121,25127,random,test,71.8495579537516,52.7962,-19.053358155167615
4416,4434,2022-10-25 19:54:00,4428,4434,random,test,41.514,38.759476,-2.7545242919921904
22325,22433,2024-03-06 19:14:00,22427,22433,random,test,104.5988189,81.46913,-23.129687430273435
24599,24713,2024-07-05 17:27:40,24707,24713,random,test,33.3650909437516,35.303795,1.9387039170882403
23113,23227,2024-07-05 10:17:25,23221,23227,random,test,16.1332400437516,22.032501,5.899261176951526
16891,16981,2024-03-01 17:35:00,16975,16981,random,test,44.24185507,61.152863,16.911007478828125
11537,11585,2023-02-06 18:23:00,11579,11585,random,test,61.338,50.570797,-10.767203033447267
25330,25450,2024-07-09 10:44:05,25444,25450,random,test,60.3616573537516,77.422356,17.060698298103866
7539,7569,2023-01-28 19:04:00,7563,7569,random,test,63.108,74.18239,11.074388305664066
16056,16134,2023-12-23 08:01:58,16128,16134,random,test,276.544467431572,283.37415,6.829678076240498
18696,18792,2024-03-02 18:59:00,18786,18792,random,test,45.67582181,45.876244,0.20042178130859156
683,689,2022-10-22 19:09:00,683,689,random,test,68.123,56.35791,-11.765089843750005
23373,23487,2024-07-05 10:57:05,23481,23487,random,test,18.0861831457516,19.62907,1.5428871362308207
19795,19897,2024-03-03 13:50:00,19891,19897,random,test,67.70676541,64.96842,-2.7383434739648465
16867,16957,2024-03-01 17:32:00,16951,16957,random,test,72.6604687,92.61054,19.950073597363286
14084,14144,2023-02-08 18:26:00,14138,14144,random,test,42.694,45.441307,2.747307067871091
7573,7603,2023-01-28 19:14:00,7597,7603,random,test,51.308,44.98522,-6.322778137207031
16553,16637,2023-12-29 16:05:04,16631,16637,random,test,88.3037422595724,80.572464,-7.73127827031459
4097,4115,2022-10-25 19:21:00,4109,4115,random,test,45.29,46.57081,1.280808410644532
10322,10364,2023-02-01 19:48:00,10358,10364,random,test,70.365,60.464314,-9.900686492919917
23784,23898,2024-07-05 11:59:55,23892,23898,random,test,26.9318666077516,26.24696,-0.6849069214723045
23585,23699,2024-07-05 11:31:40,23693,23699,random,test,24.5194074817516,24.711205,0.19179704705699407
23246,23360,2024-07-05 10:37:05,23354,23360,random,test,22.7962223917516,25.71193,2.915706929537464
23541,23655,2024-07-05 11:24:05,23649,23655,random,test,19.5796102237516,23.882305,4.302694921512071
23030,23144,2024-07-05 10:05:55,23138,23144,random,test,32.2163008837516,32.380466,0.16416557743004034
21012,21114,2024-03-03 17:34:00,21108,21114,random,test,89.47698778,93.194016,3.7170277229296858
25401,25521,2024-07-09 10:55:20,25515,25521,random,test,84.0267325897516,58.539406,-25.487326766997697
4306,4324,2022-10-25 19:42:00,4318,4324,random,test,36.912,39.316475,2.404474914550782
16842,16932,2024-03-01 17:28:00,16926,16932,random,test,66.6638805,59.432816,-7.231064948242192
21037,21139,2024-03-03 17:38:00,21133,21139,random,test,57.14755575,69.58091,12.433353979003904
11476,11524,2023-02-06 18:14:00,11518,11524,random,test,45.113,46.303047,1.1900471801757817
18337,18433,2024-03-02 18:04:00,18427,18433,random,test,48.02231284,50.715588,2.693274775966799
9044,9080,2023-01-30 19:38:00,9074,9080,random,test,45.939,46.607372,0.6683722839355468
21237,21345,2024-03-06 16:33:00,21339,21345,random,test,197.1548541,224.28351,27.128654200781256
10804,10852,2023-02-06 16:51:00,10846,10852,random,test,34.965,46.56743,11.602428588867184
16011,16089,2023-12-23 06:50:06,16083,16089,random,test,273.285452106572,274.77945,1.49399735631863
7447,7477,2023-01-28 18:53:00,7471,7477,random,test,47.591,48.75933,1.1683307495117177
22969,23083,2024-07-05 09:57:30,23077,23083,random,test,39.5685572677516,42.945587,3.3770298904515244
16785,16869,2023-12-29 16:36:55,16863,16869,random,test,89.8680696155724,86.35669,-3.511380162447395
19114,19210,2024-03-02 20:02:00,19204,19210,random,test,87.65193919,75.070816,-12.58112314996093
15396,15468,2023-12-22 09:35:17,15462,15468,random,test,116.852716506572,106.059746,-10.792970717997775
23880,23994,2024-07-05 12:22:30,23988,23994,random,test,23.4854964277516,24.090351,0.6048546769847292
5764,5788,2022-10-26 19:15:00,5782,5788,random,test,59.037,51.18815,-7.848851501464843
13719,13779,2023-02-08 17:34:00,13773,13779,random,test,43.225,43.922737,0.6977371215820298
17996,18092,2024-03-02 17:14:00,18086,18092,random,test,41.76500342,42.55313,0.7881276835156257
11972,12026,2023-02-07 16:48:00,12020,12026,random,test,36.971,39.352722,2.3817221679687535
1453,1459,2022-10-22 20:32:00,1453,1459,random,test,35.083,39.331493,4.2484933776855485
1383,1389,2022-10-22 20:26:00,1383,1389,random,test,34.139,37.51919,3.3801917419433565
10890,10938,2023-02-06 17:02:00,10932,10938,random,test,56.028,57.879414,1.8514136047363294
26365,26485,2024-07-09 17:21:15,26479,26485,random,test,27.9657776617516,41.036026,13.070248339224964
2441,2453,2022-10-24 19:10:00,2447,2453,random,test,88.242,84.82543,-3.4165681762695357
15533,15605,2023-12-22 09:54:59,15599,15605,random,test,117.504519571572,118.8671,1.3625840050881521
15294,15366,2023-12-22 09:20:17,15360,15366,random,test,139.535463168572,128.3754,-11.160066440056369
19521,19623,2024-03-03 13:07:00,19617,19623,random,test,69.6621746,67.419685,-2.242489236230469
8233,8269,2023-01-30 17:53:00,8263,8269,random,test,45.054,52.864574,7.810574432373045
21098,21206,2024-03-06 16:12:00,21200,21206,random,test,37.72382442,40.746235,3.0224104737988284
7922,7958,2023-01-30 17:16:00,7952,7958,random,test,40.216,42.386154,2.1701541748046864
16586,16670,2023-12-29 16:09:36,16664,16670,random,test,91.1716757455724,88.31705,-2.8546286264317757
21681,21789,2024-03-06 17:39:00,21783,21789,random,test,116.0705528,88.16951,-27.90104291230469
17671,17761,2024-03-01 19:30:00,17755,17761,random,test,54.93142533,60.430363,5.498937371416012
18901,18997,2024-03-02 19:30:00,18991,18997,random,test,51.28132817,57.729126,6.447797806562498
21348,21456,2024-03-06 16:49:00,21450,21456,random,test,100.9487217,99.73619,-1.2125309041015555
6538,6562,2022-10-26 20:46:00,6556,6562,random,test,38.859,39.30226,0.44326135253906074
13408,13468,2023-02-08 16:55:00,13462,13468,random,test,33.018,33.994312,0.9763122863769524
18066,18162,2024-03-02 17:24:00,18156,18162,random,test,77.09272954,55.847504,-21.24522587789062
22080,22188,2024-03-06 18:38:00,22182,22188,random,test,54.27962227,66.178474,11.898852156269534
6250,6274,2022-10-26 20:12:00,6268,6274,random,test,66.117,68.3538,2.236797912597652
6688,6718,2023-01-28 17:12:00,6712,6718,random,test,31.543,36.694817,5.1518165893554695
19434,19536,2024-03-03 12:54:00,19530,19536,random,test,61.18873476,58.955647,-2.2330882451074245
19906,20008,2024-03-03 14:43:00,20002,20008,random,test,67.83712602,63.498207,-4.338918927714843
1429,1435,2022-10-22 20:30:00,1429,1435,random,test,52.96,53.346764,0.3867636108398429
24036,24150,2024-07-05 15:38:15,24144,24150,random,test,23.0259804037516,23.80017,0.7741904946859002
6178,6202,2022-10-26 20:04:00,6196,6202,random,test,84.407,76.17476,-8.232241088867184
22521,22629,2024-03-06 19:42:00,22623,22629,random,test,56.75647391,57.272285,0.5158115514257844
7907,7943,2023-01-30 17:14:00,7937,7943,random,test,46.706,49.651917,2.945916503906247
22772,22886,2024-07-05 09:26:40,22880,22886,random,test,14.6398129657516,24.71799,10.07817790949254
20948,21050,2024-03-03 17:25:00,21044,21050,random,test,78.91777812,91.84712,12.929344072382818
21702,21810,2024-03-06 17:42:00,21804,21810,random,test,63.92630763,69.35641,5.430099535527347
2751,2763,2022-10-24 19:40:00,2757,2763,random,test,197.038,196.00134,-1.036657226562511
3725,3743,2022-10-25 18:40:00,3737,3743,random,test,43.756,41.346397,-2.4096026000976565
4189,4207,2022-10-25 19:30:00,4201,4207,random,test,42.753,40.391945,-2.361055114746094
7755,7785,2023-01-28 19:36:00,7779,7785,random,test,52.37,54.539738,2.169737701416018
25292,25412,2024-07-09 10:38:50,25406,25412,random,test,135.952043301752,159.47246,23.520414583990174
18274,18370,2024-03-02 17:55:00,18364,18370,random,test,52.45457368,47.979057,-4.475516367988284
18442,18538,2024-03-02 18:20:00,18532,18538,random,test,48.15267346,46.135735,-2.016938901894534
14488,14548,2023-02-08 19:18:00,14542,14548,random,test,42.871,50.601982,7.7309821166992165
8331,8367,2023-01-30 18:05:00,8361,8367,random,test,44.523,43.98565,-0.5373508911132845
451,457,2022-10-22 18:45:00,451,457,random,test,39.154,38.65152,-0.5024802246093785
7223,7253,2023-01-28 18:21:00,7247,7253,random,test,40.157,37.37413,-2.782869750976559
1606,1612,2022-10-22 20:48:00,1606,1612,random,test,40.157,40.784187,0.6271873168945348
15932,16004,2023-12-22 10:52:28,15998,16004,random,test,145.532051366572,152.71446,7.182410913701432
19751,19853,2024-03-03 13:44:00,19847,19853,random,test,64.96919253,63.371964,-1.5972290290234383
9902,9944,2023-02-01 18:51:00,9938,9944,random,test,64.288,64.98084,0.6928425903320345
15055,15121,2023-12-21 11:01:44,15115,15121,random,test,154.526933663572,152.65053,-1.876405709470447
5325,5349,2022-10-26 18:21:00,5343,5349,random,test,47.06,45.090797,-1.969202575683596
20474,20576,2024-03-03 16:06:00,20570,20576,random,test,104.207737,91.38697,-12.820766479980463
18713,18809,2024-03-02 19:01:00,18803,18809,random,test,50.75988572,55.00538,4.2454930031445315
6896,6926,2023-01-28 17:38:00,6920,6926,random,test,42.34,37.53693,-4.803069915771488
4843,4867,2022-10-26 17:35:00,4861,4867,random,test,30.127,32.124546,1.9975460510253917
17689,17779,2024-03-01 19:33:00,17773,17779,random,test,68.74965031,57.3562,-11.393449138125007
14763,14829,2023-12-21 09:50:06,14823,14829,random,test,115.549110376572,113.47832,-2.070793115829815
5685,5709,2022-10-26 19:07:00,5703,5709,random,test,60.866,66.82157,5.955571350097657
18269,18365,2024-03-02 17:54:00,18359,18365,random,test,40.85247913,52.12435,11.271872371464845
26317,26437,2024-07-09 17:14:15,26431,26437,random,test,23.9450124517516,31.27821,7.333197234527695
21667,21775,2024-03-06 17:37:00,21769,21775,random,test,87.78229981,65.66007,-22.12222748333984
22502,22610,2024-03-06 19:40:00,22604,22610,random,test,54.54034349,56.717674,2.177330765371096
3616,3634,2022-10-25 18:28:00,3628,3634,random,test,53.491,47.353992,-6.1370075378417965
4115,4133,2022-10-25 19:22:00,4127,4133,random,test,47.473,54.1157,6.642699768066407
13385,13445,2023-02-08 16:53:00,13439,13445,random,test,27.354,28.869781,1.5157814941406258
6164,6188,2022-10-26 20:03:00,6182,6188,random,test,70.66,64.24973,-6.41026702880859
16264,16342,2023-12-23 08:55:57,16336,16342,random,test,228.441401234572,239.44112,10.999715098435814
7667,7697,2023-01-28 19:25:00,7691,7697,random,test,39.449,41.2641,1.815099121093752
15013,15079,2023-12-21 10:46:53,15073,15079,random,test,162.218209830572,154.15431,-8.06389769678293
14848,14914,2023-12-21 10:08:21,14908,14914,random,test,110.595407082572,108.64422,-1.9511886377477765
22468,22576,2024-03-06 19:35:00,22570,22576,random,test,52.5849343,52.727436,0.14250176567382766
3946,3964,2022-10-25 19:04:00,3958,3964,random,test,55.556,59.807976,4.251975769042971
15904,15976,2023-12-22 10:48:18,15970,15976,random,test,113.332979955572,121.1104,7.777417383295187
2081,2093,2022-10-24 18:35:00,2087,2093,random,test,53.432,54.88724,1.4552413635253885
9629,9671,2023-02-01 18:13:00,9665,9671,random,test,62.754,61.902718,-0.8512824096679665
11491,11539,2023-02-06 18:16:00,11533,11539,random,test,119.571,143.45615,23.885146240234377
17989,18085,2024-03-02 17:13:00,18079,18085,random,test,149.1821485,151.66238,2.480235533203114
20334,20436,2024-03-03 15:46:00,20430,20436,random,test,63.6655864,62.330307,-1.3352793931640647
12357,12411,2023-02-07 17:39:00,12405,12411,random,test,48.417,46.348835,-2.0681650085449235
3668,3686,2022-10-25 18:33:00,3680,3686,random,test,35.732,45.90103,10.169031494140626
16860,16950,2024-03-01 17:31:00,16944,16950,random,test,57.14755575,46.28206,-10.86549703417969
13236,13296,2023-02-08 16:33:00,13290,13296,random,test,31.012,38.921593,7.909592712402343
20355,20457,2024-03-03 15:49:00,20451,20457,random,test,60.6672923,59.745674,-0.9216181666992185
4645,4669,2022-10-26 17:16:00,4663,4669,random,test,25.23,23.916458,-1.313541870117188
23330,23444,2024-07-05 10:50:50,23438,23444,random,test,27.2765036257516,49.10962,21.8331155148734
17427,17517,2024-03-01 18:55:00,17511,17517,random,test,53.49745859,54.048008,0.5505493750878898
9073,9115,2023-02-01 17:05:00,9109,9115,random,test,75.616,71.00585,-4.610148254394531
2947,2959,2022-10-24 20:02:00,2953,2959,random,test,217.511,230.1548,12.643800415039067
8696,8732,2023-01-30 18:51:00,8726,8732,random,test,62.341,64.27057,1.929568847656249
11506,11554,2023-02-06 18:19:00,11548,11554,random,test,114.143,107.42088,-6.722116821289063
23785,23899,2024-07-05 12:00:00,23893,23899,random,test,26.5872295897516,27.819668,1.2324382264105083
9440,9482,2023-02-01 17:50:00,9476,9482,random,test,51.013,58.402607,7.38960696411133
21845,21953,2024-03-06 18:04:00,21947,21953,random,test,47.10978855,55.71395,8.604162560839846
4985,5009,2022-10-26 17:48:00,5003,5009,random,test,33.785,40.18387,6.398868408203128
7978,8014,2023-01-30 17:23:00,8008,8014,random,test,38.682,41.81275,3.130751770019529
24434,24548,2024-07-05 17:04:05,24542,24548,random,test,37.8453721777516,35.18615,-2.6592225805836307
15132,15198,2023-12-21 11:17:09,15192,15198,random,test,107.336391757572,106.89877,-0.43761856421262735
5749,5773,2022-10-26 19:14:00,5767,5773,random,test,43.402,40.31616,-3.0858417053222666
21191,21299,2024-03-06 16:26:00,21293,21299,random,test,97.55934578,95.04118,-2.5181623083203135
3507,3525,2022-10-25 18:15:00,3519,3525,random,test,32.428,34.81156,2.383561584472659
9163,9205,2023-02-01 17:16:00,9199,9205,random,test,55.91,60.001514,4.0915144348144565
8525,8561,2023-01-30 18:30:00,8555,8561,random,test,61.692,60.109478,-1.5825220031738283
10019,10061,2023-02-01 19:06:00,10055,10061,random,test,61.397,63.24855,1.851550415039064
8005,8041,2023-01-30 17:26:00,8035,8041,random,test,35.968,38.183495,2.2154945678710902
6052,6076,2022-10-26 19:45:00,6070,6076,random,test,58.742,61.019905,2.277905090332034
25120,25240,2024-07-09 10:11:55,25234,25240,random,test,45.4273865737516,42.94534,-2.4820473708707382
13710,13770,2023-02-08 17:33:00,13764,13770,random,test,45.526,47.182655,1.656655334472653
8843,8879,2023-01-30 19:14:00,8873,8879,random,test,64.465,64.553986,0.08898559570312159
9712,9754,2023-02-01 18:23:00,9748,9754,random,test,56.5,59.472294,2.9722938537597656
6062,6086,2022-10-26 19:46:00,6080,6086,random,test,58.447,56.74231,-1.7046904296875027
19213,19315,2024-03-03 12:23:00,19309,19315,random,test,65.22991376,62.792904,-2.437009859853518
9842,9884,2023-02-01 18:42:00,9878,9884,random,test,62.164,64.89721,2.7332091674804673
16356,16434,2023-12-23 09:26:15,16428,16434,random,test,225.443107135572,232.05563,6.612526409349869
5437,5461,2022-10-26 18:32:00,5455,5461,random,test,45.88,41.853127,-4.026873474121096
23349,23463,2024-07-05 10:53:45,23457,23463,random,test,14.8695709777516,21.02911,6.159538977082384
14682,14748,2023-12-21 09:35:59,14742,14748,random,test,112.681176890572,101.05017,-11.631005992134504
25679,25799,2024-07-09 12:04:05,25793,25799,random,test,55.3069810897516,58.461086,3.1541051834417573
18200,18296,2024-03-02 17:44:00,18290,18296,random,test,53.88854043,52.092987,-1.795553369453124
19855,19957,2024-03-03 13:59:00,19951,19957,random,test,56.10467085,59.080215,2.9755446041015645
16439,16523,2023-12-29 15:46:52,16517,16523,random,test,111.899013212572,96.92408,-14.97493331755247
10309,10351,2023-02-01 19:47:00,10345,10351,random,test,66.825,65.33357,-1.4914276123046903
1632,1638,2022-10-22 20:51:00,1632,1638,random,test,36.912,36.548584,-0.36341601562499903
12587,12641,2023-02-07 18:08:00,12635,12641,random,test,34.788,39.51547,4.727468597412113
22757,22871,2024-07-05 09:24:35,22865,22871,random,test,15.0993289897516,15.945953,0.8466243793890253
19843,19945,2024-03-03 13:57:00,19939,19945,random,test,163.1307341,160.72144,-2.409298553125012
22407,22515,2024-03-06 19:26:00,22509,22515,random,test,76.44092648,79.5003,3.059371066386717
3298,3310,2022-10-24 20:36:00,3304,3310,random,test,190.548,189.24405,-1.3039509277343768
8362,8398,2023-01-30 18:09:00,8392,8398,random,test,44.346,46.318478,1.9724776306152378
21848,21956,2024-03-06 18:04:00,21950,21956,random,test,53.23673736,60.52547,7.288733373642579
25587,25707,2024-07-09 11:34:25,25701,25707,random,test,22.3367063677516,32.58032,10.243612083176135
17818,17908,2024-03-01 19:52:00,17902,17908,random,test,52.45457368,61.231964,8.777390431328122
3393,3411,2022-10-25 18:04:00,3405,3411,random,test,31.189,36.9794,5.790400634765625
7071,7101,2023-01-28 18:00:00,7095,7101,random,test,51.662,50.5027,-1.1592991943359365
466,472,2022-10-22 18:47:00,466,472,random,test,44.346,45.746353,1.400353149414066
15611,15683,2023-12-22 10:06:04,15677,15683,random,test,109.422161565572,112.14436,2.7222018377483153
22706,22820,2024-07-05 09:13:45,22814,22820,random,test,15.2142079957516,22.403454,7.1892458311526966
17528,17618,2024-03-01 19:09:00,17612,17618,random,test,60.27621046,59.614048,-0.6621624558496109
7585,7615,2023-01-28 19:15:00,7609,7615,random,test,33.667,39.127083,5.46008282470703
18550,18646,2024-03-02 18:36:00,18640,18646,random,test,48.80447652,49.909622,1.105145672382811
2856,2868,2022-10-24 19:50:00,2862,2868,random,test,151.785,166.64462,14.859622802734378
17959,18055,2024-03-02 17:09:00,18049,18055,random,test,56.6261133,54.732853,-1.8932603642089845
10791,10839,2023-02-06 16:50:00,10833,10839,random,test,127.772,121.173935,-6.598065063476568
26005,26125,2024-07-09 15:47:50,26119,26125,random,test,146.061395829752,146.1955,0.13409977571674858
25054,25174,2024-07-09 10:02:50,25168,25174,random,test,82.8779425297516,75.69943,-7.178510156704732
3673,3691,2022-10-25 18:34:00,3685,3691,random,test,35.555,49.11223,13.557228393554688
4448,4466,2022-10-25 19:57:00,4460,4466,random,test,34.552,33.41737,-1.1346301574707027
4688,4712,2022-10-26 17:20:00,4706,4712,random,test,30.363,35.410088,5.047087585449219
6136,6160,2022-10-26 19:58:00,6154,6160,random,test,66.294,63.0643,-3.229699462890622
7661,7691,2023-01-28 19:24:00,7685,7691,random,test,43.225,41.28076,-1.9442382812500014
19629,19731,2024-03-03 13:24:00,19725,19731,random,test,69.79253521,73.75214,3.959601020468753
24406,24520,2024-07-05 17:00:10,24514,24520,random,test,25.8979555537516,29.245419,3.3474629948323837
15868,15940,2023-12-22 10:43:06,15934,15940,random,test,111.507931373572,111.06669,-0.4412428359743501
1580,1586,2022-10-22 20:46:00,1580,1586,random,test,32.31,40.945118,8.63511795043945
5742,5766,2022-10-26 19:13:00,5760,5766,random,test,42.517,38.272343,-4.244657318115237
16710,16794,2023-12-29 16:26:18,16788,16794,random,test,87.9126604205724,93.56289,5.6502286785487
10149,10191,2023-02-01 19:23:00,10185,10191,random,test,71.663,69.47523,-2.1877726440429655
20061,20163,2024-03-03 15:06:00,20157,20163,random,test,70.96578073,67.06798,-3.8978028247265684
11309,11357,2023-02-06 17:54:00,11351,11357,random,test,71.781,63.188652,-8.592347961425787
21423,21531,2024-03-06 16:59:00,21525,21531,random,test,54.40998288,54.76539,0.3554056087695301
7001,7031,2023-01-28 17:51:00,7025,7031,random,test,46.942,47.821426,0.8794263916015623
12976,13030,2023-02-07 18:56:00,13024,13030,random,test,33.549,35.52787,1.9788701782226568
24132,24246,2024-07-05 15:51:55,24240,24246,random,test,24.8640444997516,25.316864,0.4528195139202751
24739,24853,2024-07-05 17:49:20,24847,24853,random,test,29.9187207637516,30.816532,0.8978113712581646
23364,23478,2024-07-05 10:55:50,23472,23478,random,test,17.2820301037516,21.652756,4.370725633553086
23083,23197,2024-07-05 10:13:15,23191,23197,random,test,41.1768633517516,36.503098,-4.673765817571912
5841,5865,2022-10-26 19:23:00,5859,5865,random,test,40.452,41.294365,0.8423649291992206
844,850,2022-10-22 19:28:00,844,850,random,test,39.921,37.371407,-2.549593444824218
17801,17891,2024-03-01 19:49:00,17885,17891,random,test,45.67582181,48.128124,2.4523024270605447
4501,4525,2022-10-26 17:02:00,4519,4525,random,test,25.053,28.698563,3.6455626220703117
5227,5251,2022-10-26 18:12:00,5245,5251,random,test,34.847,31.407387,-3.439613220214845
24169,24283,2024-07-05 16:14:25,24277,24283,random,test,23.7152544397516,26.219994,2.5047391515569934
20254,20356,2024-03-03 15:35:00,20350,20356,random,test,73.57299299,74.51283,0.9398396516015595
16104,16182,2023-12-23 08:19:24,16176,16182,random,test,230.136102239634,225.06853,-5.0675750179543115
19244,19346,2024-03-03 12:27:00,19340,19346,random,test,70.96578073,61.22062,-9.74516152833985
5720,5744,2022-10-26 19:11:00,5738,5744,random,test,38.977,38.65639,-0.32060885620116863
7826,7862,2023-01-30 17:05:00,7856,7862,random,test,37.974,38.41867,0.44467065429687835
8082,8118,2023-01-30 17:35:00,8112,8118,random,test,78.566,68.86181,-9.704191223144534
1398,1404,2022-10-22 20:27:00,1398,1404,random,test,36.676,37.74282,1.0668207397460918
23313,23427,2024-07-05 10:48:30,23421,23427,random,test,26.5872295897516,35.45978,8.872552056976915
121,127,2022-10-22 18:12:00,121,127,random,test,25.053,29.804386,4.751386138916015
25044,25164,2024-07-09 10:01:25,25158,25164,random,test,63.6931485277516,58.75473,-4.938418303142228
11216,11264,2023-02-06 17:42:00,11258,11264,random,test,107.24,124.40642,17.166417846679693
20318,20420,2024-03-03 15:44:00,20414,20420,random,test,67.18532295,62.788704,-4.3966190315429685
20711,20813,2024-03-03 16:46:00,20807,20813,random,test,197.9370048,184.84041,-13.096596474804699
23854,23968,2024-07-05 12:12:55,23962,23968,random,test,21.6474323317516,25.303185,3.655752177525745
22244,22352,2024-03-06 19:03:00,22346,22352,random,test,48.28303407,48.797157,0.5141232175976569
14681,14747,2023-12-21 09:35:51,14741,14747,random,test,115.809831602572,108.302444,-7.507387144564191
9189,9231,2023-02-01 17:19:00,9225,9231,random,test,62.223,67.48022,5.25721697998047
12986,13040,2023-02-07 18:57:00,13034,13040,random,test,37.679,38.09787,0.41886987304687295
7576,7606,2023-01-28 19:14:00,7600,7606,random,test,45.172,41.695312,-3.476687499999997
25493,25613,2024-07-09 11:08:05,25607,25613,random,test,65.6460916297516,67.04488,1.3987920982757487
8965,9001,2023-01-30 19:29:00,8995,9001,random,test,34.965,37.72056,2.755558166503903
12893,12947,2023-02-07 18:45:00,12941,12947,random,test,35.909,36.995888,1.0868877563476573
4003,4021,2022-10-25 19:12:00,4015,4021,random,test,71.073,64.259964,-6.813036010742181
18106,18202,2024-03-02 17:30:00,18196,18202,random,test,50.10808265,52.469223,2.3611403724609374
26079,26199,2024-07-09 15:59:25,26193,26199,random,test,134.803253241752,166.3913,31.588043144966747
20744,20846,2024-03-03 16:54:00,20840,20846,random,test,248.6472962,254.7998,6.1525084875000005
13781,13841,2023-02-08 17:42:00,13835,13841,random,test,51.957,54.614765,2.6577651672363274
7482,7512,2023-01-28 18:57:00,7506,7512,random,test,43.284,48.455696,5.171696105957032
23159,23273,2024-07-05 10:24:25,23267,23273,random,test,25.8979555537516,21.945847,-3.952108996134413
13123,13177,2023-02-07 19:16:00,13171,13177,random,test,34.67,38.5147,3.844701843261717
16570,16654,2023-12-29 16:07:24,16648,16654,random,test,129.888777806572,123.82509,-6.063689305595432
11034,11082,2023-02-06 17:20:00,11076,11082,random,test,92.903,93.13463,0.2316282958984317
6526,6550,2022-10-26 20:44:00,6544,6550,random,test,36.204,35.238102,-0.965898040771485
8240,8276,2023-01-30 17:54:00,8270,8276,random,test,43.107,45.859726,2.752725952148438
13977,14037,2023-02-08 18:12:00,14031,14037,random,test,47.001,44.343933,-2.6570668945312477
22216,22324,2024-03-06 18:59:00,22318,22324,random,test,80.87318732,79.87865,-0.994540469414062
13903,13963,2023-02-08 18:01:00,13957,13963,random,test,40.983,43.866722,2.8837221069335968
12545,12599,2023-02-07 18:03:00,12593,12599,random,test,37.62,35.98217,-1.6378298950195287
18235,18331,2024-03-02 17:49:00,18325,18331,random,test,79.56958119,66.02483,-13.544747510800775
8936,8972,2023-01-30 19:26:00,8966,8972,random,test,38.623,42.127182,3.50418200683594
24342,24456,2024-07-05 16:50:55,24450,24456,random,test,77.2488712357516,70.81206,-6.436813740634406
20396,20498,2024-03-03 15:55:00,20492,20498,random,test,66.53351989,83.43736,16.903842780898444
10153,10195,2023-02-01 19:24:00,10189,10195,random,test,66.353,68.04287,1.6898695678710993
19542,19644,2024-03-03 13:11:00,19638,19644,random,test,85.95725123,93.20126,7.244012197734378
16738,16822,2023-12-29 16:30:08,16816,16822,random,test,89.9984302285724,83.72503,-6.273401236873184
3798,3816,2022-10-25 18:50:00,3810,3816,random,test,49.007,47.65402,-1.3529815979003885
9986,10028,2023-02-01 19:02:00,10022,10028,random,test,62.99,65.418465,2.4284646606445293
12044,12098,2023-02-07 16:58:00,12092,12098,random,test,39.508,37.947723,-1.5602766113281277
5071,5095,2022-10-26 17:56:00,5089,5095,random,test,24.817,26.593842,1.7768415527343748
25398,25518,2024-07-09 10:54:55,25512,25518,random,test,71.3900419297516,47.922913,-23.467129332095354
14723,14789,2023-12-21 09:42:06,14783,14789,random,test,210.190915414572,204.2191,-5.971814462423566
24419,24533,2024-07-05 17:02:00,24527,24533,random,test,19.1200941997516,33.676792,14.556697945023792
23097,23211,2024-07-05 10:15:15,23205,23211,random,test,17.0522720917516,18.731968,1.6796958342737902
21993,22101,2024-03-06 18:25:00,22095,22101,random,test,55.97431024,65.47721,9.502900758535155
8892,8928,2023-01-30 19:20:00,8922,8928,random,test,36.676,39.442596,2.766596435546873
18603,18699,2024-03-02 18:44:00,18693,18699,random,test,55.32250717,55.592163,0.2696559159374985
2784,2796,2022-10-24 19:43:00,2790,2796,random,test,116.857,112.33017,-4.526830322265624
13609,13669,2023-02-08 17:21:00,13663,13669,random,test,44.759,51.809322,7.050322357177734
17299,17389,2024-03-01 18:35:00,17383,17389,random,test,72.26938686,63.519737,-8.749649616347654
13151,13205,2023-02-07 19:22:00,13199,13205,random,test,38.033,36.12213,-1.9108686523437513
17535,17625,2024-03-01 19:10:00,17619,17625,random,test,67.83712602,63.211872,-4.625253919169921
6034,6058,2022-10-26 19:44:00,6052,6058,random,test,41.632,41.431328,-0.20067218017577915
4738,4762,2022-10-26 17:25:00,4756,4762,random,test,24.935,28.580273,3.645272674560548
15909,15981,2023-12-22 10:49:02,15975,15981,random,test,130.670941484572,132.93039,2.259447919724863
1962,1974,2022-10-24 18:24:00,1968,1974,random,test,78.448,74.77388,-3.674119995117181
11843,11897,2023-02-07 16:32:00,11891,11897,random,test,37.915,38.64509,0.7300881958007821
22455,22563,2024-03-06 19:33:00,22557,22563,random,test,63.79594702,61.067383,-2.7285642075
4320,4338,2022-10-25 19:43:00,4332,4338,random,test,41.219,43.51468,2.295678955078124
17981,18077,2024-03-02 17:12:00,18071,18077,random,test,59.6244074,61.703606,2.079198251855466
21171,21279,2024-03-06 16:23:00,21273,21279,random,test,73.05155054,99.86815,26.816598263710944
23432,23546,2024-07-05 11:05:35,23540,23546,random,test,47.8398456997516,34.610153,-13.229692501509412
12633,12687,2023-02-07 18:13:00,12681,12687,random,test,39.685,44.2208,4.535798492431638
17120,17210,2024-03-01 18:10:00,17204,17210,random,test,43.45969139,48.32699,4.8672968302148405
5456,5480,2022-10-26 18:34:00,5474,5480,random,test,44.877,38.674355,-6.202645446777346
23242,23356,2024-07-05 10:36:30,23350,23356,random,test,23.1408594097516,22.552647,-0.5882127727887081
20985,21087,2024-03-03 17:30:00,21081,21087,random,test,73.18191115,72.737526,-0.44438521005859855
26541,26661,2024-07-09 17:54:45,26655,26661,random,test,69.2073408157516,60.336445,-8.870895961015279
15293,15365,2023-12-22 09:20:08,15359,15365,random,test,140.839069298572,128.6927,-12.146366051501701
4282,4300,2022-10-25 19:40:00,4294,4300,random,test,58.86,57.380943,-1.4790567016601557
13252,13312,2023-02-08 16:35:00,13306,13312,random,test,37.561,44.305275,6.744274963378906
10186,10228,2023-02-01 19:27:00,10222,10228,random,test,65.291,67.03789,1.7468875732421907
20847,20949,2024-03-03 17:09:00,20943,20949,random,test,75.78912341,75.43586,-0.3532637298242207
12813,12867,2023-02-07 18:35:00,12861,12867,random,test,30.658,33.83309,3.1750917358398425
26315,26435,2024-07-09 17:14:00,26429,26435,random,test,34.7436390157516,41.513268,6.7696285013382465
19278,19380,2024-03-03 12:32:00,19374,19380,random,test,89.34662716,76.05832,-13.288308068203122
20690,20792,2024-03-03 16:39:00,20786,20792,random,test,268.5924831,300.872,32.27952617734377
25990,26110,2024-07-09 15:45:15,26104,26110,random,test,50.8266998557516,39.67678,-11.149919155068005
8223,8259,2023-01-30 17:52:00,8253,8259,random,test,46.175,49.80677,3.631770324707034
26059,26179,2024-07-09 15:56:40,26173,26179,random,test,119.868982461752,134.7726,14.903615804849565
13815,13875,2023-02-08 17:46:00,13869,13875,random,test,85.764,87.03393,1.269927917480473
23844,23958,2024-07-05 12:11:35,23952,23958,random,test,17.8564251337516,25.048592,7.1921664800179315
3776,3794,2022-10-25 18:48:00,3788,3794,random,test,47.119,44.503418,-2.6155820312499998
14669,14735,2023-12-21 09:33:52,14729,14735,random,test,152.571524468572,180.51848,27.946953924982694
7456,7486,2023-01-28 18:54:00,7480,7486,random,test,60.925,56.753807,-4.171192932128903
22525,22633,2024-03-06 19:43:00,22627,22633,random,test,50.10808265,52.170876,2.062792899316406
6352,6376,2022-10-26 20:27:00,6370,6376,random,test,70.011,64.558334,-5.452665649414058
11289,11337,2023-02-06 17:51:00,11331,11337,random,test,151.726,136.93307,-14.792925048828124
25056,25176,2024-07-09 10:03:05,25170,25176,random,test,47.7249666937516,55.487274,7.762307476170278
23375,23489,2024-07-05 10:57:20,23483,23489,random,test,20.0391262477516,21.132008,1.092881351125353
18272,18368,2024-03-02 17:55:00,18362,18368,random,test,46.5883461,49.603077,3.0147308348144506
22421,22529,2024-03-06 19:28:00,22523,22529,random,test,168.7362405,141.36108,-27.375156515625008
11952,12006,2023-02-07 16:46:00,12000,12006,random,test,40.688,43.797565,3.1095654602050757
25434,25554,2024-07-09 10:59:55,25548,25554,random,test,85.1755226497516,90.75525,5.579726373685901
8377,8413,2023-01-30 18:11:00,8407,8413,random,test,47.178,51.58501,4.407010528564456
22926,23040,2024-07-05 09:51:35,23034,23040,random,test,21.7623113377516,20.8914,-0.8709119542066794
6280,6304,2022-10-26 20:15:00,6298,6304,random,test,102.756,69.17278,-33.58321710205078
8157,8193,2023-01-30 17:44:00,8187,8193,random,test,60.394,56.121925,-4.272074645996092
18788,18884,2024-03-02 19:12:00,18878,18884,random,test,60.92801353,68.05644,7.128428730742186
14768,14834,2023-12-21 09:51:47,14828,14834,random,test,146.053493818572,146.3985,0.34500471658424203
1788,1800,2022-10-24 18:07:00,1794,1800,random,test,33.195,37.20651,4.011508636474609
14040,14100,2023-02-08 18:21:00,14094,14100,random,test,46.47,45.012,-1.4579989624023426
21864,21972,2024-03-06 18:07:00,21966,21972,random,test,62.10125905,65.47315,3.3718931106445282
7781,7811,2023-01-28 19:39:00,7805,7811,random,test,43.402,48.650887,5.24888653564453
15298,15370,2023-12-22 09:20:50,15364,15370,random,test,138.231857038572,129.48167,-8.750182844236065
7247,7277,2023-01-28 18:24:00,7271,7277,random,test,36.912,40.36109,3.449091613769532
1350,1356,2022-10-22 20:23:00,1350,1356,random,test,64.111,53.84023,-10.270770965576176
11401,11449,2023-02-06 18:05:00,11443,11449,random,test,50.246,54.48833,4.242330841064451
18254,18350,2024-03-02 17:52:00,18344,18350,random,test,65.49063498,61.73586,-3.7547760627636677
17617,17707,2024-03-01 19:22:00,17701,17707,random,test,53.49745859,52.16886,-1.3285972008398446
2290,2302,2022-10-24 18:55:00,2296,2302,random,test,64.701,61.107075,-3.5939252624511653
22048,22156,2024-03-06 18:34:00,22150,22156,random,test,70.31397767,67.16832,-3.1456579678515624
10154,10196,2023-02-01 19:24:00,10190,10196,random,test,66.058,66.14897,0.09097155761718057
23706,23820,2024-07-05 11:48:35,23814,23820,random,test,26.4723505837516,22.865475,-3.6068758828238643
14063,14123,2023-02-08 18:23:00,14117,14123,random,test,48.594,52.917786,4.323785644531249
7100,7130,2023-01-28 18:04:00,7124,7130,random,test,55.969,45.41687,-10.552129882812501
168,174,2022-10-22 18:17:00,168,174,random,test,27.059,34.563526,7.504526153564452
10185,10227,2023-02-01 19:27:00,10221,10227,random,test,64.465,66.749916,2.284916076660153
19908,20010,2024-03-03 14:44:00,20004,20010,random,test,72.26938686,66.3489,-5.920487018691404
2361,2373,2022-10-24 19:02:00,2367,2373,random,test,51.131,46.932755,-4.198245483398438
24178,24292,2024-07-05 16:15:45,24286,24292,random,test,23.7152544397516,34.113636,10.398381577094103
4347,4365,2022-10-25 19:46:00,4359,4365,random,test,44.759,42.32129,-2.4377109375000003
23708,23822,2024-07-05 11:48:50,23816,23822,random,test,26.1277135657516,21.743664,-4.3840497779098015
7251,7281,2023-01-28 18:24:00,7275,7281,random,test,49.42,40.684383,-8.735616607666017
5514,5538,2022-10-26 18:50:00,5532,5538,random,test,48.535,44.42743,-4.107570800781247
19407,19509,2024-03-03 12:51:00,19503,19509,random,test,68.74965031,71.57392,2.8242708936132743
20375,20477,2024-03-03 15:52:00,20471,20477,random,test,80.22138425,68.97976,-11.241625033691406
25163,25283,2024-07-09 10:18:10,25277,25283,random,test,69.5519778337516,64.09847,-5.453505238536749
6466,6490,2022-10-26 20:38:00,6484,6490,random,test,57.857,52.619904,-5.237096435546874
8751,8787,2023-01-30 19:00:00,8781,8787,random,test,57.326,55.124233,-2.201766754150391
18968,19064,2024-03-02 19:41:00,19058,19064,random,test,69.92289583,73.32709,3.4041915723437484
19376,19478,2024-03-03 12:46:00,19472,19478,random,test,79.43922058,81.02243,1.583209839921878
1411,1417,2022-10-22 20:28:00,1411,1417,random,test,56.677,54.79921,-1.877790405273437
2602,2614,2022-10-24 19:26:00,2608,2614,random,test,188.129,220.47878,32.34977502441407
4229,4247,2022-10-25 19:34:00,4241,4247,random,test,66.53,68.89552,2.3655230712890614
7302,7332,2023-01-28 18:31:00,7326,7332,random,test,41.219,47.2004,5.981401306152343
25005,25125,2024-07-09 09:55:00,25119,25125,random,test,74.9512911157516,65.97529,-8.97600272463832
21414,21522,2024-03-06 16:58:00,21516,21522,random,test,63.53522579,58.684757,-4.850468557333983
18970,19066,2024-03-02 19:41:00,19060,19066,random,test,64.83883192,65.58474,0.7459077650585897
12950,13004,2023-02-07 18:52:00,12998,13004,random,test,41.573,41.06495,-0.5080509643554691
16445,16529,2023-12-29 15:47:40,16523,16529,random,test,99.5147549775724,97.55145,-1.9633023408536445
9353,9395,2023-02-01 17:38:00,9389,9395,random,test,55.674,56.675583,1.001582885742188
23729,23843,2024-07-05 11:51:45,23837,23843,random,test,25.6681975417516,29.747196,4.078998655758166
21838,21946,2024-03-06 18:03:00,21940,21946,random,test,60.14584985,56.508327,-3.6375223658691382
16675,16759,2023-12-29 16:21:36,16753,16759,random,test,82.6982359005724,81.47477,-1.223466308287243
3502,3520,2022-10-25 18:15:00,3514,3520,random,test,31.897,33.07167,1.174670532226564
21843,21951,2024-03-06 18:04:00,21945,21951,random,test,59.75476801,60.78179,1.0270236770117194
23181,23295,2024-07-05 10:27:30,23289,23295,random,test,40.3727103097516,30.00624,-10.366469465025034
24692,24806,2024-07-05 17:41:10,24800,24806,random,test,45.6571445857516,50.356823,4.699678381777694
19155,19251,2024-03-02 20:08:00,19245,19251,random,test,51.93313123,58.610596,6.677464473124999
13270,13330,2023-02-08 16:37:00,13324,13330,random,test,29.95,32.44897,2.498970794677735
3246,3258,2022-10-24 20:31:00,3252,3258,random,test,182.17,187.53128,5.3612805175781375
15559,15631,2023-12-22 09:58:43,15625,15631,random,test,138.101496425572,144.40866,6.307164463099866
5048,5072,2022-10-26 17:54:00,5066,5072,random,test,41.809,40.01236,-1.7966403808593725
2559,2571,2022-10-24 19:21:00,2565,2571,random,test,102.638,96.67818,-5.959823120117193
17080,17170,2024-03-01 18:04:00,17164,17170,random,test,39.41851238,40.17016,0.751646006230466
13415,13475,2023-02-08 16:56:00,13469,13475,random,test,36.145,36.434082,0.2890820312499969
7049,7079,2023-01-28 17:58:00,7073,7079,random,test,42.694,50.785923,8.091923004150388
4037,4055,2022-10-25 19:15:00,4049,4055,random,test,50.01,52.51194,2.5019400024414082
20737,20839,2024-03-03 16:52:00,20833,20839,random,test,213.8410256,215.83414,1.9931113628906303
16382,16460,2023-12-23 09:34:12,16454,16460,random,test,186.856352651511,196.76108,9.904725229348372
9264,9306,2023-02-01 17:28:00,9300,9306,random,test,59.273,63.062946,3.789946319580075
2442,2454,2022-10-24 19:11:00,2448,2454,random,test,87.888,86.062775,-1.8252253417968802
15606,15678,2023-12-22 10:05:22,15672,15678,random,test,134.712120487572,133.40903,-1.3030933879626332
17817,17907,2024-03-01 19:51:00,17901,17907,random,test,60.53693169,58.956894,-1.5800377691015655
1027,1033,2022-10-22 19:45:00,1027,1033,random,test,72.312,60.719994,-11.592006408691404
14918,14984,2023-12-21 10:22:21,14978,14984,random,test,87.7822998075724,70.13887,-17.643429568314588
2932,2944,2022-10-24 20:00:00,2938,2944,random,test,126.415,114.83424,-11.580756225585944
5763,5787,2022-10-26 19:15:00,5781,5787,random,test,61.751,52.644287,-9.106712890624998
18638,18734,2024-03-02 18:50:00,18728,18734,random,test,49.97772204,45.06395,-4.913772455039066
7917,7953,2023-01-30 17:15:00,7947,7953,random,test,39.921,42.50127,2.5802702941894538
17820,17910,2024-03-01 19:52:00,17904,17910,random,test,47.37050978,62.97321,15.602699601103517
4977,5001,2022-10-26 17:47:00,4995,5001,random,test,31.543,34.819656,3.2766563720703132
655,661,2022-10-22 19:06:00,655,661,random,test,38.269,38.834805,0.565804534912111
2342,2354,2022-10-24 19:00:00,2348,2354,random,test,97.446,98.14769,0.7016898193359395
13974,14034,2023-02-08 18:12:00,14028,14034,random,test,45.585,47.527187,1.9421873474121085
12402,12456,2023-02-07 17:45:00,12450,12456,random,test,35.024,41.004547,5.980547119140624
23913,24027,2024-07-05 12:30:00,24021,24027,random,test,19.6944892297516,23.455872,3.76138235227965
9477,9519,2023-02-01 17:55:00,9513,9519,random,test,69.834,67.13164,-2.7023624267578157
6275,6299,2022-10-26 20:15:00,6293,6299,random,test,55.438,67.656944,12.218944274902341
24755,24869,2024-07-05 17:51:35,24863,24869,random,test,24.0598914577516,26.873127,2.8132355258909776
11740,11788,2023-02-06 18:47:00,11782,11788,random,test,37.266,39.996025,2.7300250854492205
18448,18544,2024-03-02 18:21:00,18538,18544,random,test,43.85077323,44.70327,0.8524967284960923
4387,4405,2022-10-25 19:51:00,4399,4405,random,test,46.234,45.821297,-0.4127033081054705
10189,10231,2023-02-01 19:32:00,10225,10231,random,test,59.686,65.80878,6.12277685546875
20886,20988,2024-03-03 17:15:00,20982,20988,random,test,89.60734839,89.51668,-0.09067053355468602
21496,21604,2024-03-06 17:10:00,21598,21604,random,test,83.87148142,88.89324,5.021760462324224
18785,18881,2024-03-02 19:12:00,18875,18881,random,test,55.71358901,62.219124,6.5055348303320315
17759,17849,2024-03-01 19:43:00,17843,17849,random,test,54.80106472,56.3909,1.5898349382031256
17250,17340,2024-03-01 18:28:00,17334,17340,random,test,55.84394962,55.426834,-0.417115513554684
12129,12183,2023-02-07 17:08:00,12177,12183,random,test,48.948,46.079273,-2.8687267761230473
2388,2400,2022-10-24 19:05:00,2394,2400,random,test,53.55,51.55343,-1.9965713500976534
278,284,2022-10-22 18:28:00,278,284,random,test,28.888,34.17571,5.2877087707519514
17997,18093,2024-03-02 17:14:00,18087,18093,random,test,43.85077323,43.14268,-0.7080921081738296
19270,19372,2024-03-03 12:31:00,19366,19372,random,test,73.83371422,63.815216,-10.01849815554688
12513,12567,2023-02-07 17:59:00,12561,12567,random,test,37.679,34.798656,-2.880343536376955
21731,21839,2024-03-06 17:46:00,21833,21839,random,test,110.5954071,107.74737,-2.848039241113284
1635,1641,2022-10-22 20:51:00,1635,1641,random,test,34.08,34.25199,0.17199127197265796
23131,23245,2024-07-05 10:19:55,23239,23245,random,test,21.8771903437516,27.604053,5.726863153562853
369,375,2022-10-22 18:37:00,369,375,random,test,34.434,36.391975,1.9579754028320338
6328,6352,2022-10-26 20:25:00,6346,6352,random,test,59.332,52.63525,-6.696749908447266
22081,22189,2024-03-06 18:39:00,22183,22189,random,test,55.19214656,64.14048,8.948333481503909
24328,24442,2024-07-05 16:48:55,24436,24442,random,test,27.6211406437516,27.514915,-0.10622517744300453
11194,11242,2023-02-06 17:39:00,11236,11242,random,test,99.806,127.34314,27.537139648437503
4973,4997,2022-10-26 17:47:00,4991,4997,random,test,32.133,35.69319,3.56019152832031
8939,8975,2023-01-30 19:26:00,8969,8975,random,test,38.682,41.290054,2.6080543212890603
25487,25607,2024-07-09 11:07:15,25601,25607,random,test,81.0398784337515,79.22573,-1.814147537755403
26297,26417,2024-07-09 17:11:25,26411,26417,random,test,35.2031550397516,40.37245,5.1692967424749625
8195,8231,2023-01-30 17:48:00,8225,8231,random,test,50.364,48.01581,-2.348191894531247
6455,6479,2022-10-26 20:37:00,6473,6479,random,test,62.872,64.81268,1.9406831054687501
1131,1137,2022-10-22 19:58:00,1131,1137,random,test,67.769,66.681755,-1.0872449340820367
2265,2277,2022-10-24 18:53:00,2271,2277,random,test,65.94,63.540447,-2.399552764892576
8164,8200,2023-01-30 17:45:00,8194,8200,random,test,48.653,47.643303,-1.00969708251953
2041,2053,2022-10-24 18:32:00,2047,2053,random,test,57.798,56.833412,-0.9645878295898456
11487,11535,2023-02-06 18:15:00,11529,11535,random,test,56.854,67.43422,10.580219360351563
4119,4137,2022-10-25 19:23:00,4131,4137,random,test,46.765,52.794807,6.029807434082031
17195,17285,2024-03-01 18:20:00,17279,17285,random,test,49.5866402,49.811493,0.22485271992187705
373,379,2022-10-22 18:38:00,373,379,random,test,36.027,40.82151,4.794510314941405
6528,6552,2022-10-26 20:45:00,6546,6552,random,test,39.567,37.04148,-2.525518981933594
21714,21822,2024-03-06 17:44:00,21816,21822,random,test,52.19385246,61.2667,9.072848284628904
579,585,2022-10-22 18:58:00,579,585,random,test,33.667,39.72279,6.055789764404295
12798,12852,2023-02-07 18:33:00,12846,12852,random,test,42.753,42.368202,-0.38479779052734386
22787,22901,2024-07-05 09:28:40,22895,22901,random,test,38.6495252197516,41.914986,3.265460436986679
20016,20118,2024-03-03 15:00:00,20112,20118,random,test,58.5815225,66.51172,7.930196250000002
13534,13594,2023-02-08 17:12:00,13588,13594,random,test,36.499,35.926422,-0.5725778808593773
13228,13288,2023-02-08 16:32:00,13282,13288,random,test,26.528,35.911087,9.383087036132814
18399,18495,2024-03-02 18:14:00,18489,18495,random,test,53.10637675,51.54537,-1.5610085554199244
5504,5528,2022-10-26 18:49:00,5522,5528,random,test,35.378,38.62752,3.249521514892578
22085,22193,2024-03-06 18:39:00,22187,22193,random,test,57.6689982,59.196785,1.527786773144534
18239,18335,2024-03-02 17:50:00,18329,18335,random,test,73.18191115,61.694355,-11.487556139013677
2075,2087,2022-10-24 18:35:00,2081,2087,random,test,83.168,89.72925,6.561248046874994
11888,11942,2023-02-07 16:37:00,11936,11942,random,test,56.736,57.019157,0.28315740966797165
21912,22020,2024-03-06 18:13:00,22014,22020,random,test,52.71529491,54.531815,1.8165196651953153
6270,6294,2022-10-26 20:15:00,6288,6294,random,test,77.386,79.03116,1.6451584472656293
21022,21124,2024-03-03 17:36:00,21118,21124,random,test,46.71870671,57.42533,10.706624405722657
8604,8640,2023-01-30 18:40:00,8634,8640,random,test,56.677,51.302006,-5.374994232177734
12556,12610,2023-02-07 18:04:00,12604,12610,random,test,31.307,36.476196,5.169196289062501
9338,9380,2023-02-01 17:37:00,9374,9380,random,test,57.562,58.4115,0.8494990234375024
2916,2928,2022-10-24 19:59:00,2922,2928,random,test,240.757,226.30478,-14.45222094726563
1418,1424,2022-10-22 20:29:00,1418,1424,random,test,48.594,54.51441,5.920408111572264
8516,8552,2023-01-30 18:29:00,8546,8552,random,test,86.944,99.235596,12.291595703124997
19927,20029,2024-03-03 14:47:00,20023,20029,random,test,77.74453261,84.79514,7.050610517441413
14558,14618,2023-02-08 19:26:00,14612,14618,random,test,42.34,43.267906,0.9279061889648403
7725,7755,2023-01-28 19:32:00,7749,7755,random,test,50.954,50.016045,-0.9379553833007819
21211,21319,2024-03-06 16:29:00,21313,21319,random,test,90.91095452,85.239,-5.671956106914067
10772,10820,2023-02-06 16:47:00,10814,10820,random,test,143.761,108.95308,-34.80792077636718
22488,22596,2024-03-06 19:38:00,22590,22596,random,test,50.89024633,55.042133,4.151887001298832
1595,1601,2022-10-22 20:47:00,1595,1601,random,test,45.054,41.628136,-3.4258643188476583
22211,22319,2024-03-06 18:58:00,22313,22319,random,test,103.555934,103.35617,-0.1997633457031185
322,328,2022-10-22 18:33:00,322,328,random,test,41.632,39.87493,-1.7570686645507791
6024,6048,2022-10-26 19:43:00,6042,6048,random,test,43.874,45.635567,1.761566711425779
22972,23086,2024-07-05 09:57:55,23080,23086,random,test,27.5062616377516,28.988914,1.4826528519944944
20699,20801,2024-03-03 16:43:00,20795,20801,random,test,330.3834006,246.63812,-83.74527804140627
1175,1181,2022-10-22 20:03:00,1175,1181,random,test,33.844,33.055134,-0.7888661804199231
8132,8168,2023-01-30 17:41:00,8162,8168,random,test,37.679,41.609062,3.9300621948242167
12455,12509,2023-02-07 17:52:00,12503,12509,random,test,28.652,33.790943,5.138943145751952
19648,19750,2024-03-03 13:26:00,19744,19750,random,test,112.1597344,98.798744,-13.360990198339849
20264,20366,2024-03-03 15:36:00,20360,20366,random,test,120.2420924,104.82007,-15.422024040625004
24238,24352,2024-07-05 16:25:15,24346,24352,random,test,19.1200941997516,21.629341,2.509246925736683
19742,19844,2024-03-03 13:42:00,19838,19844,random,test,114.5062255,81.31165,-33.19457236279297
17223,17313,2024-03-01 18:24:00,17307,17313,random,test,49.45627959,45.32454,-4.131740405429689
6350,6374,2022-10-26 20:27:00,6368,6374,random,test,64.111,69.10657,4.995567382812496
4258,4276,2022-10-25 19:37:00,4270,4276,random,test,48.771,50.75537,1.9843710937499992
5570,5594,2022-10-26 18:56:00,5588,5594,random,test,41.278,40.557533,-0.7204667358398424
21822,21930,2024-03-06 18:01:00,21924,21930,random,test,49.97772204,59.69541,9.717689642128903
18855,18951,2024-03-02 19:22:00,18945,18951,random,test,97.03790333,100.88823,3.8503260401171815
10166,10208,2023-02-01 19:25:00,10202,10208,random,test,61.279,66.71541,5.436408325195309
1503,1509,2022-10-22 20:37:00,1503,1509,random,test,32.959,33.38369,0.42468988037109057
1554,1560,2022-10-22 20:42:00,1554,1560,random,test,38.918,44.660934,5.742934448242188
20708,20810,2024-03-03 16:45:00,20804,20810,random,test,330.3834006,273.60602,-56.777382533593766
1075,1081,2022-10-22 19:51:00,1075,1081,random,test,52.488,49.853424,-2.6345759277343745
22734,22848,2024-07-05 09:19:55,22842,22848,random,test,22.2218273617516,20.026627,-2.195200774837538
14049,14109,2023-02-08 18:22:00,14103,14109,random,test,54.14,52.89977,-1.2402311706542974
13316,13376,2023-02-08 16:44:00,13370,13376,random,test,33.667,34.60257,0.9355695800781234
14411,14471,2023-02-08 19:08:00,14465,14471,random,test,44.582,50.35163,5.7696311645507805
5843,5867,2022-10-26 19:23:00,5861,5867,random,test,42.281,45.347267,3.0662671508789074
22451,22559,2024-03-06 19:32:00,22553,22559,random,test,91.95383942,76.69971,-15.254132388749994
7698,7728,2023-01-28 19:29:00,7722,7728,random,test,47.414,46.216488,-1.197512115478517
6909,6939,2023-01-28 17:39:00,6933,6939,random,test,35.024,35.418903,0.3949033508300772
22816,22930,2024-07-05 09:32:55,22924,22930,random,test,21.5325533257516,21.18238,-0.3501726494820687
3874,3892,2022-10-25 18:57:00,3886,3892,random,test,43.815,42.90844,-0.906560363769529
12902,12956,2023-02-07 18:46:00,12950,12956,random,test,33.431,43.251118,9.82011770629883
23526,23640,2024-07-05 11:20:00,23634,23640,random,test,18.4308201637516,17.808315,-0.622504886651992
26544,26664,2024-07-09 17:55:45,26658,26664,random,test,65.4163336177516,81.4026,15.986269531662458
10421,10469,2023-02-06 16:03:00,10463,10469,random,test,118.509,110.23435,-8.274647888183594
23685,23799,2024-07-05 11:45:40,23793,23799,random,test,27.6211406437516,26.659317,-0.9618236271500358
3070,3082,2022-10-24 20:13:00,3076,3082,random,test,258.516,254.3633,-4.152703491210957
5260,5284,2022-10-26 18:15:00,5278,5284,random,test,32.546,35.559597,3.01359701538086
19329,19431,2024-03-03 12:39:00,19425,19431,random,test,48.80447652,50.683487,1.879010418476561
10906,10954,2023-02-06 17:04:00,10948,10954,random,test,37.148,45.954197,8.806196929931637
5826,5850,2022-10-26 19:21:00,5844,5850,random,test,40.983,44.18654,3.2035386962890655
9109,9151,2023-02-01 17:09:00,9145,9151,random,test,61.574,56.29322,-5.280779479980467
3753,3771,2022-10-25 18:46:00,3765,3771,random,test,52.134,50.31888,-1.8151218261718753
18846,18942,2024-03-02 19:21:00,18936,18942,random,test,79.30885996,83.96523,4.656372889121087
24831,24951,2024-07-09 09:27:20,24945,24951,random,test,30.8377528117516,28.457848,-2.3799052165367556
2540,2552,2022-10-24 19:20:00,2546,2552,random,test,191.079,207.07742,15.998423095703117
24464,24578,2024-07-05 17:08:20,24572,24578,random,test,19.6944892297516,27.562206,7.867717038558947
26086,26206,2024-07-09 16:01:20,26200,26206,random,test,396.842277415652,299.7411,-97.1011885484645
22127,22235,2024-03-06 18:46:00,22229,22235,random,test,55.19214656,47.370037,-7.822109481142576
8248,8284,2023-01-30 17:54:00,8278,8284,random,test,49.479,55.7517,6.2727013549804695
776,782,2022-10-22 19:21:00,776,782,random,test,44.464,44.12037,-0.3436310424804674
10612,10660,2023-02-06 16:26:00,10654,10660,random,test,105.706,102.62587,-3.0801302490234406
5377,5401,2022-10-26 18:26:00,5395,5401,random,test,64.288,59.847675,-4.440324676513669
15399,15471,2023-12-22 09:35:43,15465,15471,random,test,117.113437732572,84.45379,-32.65964897524778
21528,21636,2024-03-06 17:15:00,21630,21636,random,test,82.30715406,85.08412,2.7769676441015605
20900,21002,2024-03-03 17:17:00,20996,21002,random,test,99.90583682,140.11133,40.205491304999995
11259,11307,2023-02-06 17:47:00,11301,11307,random,test,63.875,52.3633,-11.511699676513672
13286,13346,2023-02-08 16:39:00,13340,13346,random,test,36.44,40.462914,4.022913513183596
10392,10434,2023-02-01 19:57:00,10428,10434,random,test,66.943,71.53807,4.59507067871094
12111,12165,2023-02-07 17:06:00,12159,12165,random,test,46.411,47.364937,0.9539368286132799
22817,22931,2024-07-05 09:33:05,22925,22931,random,test,20.4986422717516,21.648373,1.1497303783948851
18578,18674,2024-03-02 18:40:00,18668,18674,random,test,60.01548924,63.45989,3.4443992182519523
8937,8973,2023-01-30 19:26:00,8967,8973,random,test,37.561,42.81749,5.256489624023438
11854,11908,2023-02-07 16:33:00,11902,11908,random,test,44.523,42.112473,-2.4105274658203157
18387,18483,2024-03-02 18:12:00,18477,18483,random,test,51.28132817,43.834694,-7.446634261308596
9779,9821,2023-02-01 18:35:00,9815,9821,random,test,60.925,61.543045,0.6180450439453153
30,36,2022-10-22 18:03:00,30,36,random,test,22.752,23.644756,0.892756317138673
14760,14826,2023-12-21 09:49:13,14820,14826,random,test,154.266212437572,159.39024,5.124031092701443
22591,22699,2024-03-06 19:52:00,22693,22699,random,test,52.19385246,50.287697,-1.906155621621096
9144,9186,2023-02-01 17:13:00,9180,9186,random,test,63.639,63.40798,-0.23101812744140915
15402,15474,2023-12-22 09:36:09,15468,15474,random,test,118.938486314572,115.48726,-3.4512274034391908
10606,10654,2023-02-06 16:26:00,10648,10654,random,test,73.669,75.02677,1.3577715454101593
15425,15497,2023-12-22 09:39:27,15491,15497,random,test,108.770358500572,114.814224,6.043865742592061
2174,2186,2022-10-24 18:44:00,2180,2186,random,test,70.896,78.37628,7.480281738281249
15021,15087,2023-12-21 10:48:33,15081,15087,random,test,152.832245694572,156.04852,3.216277254646741
6549,6573,2022-10-26 20:47:00,6567,6573,random,test,50.128,50.086662,-0.041337707519531364
15250,15316,2023-12-21 11:34:24,15310,15316,random,test,149.703590982572,167.84697,18.143378621920192
20641,20743,2024-03-03 16:31:00,20737,20743,random,test,64.44775008,67.122314,2.674564373124994
547,553,2022-10-22 18:54:00,547,553,random,test,34.67,44.95202,10.282018737792967
18411,18507,2024-03-02 18:16:00,18501,18507,random,test,51.80277062,41.833855,-9.968915944707028
4749,4773,2022-10-26 17:26:00,4767,4773,random,test,41.986,36.040188,-5.945812164306638
24591,24705,2024-07-05 17:26:30,24699,24705,random,test,52.2052479277516,46.238472,-5.966775942888319
15531,15603,2023-12-22 09:54:42,15597,15603,random,test,118.677765088572,118.34326,-0.33450336982200213
945,951,2022-10-22 19:37:00,945,951,random,test,37.207,40.95183,3.7448318176269524
10124,10166,2023-02-01 19:20:00,10160,10166,random,test,72.135,70.43897,-1.6960275268554739
23782,23896,2024-07-05 11:59:35,23890,23896,random,test,29.4592047397516,25.09166,-4.367545193853161
9266,9308,2023-02-01 17:28:00,9302,9308,random,test,60.748,64.44183,3.6938334960937524
8064,8100,2023-01-30 17:33:00,8094,8100,random,test,57.385,58.49561,1.1106092834472676
23080,23194,2024-07-05 10:12:50,23188,23194,random,test,23.6003754337516,34.77185,11.171475152185899
8349,8385,2023-01-30 18:08:00,8379,8385,random,test,66.707,58.87293,-7.834071380615228
20303,20405,2024-03-03 15:42:00,20399,20405,random,test,89.47698778,99.52919,10.05220228347656
26383,26503,2024-07-09 17:24:40,26497,26503,random,test,36.4668241057516,35.32411,-1.1427159819723016
14225,14285,2023-02-08 18:45:00,14279,14285,random,test,71.073,64.6208,-6.452203796386712
3352,3370,2022-10-25 18:00:00,3364,3370,random,test,33.431,40.631744,7.200744384765628
16349,16427,2023-12-23 09:23:24,16421,16427,random,test,203.803232341511,211.93715,8.133916706340557
1680,1686,2022-10-22 20:56:00,1680,1686,random,test,37.797,37.84018,0.043179443359377956
15513,15585,2023-12-22 09:52:05,15579,15585,random,test,111.899013212572,102.865395,-9.033618620286845
4932,4956,2022-10-26 17:43:00,4950,4956,random,test,32.664,32.726524,0.06252435302734227
24851,24971,2024-07-09 09:30:10,24965,24971,random,test,20.6135212777516,23.243793,2.6302722097972264
12619,12673,2023-02-07 18:11:00,12667,12673,random,test,39.272,49.90934,10.637339904785158
21173,21281,2024-03-06 16:23:00,21275,21281,random,test,91.6931182,110.04811,18.354992761914062
9754,9796,2023-02-01 18:30:00,9790,9796,random,test,53.55,59.815544,6.265544128417972
23623,23737,2024-07-05 11:36:55,23731,23737,random,test,23.1408594097516,26.151917,3.0110570941546513
24542,24656,2024-07-05 17:19:35,24650,24656,random,test,103.441284603752,67.815346,-35.62593883959184
2698,2710,2022-10-24 19:35:00,2704,2710,random,test,155.266,149.5273,-5.738702026367179
103,109,2022-10-22 18:10:00,103,109,random,test,25.171,26.540043,1.3690428771972663
21463,21571,2024-03-06 17:05:00,21565,21571,random,test,83.21967835,81.54502,-1.674657292871089
17411,17501,2024-03-01 18:52:00,17495,17501,random,test,55.5832284,54.556686,-1.0265419986328155
20031,20133,2024-03-03 15:02:00,20127,20133,random,test,56.23503146,61.590057,5.355025913046873
1557,1563,2022-10-22 20:42:00,1557,1563,random,test,55.32,69.19005,13.870048217773437
4859,4883,2022-10-26 17:36:00,4877,4883,random,test,34.375,34.645615,0.2706146240234375
9453,9495,2023-02-01 17:52:00,9489,9495,random,test,61.574,59.049744,-2.524256347656248
19589,19691,2024-03-03 13:18:00,19685,19691,random,test,81.78571161,84.860985,3.0752731922460868
6557,6581,2022-10-26 20:47:00,6575,6581,random,test,52.665,53.22054,0.555539093017579
19344,19446,2024-03-03 12:41:00,19440,19446,random,test,48.02231284,47.057602,-0.9647109112890604
1791,1803,2022-10-24 18:07:00,1797,1803,random,test,38.387,37.697517,-0.6894826049804692
3732,3750,2022-10-25 18:40:00,3744,3750,random,test,35.437,44.855766,9.418766296386721
15108,15174,2023-12-21 11:09:07,15168,15174,random,test,121.284977348572,122.55028,1.2653003613889382
1719,1731,2022-10-24 18:00:00,1725,1731,random,test,34.08,35.376118,1.2961177062988298
4449,4467,2022-10-25 19:57:00,4461,4467,random,test,33.844,32.75601,-1.0879918518066418
4296,4314,2022-10-25 19:41:00,4308,4314,random,test,50.541,47.135754,-3.4052463684082
6138,6162,2022-10-26 19:58:00,6156,6162,random,test,58.801,63.58464,4.783640502929686
11263,11311,2023-02-06 17:48:00,11305,11311,random,test,54.553,49.973103,-4.579897430419919
14100,14160,2023-02-08 18:28:00,14154,14160,random,test,49.007,46.98767,-2.019329101562498
21762,21870,2024-03-06 17:52:00,21864,21870,random,test,90.65023329,88.01131,-2.6389265273046902
17255,17345,2024-03-01 18:29:00,17339,17345,random,test,60.79765292,67.2535,6.455848972089846
16272,16350,2023-12-23 09:00:02,16344,16350,random,test,221.662662394634,225.89046,4.227794758686315
3113,3125,2022-10-24 20:18:00,3119,3125,random,test,151.785,164.97789,13.192890014648441
12114,12168,2023-02-07 17:06:00,12162,12168,random,test,49.302,53.14981,3.8478107910156254
24815,24935,2024-07-09 09:25:05,24929,24935,random,test,19.1200941997516,21.388409,2.2683144611370736
6422,6446,2022-10-26 20:34:00,6440,6446,random,test,60.512,60.712624,0.2006235961914058
14108,14168,2023-02-08 18:29:00,14162,14168,random,test,41.219,51.28504,10.06604180908203
6803,6833,2023-01-28 17:26:00,6827,6833,random,test,31.838,37.180065,5.342065155029296
24601,24715,2024-07-05 17:28:00,24709,24715,random,test,28.9996887157516,28.715298,-0.28439101677698986
20439,20541,2024-03-03 16:01:00,20535,20541,random,test,56.49575269,58.112556,1.616803767519528
3595,3613,2022-10-25 18:24:00,3607,3613,random,test,41.573,40.39816,-1.174840972900391
15839,15911,2023-12-22 10:38:36,15905,15911,random,test,119.068846927572,124.05226,4.983414424967066
26276,26396,2024-07-09 17:08:25,26390,26396,random,test,43.0149274477516,46.07758,3.0626520505394126
26433,26553,2024-07-09 17:38:25,26547,26553,random,test,71.0454049117516,67.40393,-3.6414742476891035
22027,22135,2024-03-06 18:30:00,22129,22135,random,test,51.67241001,46.34279,-5.329621313710938
21021,21123,2024-03-03 17:36:00,21117,21123,random,test,45.5454612,56.858543,11.313082195996095
2884,2896,2022-10-24 19:53:00,2890,2896,random,test,266.186,236.57446,-29.61153710937498
13587,13647,2023-02-08 17:18:00,13641,13647,random,test,37.325,43.552887,6.227886962890622
22532,22640,2024-03-06 19:44:00,22634,22640,random,test,48.41339468,55.474327,7.0609324074023405
664,670,2022-10-22 19:07:00,664,670,random,test,44.228,43.481308,-0.746692016601564
16962,17052,2024-03-01 17:46:00,17046,17052,random,test,42.15608526,44.477066,2.320980780039065
23640,23754,2024-07-05 11:39:25,23748,23754,random,test,24.7491654937516,27.506824,2.757658999656602
21258,21366,2024-03-06 16:36:00,21360,21366,random,test,80.87318732,79.13374,-1.739444033867187
25058,25178,2024-07-09 10:03:25,25172,25178,random,test,52.8945219637516,55.852123,2.9576012967464465
9407,9449,2023-02-01 17:46:00,9443,9449,random,test,53.609,58.675686,5.066685882568358
4418,4436,2022-10-25 19:54:00,4430,4436,random,test,43.107,41.35131,-1.7556892700195306
12554,12608,2023-02-07 18:04:00,12602,12608,random,test,34.965,41.030556,6.065555725097653
25814,25934,2024-07-09 12:34:30,25928,25934,random,test,24.2896494697516,22.586983,-1.702666742700817
3296,3308,2022-10-24 20:35:00,3302,3308,random,test,180.99,182.31616,1.326162109374991
11541,11589,2023-02-06 18:23:00,11583,11589,random,test,52.193,56.29681,4.1038101501464865
26354,26474,2024-07-09 17:19:45,26468,26474,random,test,50.7118208497516,48.13118,-2.580641040181284
3876,3894,2022-10-25 18:58:00,3888,3894,random,test,47.06,40.584435,-6.4755654907226585
7499,7529,2023-01-28 18:59:00,7523,7529,random,test,40.511,45.06049,4.549489654541013
16452,16536,2023-12-29 15:48:36,16530,16536,random,test,131.974547614572,126.43415,-5.540396918771222
12154,12208,2023-02-07 17:11:00,12202,12208,random,test,48.476,46.312843,-2.163156677246093
11924,11978,2023-02-07 16:43:00,11972,11978,random,test,43.756,44.12648,0.3704801025390623
8013,8049,2023-01-30 17:27:00,8043,8049,random,test,45.408,40.868988,-4.539011962890626
12261,12315,2023-02-07 17:26:00,12309,12315,random,test,56.677,55.570175,-1.106824829101562
20225,20327,2024-03-03 15:30:00,20321,20327,random,test,74.22479606,75.33403,1.1092340913671848
18848,18944,2024-03-02 19:21:00,18938,18944,random,test,90.91095452,83.29348,-7.6174746005664105
2208,2220,2022-10-24 18:47:00,2214,2220,random,test,103.877,94.77893,-9.098069335937495
563,569,2022-10-22 18:56:00,563,569,random,test,32.841,36.989735,4.148734649658202
6863,6893,2023-01-28 17:34:00,6887,6893,random,test,41.573,39.914,-1.6589985351562504
7209,7239,2023-01-28 18:18:00,7233,7239,random,test,54.966,47.4282,-7.537800231933595
17527,17617,2024-03-01 19:09:00,17611,17617,random,test,61.05837414,68.72172,7.663343694472658
26115,26235,2024-07-09 16:08:35,26229,26235,random,test,89.4260458717516,89.80638,0.38033535383434014
10802,10850,2023-02-06 16:51:00,10844,10850,random,test,35.791,46.6885,10.897499450683597
9375,9417,2023-02-01 17:43:00,9411,9417,random,test,58.86,56.95903,-1.900969848632812
23820,23934,2024-07-05 12:05:05,23928,23934,random,test,22.2218273617516,23.98555,1.763722565006212
12785,12839,2023-02-07 18:31:00,12833,12839,random,test,38.151,41.047005,2.896004699707028
15361,15433,2023-12-22 09:29:59,15427,15433,random,test,134.712120487572,131.93675,-2.7753681682360707
25362,25482,2024-07-09 10:50:00,25476,25482,random,test,103.785921621752,115.07661,11.290685128736285
1873,1885,2022-10-24 18:15:00,1879,1885,random,test,42.163,41.608166,-0.5548342590331998
13872,13932,2023-02-08 17:56:00,13926,13932,random,test,54.789,56.62746,1.8384604797363266
26399,26519,2024-07-09 17:27:15,26513,26519,random,test,48.2993617237516,49.642548,1.343185883670273
16621,16705,2023-12-29 16:14:18,16699,16705,random,test,89.4769877765724,84.92021,-4.556775984580213
18553,18649,2024-03-02 18:36:00,18643,18649,random,test,46.84906733,50.97035,4.1212810281543
26542,26662,2024-07-09 17:55:10,26656,26662,random,test,71.0454049117516,64.58043,-6.464975834603166
9636,9678,2023-02-01 18:13:00,9672,9678,random,test,54.317,59.071907,4.754907043457031
7217,7247,2023-01-28 18:20:00,7241,7247,random,test,46.234,40.585075,-5.648924621582033
5729,5753,2022-10-26 19:12:00,5747,5753,random,test,36.617,36.23702,-0.3799814147949192
12116,12170,2023-02-07 17:07:00,12164,12170,random,test,55.379,54.734966,-0.6440337219238259
17279,17369,2024-03-01 18:32:00,17363,17369,random,test,60.01548924,59.02656,-0.988927502939454
19020,19116,2024-03-02 19:48:00,19110,19116,random,test,51.02060694,57.613457,6.592849786074218
13789,13849,2023-02-08 17:43:00,13843,13849,random,test,54.199,53.33761,-0.8613916625976543
326,332,2022-10-22 18:33:00,326,332,random,test,42.753,40.969074,-1.783925750732422
23591,23705,2024-07-05 11:32:30,23699,23705,random,test,22.1069483557516,29.621384,7.514435311240586
5708,5732,2022-10-26 19:10:00,5726,5732,random,test,45.054,42.679237,-2.374762634277346
23753,23867,2024-07-05 11:55:15,23861,23867,random,test,21.7623113377516,25.86232,4.100008608537461
6453,6477,2022-10-26 20:37:00,6471,6477,random,test,54.081,54.548058,0.4670575561523407
349,355,2022-10-22 18:35:00,349,355,random,test,36.735,37.42567,0.6906706237792974
1687,1693,2022-10-22 20:57:00,1687,1693,random,test,36.204,30.576408,-5.627591613769532
11497,11545,2023-02-06 18:18:00,11539,11545,random,test,99.865,104.3176,4.45259643554688
23209,23323,2024-07-05 10:31:55,23317,23323,random,test,24.8640444997516,31.110672,6.246627497318713
2210,2222,2022-10-24 18:47:00,2216,2222,random,test,98.095,70.590164,-27.504835815429686
10911,10959,2023-02-06 17:05:00,10953,10959,random,test,60.276,53.532898,-6.743102050781253
14143,14203,2023-02-08 18:34:00,14197,14203,random,test,84.761,93.75035,8.989350952148442
688,694,2022-10-22 19:10:00,688,694,random,test,38.328,35.80605,-2.521950653076175
8993,9029,2023-01-30 19:32:00,9023,9029,random,test,32.546,35.59821,3.0522093811035163
13608,13668,2023-02-08 17:21:00,13662,13668,random,test,38.977,50.223454,11.246453521728519
9129,9171,2023-02-01 17:12:00,9165,9171,random,test,60.099,63.384617,3.285616851806644
13348,13408,2023-02-08 16:48:00,13402,13408,random,test,42.635,54.361984,11.72698425292969
17439,17529,2024-03-01 18:56:00,17523,17529,random,test,85.69653,128.7949,43.09837661621094
23612,23726,2024-07-05 11:35:25,23720,23726,random,test,30.9526318177516,43.837364,12.884732379025742
17647,17737,2024-03-01 19:27:00,17731,17737,random,test,49.84736142,49.846565,-0.0007961734179673385
18829,18925,2024-03-02 19:18:00,18919,18925,random,test,57.79935882,63.366505,5.567145849189451
23255,23369,2024-07-05 10:38:30,23363,23369,random,test,24.7491654937516,59.569664,34.82049850771324
17676,17766,2024-03-01 19:31:00,17760,17766,random,test,53.10637675,48.5279,-4.578476054199221
22855,22969,2024-07-05 09:40:45,22963,22969,random,test,19.5796102237516,17.56947,-2.010140771847304
13783,13843,2023-02-08 17:42:00,13837,13843,random,test,49.774,56.721306,6.947305847167968
16974,17064,2024-03-01 17:48:00,17058,17064,random,test,51.93313123,50.95851,-0.9746198774609383
12412,12466,2023-02-07 17:46:00,12460,12466,random,test,46.824,40.300774,-6.523226379394529
16637,16721,2023-12-29 16:16:27,16715,16721,random,test,80.8731873185724,86.05421,5.181019529572126
11804,11852,2023-02-06 18:56:00,11846,11852,random,test,33.549,34.910812,1.361812377929688
22466,22574,2024-03-06 19:34:00,22568,22574,random,test,53.36709798,54.976246,1.6091479001269562
2766,2778,2022-10-24 19:42:00,2772,2778,random,test,99.983,99.32822,-0.6547834472656291
16739,16823,2023-12-29 16:30:16,16817,16823,random,test,88.4341028725724,83.00563,-5.428472379408333
16847,16937,2024-03-01 17:29:00,16931,16937,random,test,65.09955315,68.9238,3.8242444574218695
1527,1533,2022-10-22 20:39:00,1527,1533,random,test,44.523,41.20313,-3.3198711853027376
10743,10791,2023-02-06 16:42:00,10785,10791,random,test,91.9,100.68797,8.787973022460932
23633,23747,2024-07-05 11:38:25,23741,23747,random,test,14.6398129657516,22.896862,8.257049064277696
18896,18992,2024-03-02 19:29:00,18986,18992,random,test,56.88683453,59.184315,2.2974801977832016
10563,10611,2023-02-06 16:20:00,10605,10611,random,test,39.272,43.953804,4.681804016113283
7839,7875,2023-01-30 17:06:00,7869,7875,random,test,39.39,40.544357,1.154357299804687
9635,9677,2023-02-01 18:13:00,9671,9677,random,test,54.435,58.327896,3.8928961181640602
4211,4229,2022-10-25 19:32:00,4223,4229,random,test,45.231,46.61666,1.385661071777342
25498,25618,2024-07-09 11:08:45,25612,25618,random,test,71.3900419297516,56.88623,-14.503811461001604
26043,26163,2024-07-09 15:53:40,26157,26163,random,test,96.0890282197516,87.67465,-8.414376120142222
12557,12611,2023-02-07 18:04:00,12605,12611,random,test,30.953,34.632843,3.6798430175781256
11291,11339,2023-02-06 17:52:00,11333,11339,random,test,112.845,115.54749,2.7024929809570324
9971,10013,2023-02-01 19:00:00,10007,10013,random,test,64.17,68.954216,4.784216003417967
10877,10925,2023-02-06 17:01:00,10919,10925,random,test,60.158,62.315727,2.1577272338867175
3200,3212,2022-10-24 20:26:00,3206,3212,random,test,123.996,133.66342,9.66742163085938
19294,19396,2024-03-03 12:34:00,19390,19396,random,test,84.91436632,82.20643,-2.707937792167968
3064,3076,2022-10-24 20:13:00,3070,3076,random,test,203.646,201.64706,-1.9989357910156116
25904,26024,2024-07-09 15:14:15,26018,26024,random,test,24.2896494697516,23.51963,-0.7700190376226921
3745,3763,2022-10-25 18:42:00,3757,3763,random,test,40.334,40.297623,-0.03637731933594068
4877,4901,2022-10-26 17:38:00,4895,4901,random,test,32.487,38.170464,5.683463562011717
14860,14926,2023-12-21 10:09:59,14920,14926,random,test,115.679470989572,103.83216,-11.847310039864965
12389,12443,2023-02-07 17:43:00,12437,12443,random,test,34.493,37.2582,2.7652015991210916
6891,6921,2023-01-28 17:37:00,6915,6921,random,test,33.431,38.38243,4.95143103027344
10841,10889,2023-02-06 16:56:00,10883,10889,random,test,62.754,58.608948,-4.145052246093748
6545,6569,2022-10-26 20:46:00,6563,6569,random,test,49.243,49.321915,0.0789146728515604
20194,20296,2024-03-03 15:26:00,20290,20296,random,test,54.14926165,57.69412,3.5448568497558597
4148,4166,2022-10-25 19:25:00,4160,4166,random,test,59.745,62.661304,2.9163044738769557
20906,21008,2024-03-03 17:18:00,21002,21008,random,test,70.57469889,77.77977,7.205071007460944
22469,22577,2024-03-06 19:35:00,22571,22577,random,test,54.01890104,52.913025,-1.105876137656253
15397,15469,2023-12-22 09:35:26,15463,15469,random,test,114.897307311572,93.29337,-21.60393420366185
21753,21861,2024-03-06 17:49:00,21855,21861,random,test,194.6779894,158.27621,-36.401774800390626
22916,23030,2024-07-05 09:49:50,23024,23030,random,test,16.0183610377516,18.88226,2.8638983311448847
16153,16231,2023-12-23 08:27:43,16225,16231,random,test,267.419224521572,272.8733,5.454066494052995
7375,7405,2023-01-28 18:44:00,7399,7405,random,test,39.508,42.919945,3.411944763183591
22242,22350,2024-03-06 19:02:00,22344,22350,random,test,52.06349185,49.46295,-2.6005401898437484
8925,8961,2023-01-30 19:24:00,8955,8961,random,test,35.555,38.082676,2.527675933837891
1433,1439,2022-10-22 20:31:00,1433,1439,random,test,41.868,42.695114,0.8271141357421854
16190,16268,2023-12-23 08:35:30,16262,16268,random,test,258.424342224572,278.7129,20.288548400428
6715,6745,2023-01-28 17:15:00,6739,6745,random,test,35.909,35.759277,-0.14972265624999892
23665,23779,2024-07-05 11:42:55,23773,23779,random,test,22.4515853737516,30.25935,7.807764449246449
23588,23702,2024-07-05 11:32:05,23696,23702,random,test,21.0730373017516,28.909645,7.836607778814805
8477,8513,2023-01-30 18:25:00,8507,8513,random,test,65.586,53.629715,-11.956285034179686
11405,11453,2023-02-06 18:05:00,11447,11453,random,test,51.308,52.134663,0.8266626281738283
4884,4908,2022-10-26 17:38:00,4902,4908,random,test,30.894,32.240425,1.346425109863283
7502,7532,2023-01-28 19:00:00,7526,7532,random,test,41.101,48.222942,7.121942352294923
21521,21629,2024-03-06 17:14:00,21623,21629,random,test,61.31909537,63.57276,2.253666165644532
22644,22752,2024-03-06 20:00:00,22746,22752,random,test,50.49916449,52.469246,1.970081420644533
25337,25457,2024-07-09 10:45:00,25451,25457,random,test,84.6011276197516,67.93383,-16.667297358521125
5500,5524,2022-10-26 18:49:00,5518,5524,random,test,33.49,39.168472,5.6784722900390605
19832,19934,2024-03-03 13:56:00,19928,19934,random,test,109.5525222,107.52314,-2.0293822463867173
18011,18107,2024-03-02 17:16:00,18101,18107,random,test,68.22820786,54.52389,-13.704316411025388
3922,3940,2022-10-25 19:02:00,3934,3940,random,test,44.169,49.638466,5.469465881347659
24606,24720,2024-07-05 17:28:45,24714,24720,random,test,17.8564251337516,23.956577,6.100152167273791
18582,18678,2024-03-02 18:41:00,18672,18678,random,test,61.18873476,67.53368,6.344949016855466
3739,3757,2022-10-25 18:41:00,3751,3757,random,test,39.449,40.05986,0.6108602294921894
18600,18696,2024-03-02 18:43:00,18690,18696,random,test,57.01719514,61.195,4.17780455482422
13845,13905,2023-02-08 17:51:00,13899,13905,random,test,117.919,106.86635,-11.052651733398434
22943,23057,2024-07-05 09:53:55,23051,23057,random,test,16.9373930857516,20.110794,3.173400981631211
17792,17882,2024-03-01 19:48:00,17876,17882,random,test,49.84736142,45.970406,-3.8769558413867173
7467,7497,2023-01-28 18:55:00,7491,7497,random,test,79.864,61.940304,-17.92369619750977
9485,9527,2023-02-01 17:56:00,9521,9527,random,test,57.798,58.33255,0.5345500488281232
742,748,2022-10-22 19:16:00,742,748,random,test,54.848,48.317314,-6.53068585205078
7747,7777,2023-01-28 19:35:00,7771,7777,random,test,56.677,56.969147,0.2921467285156254
7739,7769,2023-01-28 19:34:00,7763,7769,random,test,49.125,47.102066,-2.0229339599609375
15484,15556,2023-12-22 09:47:52,15550,15556,random,test,176.297156034572,169.02464,-7.27251309023606
22827,22941,2024-07-05 09:35:55,22935,22941,random,test,18.3159411577516,23.401852,5.0859104963011355
13792,13852,2023-02-08 17:43:00,13846,13852,random,test,76.973,83.64405,6.671050598144532
26112,26232,2024-07-09 16:08:10,26226,26232,random,test,111.942331047752,131.13599,19.193655280372994
12284,12338,2023-02-07 17:28:00,12332,12338,random,test,47.591,48.63186,1.0408588256835927
24848,24968,2024-07-09 09:29:40,24962,24968,random,test,24.5194074817516,23.42889,-1.0905172534801153
2710,2722,2022-10-24 19:36:00,2716,2722,random,test,123.996,130.75722,6.761217407226567
22200,22308,2024-03-06 18:57:00,22302,22308,random,test,63.14414395,62.664692,-0.479452024951172
13208,13262,2023-02-07 19:29:00,13256,13262,random,test,43.874,44.28588,0.4118810424804664
2684,2696,2022-10-24 19:33:00,2690,2696,random,test,128.48,136.9797,8.499705810546885
1393,1399,2022-10-22 20:27:00,1393,1399,random,test,32.074,35.578117,3.5041173706054707
18072,18168,2024-03-02 17:25:00,18162,18168,random,test,39.41851238,37.172417,-2.246095692988284
6672,6696,2022-10-26 20:58:00,6690,6696,random,test,47.06,44.84314,-2.2168603515625023
2534,2546,2022-10-24 19:19:00,2540,2546,random,test,221.7,237.08356,15.383557128906261
24134,24248,2024-07-05 15:52:35,24242,24248,random,test,42.4405324177516,22.275902,-20.164630623318004
16595,16679,2023-12-29 16:10:49,16673,16679,random,test,85.0447269345724,82.85826,-2.186465826173958
22273,22381,2024-03-06 19:07:00,22375,22381,random,test,45.80618242,43.258743,-2.5474391338671865
15110,15176,2023-12-21 11:09:23,15170,15176,random,test,114.766946698572,103.567154,-11.199792767907937
8187,8223,2023-01-30 17:47:00,8217,8223,random,test,48.948,49.229244,0.281244232177734
9975,10017,2023-02-01 19:01:00,10011,10017,random,test,60.866,65.24827,4.382268127441407
5099,5123,2022-10-26 17:59:00,5117,5123,random,test,30.54,35.61753,5.077530822753907
11960,12014,2023-02-07 16:47:00,12008,12014,random,test,41.16,39.522446,-1.637554321289059
9688,9730,2023-02-01 18:20:00,9724,9730,random,test,58.683,61.12979,2.446791259765625
10577,10625,2023-02-06 16:22:00,10619,10625,random,test,71.368,80.986946,9.618946105957036
20704,20806,2024-03-03 16:45:00,20800,20806,random,test,106.8149493,125.361404,18.546455118945318
907,913,2022-10-22 19:34:00,907,913,random,test,40.57,39.840576,-0.7294238281250003
22869,22983,2024-07-05 09:42:45,22977,22983,random,test,16.5927560677516,21.151096,4.558340276242539
15593,15665,2023-12-22 10:03:32,15659,15665,random,test,110.073964630572,95.28923,-14.784734283892305
25953,26073,2024-07-09 15:28:55,26067,26073,random,test,53.4689169937516,61.4923,8.023381132469105
7268,7298,2023-01-28 18:26:00,7292,7298,random,test,45.408,45.299767,-0.1082334594726575
13120,13174,2023-02-07 19:15:00,13168,13174,random,test,35.555,41.07047,5.515468902587891
3617,3635,2022-10-25 18:28:00,3629,3635,random,test,56.618,52.050762,-4.56723782348633
19734,19836,2024-03-03 13:40:00,19830,19836,random,test,81.91607222,82.419586,0.5035139616406212
9701,9743,2023-02-01 18:22:00,9737,9743,random,test,59.627,56.020412,-3.606587554931643
23812,23926,2024-07-05 12:04:00,23920,23926,random,test,25.3235605237516,31.045547,5.7219869615999635
5816,5840,2022-10-26 19:20:00,5834,5840,random,test,40.039,51.07007,11.031068359374999
11106,11154,2023-02-06 17:29:00,11148,11154,random,test,73.256,72.30863,-0.947368103027344
17595,17685,2024-03-01 19:19:00,17679,17685,random,test,59.23332556,59.29912,0.06579629668945586
26332,26452,2024-07-09 17:16:35,26446,26452,random,test,27.6211406437516,33.035717,5.414576366746449
25697,25817,2024-07-09 12:06:45,25811,25817,random,test,71.0454049117516,62.196312,-8.84909296106801
25521,25641,2024-07-09 11:13:35,25635,25641,random,test,42.4405324177516,57.642395,15.201862601779652
4981,5005,2022-10-26 17:48:00,4999,5005,random,test,32.959,37.425873,4.466872802734372
11320,11368,2023-02-06 17:55:00,11362,11368,random,test,76.855,78.29231,1.4373126220703085
2727,2739,2022-10-24 19:38:00,2733,2739,random,test,159.632,177.38676,17.754764526367182
17038,17128,2024-03-01 17:57:00,17122,17128,random,test,50.6295251,49.108383,-1.5211419212890647
8227,8263,2023-01-30 17:52:00,8257,8263,random,test,51.78,59.04821,7.268210144042968
13059,13113,2023-02-07 19:06:00,13107,13113,random,test,42.34,46.275185,3.935184631347653
25541,25661,2024-07-09 11:18:05,25655,25661,random,test,28.9996887157516,44.79764,15.797953038398791
10708,10756,2023-02-06 16:38:00,10750,10756,random,test,38.977,41.812393,2.8353931884765657
22564,22672,2024-03-06 19:49:00,22666,22672,random,test,63.53522579,54.264915,-9.270310323691405
14931,14997,2023-12-21 10:32:20,14991,14997,random,test,195.851247984572,231.02881,35.17756060917799
22878,22992,2024-07-05 09:44:05,22986,22992,random,test,17.9713041397516,23.09933,5.128026762348011
26003,26123,2024-07-09 15:47:35,26117,26123,random,test,160.995655121851,179.22371,18.22805398459431
8020,8056,2023-01-30 17:28:00,8050,8056,random,test,51.249,44.831635,-6.417365478515627
2412,2424,2022-10-24 19:08:00,2418,2424,random,test,65.881,59.453876,-6.427123504638672
7930,7966,2023-01-30 17:17:00,7960,7966,random,test,51.367,50.18292,-1.184081451416013
24176,24290,2024-07-05 16:15:25,24284,24290,random,test,37.9602511837516,40.019913,2.0596615359749606
14002,14062,2023-02-08 18:15:00,14056,14062,random,test,70.896,92.91984,22.023837951660155
3274,3286,2022-10-24 20:33:00,3280,3286,random,test,196.979,194.71283,-2.2661704101562634
21970,22078,2024-03-06 18:22:00,22072,22078,random,test,57.40827698,60.25993,2.8516526769824253
9242,9284,2023-02-01 17:25:00,9278,9284,random,test,54.789,54.0088,-0.7801994934082046
2425,2437,2022-10-24 19:09:00,2431,2437,random,test,109.128,101.680786,-7.4472138671875
18533,18629,2024-03-02 18:33:00,18623,18629,random,test,43.32933077,43.596844,0.2675129494824233
24269,24383,2024-07-05 16:30:25,24377,24383,random,test,24.0598914577516,25.862617,1.8027260349241807
24927,25047,2024-07-09 09:44:05,25041,25047,random,test,33.3650909437516,27.418804,-5.946286775050432
15028,15094,2023-12-21 10:49:30,15088,15094,random,test,115.027667924572,121.514084,6.486415937732687
5466,5490,2022-10-26 18:35:00,5484,5490,random,test,48.476,49.93838,1.4623811950683603
12301,12355,2023-02-07 17:30:00,12349,12355,random,test,48.594,47.080235,-1.5137654724121106
6241,6265,2022-10-26 20:11:00,6259,6265,random,test,96.089,97.96936,1.8803603515625014
25997,26117,2024-07-09 15:46:45,26111,26117,random,test,76.9042342177516,105.38089,28.47665567482653
21955,22063,2024-03-06 18:20:00,22057,22063,random,test,50.49916449,54.284397,3.7852326352441423
8857,8893,2023-01-30 19:16:00,8887,8893,random,test,49.243,47.801468,-1.4415321044921896
16597,16681,2023-12-29 16:11:05,16675,16681,random,test,80.4821054795724,80.98739,0.5052831312674471
19072,19168,2024-03-02 19:56:00,19162,19168,random,test,65.36027437,61.213066,-4.14720826892578
2873,2885,2022-10-24 19:52:00,2879,2885,random,test,228.485,221.17465,-7.310347900390639
10436,10484,2023-02-06 16:04:00,10478,10484,random,test,63.167,54.9803,-8.186699096679689
3315,3327,2022-10-24 20:37:00,3321,3327,random,test,153.437,164.55762,11.120617187499988
10333,10375,2023-02-01 19:50:00,10369,10375,random,test,66.471,67.956985,1.4859854736328089
606,612,2022-10-22 19:01:00,606,612,random,test,50.895,44.648857,-6.246142883300784
4744,4768,2022-10-26 17:25:00,4762,4768,random,test,24.345,32.1043,7.75930145263672
16697,16781,2023-12-29 16:24:33,16775,16781,random,test,91.3020363585724,88.5937,-2.708339764334113
22479,22587,2024-03-06 19:36:00,22581,22587,random,test,129.3673354,131.26758,1.9002427249999982
856,862,2022-10-22 19:29:00,856,862,random,test,45.644,47.974216,2.3302164611816423
1926,1938,2022-10-24 18:20:00,1932,1938,random,test,67.651,63.88436,-3.7666387329101525
22178,22286,2024-03-06 18:53:00,22280,22286,random,test,54.01890104,54.724937,0.7060363989648408
23861,23975,2024-07-05 12:14:55,23969,23975,random,test,33.2502119377516,30.85455,-2.3956625297926166
18674,18770,2024-03-02 18:55:00,18764,18770,random,test,83.08931774,71.27816,-11.811157644785155
17652,17742,2024-03-01 19:27:00,17736,17742,random,test,53.49745859,52.042374,-1.4550849327734383
17135,17225,2024-03-01 18:12:00,17219,17225,random,test,48.93483713,48.995224,0.06038686902343926
4293,4311,2022-10-25 19:41:00,4305,4311,random,test,56.559,50.425865,-6.133134826660154
13211,13265,2023-02-07 19:29:00,13259,13265,random,test,43.107,45.79136,2.684358947753907
9520,9562,2023-02-01 18:00:00,9556,9562,random,test,51.78,55.19268,3.4126803588867176
44,50,2022-10-22 18:04:00,44,50,random,test,28.829,30.248245,1.4192452392578119
2812,2824,2022-10-24 19:46:00,2818,2824,random,test,125.943,123.031784,-2.9112159423828103
16581,16665,2023-12-29 16:08:55,16659,16665,random,test,92.3449212625724,91.81511,-0.5298120096427112
8449,8485,2023-01-30 18:21:00,8479,8485,random,test,47.886,50.517403,2.6314026489257785
13432,13492,2023-02-08 16:58:00,13486,13492,random,test,38.682,38.539635,-0.1423652954101584
11965,12019,2023-02-07 16:48:00,12013,12019,random,test,38.505,39.97838,1.473378295898435
18699,18795,2024-03-02 18:59:00,18789,18795,random,test,50.6295251,47.97388,-2.6556443321777365
10300,10342,2023-02-01 19:46:00,10336,10342,random,test,70.365,68.18211,-2.1828863525390574
18823,18919,2024-03-02 19:17:00,18913,18919,random,test,49.84736142,54.04029,4.192929412519533
585,591,2022-10-22 18:58:00,585,591,random,test,48.476,42.45935,-6.016649414062499
16403,16481,2023-12-23 09:37:32,16475,16481,random,test,229.614646751572,232.12778,2.513130348037379
22434,22542,2024-03-06 19:30:00,22536,22542,random,test,53.36709798,51.906406,-1.4606915774121063
15353,15425,2023-12-22 09:28:48,15419,15425,random,test,134.060317422572,138.8416,4.781281088170175
200,206,2022-10-22 18:21:00,200,206,random,test,35.555,34.179684,-1.3753163146972653
15266,15338,2023-12-22 09:16:26,15332,15338,random,test,177.209680325572,181.89647,4.6867887906389285
2051,2063,2022-10-24 18:33:00,2057,2063,random,test,50.6,50.323463,-0.27653656005859517
14625,14691,2023-12-21 09:22:34,14685,14691,random,test,136.667529682572,131.23917,-5.42836342280637
26506,26626,2024-07-09 17:48:45,26620,26626,random,test,63.8080275337516,60.554043,-3.253984717589489
10290,10332,2023-02-01 19:45:00,10326,10332,random,test,67.061,69.35863,2.2976273193359305
24636,24750,2024-07-05 17:33:10,24744,24750,random,test,24.5194074817516,27.301693,2.7822854808948847
3533,3551,2022-10-25 18:18:00,3545,3551,random,test,29.36,32.198887,2.838886871337891
12148,12202,2023-02-07 17:10:00,12196,12202,random,test,43.756,48.99516,5.239159149169922
17561,17651,2024-03-01 19:14:00,17645,17651,random,test,51.02060694,54.376297,3.355690057070312
2264,2276,2022-10-24 18:52:00,2270,2276,random,test,68.359,64.396416,-3.962584289550776
1232,1238,2022-10-22 20:11:00,1232,1238,random,test,67.71,66.03136,-1.6786431884765562
13513,13573,2023-02-08 17:09:00,13567,13573,random,test,38.328,42.83249,4.504489013671872
17405,17495,2024-03-01 18:51:00,17489,17495,random,test,60.6672923,61.388885,0.7215931980468753
9897,9939,2023-02-01 18:51:00,9933,9939,random,test,62.164,67.50048,5.336480651855467
12214,12268,2023-02-07 17:20:00,12262,12268,random,test,45.29,47.580986,2.2909860229492196
22862,22976,2024-07-05 09:41:45,22970,22976,random,test,18.5456991697516,21.997326,3.4516267274651966
10366,10408,2023-02-01 19:54:00,10402,10408,random,test,66.766,66.77083,0.004828247070307157
7552,7582,2023-01-28 19:10:00,7576,7582,random,test,39.036,65.05139,26.0153916015625
16486,16570,2023-12-29 15:54:53,16564,16570,random,test,79.1784993495724,75.21278,-3.9657155360958427
24674,24788,2024-07-05 17:38:35,24782,24788,random,test,19.2349732057516,24.637455,5.402481780820665
18318,18414,2024-03-02 18:01:00,18408,18414,random,test,52.5849343,52.36102,-0.2239151654785161
15437,15509,2023-12-22 09:41:07,15503,15509,random,test,107.075670531572,114.638466,7.562795349775655
20461,20563,2024-03-03 16:05:00,20557,20563,random,test,52.5849343,54.178814,1.5938796343261714
25992,26112,2024-07-09 15:46:00,26106,26112,random,test,102.752010567752,37.769836,-64.98217414197075
21759,21867,2024-03-06 17:52:00,21861,21867,random,test,69.40145337,75.25137,5.849919921015626
8842,8878,2023-01-30 19:14:00,8872,8878,random,test,69.008,67.03875,-1.9692503051757768
19451,19553,2024-03-03 12:57:00,19547,19553,random,test,72.53010809,71.9029,-0.6272073941992176
23427,23541,2024-07-05 11:04:55,23535,23541,random,test,45.8869025977516,46.49902,0.6121170250511341
19088,19184,2024-03-02 19:58:00,19178,19184,random,test,64.70847131,58.453815,-6.254655849794915
1065,1071,2022-10-22 19:50:00,1065,1071,random,test,57.798,53.334034,-4.463966033935549
20326,20428,2024-03-03 15:45:00,20422,20428,random,test,82.43751467,73.69895,-8.738562948808593
23421,23535,2024-07-05 11:03:55,23529,23535,random,test,39.6834362737516,31.556282,-8.127154230294572
17555,17645,2024-03-01 19:13:00,17639,17645,random,test,57.27791637,58.194942,0.9170261043652346
14068,14128,2023-02-08 18:24:00,14122,14128,random,test,55.615,58.53598,2.920980224609373
21135,21243,2024-03-06 16:18:00,21237,21243,random,test,84.26256326,90.30262,6.040056674082038
22719,22833,2024-07-05 09:15:55,22827,22833,random,test,15.4439660077516,18.606037,3.1620711321409782
833,839,2022-10-22 19:27:00,833,839,random,test,35.791,34.557777,-1.2332225952148406
17960,18056,2024-03-02 17:09:00,18050,18056,random,test,57.6689982,55.087536,-2.5814623418457003
18594,18690,2024-03-02 18:42:00,18684,18690,random,test,69.01037154,75.434395,6.424023296425787
22524,22632,2024-03-06 19:43:00,22626,22632,random,test,50.49916449,52.059875,1.5607109982812517
16454,16538,2023-12-29 15:48:53,16532,16538,random,test,147.357099948572,122.87424,-24.482862888025124
3073,3085,2022-10-24 20:14:00,3079,3085,random,test,266.481,276.49,10.008990234375005
13480,13540,2023-02-08 17:05:00,13534,13540,random,test,32.369,34.129784,1.760783630371094
4702,4726,2022-10-26 17:21:00,4720,4726,random,test,25.407,28.035328,2.628327911376953
14216,14276,2023-02-08 18:44:00,14270,14276,random,test,41.396,43.064713,1.6687125244140617
5449,5473,2022-10-26 18:33:00,5467,5473,random,test,45.408,47.98382,2.575821868896483
15760,15832,2023-12-22 10:27:22,15826,15832,random,test,126.760123094572,129.1619,2.40177265738113
10953,11001,2023-02-06 17:10:00,10995,11001,random,test,42.045,40.486534,-1.558465881347658
8899,8935,2023-01-30 19:21:00,8929,8935,random,test,51.249,51.215866,-0.03313391113281483
25095,25215,2024-07-09 10:08:30,25209,25215,random,test,46.0017816037516,53.75556,7.7537802248616785
69,75,2022-10-22 18:07:00,69,75,random,test,25.466,30.48248,5.016479095458983
14965,15031,2023-12-21 10:40:15,15025,15031,random,test,130.540580871572,118.855545,-11.685035827626677
16425,16509,2023-12-29 15:31:28,16503,16509,random,test,94.6914122965724,91.54817,-3.1432402995020823
9976,10018,2023-02-01 19:01:00,10012,10018,random,test,60.335,63.996395,3.6613951110839835
20800,20902,2024-03-03 17:02:00,20896,20902,random,test,97.29862456,95.29739,-2.0012307611718683
5671,5695,2022-10-26 19:06:00,5689,5695,random,test,78.861,78.163765,-0.697235046386723
17918,18014,2024-03-02 17:03:00,18008,18014,random,test,36.28985767,42.25161,5.96175213224609
9051,9087,2023-01-30 19:39:00,9081,9087,random,test,38.505,43.300865,4.795865173339841
227,233,2022-10-22 18:23:00,227,233,random,test,28.239,30.26537,2.0263694152832024
9358,9400,2023-02-01 17:39:00,9394,9400,random,test,55.497,57.860832,2.363832214355469
16089,16167,2023-12-23 08:09:24,16161,16167,random,test,295.968211804634,284.63742,-11.33079115033712
7072,7102,2023-01-28 18:00:00,7096,7102,random,test,54.612,53.141075,-1.4709248657226581
5221,5245,2022-10-26 18:11:00,5239,5245,random,test,37.207,36.927208,-0.279792053222657
5676,5700,2022-10-26 19:06:00,5694,5700,random,test,85.646,82.73552,-2.9104805908203133
1812,1824,2022-10-24 18:09:00,1818,1824,random,test,48.948,52.807297,3.859296752929687
383,389,2022-10-22 18:39:00,383,389,random,test,44.169,47.044655,2.8756548461914093
11202,11250,2023-02-06 17:40:00,11244,11250,random,test,49.656,82.87118,33.215177673339845
729,735,2022-10-22 19:14:00,729,735,random,test,50.659,54.536083,3.877083221435548
313,319,2022-10-22 18:32:00,313,319,random,test,35.142,31.867123,-3.2748773498535186
10279,10321,2023-02-01 19:43:00,10315,10321,random,test,65.468,64.60059,-0.8674064331054723
10260,10302,2023-02-01 19:41:00,10296,10302,random,test,63.993,61.20499,-2.7880096130371115
15354,15426,2023-12-22 09:28:57,15420,15426,random,test,133.538874970572,139.4118,5.87292922864674
6604,6628,2022-10-26 20:52:00,6622,6628,random,test,41.632,40.529068,-1.1029320068359354
19485,19587,2024-03-03 13:02:00,19581,19587,random,test,61.44945598,66.46133,5.01187061912109
3059,3071,2022-10-24 20:12:00,3065,3071,random,test,199.457,195.75261,-3.704390747070306
13950,14010,2023-02-08 18:09:00,14004,14010,random,test,44.11,41.064102,-3.045897827148437
7923,7959,2023-01-30 17:16:00,7953,7959,random,test,41.278,41.39811,0.12010943603515756
14416,14476,2023-02-08 19:08:00,14470,14476,random,test,59.509,54.654896,-4.854104217529297
4044,4062,2022-10-25 19:16:00,4056,4062,random,test,42.93,45.62107,2.6910708618164065
6188,6212,2022-10-26 20:05:00,6206,6212,random,test,61.574,72.229645,10.655644775390627
13887,13947,2023-02-08 17:58:00,13941,13947,random,test,60.453,57.714676,-2.7383240966796905
13042,13096,2023-02-07 19:04:00,13090,13096,random,test,39.095,42.748043,3.6530430603027355
7294,7324,2023-01-28 18:29:00,7318,7324,random,test,78.212,48.795876,-29.416124450683597
16321,16399,2023-12-23 09:18:14,16393,16399,random,test,239.000597851511,232.01146,-6.9891385009250655
19160,19256,2024-03-02 20:09:00,19250,19256,random,test,46.45798549,49.566086,3.108100325429689
2897,2909,2022-10-24 19:56:00,2903,2909,random,test,256.215,243.6096,-12.605396118164037
12170,12224,2023-02-07 17:13:00,12218,12224,random,test,47.178,48.54266,1.364659759521487
15967,16039,2023-12-22 10:57:29,16033,16039,random,test,134.060317422572,126.778946,-7.28137149972045
725,731,2022-10-22 19:14:00,725,731,random,test,59.922,51.142673,-8.779326507568356
6151,6175,2022-10-26 20:01:00,6169,6175,random,test,79.274,75.07978,-4.19421942138672
4405,4423,2022-10-25 19:53:00,4417,4423,random,test,45.113,44.570713,-0.5422869567871089
15447,15519,2023-12-22 09:42:39,15513,15519,random,test,122.718944091572,118.10773,-4.6112170407907485
4421,4439,2022-10-25 19:54:00,4433,4439,random,test,44.11,41.51893,-2.591071472167968
18085,18181,2024-03-02 17:27:00,18175,18181,random,test,45.80618242,49.700485,3.8943028094921885
18463,18559,2024-03-02 18:23:00,18553,18559,random,test,43.85077323,66.56915,22.71837960203125
24873,24993,2024-07-09 09:33:15,24987,24993,random,test,22.1069483557516,26.222454,4.11550571529332
10818,10866,2023-02-06 16:53:00,10860,10866,random,test,88.773,73.10028,-15.672719238281246
15176,15242,2023-12-21 11:24:01,15236,15242,random,test,110.856128308572,113.75311,2.8969844843967536
14410,14470,2023-02-08 19:08:00,14464,14470,random,test,43.52,50.537197,7.017197113037106
14795,14861,2023-12-21 10:00:03,14855,14861,random,test,88.4341028725724,88.208405,-0.22569833155677088
7515,7545,2023-01-28 19:01:00,7539,7545,random,test,47.001,51.50096,4.49996130371094
7682,7712,2023-01-28 19:27:00,7706,7712,random,test,39.862,38.61856,-1.2434392089843769
10276,10318,2023-02-01 19:43:00,10312,10318,random,test,64.878,66.80387,1.9258711547851561
5050,5074,2022-10-26 17:54:00,5068,5074,random,test,43.225,42.63681,-0.5881896972656264
26146,26266,2024-07-09 16:14:50,26260,26266,random,test,161.110545615752,221.05249,59.94194461862301
11945,11999,2023-02-07 16:45:00,11993,11999,random,test,39.331,42.7946,3.4636014404296844
16338,16416,2023-12-23 09:20:40,16410,16416,random,test,223.618071589634,214.1363,-9.4817648269387
14753,14819,2023-12-21 09:48:14,14813,14819,random,test,159.089555118572,168.47086,9.381300594318617
17191,17281,2024-03-01 18:20:00,17275,17281,random,test,54.40998288,56.71765,2.307668487187499
6760,6790,2023-01-28 17:20:00,6784,6790,random,test,44.877,49.368427,4.491427276611326
21584,21692,2024-03-06 17:24:00,21686,21692,random,test,127.0208443,144.48102,17.460173766406257
13244,13304,2023-02-08 16:34:00,13298,13304,random,test,69.952,63.079487,-6.87251315307617
21751,21859,2024-03-06 17:49:00,21853,21859,random,test,124.4136321,148.03241,23.61877756796875
2782,2794,2022-10-24 19:43:00,2788,2794,random,test,115.795,115.73472,-0.060281677246095455
18946,19042,2024-03-02 19:37:00,19036,19042,random,test,57.92971943,56.78007,-1.1496481714550768
7070,7100,2023-01-28 18:00:00,7094,7100,random,test,47.532,48.580734,1.048734252929691
2512,2524,2022-10-24 19:17:00,2518,2524,random,test,219.163,208.58607,-10.576925170898448
24322,24436,2024-07-05 16:48:05,24430,24436,random,test,33.5948489557516,25.146366,-8.448482836366836
6020,6044,2022-10-26 19:42:00,6038,6044,random,test,45.172,46.23854,1.0665406494140655
22117,22225,2024-03-06 18:45:00,22219,22225,random,test,53.10637675,59.478462,6.372085469238279
6332,6356,2022-10-26 20:25:00,6350,6356,random,test,55.851,60.17338,4.322381805419923
12806,12860,2023-02-07 18:34:00,12854,12860,random,test,37.266,36.730637,-0.5353634033203107
54,60,2022-10-22 18:05:00,54,60,random,test,30.835,35.796497,4.961497344970702
15610,15682,2023-12-22 10:05:56,15676,15682,random,test,114.375864859572,112.71361,-1.6622570714860672
6400,6424,2022-10-26 20:32:00,6418,6424,random,test,65.468,69.512,4.044001037597653
3463,3481,2022-10-25 18:11:00,3475,3481,random,test,29.242,25.543324,-3.6986764831542978
24281,24395,2024-07-05 16:32:05,24389,24395,random,test,20.0391262477516,22.917751,2.8786250645042593
2847,2859,2022-10-24 19:49:00,2853,2859,random,test,161.225,176.887,15.66199340820313
14797,14863,2023-12-21 10:00:20,14857,14863,random,test,94.3003304575724,90.97492,-3.325408277396619
4771,4795,2022-10-26 17:28:00,4789,4795,random,test,30.481,33.13673,2.6557301940917952
4032,4050,2022-10-25 19:15:00,4044,4050,random,test,41.278,42.404503,1.126502868652345
7569,7599,2023-01-28 19:13:00,7593,7599,random,test,57.68,47.75502,-9.924979858398437
15059,15125,2023-12-21 11:02:18,15119,15125,random,test,137.710414586572,132.81953,-4.8908802848141875
21657,21765,2024-03-06 17:35:00,21759,21765,random,test,136.9282509,131.60631,-5.321942916601557
21811,21919,2024-03-06 17:59:00,21913,21919,random,test,49.06519775,58.394043,9.328845218749997
2859,2871,2022-10-24 19:50:00,2865,2871,random,test,164.824,171.10483,6.280827880859363
23424,23538,2024-07-05 11:04:30,23532,23538,random,test,38.3048882017516,44.01619,5.71130137344371
898,904,2022-10-22 19:33:00,898,904,random,test,34.493,33.575363,-0.9176368408203146
10381,10423,2023-02-01 19:56:00,10417,10423,random,test,70.483,70.17981,-0.3031904296875041
7359,7389,2023-01-28 18:38:00,7383,7389,random,test,48.417,46.857475,-1.5595247192382828
12441,12495,2023-02-07 17:50:00,12489,12495,random,test,35.85,43.47896,7.628958129882811
15162,15228,2023-12-21 11:22:08,15222,15228,random,test,96.6468214915724,95.40744,-1.2393813060255212
10918,10966,2023-02-06 17:06:00,10960,10966,random,test,63.403,54.559532,-8.843467834472655
12568,12622,2023-02-07 18:05:00,12616,12622,random,test,36.086,33.664303,-2.421697174072264
10560,10608,2023-02-06 16:20:00,10602,10608,random,test,42.104,45.2838,3.1797982177734383
3737,3755,2022-10-25 18:41:00,3749,3755,random,test,40.157,36.527534,-3.6294655151367152
4706,4730,2022-10-26 17:22:00,4724,4730,random,test,22.87,25.985119,3.115118865966796
25929,26049,2024-07-09 15:18:25,26043,26049,random,test,20.7284002837516,25.413326,4.684925979676134
8192,8228,2023-01-30 17:48:00,8222,8228,random,test,49.833,51.635983,1.802982513427736
25791,25911,2024-07-09 12:22:10,25905,25911,random,test,20.9581582957516,19.805954,-1.1522043162594109
8280,8316,2023-01-30 17:59:00,8310,8316,random,test,72.607,69.980446,-2.626554138183593
22146,22254,2024-03-06 18:49:00,22248,22254,random,test,60.79765292,53.359997,-7.4376561243457004
9033,9069,2023-01-30 19:37:00,9063,9069,random,test,42.753,42.88743,0.13442828369140614
14471,14531,2023-02-08 19:15:00,14525,14531,random,test,38.446,42.824448,4.3784476318359395
12562,12616,2023-02-07 18:05:00,12610,12616,random,test,34.965,35.024384,0.05938354492187159
17344,17434,2024-03-01 18:42:00,17428,17434,random,test,107.0756705,94.59242,-12.483248014648439
16572,16656,2023-12-29 16:07:40,16650,16656,random,test,113.332979955572,119.18564,5.852658472162375
7012,7042,2023-01-28 17:53:00,7036,7042,random,test,39.803,38.548775,-1.254225280761716
15742,15814,2023-12-22 10:24:51,15808,15814,random,test,127.020844320572,126.98405,-0.03679738453683967
10444,10492,2023-02-06 16:05:00,10486,10492,random,test,28.062,32.450672,4.388672149658202
21749,21857,2024-03-06 17:49:00,21851,21857,random,test,136.4068085,102.45327,-33.95353854150392
18367,18463,2024-03-02 18:08:00,18457,18463,random,test,43.72041261,39.473682,-4.246730206435544
8634,8670,2023-01-30 18:44:00,8664,8670,random,test,51.898,51.688084,-0.20991635131836262
8887,8923,2023-01-30 19:20:00,8917,8923,random,test,38.092,45.285538,7.193537719726564
16350,16428,2023-12-23 09:24:00,16422,16428,random,test,200.544217016511,210.6333,10.089083764739001
23380,23494,2024-07-05 10:58:05,23488,23494,random,test,23.9450124517516,28.532097,4.587084411041367
2095,2107,2022-10-24 18:37:00,2101,2107,random,test,85.233,74.02745,-11.205549438476567
20177,20279,2024-03-03 15:23:00,20273,20279,random,test,71.48722318,62.75123,-8.73599484748047
26053,26173,2024-07-09 15:55:25,26167,26173,random,test,192.242767729652,172.6899,-19.55287209976919
5657,5681,2022-10-26 19:04:00,5675,5681,random,test,62.341,57.484398,-4.856602111816407
9349,9391,2023-02-01 17:38:00,9385,9391,random,test,56.736,56.54117,-0.1948317871093721
2245,2257,2022-10-24 18:51:00,2251,2257,random,test,74.259,77.77788,3.518877807617187
8941,8977,2023-01-30 19:26:00,8971,8977,random,test,39.626,38.004738,-1.6212621459960914
18374,18470,2024-03-02 18:09:00,18464,18470,random,test,42.5471671,44.97974,2.4325730428222627
6646,6670,2022-10-26 20:56:00,6664,6670,random,test,44.7,46.625305,1.9253051757812472
1084,1090,2022-10-22 19:52:00,1084,1090,random,test,72.607,55.36,-17.246999389648437
6234,6258,2022-10-26 20:10:00,6252,6258,random,test,86.944,82.91341,-4.03059362792969
11032,11080,2023-02-06 17:20:00,11074,11080,random,test,95.263,98.32872,3.0657200927734323
25611,25731,2024-07-09 11:42:15,25725,25731,random,test,30.6079947997516,29.31424,-1.2937552977984765
12430,12484,2023-02-07 17:49:00,12478,12484,random,test,33.903,37.94173,4.038730499267579
5572,5596,2022-10-26 18:56:00,5590,5596,random,test,41.514,39.655495,-1.8585053100585966
5727,5751,2022-10-26 19:12:00,5745,5751,random,test,37.62,37.647163,0.027163391113283808
19753,19855,2024-03-03 13:44:00,19849,19855,random,test,60.6672923,60.7215,0.0542080967285159
25254,25374,2024-07-09 10:30:50,25368,25374,random,test,45.6571445857516,44.299538,-1.3576069270601963
26138,26258,2024-07-09 16:13:40,26252,26258,random,test,146.750669865752,141.7604,-4.990263371611377
4305,4323,2022-10-25 19:42:00,4317,4323,random,test,37.266,40.923172,3.6571719970703143
17819,17909,2024-03-01 19:52:00,17903,17909,random,test,46.5883461,62.478016,15.8896697996582
1880,1892,2022-10-24 18:16:00,1886,1892,random,test,39.98,41.435062,1.4550624084472688
13768,13828,2023-02-08 17:40:00,13822,13828,random,test,75.852,62.585842,-13.266157867431644
15603,15675,2023-12-22 10:04:57,15669,15675,random,test,127.020844320572,118.22838,-8.792466024673558
3921,3939,2022-10-25 19:02:00,3933,3939,random,test,43.874,47.499935,3.625935150146482
11233,11281,2023-02-06 17:44:00,11275,11281,random,test,74.967,69.96379,-5.003209106445311
2707,2719,2022-10-24 19:36:00,2713,2719,random,test,126.356,132.31848,5.9624814453125055
20464,20566,2024-03-03 16:05:00,20560,20566,random,test,52.45457368,51.086807,-1.3677664290234404
13649,13709,2023-02-08 17:25:00,13703,13709,random,test,51.131,46.779167,-4.3518328247070315
24254,24368,2024-07-05 16:27:40,24362,24368,random,test,23.7152544397516,23.422703,-0.2925516504449597
16668,16752,2023-12-29 16:20:39,16746,16752,random,test,93.7788880055724,93.70566,-0.0732300465880229
5332,5356,2022-10-26 18:22:00,5350,5356,random,test,61.102,54.846504,-6.2554957885742155
12461,12515,2023-02-07 17:53:00,12509,12515,random,test,30.54,35.85145,5.311451873779298
14276,14336,2023-02-08 18:51:00,14330,14336,random,test,67.592,67.40048,-0.19151782226562375
3302,3314,2022-10-24 20:36:00,3308,3314,random,test,172.14,180.61017,8.470168457031264
25464,25584,2024-07-09 11:04:05,25578,25584,random,test,46.3464186217516,43.233505,-3.1129133727281655
3974,3992,2022-10-25 19:07:00,3986,3992,random,test,38.564,38.036045,-0.5279549255371094
1328,1334,2022-10-22 20:21:00,1328,1334,random,test,43.874,47.72687,3.8528714904785133
18261,18357,2024-03-02 17:53:00,18351,18357,random,test,67.83712602,60.6594,-7.177725080058593
18636,18732,2024-03-02 18:50:00,18726,18732,random,test,41.89536403,43.826122,1.9307582539355437
1318,1324,2022-10-22 20:20:00,1318,1324,random,test,35.614,39.793945,4.179945312500003
1775,1787,2022-10-24 18:06:00,1781,1787,random,test,35.968,39.43922,3.4712204284667934
20918,21020,2024-03-03 17:19:00,21014,21020,random,test,79.30885996,93.28853,13.979668482382806
4774,4798,2022-10-26 17:28:00,4792,4798,random,test,28.475,30.678204,2.2032035827636705
23546,23660,2024-07-05 11:25:50,23654,23660,random,test,24.5194074817516,22.917725,-1.6016828723765997
9994,10036,2023-02-01 19:03:00,10030,10036,random,test,61.338,64.785,3.447003662109374
25878,25998,2024-07-09 15:10:35,25992,25998,random,test,31.6419058537516,30.065586,-1.576319763663708
3877,3895,2022-10-25 18:58:00,3889,3895,random,test,48.712,43.202835,-5.509164916992191
20367,20469,2024-03-03 15:51:00,20463,20469,random,test,67.83712602,61.70689,-6.130235913798828
2001,2013,2022-10-24 18:28:00,2007,2013,random,test,56.087,67.322716,11.23571575927734
18065,18161,2024-03-02 17:24:00,18155,18161,random,test,77.74453261,54.68566,-23.058871294082024
311,317,2022-10-22 18:32:00,311,317,random,test,32.782,28.246262,-4.535738403320309
11449,11497,2023-02-06 18:11:00,11491,11497,random,test,43.284,50.907307,7.623306671142579
57,63,2022-10-22 18:06:00,57,63,random,test,29.714,29.185436,-0.5285637512207018
1631,1637,2022-10-22 20:51:00,1631,1637,random,test,38.092,40.744114,2.652113922119142
10206,10248,2023-02-01 19:34:00,10242,10248,random,test,66.353,65.954575,-0.39842541503905693
17316,17406,2024-03-01 18:38:00,17400,17406,random,test,61.84053782,63.98228,2.1417429112011703
1534,1540,2022-10-22 20:40:00,1534,1540,random,test,43.697,39.640335,-4.05666491699219
15746,15818,2023-12-22 10:25:26,15812,15818,random,test,117.634880184572,127.374435,9.73955524023269
25344,25464,2024-07-09 10:47:30,25458,25464,random,test,25.2086815177516,32.177658,6.968976563303087
13677,13737,2023-02-08 17:29:00,13731,13737,random,test,36.44,41.861034,5.421034393310549
25566,25686,2024-07-09 11:27:30,25680,25686,random,test,58.5235932577516,40.70397,-17.81962139495863
22392,22500,2024-03-06 19:24:00,22494,22500,random,test,49.71700081,56.424526,6.7075254045996076
1280,1286,2022-10-22 20:16:00,1280,1286,random,test,43.107,39.629135,-3.477864868164062
12393,12447,2023-02-07 17:44:00,12441,12447,random,test,37.384,42.31968,4.935679260253906
24427,24541,2024-07-05 17:03:05,24535,24541,random,test,17.0522720917516,26.81984,9.767567385787462
5658,5682,2022-10-26 19:04:00,5676,5682,random,test,60.099,57.669636,-2.4293642272949185
12754,12808,2023-02-07 18:27:00,12802,12808,random,test,43.697,43.878624,0.18162396240234102
18905,19001,2024-03-02 19:31:00,18995,19001,random,test,53.75817981,56.476517,2.718336913632811
7536,7566,2023-01-28 19:04:00,7560,7566,random,test,50.718,64.78364,14.065638000488278
25991,26111,2024-07-09 15:45:50,26105,26111,random,test,99.3056403877516,38.219627,-61.0860130073805
4286,4304,2022-10-25 19:40:00,4298,4304,random,test,49.243,51.848427,2.605426818847654
884,890,2022-10-22 19:31:00,884,890,random,test,36.676,40.967846,4.291845916748045
5871,5895,2022-10-26 19:26:00,5889,5895,random,test,57.798,55.04348,-2.754520080566408
10501,10549,2023-02-06 16:12:00,10543,10549,random,test,115.205,71.88717,-43.317831115722655
13698,13758,2023-02-08 17:32:00,13752,13758,random,test,59.45,56.139717,-3.3102828979492216
15712,15784,2023-12-22 10:20:36,15778,15784,random,test,128.976253515572,137.55737,8.581119531302988
24589,24703,2024-07-05 17:26:15,24697,24703,random,test,38.7644042257516,44.597504,5.833099436357777
4226,4244,2022-10-25 19:34:00,4238,4244,random,test,65.881,63.99115,-1.8898500976562502
1862,1874,2022-10-24 18:14:00,1868,1874,random,test,34.198,37.880768,3.6827678222656246
11615,11663,2023-02-06 18:32:00,11657,11663,random,test,71.25,77.59217,6.342170715332031
21796,21904,2024-03-06 17:57:00,21898,21904,random,test,107.3363918,107.78128,0.44488871757812376
24151,24265,2024-07-05 15:56:05,24259,24265,random,test,22.4515853737516,24.416779,1.9651931907015268
2838,2850,2022-10-24 19:48:00,2844,2850,random,test,150.133,160.9365,10.803492919921865
735,741,2022-10-22 19:15:00,735,741,random,test,43.52,51.649807,8.129806976318356
10092,10134,2023-02-01 19:16:00,10128,10134,random,test,63.993,62.130966,-1.8620338134765646
12574,12628,2023-02-07 18:06:00,12622,12628,random,test,35.85,38.416557,2.5665573120117173
10870,10918,2023-02-06 17:00:00,10912,10918,random,test,39.213,42.98271,3.7697117919921865
6576,6600,2022-10-26 20:49:00,6594,6600,random,test,43.52,41.95545,-1.5645518493652375
19814,19916,2024-03-03 13:53:00,19910,19916,random,test,63.27450456,70.52581,7.251305681699222
17481,17571,2024-03-01 19:02:00,17565,17571,random,test,57.79935882,57.603085,-0.19627425579101754
10039,10081,2023-02-01 19:09:00,10075,10081,random,test,65.999,66.07012,0.07112176513672352
14192,14252,2023-02-08 18:41:00,14246,14252,random,test,58.329,60.58614,2.2571396789550775
10497,10545,2023-02-06 16:12:00,10539,10545,random,test,43.874,66.71912,22.845116210937498
20243,20345,2024-03-03 15:33:00,20339,20345,random,test,81.39462977,78.56909,-2.8255379731249946
2645,2657,2022-10-24 19:30:00,2651,2657,random,test,183.409,197.50385,14.094845214843758
12371,12425,2023-02-07 17:41:00,12419,12425,random,test,34.611,37.998642,3.3876419677734404
6830,6860,2023-01-28 17:29:00,6854,6860,random,test,33.195,38.17028,4.9752804565429685
11061,11109,2023-02-06 17:23:00,11103,11109,random,test,77.917,69.74278,-8.174217407226564
25713,25833,2024-07-09 12:09:00,25827,25833,random,test,73.1132270197516,55.733814,-17.379412780249652
7672,7702,2023-01-28 19:26:00,7696,7702,random,test,37.62,38.8244,1.2044018554687526
4388,4406,2022-10-25 19:51:00,4400,4406,random,test,46.942,46.03217,-0.9098306579589845
19507,19609,2024-03-03 13:05:00,19603,19609,random,test,65.6209956,65.17092,-0.4500742743164068
12506,12560,2023-02-07 17:58:00,12554,12560,random,test,35.85,42.258244,6.408243560791014
6434,6458,2022-10-26 20:35:00,6452,6458,random,test,44.051,45.22812,1.177118896484373
15655,15727,2023-12-22 10:12:25,15721,15727,random,test,160.262800635572,154.49072,-5.772077979322006
16373,16451,2023-12-23 09:33:00,16445,16451,random,test,193.895838789572,210.6266,16.730763383279566
19017,19113,2024-03-02 19:48:00,19107,19113,random,test,49.06519775,53.23178,4.166583255859372
14662,14728,2023-12-21 09:31:33,14722,14728,random,test,98.2111488475724,92.03658,-6.174565900795059
14013,14073,2023-02-08 18:17:00,14067,14073,random,test,67.592,61.509186,-6.082814208984374
16877,16967,2024-03-01 17:33:00,16961,16967,random,test,53.6278192,64.25922,10.631397108593752
21666,21774,2024-03-06 17:37:00,21768,21774,random,test,89.47698778,70.69385,-18.78314012375
10203,10245,2023-02-01 19:33:00,10239,10245,random,test,67.71,66.813545,-0.8964547729492125
3930,3948,2022-10-25 19:03:00,3942,3948,random,test,46.116,47.49623,1.3802310791015628
24384,24498,2024-07-05 16:56:55,24492,24498,random,test,61.5104474137516,54.65602,-6.854426295587537
13868,13928,2023-02-08 17:56:00,13922,13928,random,test,51.603,53.557148,1.9541479797363266
6865,6895,2023-01-28 17:34:00,6889,6895,random,test,40.747,39.918377,-0.828623077392578
13728,13788,2023-02-08 17:35:00,13782,13788,random,test,74.259,66.93241,-7.326588806152344
16027,16105,2023-12-23 07:31:12,16099,16105,random,test,266.245979004572,262.0917,-4.154273682306382
21868,21976,2024-03-06 18:07:00,21970,21976,random,test,55.71358901,56.060677,0.3470875647070315
7046,7076,2023-01-28 17:57:00,7070,7076,random,test,42.34,49.275887,6.935886535644528
10545,10593,2023-02-06 16:18:00,10587,10593,random,test,58.27,59.168137,0.8981365966796844
23152,23266,2024-07-05 10:23:25,23260,23266,random,test,18.0861831457516,21.677864,3.59168092895543
17404,17494,2024-03-01 18:51:00,17488,17494,random,test,68.88001092,67.86593,-1.01408227009766
12988,13042,2023-02-07 18:57:00,13036,13042,random,test,41.396,37.90571,-3.4902916870117195
17758,17848,2024-03-01 19:43:00,17842,17848,random,test,53.49745859,55.122337,1.624878751308593
14546,14606,2023-02-08 19:25:00,14600,14606,random,test,39.449,42.02578,2.5767797241210957
25085,25205,2024-07-09 10:07:05,25199,25205,random,test,71.5049209357516,68.533165,-2.9717559577242554
19911,20013,2024-03-03 14:45:00,20007,20013,random,test,91.95383942,62.393017,-29.560822604814447
8972,9008,2023-01-30 19:30:00,9002,9008,random,test,32.546,41.087074,8.541074279785157
7117,7147,2023-01-28 18:06:00,7141,7147,random,test,50.423,53.919308,3.4963077087402326
7650,7680,2023-01-28 19:23:00,7674,7680,random,test,36.44,39.86921,3.4292092895507835
1356,1362,2022-10-22 20:23:00,1356,1362,random,test,38.741,40.08127,1.3402683105468753
15643,15715,2023-12-22 10:10:42,15709,15715,random,test,130.019138419572,125.31663,-4.7025109171305814
7627,7657,2023-01-28 19:20:00,7651,7657,random,test,42.576,45.095184,2.5191843261718745
2252,2264,2022-10-24 18:51:00,2258,2264,random,test,76.088,69.42395,-6.664049804687494
13952,14012,2023-02-08 18:09:00,14006,14012,random,test,40.452,42.510098,2.058097503662111
2789,2801,2022-10-24 19:44:00,2795,2801,random,test,92.903,97.40762,4.504623291015619
3953,3971,2022-10-25 19:05:00,3965,3971,random,test,45.29,50.05448,4.764481506347657
2085,2097,2022-10-24 18:36:00,2091,2097,random,test,65.35,58.5494,-6.800599670410151
8295,8331,2023-01-30 18:01:00,8325,8331,random,test,45.526,47.028915,1.5029154052734341
24987,25107,2024-07-09 09:52:30,25101,25107,random,test,38.4197672077516,40.790016,2.3702489665648088
17066,17156,2024-03-01 18:02:00,17150,17156,random,test,61.05837414,53.314365,-7.744008753037107
16271,16349,2023-12-23 08:59:54,16343,16349,random,test,219.967961389572,223.97548,4.007517736404566
21943,22051,2024-03-06 18:18:00,22045,22051,random,test,78.26597506,85.45094,7.18496793316406
12084,12138,2023-02-07 17:03:00,12132,12138,random,test,38.859,50.749783,11.890782562255858
9008,9044,2023-01-30 19:34:00,9038,9044,random,test,36.145,36.11413,-0.030871887207034376
17769,17859,2024-03-01 19:44:00,17853,17859,random,test,50.75988572,48.348766,-2.411119393095703
4672,4696,2022-10-26 17:19:00,4690,4696,random,test,26.882,30.745731,3.863731353759764
17799,17889,2024-03-01 19:49:00,17883,17889,random,test,48.28303407,47.24459,-1.0384433107226556
19511,19613,2024-03-03 13:06:00,19607,19613,random,test,60.6672923,60.74597,0.07867937968750027
19731,19833,2024-03-03 13:40:00,19827,19833,random,test,91.04131513,86.12965,-4.91166882873047
4479,4503,2022-10-26 17:00:00,4497,4503,random,test,29.596,29.030708,-0.5652916870117188
2704,2716,2022-10-24 19:35:00,2710,2716,random,test,134.085,137.22021,3.135214843749992
5505,5529,2022-10-26 18:49:00,5523,5529,random,test,35.201,37.87928,2.6782800903320307
3433,3451,2022-10-25 18:08:00,3445,3451,random,test,26.528,28.462864,1.934863922119142
12477,12531,2023-02-07 17:54:00,12525,12531,random,test,32.192,37.58073,5.388730438232422
12065,12119,2023-02-07 17:00:00,12113,12119,random,test,54.317,52.14087,-2.176130859375
8300,8336,2023-01-30 18:02:00,8330,8336,random,test,39.213,42.305077,3.092076599121093
408,414,2022-10-22 18:41:00,408,414,random,test,32.31,38.460262,6.150262298583982
24265,24379,2024-07-05 16:29:50,24373,24379,random,test,27.1616246197516,27.736061,0.5744364764398071
17012,17102,2024-03-01 17:53:00,17096,17102,random,test,61.57981659,71.512985,9.933168639492187
7438,7468,2023-01-28 18:52:00,7462,7468,random,test,41.396,52.900345,11.504344848632812
18465,18561,2024-03-02 18:23:00,18555,18561,random,test,47.37050978,50.110245,2.7397349709765635
15130,15196,2023-12-21 11:16:52,15190,15196,random,test,110.856128308572,111.04199,0.1858638789280036
21086,21188,2024-03-03 17:45:00,21182,21188,random,test,133.1477931,102.60295,-30.544842050195314
11726,11774,2023-02-06 18:46:00,11768,11774,random,test,41.691,43.16058,1.4695796813964819
12024,12078,2023-02-07 16:56:00,12072,12078,random,test,58.034,51.40667,-6.62733038330078
19529,19631,2024-03-03 13:09:00,19625,19631,random,test,94.56105168,90.34329,-4.217759443671881
11896,11950,2023-02-07 16:38:00,11944,11950,random,test,41.868,45.725574,3.857574493408201
12849,12903,2023-02-07 18:39:00,12897,12903,random,test,38.8,38.818504,0.018504333496096592
23241,23355,2024-07-05 10:36:25,23349,23355,random,test,22.6813433857516,22.13924,-0.5421031208590215
14261,14321,2023-02-08 18:49:00,14315,14321,random,test,87.003,95.06686,8.063856384277344
23864,23978,2024-07-05 12:15:55,23972,23978,random,test,19.3498522117516,28.473675,9.123822562418322
4099,4117,2022-10-25 19:21:00,4111,4117,random,test,46.175,48.665245,2.4902450561523466
5210,5234,2022-10-26 18:10:00,5228,5234,random,test,40.098,40.89505,0.797050048828126
17092,17182,2024-03-01 18:05:00,17176,17182,random,test,66.6638805,49.9981,-16.665780219238286
18637,18733,2024-03-02 18:50:00,18727,18733,random,test,43.32933077,44.307907,0.978576334492189
8256,8292,2023-01-30 17:56:00,8286,8292,random,test,45.526,50.65735,5.131348632812497
1276,1282,2022-10-22 20:15:00,1276,1282,random,test,37.915,37.44568,-0.46932128906249915
17165,17255,2024-03-01 18:16:00,17249,17255,random,test,52.84565552,50.31672,-2.52893646482422
9006,9042,2023-01-30 19:34:00,9036,9042,random,test,33.136,33.430786,0.2947861328124972
12432,12486,2023-02-07 17:49:00,12480,12486,random,test,34.67,38.47501,3.805009918212889
17984,18080,2024-03-02 17:13:00,18074,18080,random,test,198.8495551,167.42592,-31.42363652089844
14151,14211,2023-02-08 18:35:00,14205,14211,random,test,70.247,67.86206,-2.384939453125
9620,9662,2023-02-01 18:11:00,9656,9662,random,test,58.388,62.189976,3.8019757385253925
15365,15437,2023-12-22 09:30:33,15431,15437,random,test,132.495990066572,137.6525,5.156506271318619
8200,8236,2023-01-30 17:49:00,8230,8236,random,test,42.694,47.61982,4.925819641113279
12484,12538,2023-02-07 17:55:00,12532,12538,random,test,32.546,34.104534,1.5585341491699225
17254,17344,2024-03-01 18:29:00,17338,17344,random,test,58.97260433,64.1332,5.160597269121091
3794,3812,2022-10-25 18:50:00,3806,3812,random,test,43.933,50.354057,6.421057312011719
13229,13289,2023-02-08 16:32:00,13283,13289,random,test,26.41,35.33422,8.924220886230469
2332,2344,2022-10-24 18:59:00,2338,2344,random,test,101.871,99.01605,-2.854947753906245
1261,1267,2022-10-22 20:14:00,1261,1267,random,test,40.865,39.679512,-1.1854879760742207
5610,5634,2022-10-26 18:59:00,5628,5634,random,test,51.131,46.63986,-4.491141754150391
17970,18066,2024-03-02 17:11:00,18060,18066,random,test,51.41168878,40.547157,-10.864531492402342
23865,23979,2024-07-05 12:16:15,23973,23979,random,test,17.6266671217516,26.575241,8.948573967115589
25235,25355,2024-07-09 10:28:10,25349,25355,random,test,88.7367718357516,86.459984,-2.276788010068003
12783,12837,2023-02-07 18:31:00,12831,12837,random,test,37.856,42.211594,4.355593627929686
8238,8274,2023-01-30 17:53:00,8268,8274,random,test,43.756,41.85629,-1.8997110900878909
20660,20762,2024-03-03 16:34:00,20756,20762,random,test,68.09784724,82.84793,14.750083668203132
668,674,2022-10-22 19:07:00,668,674,random,test,47.237,44.61749,-2.6195111389160175
20883,20985,2024-03-03 17:14:00,20979,20985,random,test,101.4701642,112.67436,11.204197982617188
6405,6429,2022-10-26 20:32:00,6423,6429,random,test,71.25,72.57117,1.3211669921875
15509,15581,2023-12-22 09:51:29,15575,15581,random,test,116.852716506572,104.58501,-12.267709792704807
10462,10510,2023-02-06 16:08:00,10504,10510,random,test,43.756,49.459114,5.703114074707031
9295,9337,2023-02-01 17:32:00,9331,9337,random,test,56.323,62.33217,6.009168579101562
812,818,2022-10-22 19:25:00,812,818,random,test,34.257,36.372684,2.1156844787597677
20486,20588,2024-03-03 16:08:00,20582,20588,random,test,59.75476801,62.501865,2.7470973769628912
12245,12299,2023-02-07 17:24:00,12293,12299,random,test,41.632,44.55573,2.9237289123535177
4984,5008,2022-10-26 17:48:00,5002,5008,random,test,34.021,40.573723,6.552722839355468
23946,24060,2024-07-05 15:21:00,24054,24060,random,test,15.5588450137516,19.836273,4.277428179607774
2101,2113,2022-10-24 18:37:00,2107,2113,random,test,72.194,68.67878,-3.5152203979492214
22050,22158,2024-03-06 18:34:00,22152,22158,random,test,64.05666824,65.80302,1.7463484225976629
24713,24827,2024-07-05 17:44:15,24821,24827,random,test,21.1879163077516,26.17875,4.9908327767210565
3211,3223,2022-10-24 20:27:00,3217,3223,random,test,131.076,123.16177,-7.914226318359368
16937,17027,2024-03-01 17:42:00,17021,17027,random,test,38.24526687,38.241074,-0.004193261601564302
10023,10065,2023-02-01 19:07:00,10059,10065,random,test,64.996,66.96173,1.9657309570312549
25082,25202,2024-07-09 10:06:40,25196,25202,random,test,44.1637175077516,50.027878,5.864160299865588
17913,18009,2024-03-02 17:02:00,18003,18009,random,test,34.72553032,38.190598,3.4650672141796903
19367,19469,2024-03-03 12:45:00,19463,19469,random,test,75.00695973,76.00961,1.0026533071093695
1247,1253,2022-10-22 20:13:00,1247,1253,random,test,38.623,36.46807,-2.154929016113279
15393,15465,2023-12-22 09:34:51,15459,15465,random,test,131.974547614572,133.21759,1.2430427174592467
19458,19560,2024-03-03 12:58:00,19554,19560,random,test,67.57640479,68.66856,1.0921514233789082
15964,16036,2023-12-22 10:57:04,16030,16036,random,test,141.621232976572,137.77582,-3.845415105478253
3387,3405,2022-10-25 18:04:00,3399,3405,random,test,30.245,34.119534,3.8745335388183584
4069,4087,2022-10-25 19:18:00,4081,4087,random,test,43.225,36.026222,-7.198777770996095
10761,10809,2023-02-06 16:45:00,10803,10809,random,test,65.881,66.153786,0.272785705566406
10597,10645,2023-02-06 16:25:00,10639,10645,random,test,77.858,82.94809,5.090089599609371
7806,7842,2023-01-30 17:02:00,7836,7842,random,test,34.965,37.680218,2.7152177429199185
21911,22019,2024-03-06 18:13:00,22013,22019,random,test,51.67241001,53.240025,1.5676145566503905
20391,20493,2024-03-03 15:54:00,20487,20493,random,test,74.48551728,72.854935,-1.6305825876171838
457,463,2022-10-22 18:46:00,457,463,random,test,45.349,43.427124,-1.9218759765624966
6814,6844,2023-01-28 17:27:00,6838,6844,random,test,29.832,33.215786,3.3837859802246086
3532,3550,2022-10-25 18:18:00,3544,3550,random,test,28.652,31.315731,2.6637310485839834
5762,5786,2022-10-26 19:15:00,5780,5786,random,test,62.164,54.84123,-7.32277151489258
21126,21234,2024-03-06 16:16:00,21228,21234,random,test,85.30544816,99.945274,14.639826193027346
9138,9180,2023-02-01 17:13:00,9174,9180,random,test,56.736,61.82357,5.087570251464847
2334,2346,2022-10-24 18:59:00,2340,2346,random,test,100.042,96.544235,-3.497764770507814
24383,24497,2024-07-05 16:56:45,24491,24497,random,test,87.0135867457516,70.28753,-16.726057754052377
22329,22437,2024-03-06 19:15:00,22431,22437,random,test,66.40315928,72.67511,6.271950583281253
19961,20063,2024-03-03 14:52:00,20057,20063,random,test,57.6689982,58.43393,0.7649312433593778
11132,11180,2023-02-06 17:32:00,11174,11180,random,test,41.042,45.828133,4.78613262939453
5799,5823,2022-10-26 19:19:00,5817,5823,random,test,37.207,41.98948,4.7824790649414055
26524,26644,2024-07-09 17:51:15,26638,26644,random,test,47.7249666937516,61.458347,13.733380626805044
11208,11256,2023-02-06 17:41:00,11250,11256,random,test,69.834,67.767715,-2.0662845458984407
7952,7988,2023-01-30 17:20:00,7982,7988,random,test,45.526,46.68312,1.1571207275390591
16601,16685,2023-12-29 16:11:37,16679,16685,random,test,91.1716757455724,80.249916,-10.921759668912244
8292,8328,2023-01-30 18:01:00,8322,8328,random,test,49.302,46.265053,-3.0369472045898434
13441,13501,2023-02-08 16:59:00,13495,13501,random,test,40.216,44.349174,4.133174499511718
24468,24582,2024-07-05 17:08:55,24576,24582,random,test,23.9450124517516,32.482533,8.537520049469101
18217,18313,2024-03-02 17:47:00,18307,18313,random,test,49.45627959,50.749302,1.2930223204003894
15878,15950,2023-12-22 10:44:35,15944,15950,random,test,115.158028537572,112.116264,-3.041764194310275
1012,1018,2022-10-22 19:44:00,1012,1018,random,test,47.532,47.155655,-0.376345092773434
15660,15732,2023-12-22 10:13:09,15726,15732,random,test,149.182148530572,147.38,-1.8021436477594932
14241,14301,2023-02-08 18:47:00,14295,14301,random,test,45.88,47.40299,1.522988433837888
12523,12577,2023-02-07 18:00:00,12571,12577,random,test,41.219,41.9784,0.7594011840820301
7335,7365,2023-01-28 18:35:00,7359,7365,random,test,41.042,39.771576,-1.2704240722656266
14777,14843,2023-12-21 09:53:00,14837,14843,random,test,139.144381329572,130.30103,-8.843355938947013
23461,23575,2024-07-05 11:09:40,23569,23575,random,test,37.0412191357516,47.129387,10.088167766103872
20037,20139,2024-03-03 15:03:00,20133,20139,random,test,66.01207744,66.330246,0.3181685316796887
7003,7033,2023-01-28 17:51:00,7027,7033,random,test,41.868,39.27049,-2.5975112609863302
19397,19499,2024-03-03 12:49:00,19493,19499,random,test,101.4701642,98.69888,-2.7712811433593743
11406,11454,2023-02-06 18:06:00,11448,11454,random,test,47.532,51.619682,4.087682312011722
17681,17771,2024-03-01 19:32:00,17765,17771,random,test,53.6278192,46.689224,-6.938594956835935
17752,17842,2024-03-01 19:42:00,17836,17842,random,test,57.92971943,51.4617,-6.468018990546874
21245,21353,2024-03-06 16:34:00,21347,21353,random,test,156.3519822,162.5841,6.232124245312491
9217,9259,2023-02-01 17:22:00,9253,9259,random,test,55.674,56.656254,0.9822538146972661
14487,14547,2023-02-08 19:17:00,14541,14547,random,test,47.65,53.609417,5.959416961669923
12068,12122,2023-02-07 17:01:00,12116,12122,random,test,52.075,52.721153,0.6461532592773409
5496,5520,2022-10-26 18:37:00,5514,5520,random,test,31.071,34.47437,3.403369049072264
1944,1956,2022-10-24 18:22:00,1950,1956,random,test,50.777,51.28263,0.5056309204101552
5923,5947,2022-10-26 19:31:00,5941,5947,random,test,66.235,56.07667,-10.158328399658203
8337,8373,2023-01-30 18:06:00,8367,8373,random,test,49.833,51.210144,1.3771440429687516
7937,7973,2023-01-30 17:18:00,7967,7973,random,test,41.75,43.16964,1.4196395874023438
20094,20196,2024-03-03 15:11:00,20190,20196,random,test,62.49234089,76.91943,14.427092703749999
20639,20741,2024-03-03 16:31:00,20735,20741,random,test,73.18191115,77.67714,4.495228132226558
17110,17200,2024-03-01 18:08:00,17194,17200,random,test,65.88171682,56.944504,-8.937213035820307
19009,19105,2024-03-02 19:47:00,19099,19105,random,test,48.28303407,51.939312,3.6562779112011725
10044,10086,2023-02-01 19:09:00,10080,10086,random,test,63.993,65.789536,1.7965355224609354
8196,8232,2023-01-30 17:48:00,8226,8232,random,test,50.128,47.58718,-2.5408189086914064
5937,5961,2022-10-26 19:32:00,5955,5961,random,test,59.037,57.70407,-1.332928955078124
8919,8955,2023-01-30 19:24:00,8949,8955,random,test,36.204,44.151176,7.947176452636718
26334,26454,2024-07-09 17:16:55,26448,26454,random,test,20.8432792897516,28.74541,7.902131629437854
701,707,2022-10-22 19:11:00,701,707,random,test,44.936,38.98558,-5.950419555664062
8629,8665,2023-01-30 18:43:00,8659,8665,random,test,48.004,47.48762,-0.5163786926269509
20210,20312,2024-03-03 15:28:00,20306,20312,random,test,111.638292,96.8902,-14.748094246093757
20855,20957,2024-03-03 17:10:00,20951,20957,random,test,116.5919953,93.97559,-22.616401733105462
13134,13188,2023-02-07 19:20:00,13182,13188,random,test,37.325,43.845684,6.520684051513669
13695,13755,2023-02-08 17:31:00,13749,13755,random,test,69.244,75.445045,6.2010454711914065
13181,13235,2023-02-07 19:26:00,13229,13235,random,test,32.664,36.960953,4.296952758789061
22897,23011,2024-07-05 09:46:45,23005,23011,random,test,25.3235605237516,26.358334,1.0347730638948853
25556,25676,2024-07-09 11:24:15,25670,25676,random,test,53.2391589817516,60.541817,7.302657729674181
25282,25402,2024-07-09 10:37:25,25396,25402,random,test,75.1810491277516,56.151985,-19.029063959294575
6750,6780,2023-01-28 17:19:00,6774,6780,random,test,49.066,52.77151,3.705511077880857
24716,24830,2024-07-05 17:44:45,24824,24830,random,test,19.9242472417516,27.70821,7.783962749703477
16036,16114,2023-12-23 07:40:17,16108,16114,random,test,259.076145289572,255.23732,-3.838825343282963
20099,20201,2024-03-03 15:12:00,20195,20201,random,test,72.13902625,75.52334,3.384312067871093
13661,13721,2023-02-08 17:27:00,13715,13721,random,test,39.213,37.749825,-1.4631754760742197
16191,16269,2023-12-23 08:35:38,16263,16269,random,test,264.160209196572,275.52936,11.369148713584252
11762,11810,2023-02-06 18:50:00,11804,11810,random,test,44.936,42.908504,-2.0274955139160156
20716,20818,2024-03-03 16:46:00,20812,20818,random,test,230.9182529,195.47101,-35.44724459921875
22685,22793,2024-03-06 20:06:00,22787,22793,random,test,65.6209956,64.83023,-0.7907648871093755
2374,2386,2022-10-24 19:03:00,2380,2386,random,test,47.886,49.906578,2.020578063964841
17946,18042,2024-03-02 17:07:00,18036,18042,random,test,61.31909537,55.03505,-6.284045931523437
23993,24107,2024-07-05 15:27:30,24101,24107,random,test,21.0730373017516,24.21526,3.1422222502503523
24937,25057,2024-07-09 09:45:30,25051,25057,random,test,22.1069483557516,25.696564,3.5896153649515234
19144,19240,2024-03-02 20:07:00,19234,19240,random,test,50.10808265,50.824814,0.7167311927734374
6964,6994,2023-01-28 17:46:00,6988,6994,random,test,38.151,38.434494,0.28349401855468415
9489,9531,2023-02-01 17:56:00,9525,9531,random,test,51.721,49.087433,-2.6335671386718715
4245,4263,2022-10-25 19:36:00,4257,4263,random,test,44.051,45.17525,1.1242510070800762
3910,3928,2022-10-25 19:01:00,3922,3928,random,test,63.403,64.62823,1.22522723388672
24539,24653,2024-07-05 17:19:10,24647,24653,random,test,34.9733970277516,41.129066,6.155669439533554
1224,1230,2022-10-22 20:09:00,1224,1230,random,test,55.969,50.632378,-5.336622375488282
638,644,2022-10-22 19:04:00,638,644,random,test,44.7,43.599762,-1.1002380371093778
8344,8380,2023-01-30 18:07:00,8374,8380,random,test,41.632,50.92634,9.294338195800783
25125,25245,2024-07-09 10:12:40,25239,25245,random,test,28.9996887157516,31.851006,2.8513168384476195
2687,2699,2022-10-24 19:34:00,2693,2699,random,test,122.403,129.24426,6.841262695312494
20661,20763,2024-03-03 16:34:00,20757,20763,random,test,72.39974747,82.04469,9.644945523164068
25554,25674,2024-07-09 11:24:00,25668,25674,random,test,58.8682302757516,65.64665,6.778421945928088
14815,14881,2023-12-21 10:03:41,14875,14881,random,test,164.955782703572,187.50456,22.54877967435769
18918,19014,2024-03-02 19:33:00,19008,19014,random,test,50.49916449,59.348873,8.849708648427736
18899,18995,2024-03-02 19:30:00,18989,18995,random,test,53.6278192,56.75388,3.126060347119143
9198,9240,2023-02-01 17:20:00,9234,9240,random,test,63.875,65.510315,1.63531494140625
4704,4728,2022-10-26 17:22:00,4722,4728,random,test,23.46,26.281292,2.821291961669921
3984,4002,2022-10-25 19:08:00,3996,4002,random,test,53.314,52.888237,-0.4257630004882813
4265,4283,2022-10-25 19:38:00,4277,4283,random,test,49.066,49.005554,-0.0604458007812525
15258,15324,2023-12-21 11:35:28,15318,15324,random,test,131.453105162572,171.87491,40.421803284693624
3381,3399,2022-10-25 18:03:00,3393,3399,random,test,29.832,32.56288,2.7308814697265618
19350,19452,2024-03-03 12:42:00,19446,19452,random,test,47.89195223,49.25562,1.3636668190722645
6195,6219,2022-10-26 20:06:00,6213,6219,random,test,75.498,78.76572,3.2677165527343703
3634,3652,2022-10-25 18:30:00,3646,3652,random,test,35.083,34.494995,-0.5880048828124984
22549,22657,2024-03-06 19:46:00,22651,22657,random,test,46.71870671,51.670532,4.951825516562501
7406,7436,2023-01-28 18:48:00,7430,7436,random,test,40.334,46.011257,5.677257171630856
3522,3540,2022-10-25 18:17:00,3534,3540,random,test,29.065,31.575756,2.5107560729980456
14353,14413,2023-02-08 19:01:00,14407,14413,random,test,59.509,63.76554,4.256541076660156
15079,15145,2023-12-21 11:05:05,15139,15145,random,test,106.423867466572,104.7119,-1.711968662861068
23719,23833,2024-07-05 11:50:25,23827,23833,random,test,18.7754571817516,25.819103,7.043646059215195
17877,17967,2024-03-01 20:00:00,17961,17967,random,test,52.32421307,51.635036,-0.6891766014941396
22089,22197,2024-03-06 18:40:00,22191,22197,random,test,58.84224372,72.792435,13.950190972382813
3287,3299,2022-10-24 20:35:00,3293,3299,random,test,133.082,146.03494,12.952942626953131
2638,2650,2022-10-24 19:29:00,2644,2650,random,test,164.647,166.77164,2.1246369628906336
7451,7481,2023-01-28 18:53:00,7475,7481,random,test,51.485,49.493553,-1.9914468383789057
14214,14274,2023-02-08 18:43:00,14268,14274,random,test,44.169,46.13295,1.9639498291015656
2323,2335,2022-10-24 18:58:00,2329,2335,random,test,100.278,89.77132,-10.506683471679693
7346,7376,2023-01-28 18:36:00,7370,7376,random,test,71.545,69.11335,-2.4316500854492205
10056,10098,2023-02-01 19:11:00,10092,10098,random,test,73.02,69.65237,-3.3676333618164023
23855,23969,2024-07-05 12:13:20,23963,23969,random,test,18.8903361877516,27.243774,8.3534382263109
24446,24560,2024-07-05 17:05:45,24554,24560,random,test,18.7754571817516,21.645039,2.8695814229847265
1891,1903,2022-10-24 18:17:00,1897,1903,random,test,46.234,48.859337,2.625336853027342
8416,8452,2023-01-30 18:16:00,8446,8452,random,test,89.894,97.7133,7.819302612304682
17323,17413,2024-03-01 18:39:00,17407,17413,random,test,58.32080127,66.32066,7.999862182148441
15381,15453,2023-12-22 09:33:08,15447,15453,random,test,273.024730880572,211.38647,-61.63825627119701
3422,3440,2022-10-25 18:07:00,3434,3440,random,test,31.484,34.729767,3.2457668457031232
12699,12753,2023-02-07 18:21:00,12747,12753,random,test,37.089,35.544548,-1.5444519653320299
16101,16179,2023-12-23 08:18:59,16173,16179,random,test,229.223551876511,217.15257,-12.070979244675073
25652,25772,2024-07-09 11:56:05,25766,25772,random,test,29.6889627517516,51.123573,21.434610551471057
10864,10912,2023-02-06 16:59:00,10906,10912,random,test,40.216,40.004837,-0.21116296386718858
4785,4809,2022-10-26 17:29:00,4803,4809,random,test,30.835,31.635414,0.8004141235351554
3277,3289,2022-10-24 20:34:00,3283,3289,random,test,202.997,192.9899,-10.007101318359389
26151,26271,2024-07-09 16:18:45,26265,26271,random,test,289.200637305752,248.98521,-40.21542307235359
20612,20714,2024-03-03 16:27:00,20708,20714,random,test,84.91436632,82.754684,-2.1596818717578117
7908,7944,2023-01-30 17:14:00,7938,7944,random,test,46.175,46.72598,0.5509788513183622
20799,20901,2024-03-03 17:02:00,20895,20901,random,test,99.90583682,94.154495,-5.751341580742192
12499,12553,2023-02-07 17:57:00,12547,12553,random,test,39.685,43.91822,4.233220520019529
10465,10513,2023-02-06 16:08:00,10507,10513,random,test,47.886,60.294556,12.408555664062497
9254,9296,2023-02-01 17:27:00,9290,9296,random,test,72.253,64.671524,-7.581475952148438
13810,13870,2023-02-08 17:45:00,13864,13870,random,test,64.524,67.27592,2.7519170532226553
16992,17082,2024-03-01 17:50:00,17076,17082,random,test,48.54375529,85.79525,37.251494648964844
18407,18503,2024-03-02 18:15:00,18497,18503,random,test,44.89365813,50.657326,5.763667614628908
616,622,2022-10-22 19:02:00,616,622,random,test,43.225,44.06653,0.8415283203124986
4504,4528,2022-10-26 17:03:00,4522,4528,random,test,25.997,25.74701,-0.2499907226562499
25196,25316,2024-07-09 10:22:45,25310,25316,random,test,64.9568175937516,67.66337,2.7065506313460617
10515,10563,2023-02-06 16:14:00,10557,10563,random,test,40.865,46.147995,5.2829949951171855
17540,17630,2024-03-01 19:11:00,17624,17630,random,test,75.52840219,66.6523,-8.876104216367182
10504,10552,2023-02-06 16:13:00,10546,10552,random,test,84.643,66.26735,-18.375650756835938
17624,17714,2024-03-01 19:23:00,17708,17714,random,test,48.67411591,46.047234,-2.626882328457029
22444,22552,2024-03-06 19:31:00,22546,22552,random,test,48.15267346,53.866074,5.713400148398435
21960,22068,2024-03-06 18:20:00,22062,22068,random,test,60.14584985,53.04178,-7.104071285546873
1231,1237,2022-10-22 20:11:00,1231,1237,random,test,69.48,64.09395,-5.3860516357421915
531,537,2022-10-22 18:53:00,531,537,random,test,32.664,33.106426,0.4424262390136704
23218,23332,2024-07-05 10:33:10,23326,23332,random,test,29.2294467277516,29.523113,0.2936665229808213
18528,18624,2024-03-02 18:33:00,18618,18624,random,test,42.41680648,42.002007,-0.41479994923827945
13548,13608,2023-02-08 17:13:00,13602,13608,random,test,38.328,36.207275,-2.120724609375003
18080,18176,2024-03-02 17:26:00,18170,18176,random,test,49.71700081,52.748104,3.0311032854589826
13996,14056,2023-02-08 18:15:00,14050,14056,random,test,59.627,54.46311,-5.163888122558596
7201,7231,2023-01-28 18:17:00,7225,7231,random,test,45.29,45.83452,0.5445184326171884
2862,2874,2022-10-24 19:51:00,2868,2874,random,test,162.877,172.39307,9.51606640624999
12210,12264,2023-02-07 17:19:00,12258,12264,random,test,44.759,45.784645,1.025645080566406
5928,5952,2022-10-26 19:31:00,5946,5952,random,test,69.775,68.97369,-0.8013137817382869
22892,23006,2024-07-05 09:46:00,23000,23006,random,test,18.5456991697516,27.291988,8.746289203051134
20023,20125,2024-03-03 15:01:00,20119,20125,random,test,129.8887778,131.88324,1.994461946093736
25057,25177,2024-07-09 10:03:15,25171,25177,random,test,43.1298064537516,54.58077,11.45096213145348
22957,23071,2024-07-05 09:55:50,23065,23071,random,test,30.9526318177516,24.94902,-6.003611432009414
7113,7143,2023-01-28 18:05:00,7137,7143,random,test,51.78,55.28412,3.504118652343749
22531,22639,2024-03-06 19:44:00,22633,22639,random,test,48.41339468,54.688522,6.275127658867184
175,181,2022-10-22 18:18:00,175,181,random,test,37.62,34.919453,-2.7005473327636693
12923,12977,2023-02-07 18:49:00,12971,12977,random,test,38.269,34.488808,-3.780192321777342
2930,2942,2022-10-24 20:00:00,2936,2942,random,test,173.32,148.75531,-24.564689941406243
13999,14059,2023-02-08 18:15:00,14053,14059,random,test,78.271,69.46456,-8.806438537597657
4903,4927,2022-10-26 17:40:00,4921,4927,random,test,37.089,37.631508,0.5425078735351576
22103,22211,2024-03-06 18:42:00,22205,22211,random,test,54.27962227,54.745445,0.46582298146484646
24784,24898,2024-07-05 17:55:40,24892,24898,random,test,39.5685572677516,44.293144,4.724586958322618
23126,23240,2024-07-05 10:19:10,23234,23240,random,test,18.2010621517516,25.911583,7.710520795025744
13755,13815,2023-02-08 17:39:00,13809,13815,random,test,39.331,48.643875,9.31287512207031
14206,14266,2023-02-08 18:43:00,14260,14266,random,test,76.088,61.80438,-14.28362149047851
2519,2531,2022-10-24 19:18:00,2525,2531,random,test,104.998,95.72632,-9.271681640625005
3147,3159,2022-10-24 20:21:00,3153,3159,random,test,239.282,239.61845,0.3364539794921768
18727,18823,2024-03-02 19:03:00,18817,18823,random,test,57.14755575,60.026005,2.8784490412597634
15134,15200,2023-12-21 11:17:26,15194,15200,random,test,110.725767695572,114.115524,3.3897565964201846
5384,5408,2022-10-26 18:27:00,5402,5408,random,test,38.21,42.207222,3.9972219848632804
12310,12364,2023-02-07 17:31:00,12358,12364,random,test,49.597,53.629913,4.032913330078124
22020,22128,2024-03-06 18:29:00,22122,22128,random,test,62.6227015,63.039516,0.41681494897461135
1574,1580,2022-10-22 20:45:00,1574,1580,random,test,41.396,41.99495,0.5989493408203117
1349,1355,2022-10-22 20:23:00,1349,1355,random,test,64.347,54.834618,-9.5123823852539
11467,11515,2023-02-06 18:13:00,11509,11515,random,test,53.137,48.568947,-4.568053161621094
3223,3235,2022-10-24 20:29:00,3229,3235,random,test,112.786,100.78458,-12.001423583984376
265,271,2022-10-22 18:27:00,265,271,random,test,25.938,29.499989,3.5619885559082043
8845,8881,2023-01-30 19:15:00,8875,8881,random,test,52.96,61.24178,8.281779327392577
23796,23910,2024-07-05 12:01:35,23904,23910,random,test,20.0391262477516,23.25344,3.2143146091819936
22294,22402,2024-03-06 19:10:00,22396,22402,random,test,66.79424111,61.981697,-4.81254402748047
18551,18647,2024-03-02 18:36:00,18641,18647,random,test,48.02231284,49.905975,1.883662501796877
11557,11605,2023-02-06 18:25:00,11599,11605,random,test,71.486,59.75213,-11.733871398925785
8059,8095,2023-01-30 17:32:00,8089,8095,random,test,72.43,64.8761,-7.553901367187507
8517,8553,2023-01-30 18:29:00,8547,8553,random,test,85.056,92.794395,7.738395446777346
25166,25286,2024-07-09 10:18:35,25280,25286,random,test,71.9644369597516,73.10712,1.1426797394671553
17830,17920,2024-03-01 19:53:00,17914,17920,random,test,46.19726426,42.158897,-4.038366860097653
13352,13412,2023-02-08 16:49:00,13406,13412,random,test,98.626,85.342766,-13.283234191894536
11624,11672,2023-02-06 18:33:00,11666,11672,random,test,40.865,41.33725,0.472249755859373
16169,16247,2023-12-23 08:29:56,16241,16247,random,test,270.417518620572,260.9625,-9.45502472408765
14148,14208,2023-02-08 18:35:00,14202,14208,random,test,89.953,94.648636,4.6956358642578095
19070,19166,2024-03-02 19:56:00,19160,19166,random,test,62.23161966,60.203224,-2.0283954778710935
2127,2139,2022-10-24 18:40:00,2133,2139,random,test,113.789,108.91699,-4.8720078125000015
21250,21358,2024-03-06 16:35:00,21352,21358,random,test,64.70847131,65.81749,1.1090183140234444
83,89,2022-10-22 18:08:00,83,89,random,test,24.463,30.9511,6.488099395751952
24757,24871,2024-07-05 17:51:50,24865,24871,random,test,20.9581582957516,29.61913,8.660970885156605
8761,8797,2023-01-30 19:01:00,8791,8797,random,test,60.866,63.290047,2.4240466918945316
3244,3256,2022-10-24 20:30:00,3250,3256,random,test,166.712,178.18729,11.475286376953136
7486,7516,2023-01-28 18:58:00,7510,7516,random,test,61.338,59.517437,-1.820563018798829
26518,26638,2024-07-09 17:50:25,26632,26638,random,test,53.5837959997516,53.709755,0.12595894409605535
7449,7479,2023-01-28 18:53:00,7473,7479,random,test,50.246,48.51522,-1.7307793579101585
5345,5369,2022-10-26 18:23:00,5363,5369,random,test,35.378,34.2959,-1.0821015625000001
16614,16698,2023-12-29 16:13:22,16692,16698,random,test,96.2557396525724,88.17074,-8.085001432357558
20933,21035,2024-03-03 17:22:00,21029,21035,random,test,259.5975877,255.55128,-4.046302909960957
20843,20945,2024-03-03 17:08:00,20939,20945,random,test,67.83712602,72.35235,4.515222307636719
11548,11596,2023-02-06 18:24:00,11590,11596,random,test,47.178,43.887688,-3.2903123168945285
5394,5418,2022-10-26 18:28:00,5412,5418,random,test,47.355,45.712708,-1.6422924804687469
16944,17034,2024-03-01 17:43:00,17028,17034,random,test,39.67923361,41.884766,2.205532015000003
12200,12254,2023-02-07 17:18:00,12248,12254,random,test,46.588,46.730392,0.14239245605468653
21229,21337,2024-03-06 16:31:00,21331,21337,random,test,120.1117318,114.60521,-5.506522449414064
11201,11249,2023-02-06 17:40:00,11243,11249,random,test,46.883,89.65399,42.77099169921875
3019,3031,2022-10-24 20:09:00,3025,3031,random,test,171.078,180.57831,9.500308105468747
18766,18862,2024-03-02 19:09:00,18856,18862,random,test,49.84736142,55.329575,5.482213164960939
5259,5283,2022-10-26 18:15:00,5277,5283,random,test,32.015,34.547607,2.5326074218749994
20727,20829,2024-03-03 16:49:00,20823,20829,random,test,205.3675858,246.02202,40.65443263261719
8781,8817,2023-01-30 19:03:00,8811,8817,random,test,49.361,47.584076,-1.776924072265622
9119,9161,2023-02-01 17:11:00,9155,9161,random,test,57.444,61.24141,3.79740930175781
22071,22179,2024-03-06 18:37:00,22173,22179,random,test,93.25744555,106.391075,13.133629584277344
5460,5484,2022-10-26 18:34:00,5478,5484,random,test,44.936,41.06702,-3.8689795837402343
21290,21398,2024-03-06 16:40:00,21392,21398,random,test,55.19214656,61.733868,6.541721085263674
424,430,2022-10-22 18:43:00,424,430,random,test,40.57,40.09403,-0.47597152709960966
19653,19755,2024-03-03 13:27:00,19749,19755,random,test,121.6760592,110.6456,-11.030459834765622
5195,5219,2022-10-26 18:08:00,5213,5219,random,test,29.301,28.753372,-0.5476278076171859
14170,14230,2023-02-08 18:37:00,14224,14230,random,test,47.355,47.519245,0.16424514770508125
25034,25154,2024-07-09 10:00:00,25148,25154,random,test,51.0564578677516,52.350708,1.2942501400609032
24294,24408,2024-07-05 16:33:55,24402,24408,random,test,24.8640444997516,24.055065,-0.808979344722303
809,815,2022-10-22 19:24:00,809,815,random,test,36.027,39.73199,3.7049908142089834
5647,5671,2022-10-26 19:03:00,5665,5671,random,test,70.247,68.35135,-1.8956511230468749
3341,3353,2022-10-24 20:40:00,3347,3353,random,test,147.596,137.59601,-9.999991699218754
15543,15615,2023-12-22 09:56:25,15609,15615,random,test,109.552522178572,101.15044,-8.402085777204817
12989,13043,2023-02-07 18:57:00,13037,13043,random,test,40.806,36.969982,-3.8360178527832005
15481,15553,2023-12-22 09:47:27,15547,15553,random,test,117.113437732572,130.80609,13.692653576021755
3125,3137,2022-10-24 20:19:00,3131,3137,random,test,178.984,190.18526,11.201256958007804
25098,25218,2024-07-09 10:08:55,25212,25218,random,test,54.8474650657516,43.176773,-11.670691994462537
12376,12430,2023-02-07 17:42:00,12424,12430,random,test,37.915,37.53366,-0.38133911132812415
18997,19093,2024-03-02 19:45:00,19087,19093,random,test,108.1185554,98.93927,-9.179285380468755
23287,23401,2024-07-05 10:43:30,23395,23401,random,test,30.9526318177516,29.00724,-1.9453915223414455
22390,22498,2024-03-06 19:24:00,22492,22498,random,test,52.32421307,53.404858,1.0806445654980479
11607,11655,2023-02-06 18:31:00,11649,11655,random,test,98.39,115.30934,16.919341430664062
714,720,2022-10-22 19:12:00,714,720,random,test,37.03,41.80104,4.771040649414061
3219,3231,2022-10-24 20:28:00,3225,3231,random,test,124.586,128.68173,4.0957321777343765
18144,18240,2024-03-02 17:36:00,18234,18240,random,test,63.01378334,73.7747,10.760913010097653
6128,6152,2022-10-26 19:57:00,6146,6152,random,test,81.339,89.459366,8.120365844726564
20807,20909,2024-03-03 17:03:00,20903,20909,random,test,83.35003897,95.14807,11.7980323190625
7606,7636,2023-01-28 19:18:00,7630,7636,random,test,34.552,34.456127,-0.09587283325195273
9226,9268,2023-02-01 17:23:00,9262,9268,random,test,52.547,53.820015,1.2730149536132842
3588,3606,2022-10-25 18:23:00,3600,3606,random,test,32.251,33.843296,1.592296051025393
5187,5211,2022-10-26 18:07:00,5205,5211,random,test,32.9,34.693047,1.7930465698242202
21176,21284,2024-03-06 16:24:00,21278,21284,random,test,253.4706389,221.80591,-31.66473069687501
11436,11484,2023-02-06 18:09:00,11478,11484,random,test,34.552,37.819233,3.2672329406738285
2608,2620,2022-10-24 19:26:00,2614,2620,random,test,191.669,223.51419,31.845190673828114
19084,19180,2024-03-02 19:58:00,19174,19180,random,test,48.54375529,51.399193,2.8554375200585937
25174,25294,2024-07-09 10:19:40,25288,25294,random,test,35.8924290757516,42.97914,7.086712159599962
20175,20277,2024-03-03 15:23:00,20271,20277,random,test,71.87830502,65.099785,-6.77852016892578
3128,3140,2022-10-24 20:19:00,3134,3140,random,test,189.309,183.94876,-5.3602390136718725
13906,13966,2023-02-08 18:01:00,13960,13966,random,test,38.269,41.054237,2.785237365722658
7567,7597,2023-01-28 19:13:00,7591,7597,random,test,62.223,56.258175,-5.964825103759765
25729,25849,2024-07-09 12:11:15,25843,25849,random,test,84.3713696077516,84.201866,-0.16950345784925958
24302,24416,2024-07-05 16:35:00,24410,24416,random,test,24.5194074817516,22.044922,-2.4744856067515997
15943,16015,2023-12-22 10:54:01,16009,16015,random,test,141.490872363572,143.05179,1.5609159665061156
1847,1859,2022-10-24 18:13:00,1853,1859,random,test,38.564,41.37167,2.8076697692871093
19002,19098,2024-03-02 19:46:00,19092,19098,random,test,53.10637675,49.852467,-3.2539101667480494
2188,2200,2022-10-24 18:45:00,2194,2200,random,test,52.488,53.467083,0.9790829772949223
12374,12428,2023-02-07 17:41:00,12422,12428,random,test,35.496,37.229256,1.733255676269529
1298,1304,2022-10-22 20:18:00,1298,1304,random,test,33.549,32.81083,-0.7381708374023432
17594,17684,2024-03-01 19:19:00,17678,17684,random,test,58.19044066,55.552765,-2.637675767421875
2781,2793,2022-10-24 19:43:00,2787,2793,random,test,116.031,115.7151,-0.3158968505859434
21169,21277,2024-03-06 16:23:00,21271,21277,random,test,105.5113432,118.073715,12.562372009960939
10422,10470,2023-02-06 16:03:00,10464,10470,random,test,111.252,113.75612,2.504118774414067
15188,15254,2023-12-21 11:25:38,15248,15254,random,test,98.7325912995724,106.13107,7.39848169847447
11521,11569,2023-02-06 18:21:00,11563,11569,random,test,42.104,42.420662,0.31666192626953205
21802,21910,2024-03-06 17:58:00,21904,21910,random,test,74.22479606,86.53917,12.314373251523435
15854,15926,2023-12-22 10:41:08,15920,15926,random,test,104.468458271572,105.07655,0.6080950731545585
12066,12120,2023-02-07 17:01:00,12114,12120,random,test,52.783,53.016922,0.23392199707031125
17252,17342,2024-03-01 18:29:00,17336,17342,random,test,57.53863759,58.234398,0.6957602981835933
13804,13864,2023-02-08 17:45:00,13858,13864,random,test,59.332,61.922035,2.5900352172851555
7841,7877,2023-01-30 17:06:00,7871,7877,random,test,40.039,41.885384,1.8463836059570298
15948,16020,2023-12-22 10:54:44,16014,16020,random,test,122.458222865572,121.75148,-0.7067427630329348
13079,13133,2023-02-07 19:08:00,13127,13133,random,test,38.033,41.071594,3.0385942382812487
25011,25131,2024-07-09 09:56:50,25125,25131,random,test,44.3934755197516,36.731216,-7.662259089087534
21901,22009,2024-03-06 18:12:00,22003,22009,random,test,49.19555836,51.29001,2.0944501849218753
14383,14443,2023-02-08 19:04:00,14437,14443,random,test,41.75,44.52645,2.7764511108398438
10957,11005,2023-02-06 17:11:00,10999,11005,random,test,63.285,54.198814,-9.086185607910153
8398,8434,2023-01-30 18:14:00,8428,8434,random,test,56.618,69.2493,12.631298095703123
12645,12699,2023-02-07 18:14:00,12693,12699,random,test,43.638,41.260525,-2.3774752502441387
18616,18712,2024-03-02 18:47:00,18706,18712,random,test,44.89365813,58.864223,13.97056535022461
21287,21395,2024-03-06 16:40:00,21389,21395,random,test,61.44945598,71.77269,10.323233839335934
10296,10338,2023-02-01 19:45:00,10332,10338,random,test,72.784,71.20912,-1.5748782958984435
1443,1449,2022-10-22 20:31:00,1443,1449,random,test,34.847,37.56481,2.7178117065429674
16196,16274,2023-12-23 08:36:19,16268,16274,random,test,291.796646116511,276.961,-14.835647581354749
5418,5442,2022-10-26 18:30:00,5436,5442,random,test,34.139,36.49782,2.3588218078613252
9880,9922,2023-02-01 18:49:00,9916,9922,random,test,64.819,70.18981,5.370811706542966
9278,9320,2023-02-01 17:30:00,9314,9320,random,test,59.273,55.298946,-3.974053619384769
1833,1845,2022-10-24 18:11:00,1839,1845,random,test,49.007,45.01959,-3.9874115295410135
21946,22054,2024-03-06 18:18:00,22048,22054,random,test,55.19214656,57.711296,2.519149521542971
12900,12954,2023-02-07 18:46:00,12948,12954,random,test,33.962,41.125607,7.163606536865231
20451,20553,2024-03-03 16:03:00,20547,20553,random,test,52.5849343,57.4009,4.815967494433593
11105,11153,2023-02-06 17:28:00,11147,11153,random,test,74.849,71.04472,-3.8042764892578163
23816,23930,2024-07-05 12:04:35,23924,23930,random,test,24.5194074817516,26.168564,1.6491563610218378
1472,1478,2022-10-22 20:34:00,1472,1478,random,test,36.322,38.638603,2.316603210449216
20692,20794,2024-03-03 16:40:00,20788,20794,random,test,324.517173,263.9425,-60.574668117187514
3233,3245,2022-10-24 20:29:00,3239,3245,random,test,87.947,88.99642,1.049421813964841
22604,22712,2024-03-06 19:54:00,22706,22712,random,test,58.19044066,64.60092,6.410480970859375
1026,1032,2022-10-22 19:45:00,1026,1032,random,test,62.518,59.65349,-2.864511840820313
3559,3577,2022-10-25 18:21:00,3571,3577,random,test,61.81,61.80638,-0.0036187744140647737
21827,21935,2024-03-06 18:01:00,21929,21935,random,test,81.655351,63.956413,-17.698937730957027
1174,1180,2022-10-22 20:03:00,1174,1180,random,test,33.844,32.64671,-1.1972905578613293
16800,16884,2023-12-29 16:55:50,16878,16884,random,test,95.6039365875724,93.58533,-2.018609439134906
22610,22718,2024-03-06 19:55:00,22712,22718,random,test,118.2866832,118.33832,0.051634671093751194
11640,11688,2023-02-06 18:35:00,11682,11688,random,test,48.712,48.959305,0.2473048095703092
5436,5460,2022-10-26 18:32:00,5454,5460,random,test,42.576,39.999397,-2.5766027221679693
21608,21716,2024-03-06 17:27:00,21710,21716,random,test,181.6419281,147.54056,-34.101370238671876
8058,8094,2023-01-30 17:32:00,8088,8094,random,test,74.79,66.83138,-7.9586172485351625
19132,19228,2024-03-02 20:05:00,19222,19228,random,test,60.27621046,64.85873,4.582516041464842
7779,7809,2023-01-28 19:38:00,7803,7809,random,test,47.06,50.427402,3.3674024963378884
18054,18150,2024-03-02 17:23:00,18144,18150,random,test,49.5866402,43.218628,-6.368012270312498
9003,9039,2023-01-30 19:34:00,9033,9039,random,test,34.139,34.781693,0.6426925048828096
1197,1203,2022-10-22 20:05:00,1197,1203,random,test,38.741,44.954964,6.213963684082032
23435,23549,2024-07-05 11:06:00,23543,23549,random,test,31.5270268477516,41.937836,10.410808845607775
18999,19095,2024-03-02 19:45:00,19089,19095,random,test,59.10296495,65.006065,5.903100418652343
10843,10891,2023-02-06 16:56:00,10885,10891,random,test,35.909,52.07348,16.16447869873047
18868,18964,2024-03-02 19:25:00,18958,18964,random,test,55.06178594,65.57218,10.510395761660156
23881,23995,2024-07-05 12:22:40,23989,23995,random,test,23.6003754337516,24.337109,0.7367331783089455
554,560,2022-10-22 18:55:00,554,560,random,test,36.086,40.177635,4.091635192871095
24458,24572,2024-07-05 17:07:30,24566,24572,random,test,21.1879163077516,21.40385,0.21593424766832214
13651,13711,2023-02-08 17:26:00,13705,13711,random,test,36.617,44.806473,8.189472778320315
6235,6259,2022-10-26 20:10:00,6253,6259,random,test,85.469,85.501755,0.03275476074219341
7888,7924,2023-01-30 17:12:00,7918,7924,random,test,35.319,37.089813,1.7708132324218724
12766,12820,2023-02-07 18:29:00,12814,12820,random,test,40.806,41.72661,0.9206082763671901
1206,1212,2022-10-22 20:06:00,1206,1212,random,test,51.78,52.69187,0.9118716430664051
15776,15848,2023-12-22 10:29:36,15842,15848,random,test,116.591995280572,103.166275,-13.42572025615793
10373,10415,2023-02-01 19:55:00,10409,10415,random,test,69.303,69.07291,-0.23009350585937227
25113,25233,2024-07-09 10:11:00,25227,25233,random,test,29.6889627517516,41.22885,11.539888566607775
22989,23103,2024-07-05 10:00:15,23097,23103,random,test,21.6474323317516,25.554031,3.9065990403187136
14326,14386,2023-02-08 18:57:00,14380,14386,random,test,40.865,43.04998,2.1849801635742168
3848,3866,2022-10-25 18:55:00,3860,3866,random,test,42.34,40.429405,-1.9105947875976597
7033,7063,2023-01-28 17:56:00,7057,7063,random,test,48.004,48.488792,0.48479241943359597
3740,3758,2022-10-25 18:41:00,3752,3758,random,test,39.213,43.130066,3.917065917968749
18481,18577,2024-03-02 18:26:00,18571,18577,random,test,59.36368617,72.49732,13.13363591251953
4182,4200,2022-10-25 19:29:00,4194,4200,random,test,39.626,41.81201,2.1860117187500023
8797,8833,2023-01-30 19:05:00,8827,8833,random,test,93.139,99.410736,6.271736083984379
20571,20673,2024-03-03 16:20:00,20667,20673,random,test,59.36368617,56.962822,-2.4008642095507824
22372,22480,2024-03-06 19:21:00,22474,22480,random,test,55.19214656,54.768616,-0.42353083734374763
24908,25028,2024-07-09 09:38:10,25022,25028,random,test,26.4723505837516,26.419727,-0.05262325831214554
10950,10998,2023-02-06 17:10:00,10992,10998,random,test,36.617,37.00248,0.3854795532226589
20687,20789,2024-03-03 16:38:00,20783,20789,random,test,203.6728848,218.66318,14.990292690234384
8979,9015,2023-01-30 19:31:00,9009,9015,random,test,35.673,40.83256,5.15956149291992
8316,8352,2023-01-30 18:04:00,8346,8352,random,test,77.15,63.543957,-13.606043243408209
26212,26332,2024-07-09 16:38:35,26326,26332,random,test,276.219309627752,198.90102,-77.31829339240045
22584,22692,2024-03-06 19:51:00,22686,22692,random,test,52.06349185,49.61535,-2.4481430340820296
1572,1578,2022-10-22 20:45:00,1572,1578,random,test,39.626,40.66691,1.0409082641601586
18078,18174,2024-03-02 17:26:00,18168,18174,random,test,47.50087039,43.45772,-4.043148679794925
15413,15485,2023-12-22 09:37:43,15479,15485,random,test,113.724061794572,118.164566,4.440504245467068
4219,4237,2022-10-25 19:33:00,4231,4237,random,test,49.361,51.331955,1.9709549560546904
10821,10869,2023-02-06 16:54:00,10863,10869,random,test,59.509,68.98827,9.479273620605468
24803,24917,2024-07-05 17:58:20,24911,24917,random,test,32.6758169077516,29.202396,-3.4734205149293373
22554,22662,2024-03-06 19:47:00,22656,22662,random,test,48.02231284,47.52629,-0.4960219464453104
411,417,2022-10-22 18:41:00,411,417,random,test,32.369,40.599457,8.230456787109375
820,826,2022-10-22 19:25:00,820,826,random,test,35.614,36.61843,1.0044310913085965
17408,17498,2024-03-01 18:52:00,17492,17498,random,test,58.06008004,52.986885,-5.073194969199221
7893,7929,2023-01-30 17:13:00,7923,7929,random,test,37.089,38.927856,1.8388564453125014
744,750,2022-10-22 19:16:00,744,750,random,test,54.081,53.17193,-0.9090715942382843
3080,3092,2022-10-24 20:14:00,3086,3092,random,test,188.719,192.64194,3.922937255859381
17662,17752,2024-03-01 19:29:00,17746,17752,random,test,53.49745859,56.461525,2.9640663733789054
24798,24912,2024-07-05 17:57:40,24906,24912,random,test,19.9242472417516,28.608997,8.684750103219102
13174,13228,2023-02-07 19:25:00,13222,13228,random,test,35.024,39.26272,4.238718200683593
6916,6946,2023-01-28 17:40:00,6940,6946,random,test,34.493,39.804848,5.311847717285154
3288,3300,2022-10-24 20:35:00,3294,3300,random,test,133.141,143.65858,10.517584594726571
19055,19151,2024-03-02 19:54:00,19145,19151,random,test,55.84394962,57.956665,2.1127154190625035
14689,14755,2023-12-21 09:37:26,14749,14755,random,test,115.158028537572,124.10978,8.951750820338162
24776,24890,2024-07-05 17:54:30,24884,24890,random,test,21.6474323317516,34.0386,12.39116858987926
9761,9803,2023-02-01 18:32:00,9797,9803,random,test,76.029,63.284267,-12.744732574462887
2165,2177,2022-10-24 18:43:00,2171,2177,random,test,61.987,61.624424,-0.36257601928711125
22923,23037,2024-07-05 09:51:10,23031,23037,random,test,18.6605781757516,21.267979,2.6074004924612915
1584,1590,2022-10-22 20:46:00,1584,1590,random,test,35.201,39.32614,4.1251413574218745
9642,9684,2023-02-01 18:14:00,9678,9684,random,test,55.733,59.98728,4.254281799316409
18973,19069,2024-03-02 19:41:00,19063,19069,random,test,52.5849343,57.155716,4.570781642382812
10448,10496,2023-02-06 16:06:00,10490,10496,random,test,27.649,31.664566,4.015566040039062
3138,3150,2022-10-24 20:20:00,3144,3150,random,test,224.591,212.6924,-11.898601928710946
25416,25536,2024-07-09 10:57:25,25530,25536,random,test,118.949950413752,105.6202,-13.329749302912163
23351,23465,2024-07-05 10:54:05,23459,23465,random,test,14.9844499837516,24.083443,9.09899270423668
16067,16145,2023-12-23 08:05:04,16139,16145,random,test,242.650708051572,245.10527,2.454562334170191
21163,21271,2024-03-06 16:22:00,21265,21271,random,test,94.95213352,100.90358,5.951446191914059
8863,8899,2023-01-30 19:17:00,8893,8899,random,test,69.893,55.77845,-14.11454998779297
16065,16143,2023-12-23 08:04:48,16137,16143,random,test,249.950902379572,252.94669,2.9957834114436253
19394,19496,2024-03-03 12:49:00,19490,19496,random,test,61.18873476,62.837357,1.6486218073828098
5304,5328,2022-10-26 18:19:00,5322,5328,random,test,33.903,33.06736,-0.8356400756835924
18721,18817,2024-03-02 19:02:00,18811,18817,random,test,60.01548924,58.93321,-1.082280774423829
22718,22832,2024-07-05 09:15:25,22826,22832,random,test,15.6737240197516,19.372814,3.6990901587151974
20398,20500,2024-03-03 15:55:00,20494,20500,random,test,69.79253521,99.82021,30.027678107871097
8425,8461,2023-01-30 18:17:00,8455,8461,random,test,78.389,79.84271,1.4537124023437542
20990,21092,2024-03-03 17:31:00,21086,21092,random,test,80.09102364,85.06691,4.975886150039059
12539,12593,2023-02-07 18:02:00,12587,12593,random,test,38.564,37.674286,-0.8897141113281251
18526,18622,2024-03-02 18:32:00,18616,18622,random,test,38.63634871,40.834656,2.19830705171875
23950,24064,2024-07-05 15:21:30,24058,24064,random,test,20.3837632657516,24.910118,4.526354837275743
25314,25434,2024-07-09 10:41:50,25428,25434,random,test,91.8385049977516,88.18274,-3.655765739939099
2238,2250,2022-10-24 18:50:00,2244,2250,random,test,129.719,89.03322,-40.68578161621093
4201,4219,2022-10-25 19:31:00,4213,4219,random,test,47.237,41.740196,-5.496803771972658
3847,3865,2022-10-25 18:55:00,3859,3865,random,test,43.048,41.453648,-1.5943523864746112
16296,16374,2023-12-23 09:07:26,16368,16374,random,test,224.269874654634,236.65428,12.384406961576929
9098,9140,2023-02-01 17:08:00,9134,9140,random,test,77.091,75.409485,-1.681515136718744
12704,12758,2023-02-07 18:21:00,12752,12758,random,test,35.319,36.624416,1.3054163513183568
3702,3720,2022-10-25 18:37:00,3714,3720,random,test,42.989,41.068,-1.920999206542966
5357,5381,2022-10-26 18:24:00,5375,5381,random,test,45.998,43.66594,-2.33206066894531
2571,2583,2022-10-24 19:23:00,2577,2583,random,test,138.864,135.36713,-3.4968735351562543
19311,19413,2024-03-03 12:37:00,19407,19413,random,test,55.97431024,51.098633,-4.875677427500001
1338,1344,2022-10-22 20:22:00,1338,1344,random,test,37.915,41.663986,3.7489862060546884
25739,25859,2024-07-09 12:12:35,25853,25859,random,test,34.3990019977516,36.26867,1.8696671306663717
12578,12632,2023-02-07 18:07:00,12626,12632,random,test,30.835,38.55268,7.71768096923828
13692,13752,2023-02-08 17:31:00,13746,13752,random,test,61.633,62.08236,0.4493593139648411
25055,25175,2024-07-09 10:03:00,25169,25175,random,test,74.9512911157516,62.012432,-12.93885901736293
5191,5215,2022-10-26 18:08:00,5209,5215,random,test,32.9,33.077152,0.17715225219726705
16757,16841,2023-12-29 16:32:59,16835,16841,random,test,86.4786936775724,92.3553,5.876607225747918
21765,21873,2024-03-06 17:52:00,21867,21873,random,test,76.18020525,78.31572,2.1355143544921873
21406,21514,2024-03-06 16:57:00,21508,21514,random,test,70.05325644,75.53749,5.484234404726564
16085,16163,2023-12-23 08:08:49,16157,16163,random,test,268.462109425572,267.2038,-1.2583130388532595
4772,4796,2022-10-26 17:28:00,4790,4796,random,test,29.891,32.74674,2.8557384338378924
21032,21134,2024-03-03 17:37:00,21128,21134,random,test,72.6604687,70.711365,-1.9491039539062456
1807,1819,2022-10-24 18:09:00,1813,1819,random,test,45.998,45.574432,-0.42356762695312256
11932,11986,2023-02-07 16:44:00,11980,11986,random,test,40.275,46.235863,5.960862731933595
8739,8775,2023-01-30 18:57:00,8769,8775,random,test,67.651,64.78134,-2.8696584472656212
18302,18398,2024-03-02 17:59:00,18392,18398,random,test,50.89024633,49.73321,-1.1570348126660122
16250,16328,2023-12-23 08:53:54,16322,16328,random,test,254.252815644634,255.13763,0.884818632709738
10256,10298,2023-02-01 19:41:00,10292,10298,random,test,63.285,65.903404,2.618404235839847
26362,26482,2024-07-09 17:20:50,26476,26482,random,test,30.9526318177516,46.95067,15.998036517209336
21333,21441,2024-03-06 16:47:00,21435,21441,random,test,68.74965031,59.663418,-9.086232493837898
12456,12510,2023-02-07 17:52:00,12504,12510,random,test,29.36,32.38289,3.022888793945313
18197,18293,2024-03-02 17:44:00,18287,18293,random,test,51.02060694,54.677513,3.6569061825585933
16893,16983,2024-03-01 17:36:00,16977,16983,random,test,39.28815177,43.94674,4.658587426777345
9801,9843,2023-02-01 18:37:00,9837,9843,random,test,60.335,67.31868,6.983679809570312
23004,23118,2024-07-05 10:02:25,23112,23118,random,test,30.3782367877516,29.05521,-1.3230266742262096
18063,18159,2024-03-02 17:24:00,18153,18159,random,test,47.37050978,49.00337,1.6328585976855479
21576,21684,2024-03-06 17:23:00,21678,21684,random,test,174.6024681,158.20142,-16.40105208437501
344,350,2022-10-22 18:35:00,344,350,random,test,40.157,36.68523,-3.4717697448730434
456,462,2022-10-22 18:46:00,456,462,random,test,45.231,43.00565,-2.225350433349611
17201,17291,2024-03-01 18:21:00,17285,17291,random,test,77.48381138,68.453384,-9.030426980585943
15843,15915,2023-12-22 10:39:14,15909,15915,random,test,134.712120487572,110.774445,-23.937675907493883
3494,3512,2022-10-25 18:14:00,3506,3512,random,test,40.039,41.555954,1.516953979492186
17609,17699,2024-03-01 19:21:00,17693,17699,random,test,55.19214656,51.965927,-3.22621943597656
23319,23433,2024-07-05 10:49:20,23427,23433,random,test,45.6571445857516,39.86645,-5.790693322323868
20879,20981,2024-03-03 17:13:00,20975,20981,random,test,78.78741751,92.408936,13.621518036875003
8410,8446,2023-01-30 18:15:00,8440,8446,random,test,65.35,65.42098,0.07098236083984943
11227,11275,2023-02-06 17:43:00,11269,11275,random,test,64.996,58.343098,-6.652902313232417
22365,22473,2024-03-06 19:20:00,22467,22473,random,test,121.8064198,109.0103,-12.796120117382813
15687,15759,2023-12-22 10:16:59,15753,15759,random,test,138.883660103572,134.65382,-4.2298362510329355
1704,1710,2022-10-22 20:58:00,1704,1710,random,test,36.912,36.50717,-0.40482836914062403
18192,18288,2024-03-02 17:43:00,18282,18288,random,test,64.83883192,56.673492,-8.165339488359379
7782,7812,2023-01-28 19:39:00,7806,7812,random,test,43.638,46.46946,2.831459533691408
15019,15085,2023-12-21 10:48:17,15079,15085,random,test,139.926545007572,142.6276,2.7010489865686225
9195,9237,2023-02-01 17:20:00,9231,9237,random,test,68.182,69.112335,0.9303352050781228
20991,21093,2024-03-03 17:31:00,21087,21093,random,test,76.44092648,84.33765,7.896720004374998
11107,11155,2023-02-06 17:29:00,11149,11155,random,test,82.814,76.21117,-6.6028336181640555
6112,6136,2022-10-26 19:55:00,6130,6136,random,test,47.001,47.34539,0.3443903198242211
4152,4170,2022-10-25 19:26:00,4164,4170,random,test,67.297,67.6166,0.3196000366210967
10045,10087,2023-02-01 19:09:00,10081,10087,random,test,63.934,66.4098,2.4757976684570338
11369,11417,2023-02-06 18:01:00,11411,11417,random,test,50.659,52.77137,2.1123699340820323
14329,14389,2023-02-08 18:58:00,14383,14389,random,test,41.927,40.82158,-1.105421020507812
1274,1280,2022-10-22 20:15:00,1274,1280,random,test,38.151,40.17507,2.0240717163085904
720,726,2022-10-22 19:13:00,720,726,random,test,61.633,55.726128,-5.906872375488284
15844,15916,2023-12-22 10:39:23,15910,15916,random,test,141.230151137572,120.42785,-20.802302321654025
11710,11758,2023-02-06 18:44:00,11752,11758,random,test,46.765,45.269875,-1.4951254272460943
10138,10180,2023-02-01 19:22:00,10174,10180,random,test,75.793,70.85209,-4.94091107177735
24491,24605,2024-07-05 17:12:10,24599,24605,random,test,37.8453721777516,36.03639,-1.8089837805348026
13370,13430,2023-02-08 16:51:00,13424,13430,random,test,26.41,30.973152,4.563152160644531
17378,17468,2024-03-01 18:48:00,17462,17468,random,test,48.41339468,48.64093,0.22753549578124677
11769,11817,2023-02-06 18:51:00,11811,11817,random,test,51.367,57.799267,6.4322668151855495
24081,24195,2024-07-05 15:44:40,24189,24195,random,test,19.9242472417516,24.492931,4.568684124215196
9564,9606,2023-02-01 18:05:00,9600,9606,random,test,54.73,63.03352,8.30351974487305
2273,2285,2022-10-24 18:53:00,2279,2285,random,test,62.754,63.855694,1.101693817138674
3699,3717,2022-10-25 18:37:00,3711,3717,random,test,46.234,42.726402,-3.507597717285158
24841,24961,2024-07-09 09:28:45,24955,24961,random,test,21.8771903437516,23.542015,1.6648247319319935
8588,8624,2023-01-30 18:38:00,8618,8624,random,test,69.775,66.98998,-2.785017395019537
8608,8644,2023-01-30 18:41:00,8638,8644,random,test,46.824,49.381767,2.5577672729492207
1329,1335,2022-10-22 20:21:00,1329,1335,random,test,42.222,43.75481,1.5328103332519518
24392,24506,2024-07-05 16:58:05,24500,24506,random,test,32.7906959137516,39.768463,6.977767221014027
8285,8321,2023-01-30 18:00:00,8315,8321,random,test,45.762,55.04416,9.282158935546875
19793,19895,2024-03-03 13:50:00,19889,19895,random,test,64.83883192,61.567856,-3.2709760850390666
3448,3466,2022-10-25 18:10:00,3460,3466,random,test,27.826,27.70021,-0.125789428710938
1571,1577,2022-10-22 20:45:00,1571,1577,random,test,38.623,40.35849,1.7354899902343774
16861,16951,2024-03-01 17:31:00,16945,16951,random,test,56.75647391,46.29174,-10.464733492519528
13099,13153,2023-02-07 19:11:00,13147,13153,random,test,36.971,40.29543,3.3244292297363316
15701,15773,2023-12-22 10:18:59,15767,15773,random,test,152.050082016572,137.4769,-14.573183823212617
10819,10867,2023-02-06 16:53:00,10861,10867,random,test,87.593,70.816025,-16.776975219726566
3165,3177,2022-10-24 20:23:00,3171,3177,random,test,158.865,176.66763,17.802633056640616
13555,13615,2023-02-08 17:14:00,13609,13615,random,test,37.679,36.255527,-1.4234725036621114
14608,14674,2023-12-21 09:19:20,14668,14674,random,test,130.801302097572,124.70607,-6.095232151282943
20000,20102,2024-03-03 14:58:00,20096,20102,random,test,76.96236893,68.280754,-8.681614840644528
2074,2086,2022-10-24 18:35:00,2080,2086,random,test,93.139,93.20483,0.06582635498047296
15477,15549,2023-12-22 09:46:50,15543,15549,random,test,116.200913441572,119.49283,3.2919149275686266
12859,12913,2023-02-07 18:41:00,12907,12913,random,test,43.815,45.34928,1.5342813110351585
17954,18050,2024-03-02 17:08:00,18044,18050,random,test,42.5471671,51.65802,9.110852919531247
15006,15072,2023-12-21 10:45:57,15066,15072,random,test,143.055199719572,135.47026,-7.5849390994548
18728,18824,2024-03-02 19:03:00,18818,18824,random,test,49.32591897,58.015247,8.689328374970707
4256,4274,2022-10-25 19:37:00,4268,4274,random,test,48.417,47.11207,-1.3049318237304703
17236,17326,2024-03-01 18:26:00,17320,17326,random,test,66.14243805,66.09887,-0.04356872626952679
11976,12030,2023-02-07 16:49:00,12024,12030,random,test,44.11,41.807064,-2.302935943603515
3658,3676,2022-10-25 18:32:00,3670,3676,random,test,46.588,46.886513,0.2985127563476553
257,263,2022-10-22 18:26:00,257,263,random,test,23.283,25.450153,2.167153350830077
2202,2214,2022-10-24 18:47:00,2208,2214,random,test,65.173,64.4159,-0.7570988159179706
6904,6934,2023-01-28 17:39:00,6928,6934,random,test,35.378,38.73793,3.3599302978515624
9747,9789,2023-02-01 18:29:00,9783,9789,random,test,54.848,55.808666,0.9606662292480479
5963,5987,2022-10-26 19:34:00,5981,5987,random,test,57.562,57.55233,-0.009669982910153863
24912,25032,2024-07-09 09:38:50,25026,25032,random,test,25.3235605237516,26.512466,1.1889059069124635
15971,16043,2023-12-22 10:58:02,16037,16043,random,test,136.015726617572,149.30823,13.2925009214905
25829,25949,2024-07-09 15:02:35,25943,25949,random,test,12.9166278757516,18.288422,5.371793755107776
19749,19851,2024-03-03 13:44:00,19845,19851,random,test,60.6672923,72.47094,11.803647336230469
15053,15119,2023-12-21 11:01:28,15113,15119,random,test,137.840775199572,141.4888,3.6480248492561316
22078,22186,2024-03-06 18:38:00,22180,22186,random,test,54.27962227,69.03107,14.751444624531253
7466,7496,2023-01-28 18:55:00,7490,7496,random,test,78.035,64.56909,-13.465908203124997
6390,6414,2022-10-26 20:31:00,6408,6414,random,test,58.034,56.87457,-1.1594310607910145
20404,20506,2024-03-03 15:56:00,20500,20506,random,test,109.943604,117.95202,8.008414737792975
23697,23811,2024-07-05 11:47:20,23805,23811,random,test,24.8640444997516,26.69492,1.8308750864300407
484,490,2022-10-22 18:48:00,484,490,random,test,33.726,40.27542,6.549421142578126
23354,23468,2024-07-05 10:54:30,23462,23468,random,test,15.3290870017516,23.291988,7.962901371051135
359,365,2022-10-22 18:36:00,359,365,random,test,39.39,39.769592,0.37959228515624943
3733,3751,2022-10-25 18:41:00,3745,3751,random,test,37.974,41.626556,3.6525563964843784
11099,11147,2023-02-06 17:28:00,11141,11147,random,test,105.116,104.77135,-0.34465295410156216
5290,5314,2022-10-26 18:18:00,5308,5314,random,test,45.054,43.560104,-1.4938956298828145
9844,9886,2023-02-01 18:42:00,9880,9886,random,test,61.102,61.623226,0.5212261657714876
18339,18435,2024-03-02 18:04:00,18429,18435,random,test,50.36880388,55.95977,5.590966322636717
4810,4834,2022-10-26 17:31:00,4828,4834,random,test,30.894,30.268658,-0.6253423156738265
9071,9113,2023-02-01 17:04:00,9107,9113,random,test,74.79,68.51778,-6.272223510742194
13189,13243,2023-02-07 19:27:00,13237,13243,random,test,39.98,40.41738,0.4373812866210969
24188,24302,2024-07-05 16:17:10,24296,24302,random,test,19.6944892297516,21.13171,1.4372208227386345
2527,2539,2022-10-24 19:18:00,2533,2539,random,test,175.621,194.54187,18.92087011718749
22859,22973,2024-07-05 09:41:20,22967,22973,random,test,18.4308201637516,21.187855,2.7570346030941018
13725,13785,2023-02-08 17:35:00,13779,13785,random,test,53.255,54.534374,1.2793742370605443
15423,15495,2023-12-22 09:39:10,15489,15495,random,test,112.550816277572,112.82775,0.27693488209597206
25188,25308,2024-07-09 10:21:40,25302,25308,random,test,71.2751629237516,61.80501,-9.470151174484016
7505,7535,2023-01-28 19:00:00,7529,7535,random,test,45.231,57.46029,12.229289001464842
2450,2462,2022-10-24 19:11:00,2456,2462,random,test,206.006,216.25821,10.252209228515625
20763,20865,2024-03-03 16:57:00,20859,20865,random,test,168.7362405,148.22574,-20.510501974609383
17684,17774,2024-03-01 19:32:00,17768,17774,random,test,56.88683453,46.87346,-10.013375667695314
12322,12376,2023-02-07 17:35:00,12370,12376,random,test,59.391,59.08184,-0.3091594848632795
25245,25365,2024-07-09 10:29:35,25359,25365,random,test,95.6295121957516,56.890377,-38.73913515107387
12649,12703,2023-02-07 18:15:00,12697,12703,random,test,33.549,34.825035,1.2760350952148443
4834,4858,2022-10-26 17:34:00,4852,4858,random,test,33.785,37.17415,3.389148559570316
26214,26334,2024-07-09 16:39:10,26328,26334,random,test,116.767249299752,191.71518,74.94793014360738
24476,24590,2024-07-05 17:10:00,24584,24590,random,test,20.2688842597516,21.061413,0.7925285515276954
9192,9234,2023-02-01 17:19:00,9228,9234,random,test,63.285,68.98843,5.703426208496097
16670,16754,2023-12-29 16:20:56,16748,16754,random,test,87.0001361295724,87.24977,0.24963498859166577
3566,3584,2022-10-25 18:21:00,3578,3584,random,test,36.912,35.494156,-1.4178441162109365
14131,14191,2023-02-08 18:32:00,14185,14191,random,test,38.682,44.679916,5.997916381835935
16604,16688,2023-12-29 16:12:01,16682,16688,random,test,116.070552828572,88.33189,-27.7386665370681
9300,9342,2023-02-01 17:32:00,9336,9342,random,test,53.786,59.152855,5.366854919433592
13762,13822,2023-02-08 17:39:00,13816,13822,random,test,50.187,49.81625,-0.37075015258788824
10731,10779,2023-02-06 16:41:00,10773,10779,random,test,71.722,68.32932,-3.392677185058588
766,772,2022-10-22 19:20:00,766,772,random,test,63.934,54.496197,-9.437803253173826
23684,23798,2024-07-05 11:45:35,23792,23798,random,test,29.6889627517516,25.765331,-3.923631483441053
803,809,2022-10-22 19:24:00,803,809,random,test,38.564,36.311752,-2.2522476806640626
11818,11866,2023-02-06 18:58:00,11860,11866,random,test,36.499,36.299892,-0.19910757446289296
334,340,2022-10-22 18:34:00,334,340,random,test,34.611,35.193634,0.5826340332031279
2678,2690,2022-10-24 19:33:00,2684,2690,random,test,155.679,161.6781,5.999100585937498
15100,15166,2023-12-21 11:07:59,15160,15166,random,test,164.825422090572,169.97568,5.15025539966237
20171,20273,2024-03-03 15:22:00,20267,20273,random,test,93.38780617,100.50192,7.11411643742187
14770,14836,2023-12-21 09:52:03,14830,14836,random,test,141.099790524572,166.6922,25.59240918245925
5226,5250,2022-10-26 18:12:00,5244,5250,random,test,34.375,31.365627,-3.0093727111816406
3689,3707,2022-10-25 18:35:00,3701,3707,random,test,64.819,67.54585,2.72685266113281
1676,1682,2022-10-22 20:56:00,1676,1682,random,test,38.918,39.090538,0.1725380249023445
2549,2561,2022-10-24 19:20:00,2555,2561,random,test,185.887,193.62009,7.7330866699218745
1061,1067,2022-10-22 19:49:00,1061,1067,random,test,53.845,44.15126,-9.693739624023436
3369,3387,2022-10-25 18:02:00,3381,3387,random,test,53.137,59.87554,6.738541687011718
15763,15835,2023-12-22 10:27:48,15829,15835,random,test,130.801302097572,131.55832,0.7570169942248697
15530,15602,2023-12-22 09:54:33,15596,15602,random,test,120.763534896572,125.63241,4.868873245517847
16756,16840,2023-12-29 16:32:50,16834,16840,random,test,90.7805939065724,85.372856,-5.407737766435687
13573,13633,2023-02-08 17:16:00,13627,13633,random,test,33.136,31.018242,-2.117758117675784
25409,25529,2024-07-09 10:56:30,25523,25529,random,test,125.957569779752,122.196945,-3.760624589322319
6198,6222,2022-10-26 20:06:00,6216,6222,random,test,69.008,74.339195,5.331195251464848
1966,1978,2022-10-24 18:24:00,1972,1978,random,test,73.02,67.93613,-5.083873291015621
22930,23044,2024-07-05 09:52:10,23038,23044,random,test,20.4986422717516,28.281162,7.782519990211291
17288,17378,2024-03-01 18:34:00,17372,17378,random,test,81.78571161,74.90347,-6.882238709609382
3213,3225,2022-10-24 20:28:00,3219,3225,random,test,127.949,122.548615,-5.400385498046873
4026,4044,2022-10-25 19:14:00,4038,4044,random,test,40.511,38.055298,-2.455702148437503
17614,17704,2024-03-01 19:22:00,17698,17704,random,test,52.5849343,54.288525,1.7035903276855464
1698,1704,2022-10-22 20:58:00,1698,1704,random,test,38.21,39.44938,1.2393789672851554
19527,19629,2024-03-03 13:09:00,19623,19629,random,test,83.61076019,91.341354,7.730594180117194
24372,24486,2024-07-05 16:55:10,24480,24486,random,test,25.6681975417516,27.183323,1.5151253647425413
8404,8440,2023-01-30 18:14:00,8434,8440,random,test,43.697,48.27787,4.5808701782226535
3254,3266,2022-10-24 20:31:00,3260,3266,random,test,204.826,197.6083,-7.217693115234368
2923,2935,2022-10-24 19:59:00,2929,2935,random,test,280.582,286.1516,5.569611328125006
13730,13790,2023-02-08 17:36:00,13784,13790,random,test,74.849,70.921135,-3.927865051269535
6419,6443,2022-10-26 20:34:00,6437,6443,random,test,50.01,54.157097,4.147096862792971
4568,4592,2022-10-26 17:09:00,4586,4592,random,test,24.581,32.065037,7.484036773681641
9209,9251,2023-02-01 17:21:00,9245,9251,random,test,57.09,60.02808,2.938079986572262
18584,18680,2024-03-02 18:41:00,18674,18680,random,test,66.27279866,81.42264,15.149839279453118
741,747,2022-10-22 19:16:00,741,747,random,test,52.311,45.143425,-7.167575012207031
23151,23265,2024-07-05 10:23:15,23259,23265,random,test,18.6605781757516,23.466846,4.806268290312854
11145,11193,2023-02-06 17:33:00,11187,11193,random,test,47.886,40.20118,-7.6848204956054715
2053,2065,2022-10-24 18:33:00,2059,2065,random,test,51.072,50.43155,-0.6404509277343777
4936,4960,2022-10-26 17:43:00,4954,4960,random,test,27.708,32.21976,4.511760894775392
6600,6624,2022-10-26 20:51:00,6618,6624,random,test,44.169,43.06253,-1.106469482421872
20920,21022,2024-03-03 17:20:00,21016,21022,random,test,106.5542281,93.64752,-12.906706127343753
26257,26377,2024-07-09 17:05:30,26371,26377,random,test,78.8571773197516,133.43959,54.58241313434996
8891,8927,2023-01-30 19:20:00,8921,8927,random,test,37.443,38.886658,1.4436577148437522
23590,23704,2024-07-05 11:32:20,23698,23704,random,test,22.7962223917516,30.927464,8.131241139742542
2545,2557,2022-10-24 19:20:00,2551,2557,random,test,188.837,191.89876,3.0617579345703234
14880,14946,2023-12-21 10:12:44,14940,14946,random,test,101.339803559572,101.63255,0.2927495410139329
13874,13934,2023-02-08 17:56:00,13928,13934,random,test,67.297,70.42801,3.131009033203128
101,107,2022-10-22 18:10:00,101,107,random,test,25.348,26.575089,1.2270885009765635
19331,19433,2024-03-03 12:40:00,19427,19433,random,test,47.76159162,48.73356,0.971967034785159
13302,13362,2023-02-08 16:41:00,13356,13362,random,test,80.277,78.74866,-1.528342773437501
133,139,2022-10-22 18:13:00,133,139,random,test,33.549,34.01258,0.46358087158203176
11131,11179,2023-02-06 17:32:00,11173,11179,random,test,43.107,51.00963,7.902628295898438
11327,11375,2023-02-06 17:56:00,11369,11375,random,test,84.23,84.00053,-0.22947357177734773
222,228,2022-10-22 18:23:00,222,228,random,test,29.596,32.519653,2.9236533203125
1827,1839,2022-10-24 18:11:00,1833,1839,random,test,40.098,45.275185,5.177184631347657
2825,2837,2022-10-24 19:47:00,2831,2837,random,test,109.895,120.14313,10.248127441406254
26359,26479,2024-07-09 17:20:25,26473,26479,random,test,49.3332727777516,49.648746,0.31547371272691294
23514,23628,2024-07-05 11:17:50,23622,23628,random,test,22.5664643797516,20.896015,-1.6704492125152726
15910,15982,2023-12-22 10:49:11,15976,15982,random,test,127.803007998572,127.22633,-0.5766743804079368
1943,1955,2022-10-24 18:22:00,1949,1955,random,test,52.134,52.12516,-0.008839782714844091
18773,18869,2024-03-02 19:10:00,18863,18869,random,test,55.84394962,58.175102,2.3311526138867222
24555,24669,2024-07-05 17:21:25,24663,24669,random,test,37.5007351597516,32.70101,-4.7997235020367555
6215,6239,2022-10-26 20:08:00,6233,6239,random,test,53.55,73.29857,19.74856872558594
25356,25476,2024-07-09 10:49:10,25470,25476,random,test,36.4668241057516,28.073841,-8.392983010780895
4720,4744,2022-10-26 17:23:00,4738,4744,random,test,25.82,29.482502,3.662501983642578
13738,13798,2023-02-08 17:37:00,13792,13798,random,test,46.706,48.914818,2.2088178100585907
12051,12105,2023-02-07 16:59:00,12099,12105,random,test,46.411,49.809486,3.398486389160155
11018,11066,2023-02-06 17:18:00,11060,11066,random,test,46.293,54.763813,8.470813018798829
21819,21927,2024-03-06 18:00:00,21921,21927,random,test,62.36198027,65.799706,3.437725235371097
11786,11834,2023-02-06 18:54:00,11828,11834,random,test,42.222,41.993492,-0.22850787353515756
25881,26001,2024-07-09 15:11:00,25995,26001,random,test,20.8432792897516,22.32315,1.4798713450140255
15692,15764,2023-12-22 10:17:43,15758,15764,random,test,119.981371218572,114.81731,-5.164064700017306
19602,19704,2024-03-03 13:20:00,19698,19704,random,test,66.27279866,76.29879,10.025991318027337
24685,24799,2024-07-05 17:40:05,24793,24799,random,test,17.5117881157516,26.169102,8.657313599336291
8778,8814,2023-01-30 19:03:00,8808,8814,random,test,49.656,46.315903,-3.3400972900390613
22477,22585,2024-03-06 19:36:00,22579,22585,random,test,132.7567113,137.19928,4.442568485156244
9299,9341,2023-02-01 17:32:00,9335,9341,random,test,54.73,58.76137,4.031371612548831
21850,21958,2024-03-06 18:05:00,21952,21958,random,test,63.53522579,69.404274,5.869048196816408
2012,2024,2022-10-24 18:29:00,2018,2024,random,test,54.848,52.35929,-2.4887089233398427
6726,6756,2023-01-28 17:16:00,6750,6756,random,test,36.499,37.911224,1.4122243652343727
5096,5120,2022-10-26 17:59:00,5114,5120,random,test,30.894,33.145508,2.2515078125000016
13377,13437,2023-02-08 16:52:00,13431,13437,random,test,27.708,29.270332,1.5623323364257828
7497,7527,2023-01-28 18:59:00,7521,7527,random,test,42.163,46.780785,4.617784606933597
11414,11462,2023-02-06 18:06:00,11456,11462,random,test,50.069,53.081833,3.012832885742185
20166,20268,2024-03-03 15:22:00,20262,20268,random,test,97.16826394,100.53262,3.3643593510156222
2447,2459,2022-10-24 19:11:00,2453,2459,random,test,170.311,176.82703,6.516026367187493
9291,9333,2023-02-01 17:31:00,9327,9333,random,test,55.674,59.005337,3.33133676147461
1498,1504,2022-10-22 20:37:00,1498,1504,random,test,47.768,45.55229,-2.215708129882813
10939,10987,2023-02-06 17:09:00,10981,10987,random,test,43.166,49.070457,5.904457458496097
8119,8155,2023-01-30 17:39:00,8149,8155,random,test,38.21,42.012703,3.8027029418945304
14229,14289,2023-02-08 18:45:00,14283,14289,random,test,78.212,78.72911,0.5171107177734342
18132,18228,2024-03-02 17:35:00,18222,18228,random,test,307.8310146,236.6945,-71.13651081582032
2733,2745,2022-10-24 19:38:00,2739,2745,random,test,179.633,171.2448,-8.388203247070322
10650,10698,2023-02-06 16:31:00,10692,10698,random,test,54.612,60.801403,6.189403045654295
4851,4875,2022-10-26 17:35:00,4869,4875,random,test,31.543,29.52985,-2.0131499938964836
12189,12243,2023-02-07 17:17:00,12237,12243,random,test,40.098,42.662235,2.5642352600097666
5042,5066,2022-10-26 17:53:00,5060,5066,random,test,34.847,33.75605,-1.09094989013672
7047,7077,2023-01-28 17:57:00,7071,7077,random,test,42.281,50.03946,7.758459228515626
2485,2497,2022-10-24 19:15:00,2491,2497,random,test,137.802,156.88544,19.083437011718758
8139,8175,2023-01-30 17:42:00,8169,8175,random,test,73.846,66.55656,-7.289443298339847
3328,3340,2022-10-24 20:38:00,3334,3340,random,test,166.948,189.01021,22.062208129882805
15491,15563,2023-12-22 09:48:51,15557,15563,random,test,117.113437732572,110.61869,-6.494747241849339
3519,3537,2022-10-25 18:17:00,3531,3537,random,test,31.012,30.952305,-0.05969515991210983
829,835,2022-10-22 19:26:00,829,835,random,test,35.791,36.92585,1.1348499145507844
3988,4006,2022-10-25 19:08:00,4000,4006,random,test,77.209,71.91096,-5.298042663574222
18472,18568,2024-03-02 18:24:00,18562,18568,random,test,38.24526687,45.445007,7.199740454218748
24627,24741,2024-07-05 17:31:45,24735,24741,random,test,19.6944892297516,24.953064,5.25857473509215
4653,4677,2022-10-26 17:17:00,4671,4677,random,test,33.785,29.409012,-4.375988159179684
14581,14647,2023-12-21 09:10:32,14641,14647,random,test,131.713826388572,146.9901,15.27627065732645
9849,9891,2023-02-01 18:43:00,9885,9891,random,test,60.512,64.150345,3.638344848632812
4490,4514,2022-10-26 17:01:00,4508,4514,random,test,30.835,35.339073,4.504073181152343
14265,14325,2023-02-08 18:50:00,14319,14325,random,test,82.873,77.63313,-5.239867065429692
11008,11056,2023-02-06 17:17:00,11050,11056,random,test,36.263,36.89986,0.63686038208008
23638,23752,2024-07-05 11:39:10,23746,23752,random,test,25.3235605237516,27.121243,1.7976819994417603
6700,6730,2023-01-28 17:13:00,6724,6730,random,test,36.322,38.667854,2.3458543090820285
16135,16213,2023-12-23 08:24:10,16207,16213,random,test,248.386588059634,250.23346,1.8468714130222565
16424,16508,2023-12-29 15:31:20,16502,16508,random,test,93.7788880055724,88.860664,-4.918223637896617
11192,11240,2023-02-06 17:39:00,11234,11240,random,test,47.296,54.094593,6.798593048095704
22221,22329,2024-03-06 19:00:00,22323,22329,random,test,59.23332556,62.69471,3.461384217832034
13961,14021,2023-02-08 18:10:00,14015,14021,random,test,50.482,55.72132,5.239321105957032
17466,17556,2024-03-01 19:00:00,17550,17556,random,test,50.23844326,53.29836,3.0599156572363313
23167,23281,2024-07-05 10:25:30,23275,23281,random,test,22.9111013977516,25.79068,2.879578533889024
5045,5069,2022-10-26 17:54:00,5063,5069,random,test,38.446,38.428993,-0.017006774902341704
18709,18805,2024-03-02 19:00:00,18799,18805,random,test,51.80277062,48.393295,-3.4094753319140594
22122,22230,2024-03-06 18:45:00,22224,22230,random,test,53.23673736,55.57431,2.3375729427343757
24567,24681,2024-07-05 17:23:05,24675,24681,random,test,61.9699634377516,59.616528,-2.353435880378555
10243,10285,2023-02-01 19:38:00,10279,10285,random,test,77.091,73.6719,-3.4191021118164002
19765,19867,2024-03-03 13:46:00,19861,19867,random,test,60.27621046,63.258865,2.982654896445311
3429,3447,2022-10-25 18:08:00,3441,3447,random,test,27.885,28.79517,0.9101698303222641
10840,10888,2023-02-06 16:56:00,10882,10888,random,test,64.642,58.499405,-6.142595092773433
20762,20864,2024-03-03 16:56:00,20858,20864,random,test,209.9302072,146.65141,-63.278794236132825
7445,7475,2023-01-28 18:52:00,7469,7475,random,test,55.851,50.552475,-5.298525024414062
26158,26278,2024-07-09 16:19:45,26272,26278,random,test,216.022710483752,246.30368,30.280969936169868
16904,16994,2024-03-01 17:37:00,16988,16994,random,test,38.50598809,41.142876,2.6368875813867163
23637,23751,2024-07-05 11:39:00,23745,23751,random,test,26.9318666077516,26.210068,-0.7217988587281639
24359,24473,2024-07-05 16:53:20,24467,24473,random,test,48.6439987417516,49.187813,0.543814063424179
23350,23464,2024-07-05 10:53:55,23458,23464,random,test,14.8695709777516,22.154724,7.28515314334215
17287,17377,2024-03-01 18:34:00,17371,17377,random,test,93.51816678,84.38777,-9.130395173554689
12072,12126,2023-02-07 17:01:00,12120,12126,random,test,52.193,50.626694,-1.5663062744140603
17753,17843,2024-03-01 19:42:00,17837,17843,random,test,58.45116188,50.52294,-7.928220290644532
22749,22863,2024-07-05 09:23:30,22857,22863,random,test,17.8564251337516,20.900536,3.044110449744494
21791,21899,2024-03-06 17:56:00,21893,21899,random,test,65.88171682,71.12646,5.244740394355475
11988,12042,2023-02-07 16:50:00,12036,12042,random,test,41.868,45.02678,3.1587791748046854
6067,6091,2022-10-26 19:47:00,6085,6091,random,test,90.189,89.36042,-0.8285797729492117
15098,15164,2023-12-21 11:07:42,15158,15164,random,test,186.595644461572,190.88945,4.293805611670194
11712,11760,2023-02-06 18:44:00,11754,11760,random,test,49.125,48.526894,-0.5981063842773438
14884,14950,2023-12-21 10:14:03,14944,14950,random,test,112.811537503572,112.49875,-0.31278872427512283
25108,25228,2024-07-09 10:10:15,25222,25228,random,test,56.5706501557516,48.61202,-7.9586315705465225
353,359,2022-10-22 18:36:00,353,359,random,test,38.505,40.10859,1.6035891723632787
12811,12865,2023-02-07 18:34:00,12859,12865,random,test,38.564,40.686584,2.12258447265625
12267,12321,2023-02-07 17:26:00,12315,12321,random,test,67.415,59.707443,-7.707556762695319
14761,14827,2023-12-21 09:49:21,14821,14827,random,test,146.966018109572,147.21953,0.25351008867019686
22589,22697,2024-03-06 19:52:00,22691,22697,random,test,51.41168878,50.506557,-0.9051313154003893
9442,9484,2023-02-01 17:50:00,9478,9484,random,test,51.131,56.03356,4.9025617065429685
18358,18454,2024-03-02 18:07:00,18448,18454,random,test,52.45457368,51.214798,-1.2397757063671904
12932,12986,2023-02-07 18:50:00,12980,12986,random,test,39.036,36.050552,-2.985447631835939
4275,4293,2022-10-25 19:39:00,4287,4293,random,test,43.402,43.839165,0.4371647338867177
25569,25689,2024-07-09 11:29:55,25683,25689,random,test,33.5948489557516,36.36673,2.7718807805765238
6965,6995,2023-01-28 17:46:00,6989,6995,random,test,38.092,39.120617,1.0286169128417981
15730,15802,2023-12-22 10:23:06,15796,15802,random,test,131.974547614572,139.44995,7.475403557302997
12559,12613,2023-02-07 18:04:00,12607,12613,random,test,31.071,33.413616,2.3426161804199204
3571,3589,2022-10-25 18:22:00,3583,3589,random,test,39.39,39.51079,0.12079177856445256
23681,23795,2024-07-05 11:45:10,23789,23795,random,test,37.5007351597516,28.924107,-8.576628561851209
9284,9326,2023-02-01 17:30:00,9320,9326,random,test,55.379,56.648865,1.2698647460937522
12063,12117,2023-02-07 17:00:00,12111,12117,random,test,50.777,48.995956,-1.7810435791015635
15230,15296,2023-12-21 11:31:37,15290,15296,random,test,133.929956809572,136.4859,2.5559440693342594
26295,26415,2024-07-09 17:11:10,26409,26415,random,test,48.6439987417516,48.86136,0.2173599008265228
13347,13407,2023-02-08 16:48:00,13401,13407,random,test,37.443,50.002937,12.559937316894533
17067,17157,2024-03-01 18:02:00,17151,17157,random,test,61.18873476,52.386726,-8.802008380605471
9478,9520,2023-02-01 17:55:00,9514,9520,random,test,63.167,64.49164,1.3246381835937484
25309,25429,2024-07-09 10:41:10,25423,25429,random,test,75.7554441577516,88.88065,13.125209223596059
11243,11291,2023-02-06 17:45:00,11285,11291,random,test,102.992,104.167984,1.175984008789058
15168,15234,2023-12-21 11:22:57,15228,15234,random,test,100.557639881572,105.94064,5.383003428974874
11807,11855,2023-02-06 18:57:00,11849,11855,random,test,34.493,40.571175,6.078174621582029
7563,7593,2023-01-28 19:13:00,7587,7593,random,test,62.223,61.326305,-0.8966946105957021
16273,16351,2023-12-23 09:01:10,16345,16351,random,test,219.967961389572,241.10555,21.137583654373316
20951,21053,2024-03-03 17:25:00,21047,21053,random,test,138.231857,139.52475,1.2928927558593841
16076,16154,2023-12-23 08:06:30,16148,16154,random,test,263.378058554634,273.38916,10.01110160161602
1255,1261,2022-10-22 20:13:00,1255,1261,random,test,31.189,36.600407,5.411406646728516
13681,13741,2023-02-08 17:29:00,13735,13741,random,test,38.918,47.970413,9.052413208007813
3958,3976,2022-10-25 19:05:00,3970,3976,random,test,56.146,53.86815,-2.2778511962890633
22871,22985,2024-07-05 09:43:05,22979,22985,random,test,17.5117881157516,24.520409,7.008620514619494
2090,2102,2022-10-24 18:36:00,2096,2102,random,test,75.321,67.933586,-7.387413879394529
290,296,2022-10-22 18:29:00,290,296,random,test,25.879,27.725609,1.8466088256835924
19306,19408,2024-03-03 12:36:00,19402,19408,random,test,69.53181399,60.301113,-9.230700861337894
16563,16647,2023-12-29 16:06:27,16641,16647,random,test,106.163146240572,110.32201,4.158859985013933
16665,16749,2023-12-29 16:20:15,16743,16749,random,test,109.161440339572,101.024155,-8.137285676486059
11604,11652,2023-02-06 18:31:00,11646,11652,random,test,105.234,104.45346,-0.7805393066406197
9423,9465,2023-02-01 17:48:00,9459,9465,random,test,52.665,51.75527,-0.909731903076171
25023,25143,2024-07-09 09:58:30,25137,25143,random,test,48.8737567537516,49.689445,0.8156887418538687
4235,4253,2022-10-25 19:35:00,4247,4253,random,test,53.314,62.282345,8.968344818115234
20940,21042,2024-03-03 17:23:00,21036,21042,random,test,107.9881948,102.51203,-5.476163244824221
15256,15322,2023-12-21 11:35:12,15316,15322,random,test,116.852716506572,167.99257,51.13985246315457
9760,9802,2023-02-01 18:31:00,9796,9802,random,test,76.147,62.274117,-13.872883483886724
10424,10472,2023-02-06 16:03:00,10466,10472,random,test,118.214,104.72058,-13.493418945312499
8423,8459,2023-01-30 18:17:00,8453,8459,random,test,92.962,82.20653,-10.755472290039066
18153,18249,2024-03-02 17:38:00,18243,18249,random,test,60.14584985,65.14802,5.002168033300784
8980,9016,2023-01-30 19:31:00,9010,9016,random,test,34.729,38.224346,3.4953461608886727
24021,24135,2024-07-05 15:34:05,24129,24135,random,test,25.6681975417516,26.644028,0.9758301682093382
16022,16100,2023-12-23 07:11:11,16094,16100,random,test,271.851498399634,276.81036,4.958865369897239
24473,24587,2024-07-05 17:09:35,24581,24587,random,test,19.8093682357516,23.756016,3.946647541836292
6517,6541,2022-10-26 20:43:00,6535,6541,random,test,46.647,39.777122,-6.869877502441405
7315,7345,2023-01-28 18:32:00,7339,7345,random,test,40.629,38.987667,-1.6413329162597634
17057,17147,2024-03-01 18:00:00,17141,17147,random,test,46.84906733,46.39248,-0.45658838712890315
16137,16215,2023-12-23 08:24:26,16209,16215,random,test,252.688462216511,254.66492,1.9764547756765012
19825,19927,2024-03-03 13:55:00,19921,19927,random,test,104.3380977,100.00025,-4.337845929980475
24958,25078,2024-07-09 09:48:25,25072,25078,random,test,25.8979555537516,27.116978,1.21902213789879
16417,16495,2023-12-23 09:39:25,16489,16495,random,test,172.777419483572,196.75377,23.976349437326434
14701,14767,2023-12-21 09:39:05,14761,14767,random,test,143.837363397572,133.17923,-10.65813366124388
25750,25870,2024-07-09 12:14:10,25864,25870,random,test,42.5554114237516,38.96393,-3.5914832010953504
10700,10748,2023-02-06 16:37:00,10742,10748,random,test,75.026,75.2405,0.2145014038085975
11075,11123,2023-02-06 17:25:00,11117,11123,random,test,81.044,81.40646,0.36246362304687807
24853,24973,2024-07-09 09:30:25,24967,24973,random,test,21.6474323317516,23.661758,2.0143260910999636
6223,6247,2022-10-26 20:09:00,6241,6247,random,test,59.627,53.83166,-5.795338775634768
20161,20263,2024-03-03 15:21:00,20257,20263,random,test,92.21456065,84.299446,-7.915114544042964
20196,20298,2024-03-03 15:26:00,20292,20298,random,test,49.84736142,53.869534,4.022172118818361
5940,5964,2022-10-26 19:32:00,5958,5964,random,test,53.904,55.947113,2.0431130371093715
24656,24770,2024-07-05 17:36:00,24764,24770,random,test,23.1408594097516,21.167973,-1.972886845054333
12656,12710,2023-02-07 18:16:00,12704,12710,random,test,30.127,38.342545,8.215544555664064
